#include <stdint.h>

const uint8_t default_game[128320] = {
0x53, 0x4D, 0x35, 0x41, 0x5F, 0x5F, 0x5F, 0x00, 0x6E, 0x75, 0x70, 0x6F, 0x67, 0x6F, 0x64, 0x69, 
0x24, 0x25, 0x26, 0x27, 0x28, 0x29, 0x02, 0x00, 0x92, 0x00, 0x00, 0x00, 0x84, 0x00, 0x00, 0x00, 
0x96, 0x00, 0x00, 0x00, 0x1C, 0x01, 0x00, 0x00, 0x00, 0x2C, 0x01, 0x00, 0x1C, 0x2D, 0x01, 0x00, 
0x31, 0x4F, 0x00, 0x00, 0x50, 0x7C, 0x01, 0x00, 0x00, 0x04, 0x00, 0x00, 0x50, 0x80, 0x01, 0x00, 
0x00, 0x02, 0x00, 0x00, 0x50, 0x82, 0x01, 0x00, 0x00, 0x02, 0x00, 0x00, 0x50, 0x84, 0x01, 0x00, 
0x00, 0x02, 0x00, 0x00, 0x50, 0x86, 0x01, 0x00, 0x00, 0x02, 0x00, 0x00, 0x50, 0x88, 0x01, 0x00, 
0x00, 0x00, 0x00, 0x00, 0x50, 0x88, 0x01, 0x00, 0x40, 0x07, 0x00, 0x00, 0x90, 0x8F, 0x01, 0x00, 
0x28, 0x00, 0x00, 0x00, 0xB8, 0x8F, 0x01, 0x00, 0x58, 0x02, 0x00, 0x00, 0x10, 0x92, 0x01, 0x00, 
0x30, 0x63, 0x00, 0x00, 0xFF, 0xFF, 0xFF, 0xFF, 0xFF, 0xFA, 0xF2, 0xFF, 0xFD, 0xE4, 0xF4, 0xEB, 
0xCB, 0xE7, 0xDE, 0xC4, 0xDE, 0xD5, 0xBD, 0xDB, 0xD2, 0xBE, 0xD9, 0xCF, 0xBA, 0xD9, 0xD0, 0xBA, 
0xD9, 0xCE, 0xB9, 0xD9, 0xCE, 0xC7, 0xD2, 0xC5, 0xBC, 0xD7, 0xCD, 0xD6, 0xC3, 0xB0, 0xDF, 0xB2, 
0x99, 0xB8, 0xD6, 0xCC, 0xB2, 0xD0, 0xC2, 0xA7, 0xC5, 0xB1, 0x97, 0xB4, 0x98, 0xF4, 0x91, 0x6C, 
0xFB, 0x75, 0x46, 0xAE, 0x9F, 0x7B, 0x74, 0x8E, 0x61, 0x62, 0x80, 0x48, 0x5D, 0x78, 0x3D, 0x59, 
0x73, 0x37, 0x5A, 0x6E, 0x33, 0x50, 0x6E, 0x2C, 0xFF, 0x62, 0x31, 0xFF, 0x55, 0x17, 0xFF, 0x4C, 
0x11, 0xFF, 0x4B, 0x05, 0xFF, 0x45, 0x0D, 0xFF, 0x44, 0x04, 0xFF, 0x40, 0x05, 0xFF, 0x3A, 0x04, 
0xFA, 0x53, 0x19, 0x64, 0x6A, 0x2D, 0x54, 0x68, 0x27, 0x4F, 0x68, 0x2A, 0x4F, 0x66, 0x20, 0x4E, 
0x63, 0x1D, 0x48, 0x67, 0x23, 0x48, 0x63, 0x1D, 0x41, 0x63, 0x18, 0x4A, 0x5D, 0x15, 0x3F, 0x5D, 
0x14, 0x3F, 0x58, 0x0F, 0x3B, 0x51, 0x09, 0x00, 0x00, 0x00, 0x50, 0x50, 0x31, 0x31, 0x31, 0x31, 
0x31, 0x31, 0x31, 0x31, 0x31, 0x31, 0x31, 0x31, 0x31, 0x31, 0x31, 0x31, 0x31, 0x31, 0x31, 0x31, 
0x31, 0x31, 0x31, 0x31, 0x31, 0x31, 0x31, 0x31, 0x31, 0x31, 0x31, 0x31, 0x31, 0x31, 0x31, 0x31, 
0x31, 0x31, 0x31, 0x31, 0x31, 0x31, 0x31, 0x31, 0x31, 0x31, 0x31, 0x31, 0x31, 0x31, 0x31, 0x31, 
0x31, 0x31, 0x31, 0x31, 0x31, 0x31, 0x31, 0x31, 0x31, 0x31, 0x31, 0x31, 0x31, 0x31, 0x31, 0x31, 
0x31, 0x31, 0x31, 0x31, 0x31, 0x31, 0x31, 0x31, 0x31, 0x31, 0x31, 0x31, 0x31, 0x31, 0x31, 0x31, 
0x31, 0x31, 0x31, 0x31, 0x31, 0x31, 0x31, 0x31, 0x31, 0x31, 0x31, 0x31, 0x31, 0x31, 0x31, 0x31, 
0x31, 0x31, 0x31, 0x31, 0x31, 0x31, 0x31, 0x31, 0x31, 0x31, 0x31, 0x31, 0x31, 0x31, 0x31, 0x31, 
0x31, 0x31, 0x31, 0x31, 0x31, 0x31, 0x31, 0x31, 0x31, 0x31, 0x31, 0x31, 0x31, 0x31, 0x31, 0x31, 
0x31, 0x31, 0x31, 0x31, 0x31, 0x31, 0x31, 0x31, 0x31, 0x31, 0x31, 0x31, 0x31, 0x31, 0x31, 0x31, 
0x31, 0x31, 0x31, 0x31, 0x31, 0x31, 0x31, 0x31, 0x31, 0x31, 0x31, 0x31, 0x31, 0x31, 0x31, 0x31, 
0x31, 0x31, 0x31, 0x31, 0x31, 0x31, 0x31, 0x31, 0x31, 0x31, 0x31, 0x31, 0x31, 0x31, 0x31, 0x31, 
0x31, 0x31, 0x31, 0x31, 0x31, 0x31, 0x31, 0x31, 0x31, 0x31, 0x31, 0x31, 0x31, 0x31, 0x31, 0x31, 
0x31, 0x31, 0x31, 0x31, 0x31, 0x31, 0x31, 0x31, 0x31, 0x31, 0x31, 0x31, 0x31, 0x31, 0x31, 0x31, 
0x31, 0x31, 0x31, 0x31, 0x31, 0x31, 0x31, 0x31, 0x31, 0x31, 0x31, 0x31, 0x31, 0x31, 0x31, 0x31, 
0x31, 0x31, 0x31, 0x31, 0x31, 0x31, 0x31, 0x31, 0x31, 0x31, 0x31, 0x31, 0x31, 0x31, 0x31, 0x31, 
0x31, 0x31, 0x31, 0x31, 0x31, 0x31, 0x31, 0x31, 0x31, 0x31, 0x31, 0x31, 0x31, 0x31, 0x31, 0x31, 
0x31, 0x31, 0x31, 0x31, 0x31, 0x31, 0x31, 0x31, 0x31, 0x31, 0x31, 0x31, 0x31, 0x31, 0x31, 0x31, 
0x31, 0x31, 0x31, 0x31, 0x31, 0x31, 0x31, 0x31, 0x31, 0x31, 0x31, 0x31, 0x31, 0x31, 0x31, 0x31, 
0x31, 0x31, 0x31, 0x31, 0x31, 0x31, 0x31, 0x31, 0x31, 0x31, 0x31, 0x31, 0x31, 0x31, 0x31, 0x31, 
0x31, 0x31, 0x31, 0x31, 0x31, 0x31, 0x31, 0x31, 0x31, 0x31, 0x31, 0x31, 0x31, 0x31, 0x31, 0x31, 
0x31, 0x31, 0x31, 0x31, 0x31, 0x31, 0x31, 0x31, 0x31, 0x31, 0x31, 0x31, 0x31, 0x31, 0x31, 0x31, 
0x31, 0x31, 0x31, 0x31, 0x31, 0x31, 0x31, 0x31, 0x31, 0x31, 0x31, 0x31, 0x31, 0x31, 0x31, 0x31, 
0x31, 0x31, 0x31, 0x31, 0x31, 0x31, 0x31, 0x31, 0x31, 0x31, 0x31, 0x31, 0x31, 0x31, 0x31, 0x31, 
0x31, 0x31, 0x31, 0x31, 0x31, 0x31, 0x31, 0x31, 0x31, 0x31, 0x31, 0x31, 0x31, 0x31, 0x31, 0x31, 
0x31, 0x31, 0x31, 0x31, 0x31, 0x31, 0x31, 0x31, 0x31, 0x31, 0x31, 0x31, 0x31, 0x31, 0x31, 0x31, 
0x31, 0x31, 0x31, 0x31, 0x31, 0x31, 0x31, 0x31, 0x31, 0x31, 0x31, 0x31, 0x31, 0x31, 0x31, 0x31, 
0x31, 0x31, 0x31, 0x31, 0x31, 0x31, 0x31, 0x31, 0x31, 0x31, 0x31, 0x31, 0x31, 0x31, 0x31, 0x31, 
0x31, 0x31, 0x31, 0x31, 0x31, 0x31, 0x31, 0x31, 0x31, 0x31, 0x31, 0x31, 0x31, 0x31, 0x31, 0x31, 
0x31, 0x31, 0x31, 0x31, 0x31, 0x31, 0x31, 0x31, 0x31, 0x31, 0x31, 0x31, 0x31, 0x31, 0x31, 0x31, 
0x31, 0x31, 0x31, 0x31, 0x31, 0x31, 0x31, 0x31, 0x31, 0x31, 0x31, 0x31, 0x31, 0x31, 0x31, 0x31, 
0x31, 0x31, 0x31, 0x31, 0x31, 0x31, 0x31, 0x31, 0x31, 0x31, 0x31, 0x31, 0x31, 0x31, 0x31, 0x31, 
0x31, 0x31, 0x31, 0x31, 0x31, 0x31, 0x31, 0x31, 0x31, 0x31, 0x31, 0x31, 0x31, 0x31, 0x31, 0x31, 
0x31, 0x31, 0x31, 0x31, 0x31, 0x31, 0x31, 0x31, 0x31, 0x31, 0x31, 0x31, 0x31, 0x31, 0x31, 0x31, 
0x31, 0x31, 0x31, 0x31, 0x31, 0x31, 0x31, 0x31, 0x31, 0x31, 0x31, 0x31, 0x31, 0x31, 0x31, 0x31, 
0x31, 0x31, 0x31, 0x31, 0x31, 0x31, 0x31, 0x31, 0x31, 0x31, 0x31, 0x31, 0x31, 0x31, 0x31, 0x31, 
0x31, 0x31, 0x31, 0x31, 0x31, 0x31, 0x31, 0x31, 0x31, 0x31, 0x31, 0x31, 0x31, 0x31, 0x31, 0x31, 
0x31, 0x31, 0x31, 0x31, 0x31, 0x31, 0x31, 0x31, 0x31, 0x31, 0x31, 0x31, 0x31, 0x31, 0x31, 0x31, 
0x31, 0x31, 0x31, 0x31, 0x31, 0x31, 0x31, 0x31, 0x31, 0x31, 0x31, 0x31, 0x31, 0x31, 0x31, 0x31, 
0x31, 0x31, 0x31, 0x31, 0x31, 0x31, 0x31, 0x31, 0x31, 0x31, 0x31, 0x31, 0x31, 0x31, 0x31, 0x31, 
0x31, 0x31, 0x31, 0x31, 0x31, 0x31, 0x31, 0x31, 0x31, 0x31, 0x31, 0x31, 0x31, 0x31, 0x31, 0x31, 
0x31, 0x31, 0x31, 0x31, 0x31, 0x31, 0x31, 0x31, 0x31, 0x31, 0x31, 0x31, 0x31, 0x31, 0x31, 0x31, 
0x31, 0x31, 0x31, 0x31, 0x31, 0x31, 0x31, 0x31, 0x31, 0x31, 0x31, 0x31, 0x31, 0x31, 0x31, 0x31, 
0x31, 0x31, 0x31, 0x31, 0x31, 0x31, 0x31, 0x31, 0x31, 0x31, 0x31, 0x31, 0x31, 0x31, 0x31, 0x31, 
0x31, 0x31, 0x31, 0x31, 0x31, 0x31, 0x31, 0x31, 0x31, 0x31, 0x31, 0x31, 0x31, 0x31, 0x31, 0x31, 
0x31, 0x31, 0x31, 0x31, 0x31, 0x31, 0x31, 0x31, 0x31, 0x31, 0x31, 0x31, 0x31, 0x31, 0x31, 0x31, 
0x31, 0x31, 0x31, 0x31, 0x31, 0x31, 0x31, 0x31, 0x31, 0x31, 0x31, 0x31, 0x31, 0x31, 0x31, 0x31, 
0x31, 0x31, 0x31, 0x31, 0x31, 0x31, 0x31, 0x31, 0x31, 0x31, 0x31, 0x31, 0x31, 0x31, 0x31, 0x31, 
0x31, 0x31, 0x31, 0x31, 0x31, 0x31, 0x31, 0x31, 0x31, 0x31, 0x31, 0x31, 0x31, 0x31, 0x31, 0x31, 
0x31, 0x31, 0x31, 0x31, 0x31, 0x31, 0x31, 0x31, 0x31, 0x31, 0x31, 0x31, 0x31, 0x31, 0x31, 0x31, 
0x31, 0x31, 0x31, 0x31, 0x31, 0x31, 0x31, 0x31, 0x31, 0x31, 0x31, 0x31, 0x31, 0x31, 0x31, 0x31, 
0x31, 0x31, 0x31, 0x31, 0x31, 0x31, 0x31, 0x31, 0x31, 0x31, 0x31, 0x31, 0x31, 0x31, 0x31, 0x31, 
0x31, 0x31, 0x31, 0x31, 0x31, 0x31, 0x31, 0x31, 0x31, 0x31, 0x31, 0x31, 0x31, 0x31, 0x31, 0x31, 
0x31, 0x31, 0x31, 0x31, 0x31, 0x31, 0x31, 0x31, 0x31, 0x31, 0x31, 0x31, 0x31, 0x31, 0x31, 0x31, 
0x31, 0x31, 0x31, 0x31, 0x31, 0x31, 0x31, 0x31, 0x31, 0x31, 0x31, 0x31, 0x31, 0x31, 0x31, 0x31, 
0x31, 0x31, 0x31, 0x31, 0x31, 0x31, 0x31, 0x31, 0x31, 0x31, 0x31, 0x31, 0x31, 0x31, 0x31, 0x31, 
0x31, 0x31, 0x31, 0x31, 0x31, 0x31, 0x31, 0x31, 0x31, 0x31, 0x31, 0x31, 0x31, 0x31, 0x31, 0x31, 
0x31, 0x31, 0x31, 0x31, 0x31, 0x31, 0x31, 0x31, 0x31, 0x31, 0x31, 0x31, 0x31, 0x31, 0x31, 0x31, 
0x31, 0x31, 0x31, 0x31, 0x31, 0x31, 0x31, 0x31, 0x31, 0x31, 0x31, 0x31, 0x31, 0x31, 0x31, 0x31, 
0x31, 0x31, 0x31, 0x31, 0x31, 0x31, 0x31, 0x31, 0x31, 0x31, 0x31, 0x31, 0x31, 0x31, 0x31, 0x31, 
0x31, 0x31, 0x31, 0x31, 0x31, 0x31, 0x31, 0x31, 0x31, 0x31, 0x31, 0x31, 0x31, 0x31, 0x31, 0x31, 
0x31, 0x31, 0x31, 0x31, 0x31, 0x31, 0x31, 0x31, 0x31, 0x31, 0x31, 0x31, 0x31, 0x31, 0x31, 0x31, 
0x31, 0x31, 0x31, 0x31, 0x31, 0x31, 0x31, 0x31, 0x31, 0x31, 0x31, 0x31, 0x31, 0x31, 0x31, 0x31, 
0x31, 0x31, 0x31, 0x31, 0x31, 0x31, 0x31, 0x31, 0x31, 0x31, 0x31, 0x31, 0x31, 0x31, 0x31, 0x31, 
0x31, 0x31, 0x31, 0x31, 0x31, 0x31, 0x31, 0x31, 0x31, 0x31, 0x31, 0x31, 0x31, 0x31, 0x31, 0x31, 
0x31, 0x31, 0x31, 0x31, 0x31, 0x31, 0x31, 0x31, 0x31, 0x31, 0x31, 0x31, 0x31, 0x31, 0x31, 0x31, 
0x31, 0x31, 0x31, 0x31, 0x31, 0x31, 0x31, 0x31, 0x31, 0x31, 0x31, 0x31, 0x31, 0x31, 0x31, 0x31, 
0x31, 0x31, 0x31, 0x31, 0x31, 0x31, 0x31, 0x31, 0x31, 0x31, 0x31, 0x31, 0x31, 0x31, 0x31, 0x31, 
0x31, 0x31, 0x31, 0x31, 0x31, 0x31, 0x31, 0x31, 0x31, 0x31, 0x31, 0x31, 0x31, 0x31, 0x31, 0x31, 
0x31, 0x31, 0x31, 0x31, 0x31, 0x31, 0x31, 0x31, 0x31, 0x31, 0x31, 0x31, 0x31, 0x31, 0x31, 0x31, 
0x31, 0x31, 0x31, 0x31, 0x31, 0x31, 0x31, 0x31, 0x31, 0x31, 0x31, 0x31, 0x31, 0x31, 0x31, 0x31, 
0x31, 0x31, 0x31, 0x31, 0x31, 0x31, 0x31, 0x31, 0x31, 0x31, 0x31, 0x31, 0x31, 0x31, 0x31, 0x31, 
0x31, 0x31, 0x31, 0x31, 0x31, 0x31, 0x31, 0x31, 0x31, 0x31, 0x31, 0x31, 0x31, 0x31, 0x31, 0x31, 
0x31, 0x31, 0x31, 0x31, 0x31, 0x31, 0x31, 0x31, 0x31, 0x31, 0x31, 0x31, 0x31, 0x31, 0x31, 0x31, 
0x31, 0x31, 0x31, 0x31, 0x31, 0x31, 0x31, 0x31, 0x31, 0x31, 0x31, 0x31, 0x31, 0x31, 0x31, 0x31, 
0x31, 0x31, 0x31, 0x31, 0x31, 0x31, 0x31, 0x31, 0x31, 0x31, 0x31, 0x31, 0x31, 0x31, 0x31, 0x31, 
0x31, 0x31, 0x31, 0x31, 0x31, 0x31, 0x31, 0x31, 0x31, 0x31, 0x31, 0x31, 0x31, 0x31, 0x31, 0x31, 
0x31, 0x31, 0x31, 0x31, 0x31, 0x31, 0x31, 0x31, 0x31, 0x31, 0x31, 0x31, 0x31, 0x31, 0x31, 0x31, 
0x31, 0x31, 0x31, 0x31, 0x31, 0x31, 0x31, 0x31, 0x31, 0x31, 0x31, 0x31, 0x31, 0x31, 0x31, 0x31, 
0x31, 0x31, 0x31, 0x31, 0x31, 0x31, 0x31, 0x31, 0x31, 0x31, 0x31, 0x31, 0x31, 0x31, 0x31, 0x31, 
0x31, 0x31, 0x31, 0x31, 0x31, 0x31, 0x31, 0x31, 0x31, 0x31, 0x31, 0x31, 0x31, 0x31, 0x31, 0x31, 
0x31, 0x31, 0x31, 0x31, 0x31, 0x31, 0x31, 0x31, 0x31, 0x31, 0x31, 0x31, 0x31, 0x31, 0x31, 0x31, 
0x31, 0x31, 0x31, 0x31, 0x31, 0x31, 0x31, 0x31, 0x31, 0x31, 0x31, 0x31, 0x31, 0x31, 0x31, 0x31, 
0x31, 0x31, 0x31, 0x31, 0x31, 0x31, 0x31, 0x31, 0x31, 0x31, 0x31, 0x31, 0x31, 0x31, 0x31, 0x31, 
0x31, 0x31, 0x31, 0x31, 0x31, 0x31, 0x31, 0x31, 0x31, 0x31, 0x31, 0x31, 0x31, 0x31, 0x31, 0x31, 
0x31, 0x31, 0x31, 0x31, 0x31, 0x31, 0x31, 0x31, 0x31, 0x31, 0x31, 0x31, 0x31, 0x31, 0x31, 0x31, 
0x31, 0x31, 0x31, 0x31, 0x31, 0x31, 0x31, 0x31, 0x31, 0x31, 0x31, 0x31, 0x31, 0x31, 0x31, 0x31, 
0x31, 0x31, 0x31, 0x31, 0x31, 0x31, 0x31, 0x31, 0x31, 0x31, 0x31, 0x31, 0x31, 0x31, 0x31, 0x31, 
0x31, 0x31, 0x31, 0x31, 0x31, 0x31, 0x31, 0x31, 0x31, 0x31, 0x31, 0x31, 0x31, 0x31, 0x31, 0x31, 
0x31, 0x31, 0x31, 0x31, 0x31, 0x31, 0x31, 0x31, 0x31, 0x31, 0x31, 0x31, 0x31, 0x31, 0x31, 0x31, 
0x31, 0x31, 0x31, 0x31, 0x31, 0x31, 0x31, 0x31, 0x31, 0x31, 0x31, 0x31, 0x31, 0x31, 0x31, 0x31, 
0x31, 0x31, 0x31, 0x31, 0x31, 0x31, 0x31, 0x31, 0x31, 0x31, 0x31, 0x31, 0x31, 0x31, 0x31, 0x31, 
0x31, 0x31, 0x31, 0x31, 0x31, 0x31, 0x31, 0x31, 0x31, 0x31, 0x31, 0x31, 0x31, 0x31, 0x31, 0x31, 
0x31, 0x31, 0x31, 0x31, 0x31, 0x31, 0x31, 0x31, 0x31, 0x31, 0x31, 0x31, 0x31, 0x31, 0x31, 0x31, 
0x31, 0x31, 0x31, 0x31, 0x31, 0x31, 0x31, 0x31, 0x31, 0x31, 0x31, 0x31, 0x31, 0x31, 0x31, 0x31, 
0x31, 0x31, 0x31, 0x31, 0x31, 0x31, 0x31, 0x31, 0x31, 0x31, 0x31, 0x31, 0x31, 0x31, 0x31, 0x31, 
0x31, 0x31, 0x31, 0x31, 0x31, 0x31, 0x31, 0x31, 0x31, 0x31, 0x31, 0x31, 0x31, 0x31, 0x31, 0x31, 
0x31, 0x31, 0x31, 0x31, 0x31, 0x31, 0x31, 0x31, 0x31, 0x31, 0x31, 0x31, 0x31, 0x31, 0x31, 0x31, 
0x31, 0x31, 0x31, 0x31, 0x31, 0x31, 0x31, 0x31, 0x31, 0x31, 0x31, 0x31, 0x31, 0x31, 0x31, 0x31, 
0x31, 0x31, 0x31, 0x31, 0x31, 0x31, 0x31, 0x31, 0x31, 0x31, 0x31, 0x31, 0x31, 0x31, 0x31, 0x31, 
0x31, 0x31, 0x31, 0x31, 0x31, 0x31, 0x31, 0x31, 0x31, 0x31, 0x31, 0x31, 0x31, 0x31, 0x31, 0x31, 
0x31, 0x31, 0x31, 0x31, 0x31, 0x31, 0x31, 0x31, 0x31, 0x31, 0x31, 0x31, 0x31, 0x31, 0x31, 0x31, 
0x31, 0x31, 0x31, 0x31, 0x31, 0x31, 0x31, 0x31, 0x31, 0x31, 0x31, 0x31, 0x31, 0x31, 0x31, 0x31, 
0x31, 0x31, 0x31, 0x31, 0x31, 0x31, 0x31, 0x31, 0x31, 0x31, 0x31, 0x31, 0x31, 0x31, 0x31, 0x31, 
0x31, 0x31, 0x31, 0x31, 0x31, 0x31, 0x31, 0x31, 0x31, 0x31, 0x31, 0x31, 0x31, 0x31, 0x31, 0x31, 
0x31, 0x31, 0x31, 0x31, 0x31, 0x31, 0x31, 0x31, 0x31, 0x31, 0x31, 0x31, 0x31, 0x31, 0x31, 0x31, 
0x31, 0x31, 0x31, 0x31, 0x31, 0x31, 0x31, 0x31, 0x31, 0x31, 0x31, 0x31, 0x31, 0x31, 0x31, 0x31, 
0x31, 0x31, 0x31, 0x31, 0x31, 0x31, 0x31, 0x31, 0x31, 0x31, 0x31, 0x31, 0x31, 0x31, 0x31, 0x31, 
0x31, 0x31, 0x31, 0x31, 0x31, 0x31, 0x31, 0x31, 0x31, 0x31, 0x31, 0x31, 0x31, 0x31, 0x31, 0x31, 
0x31, 0x31, 0x31, 0x31, 0x31, 0x31, 0x31, 0x31, 0x31, 0x31, 0x31, 0x31, 0x31, 0x31, 0x31, 0x31, 
0x31, 0x31, 0x31, 0x31, 0x31, 0x31, 0x31, 0x31, 0x31, 0x31, 0x31, 0x31, 0x31, 0x31, 0x31, 0x31, 
0x31, 0x31, 0x31, 0x31, 0x31, 0x31, 0x31, 0x31, 0x31, 0x31, 0x31, 0x31, 0x31, 0x31, 0x31, 0x31, 
0x31, 0x31, 0x31, 0x31, 0x31, 0x31, 0x31, 0x31, 0x31, 0x31, 0x31, 0x31, 0x31, 0x31, 0x31, 0x31, 
0x31, 0x31, 0x31, 0x31, 0x31, 0x31, 0x31, 0x31, 0x31, 0x31, 0x31, 0x31, 0x31, 0x31, 0x31, 0x31, 
0x31, 0x31, 0x31, 0x31, 0x31, 0x31, 0x31, 0x31, 0x31, 0x31, 0x31, 0x31, 0x31, 0x31, 0x31, 0x31, 
0x31, 0x31, 0x31, 0x31, 0x31, 0x31, 0x31, 0x31, 0x31, 0x31, 0x31, 0x31, 0x31, 0x31, 0x31, 0x31, 
0x31, 0x31, 0x31, 0x31, 0x31, 0x31, 0x31, 0x31, 0x31, 0x31, 0x31, 0x31, 0x31, 0x31, 0x31, 0x31, 
0x31, 0x31, 0x31, 0x31, 0x31, 0x31, 0x31, 0x31, 0x31, 0x31, 0x31, 0x31, 0x31, 0x31, 0x31, 0x31, 
0x31, 0x31, 0x31, 0x31, 0x31, 0x31, 0x31, 0x31, 0x31, 0x31, 0x31, 0x31, 0x31, 0x31, 0x31, 0x31, 
0x31, 0x31, 0x31, 0x31, 0x31, 0x31, 0x31, 0x31, 0x31, 0x31, 0x31, 0x31, 0x31, 0x31, 0x31, 0x31, 
0x31, 0x31, 0x31, 0x31, 0x31, 0x31, 0x31, 0x31, 0x31, 0x31, 0x31, 0x31, 0x31, 0x31, 0x31, 0x31, 
0x31, 0x31, 0x31, 0x31, 0x31, 0x31, 0x31, 0x31, 0x31, 0x31, 0x31, 0x31, 0x31, 0x31, 0x31, 0x31, 
0x31, 0x31, 0x31, 0x31, 0x31, 0x31, 0x31, 0x31, 0x31, 0x31, 0x31, 0x31, 0x31, 0x31, 0x31, 0x31, 
0x31, 0x31, 0x31, 0x31, 0x31, 0x31, 0x31, 0x31, 0x31, 0x31, 0x31, 0x31, 0x31, 0x31, 0x31, 0x31, 
0x31, 0x31, 0x31, 0x31, 0x31, 0x31, 0x31, 0x31, 0x31, 0x31, 0x31, 0x31, 0x31, 0x31, 0x31, 0x31, 
0x31, 0x31, 0x31, 0x31, 0x31, 0x31, 0x31, 0x31, 0x31, 0x31, 0x31, 0x31, 0x31, 0x31, 0x31, 0x31, 
0x31, 0x31, 0x31, 0x31, 0x31, 0x31, 0x31, 0x31, 0x31, 0x31, 0x31, 0x31, 0x31, 0x31, 0x31, 0x31, 
0x31, 0x31, 0x31, 0x31, 0x31, 0x31, 0x31, 0x31, 0x31, 0x31, 0x31, 0x31, 0x31, 0x31, 0x31, 0x31, 
0x31, 0x31, 0x31, 0x31, 0x31, 0x31, 0x31, 0x31, 0x31, 0x31, 0x31, 0x31, 0x31, 0x31, 0x31, 0x31, 
0x31, 0x31, 0x31, 0x31, 0x31, 0x31, 0x31, 0x31, 0x31, 0x31, 0x31, 0x31, 0x31, 0x31, 0x31, 0x31, 
0x31, 0x31, 0x31, 0x31, 0x31, 0x31, 0x31, 0x31, 0x31, 0x31, 0x31, 0x31, 0x31, 0x31, 0x31, 0x31, 
0x31, 0x31, 0x31, 0x31, 0x31, 0x31, 0x31, 0x31, 0x31, 0x31, 0x31, 0x31, 0x31, 0x31, 0x31, 0x31, 
0x31, 0x31, 0x31, 0x31, 0x31, 0x31, 0x31, 0x31, 0x31, 0x31, 0x31, 0x31, 0x31, 0x31, 0x31, 0x31, 
0x31, 0x31, 0x31, 0x31, 0x31, 0x31, 0x31, 0x31, 0x31, 0x31, 0x31, 0x31, 0x31, 0x31, 0x31, 0x31, 
0x31, 0x31, 0x31, 0x31, 0x31, 0x31, 0x31, 0x31, 0x31, 0x31, 0x31, 0x31, 0x31, 0x31, 0x31, 0x31, 
0x31, 0x31, 0x31, 0x31, 0x31, 0x31, 0x31, 0x31, 0x31, 0x31, 0x31, 0x31, 0x31, 0x31, 0x31, 0x31, 
0x31, 0x31, 0x31, 0x31, 0x31, 0x31, 0x31, 0x31, 0x31, 0x31, 0x31, 0x31, 0x31, 0x31, 0x31, 0x31, 
0x31, 0x31, 0x31, 0x31, 0x31, 0x31, 0x31, 0x31, 0x31, 0x31, 0x31, 0x31, 0x31, 0x31, 0x31, 0x31, 
0x31, 0x31, 0x31, 0x31, 0x31, 0x31, 0x31, 0x31, 0x31, 0x31, 0x31, 0x31, 0x31, 0x31, 0x31, 0x31, 
0x31, 0x31, 0x31, 0x31, 0x31, 0x31, 0x31, 0x31, 0x31, 0x31, 0x31, 0x31, 0x31, 0x31, 0x31, 0x31, 
0x31, 0x31, 0x31, 0x31, 0x31, 0x31, 0x31, 0x31, 0x31, 0x31, 0x31, 0x31, 0x31, 0x31, 0x31, 0x31, 
0x31, 0x31, 0x31, 0x31, 0x31, 0x31, 0x31, 0x31, 0x31, 0x31, 0x31, 0x31, 0x31, 0x31, 0x31, 0x31, 
0x31, 0x31, 0x31, 0x31, 0x31, 0x31, 0x31, 0x31, 0x31, 0x31, 0x31, 0x31, 0x31, 0x31, 0x31, 0x31, 
0x31, 0x31, 0x31, 0x31, 0x31, 0x31, 0x31, 0x31, 0x31, 0x31, 0x31, 0x31, 0x31, 0x31, 0x31, 0x31, 
0x31, 0x31, 0x31, 0x31, 0x31, 0x31, 0x31, 0x31, 0x31, 0x31, 0x31, 0x31, 0x31, 0x31, 0x31, 0x31, 
0x31, 0x31, 0x31, 0x31, 0x31, 0x31, 0x31, 0x31, 0x31, 0x31, 0x31, 0x31, 0x31, 0x31, 0x31, 0x31, 
0x31, 0x31, 0x31, 0x31, 0x31, 0x31, 0x31, 0x31, 0x31, 0x31, 0x31, 0x31, 0x31, 0x31, 0x31, 0x31, 
0x31, 0x31, 0x31, 0x31, 0x31, 0x31, 0x31, 0x31, 0x31, 0x31, 0x31, 0x31, 0x31, 0x31, 0x31, 0x31, 
0x31, 0x31, 0x31, 0x31, 0x31, 0x31, 0x31, 0x31, 0x31, 0x31, 0x31, 0x31, 0x31, 0x31, 0x31, 0x31, 
0x31, 0x31, 0x31, 0x31, 0x31, 0x31, 0x31, 0x31, 0x31, 0x31, 0x31, 0x31, 0x31, 0x31, 0x31, 0x31, 
0x31, 0x31, 0x31, 0x31, 0x31, 0x31, 0x31, 0x31, 0x31, 0x31, 0x31, 0x31, 0x31, 0x31, 0x31, 0x31, 
0x31, 0x31, 0x31, 0x31, 0x31, 0x31, 0x31, 0x31, 0x31, 0x31, 0x31, 0x31, 0x31, 0x31, 0x31, 0x31, 
0x31, 0x31, 0x31, 0x31, 0x31, 0x31, 0x31, 0x31, 0x31, 0x31, 0x31, 0x31, 0x31, 0x31, 0x31, 0x31, 
0x31, 0x31, 0x31, 0x31, 0x31, 0x31, 0x31, 0x31, 0x31, 0x31, 0x31, 0x31, 0x31, 0x31, 0x31, 0x31, 
0x31, 0x31, 0x31, 0x31, 0x31, 0x31, 0x31, 0x31, 0x31, 0x31, 0x31, 0x31, 0x31, 0x31, 0x31, 0x31, 
0x31, 0x31, 0x31, 0x31, 0x31, 0x31, 0x31, 0x31, 0x31, 0x31, 0x31, 0x31, 0x31, 0x31, 0x31, 0x31, 
0x31, 0x31, 0x31, 0x31, 0x31, 0x31, 0x31, 0x31, 0x31, 0x31, 0x31, 0x31, 0x31, 0x31, 0x31, 0x31, 
0x31, 0x31, 0x31, 0x31, 0x31, 0x31, 0x31, 0x31, 0x31, 0x31, 0x31, 0x31, 0x31, 0x31, 0x31, 0x31, 
0x31, 0x31, 0x31, 0x31, 0x31, 0x31, 0x31, 0x31, 0x31, 0x31, 0x31, 0x31, 0x31, 0x31, 0x31, 0x31, 
0x31, 0x31, 0x31, 0x31, 0x31, 0x31, 0x31, 0x31, 0x31, 0x31, 0x31, 0x31, 0x31, 0x31, 0x31, 0x31, 
0x31, 0x31, 0x31, 0x31, 0x31, 0x31, 0x31, 0x31, 0x31, 0x31, 0x31, 0x31, 0x31, 0x31, 0x31, 0x31, 
0x31, 0x31, 0x31, 0x31, 0x31, 0x31, 0x31, 0x31, 0x31, 0x31, 0x31, 0x31, 0x31, 0x31, 0x31, 0x31, 
0x31, 0x31, 0x31, 0x31, 0x31, 0x31, 0x31, 0x31, 0x31, 0x31, 0x31, 0x31, 0x31, 0x31, 0x31, 0x31, 
0x31, 0x31, 0x31, 0x31, 0x31, 0x31, 0x31, 0x31, 0x31, 0x31, 0x31, 0x31, 0x31, 0x31, 0x31, 0x31, 
0x31, 0x31, 0x31, 0x31, 0x31, 0x31, 0x31, 0x31, 0x31, 0x31, 0x31, 0x31, 0x31, 0x31, 0x31, 0x31, 
0x31, 0x31, 0x31, 0x31, 0x31, 0x31, 0x31, 0x31, 0x31, 0x31, 0x31, 0x31, 0x31, 0x31, 0x31, 0x31, 
0x31, 0x31, 0x31, 0x31, 0x31, 0x31, 0x31, 0x31, 0x31, 0x31, 0x31, 0x31, 0x31, 0x31, 0x31, 0x31, 
0x31, 0x31, 0x31, 0x31, 0x31, 0x31, 0x31, 0x31, 0x31, 0x31, 0x31, 0x31, 0x31, 0x31, 0x31, 0x31, 
0x31, 0x31, 0x31, 0x31, 0x31, 0x31, 0x31, 0x31, 0x31, 0x31, 0x31, 0x31, 0x31, 0x31, 0x31, 0x31, 
0x31, 0x31, 0x31, 0x31, 0x31, 0x31, 0x31, 0x31, 0x31, 0x31, 0x31, 0x31, 0x31, 0x31, 0x31, 0x31, 
0x31, 0x31, 0x31, 0x31, 0x31, 0x31, 0x31, 0x31, 0x31, 0x31, 0x31, 0x31, 0x31, 0x31, 0x31, 0x31, 
0x31, 0x31, 0x31, 0x31, 0x31, 0x31, 0x31, 0x31, 0x31, 0x31, 0x31, 0x31, 0x31, 0x31, 0x31, 0x31, 
0x31, 0x31, 0x31, 0x31, 0x31, 0x31, 0x31, 0x31, 0x31, 0x31, 0x31, 0x31, 0x31, 0x31, 0x31, 0x31, 
0x31, 0x31, 0x31, 0x31, 0x31, 0x31, 0x31, 0x31, 0x31, 0x31, 0x31, 0x31, 0x31, 0x31, 0x31, 0x31, 
0x31, 0x31, 0x31, 0x31, 0x31, 0x31, 0x31, 0x31, 0x31, 0x31, 0x31, 0x31, 0x31, 0x31, 0x31, 0x31, 
0x31, 0x31, 0x31, 0x31, 0x31, 0x31, 0x31, 0x31, 0x31, 0x31, 0x31, 0x31, 0x31, 0x31, 0x31, 0x31, 
0x31, 0x31, 0x31, 0x31, 0x31, 0x31, 0x31, 0x31, 0x31, 0x31, 0x31, 0x31, 0x31, 0x31, 0x31, 0x31, 
0x31, 0x31, 0x31, 0x31, 0x31, 0x31, 0x31, 0x31, 0x31, 0x31, 0x31, 0x31, 0x31, 0x31, 0x31, 0x31, 
0x31, 0x31, 0x31, 0x31, 0x31, 0x31, 0x31, 0x31, 0x31, 0x31, 0x31, 0x31, 0x31, 0x31, 0x31, 0x31, 
0x31, 0x31, 0x31, 0x31, 0x31, 0x31, 0x31, 0x31, 0x31, 0x31, 0x31, 0x31, 0x31, 0x31, 0x31, 0x31, 
0x31, 0x31, 0x31, 0x31, 0x31, 0x31, 0x31, 0x31, 0x31, 0x31, 0x31, 0x31, 0x31, 0x31, 0x31, 0x31, 
0x31, 0x31, 0x31, 0x31, 0x31, 0x31, 0x31, 0x31, 0x31, 0x31, 0x31, 0x31, 0x31, 0x31, 0x31, 0x31, 
0x31, 0x31, 0x31, 0x31, 0x31, 0x31, 0x31, 0x31, 0x31, 0x31, 0x31, 0x31, 0x31, 0x31, 0x31, 0x31, 
0x31, 0x31, 0x31, 0x31, 0x31, 0x31, 0x31, 0x31, 0x31, 0x31, 0x31, 0x31, 0x31, 0x31, 0x31, 0x31, 
0x31, 0x31, 0x31, 0x31, 0x31, 0x31, 0x31, 0x31, 0x31, 0x31, 0x31, 0x31, 0x31, 0x31, 0x31, 0x31, 
0x31, 0x31, 0x31, 0x31, 0x31, 0x31, 0x31, 0x31, 0x31, 0x31, 0x31, 0x31, 0x31, 0x31, 0x31, 0x31, 
0x31, 0x31, 0x31, 0x31, 0x31, 0x31, 0x31, 0x31, 0x31, 0x31, 0x31, 0x31, 0x31, 0x31, 0x31, 0x31, 
0x31, 0x31, 0x31, 0x31, 0x31, 0x31, 0x31, 0x31, 0x31, 0x31, 0x31, 0x31, 0x31, 0x31, 0x31, 0x31, 
0x31, 0x31, 0x31, 0x31, 0x31, 0x31, 0x31, 0x31, 0x31, 0x31, 0x31, 0x31, 0x31, 0x31, 0x31, 0x31, 
0x31, 0x31, 0x31, 0x31, 0x31, 0x31, 0x31, 0x31, 0x31, 0x31, 0x31, 0x31, 0x31, 0x31, 0x31, 0x31, 
0x31, 0x31, 0x31, 0x31, 0x31, 0x31, 0x31, 0x31, 0x31, 0x31, 0x31, 0x31, 0x31, 0x31, 0x31, 0x31, 
0x31, 0x31, 0x31, 0x31, 0x31, 0x31, 0x31, 0x31, 0x31, 0x31, 0x31, 0x31, 0x31, 0x31, 0x31, 0x31, 
0x31, 0x31, 0x31, 0x31, 0x31, 0x31, 0x31, 0x31, 0x31, 0x31, 0x31, 0x31, 0x31, 0x31, 0x31, 0x31, 
0x31, 0x31, 0x31, 0x31, 0x31, 0x31, 0x31, 0x31, 0x31, 0x31, 0x31, 0x31, 0x31, 0x31, 0x31, 0x31, 
0x31, 0x31, 0x31, 0x31, 0x31, 0x31, 0x31, 0x31, 0x31, 0x31, 0x31, 0x31, 0x31, 0x31, 0x31, 0x31, 
0x31, 0x31, 0x31, 0x31, 0x31, 0x31, 0x31, 0x31, 0x31, 0x31, 0x31, 0x31, 0x31, 0x31, 0x31, 0x31, 
0x31, 0x31, 0x31, 0x31, 0x31, 0x31, 0x31, 0x31, 0x31, 0x31, 0x31, 0x31, 0x31, 0x31, 0x31, 0x31, 
0x31, 0x31, 0x31, 0x31, 0x31, 0x31, 0x31, 0x31, 0x31, 0x31, 0x31, 0x31, 0x31, 0x31, 0x31, 0x31, 
0x31, 0x31, 0x31, 0x31, 0x31, 0x31, 0x31, 0x31, 0x31, 0x31, 0x31, 0x31, 0x31, 0x31, 0x31, 0x31, 
0x31, 0x31, 0x31, 0x31, 0x31, 0x31, 0x31, 0x31, 0x31, 0x31, 0x31, 0x31, 0x31, 0x31, 0x31, 0x31, 
0x31, 0x31, 0x31, 0x31, 0x31, 0x31, 0x31, 0x31, 0x31, 0x31, 0x31, 0x31, 0x31, 0x31, 0x31, 0x31, 
0x31, 0x31, 0x31, 0x31, 0x31, 0x31, 0x31, 0x31, 0x31, 0x31, 0x31, 0x31, 0x31, 0x31, 0x31, 0x31, 
0x31, 0x31, 0x31, 0x31, 0x31, 0x31, 0x31, 0x31, 0x31, 0x31, 0x31, 0x31, 0x31, 0x31, 0x31, 0x31, 
0x31, 0x31, 0x31, 0x31, 0x31, 0x31, 0x31, 0x31, 0x31, 0x31, 0x31, 0x31, 0x31, 0x31, 0x31, 0x31, 
0x31, 0x31, 0x31, 0x31, 0x31, 0x31, 0x31, 0x31, 0x31, 0x31, 0x31, 0x31, 0x31, 0x31, 0x31, 0x31, 
0x31, 0x31, 0x31, 0x31, 0x31, 0x31, 0x31, 0x31, 0x31, 0x31, 0x31, 0x31, 0x31, 0x31, 0x31, 0x31, 
0x31, 0x31, 0x31, 0x31, 0x31, 0x31, 0x31, 0x31, 0x31, 0x31, 0x31, 0x31, 0x31, 0x31, 0x31, 0x31, 
0x31, 0x31, 0x31, 0x31, 0x31, 0x31, 0x31, 0x31, 0x31, 0x31, 0x31, 0x31, 0x31, 0x31, 0x31, 0x31, 
0x31, 0x31, 0x31, 0x31, 0x31, 0x31, 0x31, 0x31, 0x31, 0x31, 0x31, 0x31, 0x31, 0x31, 0x31, 0x31, 
0x31, 0x31, 0x31, 0x31, 0x31, 0x31, 0x31, 0x31, 0x31, 0x31, 0x31, 0x31, 0x31, 0x31, 0x31, 0x31, 
0x31, 0x31, 0x31, 0x31, 0x31, 0x31, 0x31, 0x31, 0x31, 0x31, 0x31, 0x31, 0x31, 0x31, 0x31, 0x31, 
0x31, 0x31, 0x31, 0x31, 0x31, 0x31, 0x31, 0x31, 0x31, 0x31, 0x31, 0x31, 0x31, 0x31, 0x31, 0x31, 
0x31, 0x31, 0x31, 0x31, 0x31, 0x31, 0x31, 0x31, 0x31, 0x31, 0x31, 0x31, 0x31, 0x31, 0x31, 0x31, 
0x31, 0x31, 0x31, 0x31, 0x31, 0x31, 0x31, 0x31, 0x31, 0x31, 0x31, 0x31, 0x31, 0x31, 0x31, 0x31, 
0x31, 0x31, 0x31, 0x31, 0x31, 0x31, 0x31, 0x31, 0x31, 0x31, 0x31, 0x31, 0x31, 0x31, 0x31, 0x31, 
0x31, 0x31, 0x31, 0x31, 0x31, 0x31, 0x31, 0x31, 0x31, 0x31, 0x31, 0x31, 0x31, 0x31, 0x31, 0x31, 
0x31, 0x31, 0x31, 0x31, 0x31, 0x31, 0x31, 0x31, 0x31, 0x31, 0x31, 0x31, 0x31, 0x31, 0x31, 0x31, 
0x31, 0x31, 0x31, 0x31, 0x31, 0x31, 0x31, 0x31, 0x31, 0x31, 0x31, 0x31, 0x31, 0x31, 0x31, 0x31, 
0x31, 0x31, 0x31, 0x31, 0x31, 0x31, 0x31, 0x31, 0x31, 0x31, 0x31, 0x31, 0x31, 0x31, 0x31, 0x31, 
0x31, 0x31, 0x31, 0x31, 0x31, 0x31, 0x31, 0x31, 0x31, 0x31, 0x31, 0x31, 0x31, 0x31, 0x31, 0x31, 
0x31, 0x31, 0x31, 0x31, 0x31, 0x31, 0x31, 0x31, 0x31, 0x31, 0x31, 0x31, 0x31, 0x31, 0x31, 0x31, 
0x31, 0x31, 0x31, 0x31, 0x31, 0x31, 0x31, 0x31, 0x31, 0x31, 0x31, 0x31, 0x31, 0x31, 0x31, 0x31, 
0x31, 0x31, 0x31, 0x31, 0x31, 0x31, 0x31, 0x31, 0x31, 0x31, 0x31, 0x31, 0x31, 0x31, 0x31, 0x31, 
0x31, 0x31, 0x31, 0x31, 0x31, 0x31, 0x31, 0x31, 0x31, 0x31, 0x31, 0x31, 0x31, 0x31, 0x31, 0x31, 
0x31, 0x31, 0x31, 0x31, 0x31, 0x31, 0x31, 0x31, 0x31, 0x31, 0x31, 0x31, 0x31, 0x31, 0x31, 0x31, 
0x31, 0x31, 0x31, 0x31, 0x31, 0x31, 0x31, 0x31, 0x31, 0x31, 0x31, 0x31, 0x31, 0x31, 0x31, 0x31, 
0x31, 0x31, 0x31, 0x31, 0x31, 0x31, 0x31, 0x31, 0x31, 0x31, 0x31, 0x31, 0x31, 0x31, 0x31, 0x31, 
0x31, 0x31, 0x31, 0x31, 0x31, 0x31, 0x31, 0x31, 0x31, 0x31, 0x31, 0x31, 0x31, 0x31, 0x31, 0x31, 
0x31, 0x31, 0x31, 0x31, 0x31, 0x31, 0x31, 0x31, 0x31, 0x31, 0x31, 0x31, 0x31, 0x31, 0x31, 0x31, 
0x31, 0x31, 0x31, 0x31, 0x31, 0x31, 0x31, 0x31, 0x31, 0x31, 0x31, 0x31, 0x31, 0x31, 0x31, 0x31, 
0x31, 0x31, 0x31, 0x31, 0x31, 0x31, 0x31, 0x31, 0x31, 0x31, 0x31, 0x31, 0x31, 0x31, 0x31, 0x31, 
0x31, 0x31, 0x31, 0x31, 0x31, 0x31, 0x31, 0x31, 0x31, 0x31, 0x31, 0x31, 0x31, 0x31, 0x31, 0x31, 
0x31, 0x31, 0x31, 0x31, 0x31, 0x31, 0x31, 0x31, 0x31, 0x31, 0x31, 0x31, 0x31, 0x31, 0x31, 0x31, 
0x31, 0x31, 0x31, 0x31, 0x31, 0x31, 0x31, 0x31, 0x31, 0x31, 0x31, 0x31, 0x31, 0x31, 0x31, 0x31, 
0x31, 0x31, 0x31, 0x31, 0x31, 0x31, 0x31, 0x31, 0x31, 0x31, 0x31, 0x31, 0x31, 0x31, 0x31, 0x31, 
0x31, 0x31, 0x31, 0x31, 0x31, 0x31, 0x31, 0x31, 0x31, 0x31, 0x31, 0x31, 0x31, 0x31, 0x31, 0x31, 
0x31, 0x31, 0x31, 0x31, 0x31, 0x31, 0x31, 0x31, 0x31, 0x31, 0x31, 0x31, 0x31, 0x31, 0x31, 0x31, 
0x31, 0x31, 0x31, 0x31, 0x31, 0x31, 0x31, 0x31, 0x31, 0x31, 0x31, 0x31, 0x31, 0x31, 0x31, 0x31, 
0x31, 0x31, 0x31, 0x31, 0x31, 0x31, 0x31, 0x31, 0x31, 0x31, 0x31, 0x31, 0x31, 0x31, 0x31, 0x31, 
0x31, 0x31, 0x31, 0x31, 0x31, 0x31, 0x31, 0x31, 0x31, 0x31, 0x31, 0x31, 0x31, 0x31, 0x31, 0x31, 
0x31, 0x31, 0x31, 0x31, 0x31, 0x31, 0x31, 0x31, 0x31, 0x31, 0x31, 0x31, 0x31, 0x31, 0x31, 0x31, 
0x31, 0x31, 0x31, 0x31, 0x31, 0x31, 0x31, 0x31, 0x31, 0x31, 0x31, 0x31, 0x31, 0x31, 0x31, 0x31, 
0x31, 0x31, 0x31, 0x31, 0x31, 0x31, 0x31, 0x31, 0x31, 0x31, 0x31, 0x31, 0x31, 0x31, 0x31, 0x31, 
0x31, 0x31, 0x31, 0x31, 0x31, 0x31, 0x31, 0x31, 0x31, 0x31, 0x31, 0x31, 0x31, 0x31, 0x31, 0x31, 
0x31, 0x31, 0x31, 0x31, 0x31, 0x31, 0x31, 0x31, 0x31, 0x31, 0x31, 0x31, 0x31, 0x31, 0x31, 0x31, 
0x31, 0x31, 0x31, 0x31, 0x31, 0x31, 0x31, 0x31, 0x31, 0x31, 0x31, 0x31, 0x31, 0x31, 0x31, 0x31, 
0x31, 0x31, 0x31, 0x31, 0x31, 0x31, 0x31, 0x31, 0x31, 0x31, 0x31, 0x31, 0x31, 0x31, 0x31, 0x31, 
0x31, 0x31, 0x31, 0x31, 0x31, 0x31, 0x31, 0x31, 0x31, 0x31, 0x31, 0x31, 0x31, 0x31, 0x31, 0x31, 
0x31, 0x31, 0x31, 0x31, 0x31, 0x31, 0x31, 0x31, 0x31, 0x31, 0x31, 0x31, 0x31, 0x31, 0x31, 0x31, 
0x31, 0x31, 0x31, 0x31, 0x31, 0x31, 0x31, 0x31, 0x31, 0x31, 0x31, 0x31, 0x31, 0x31, 0x31, 0x31, 
0x31, 0x31, 0x31, 0x31, 0x31, 0x31, 0x31, 0x31, 0x31, 0x31, 0x31, 0x31, 0x31, 0x31, 0x31, 0x31, 
0x31, 0x31, 0x31, 0x31, 0x31, 0x31, 0x31, 0x31, 0x31, 0x31, 0x31, 0x31, 0x31, 0x31, 0x31, 0x31, 
0x31, 0x31, 0x31, 0x31, 0x31, 0x31, 0x31, 0x31, 0x31, 0x31, 0x31, 0x31, 0x31, 0x31, 0x31, 0x31, 
0x31, 0x31, 0x31, 0x31, 0x31, 0x31, 0x31, 0x31, 0x31, 0x31, 0x31, 0x31, 0x31, 0x31, 0x31, 0x31, 
0x31, 0x31, 0x31, 0x31, 0x31, 0x31, 0x31, 0x31, 0x31, 0x31, 0x31, 0x31, 0x31, 0x31, 0x31, 0x31, 
0x31, 0x31, 0x31, 0x31, 0x31, 0x31, 0x31, 0x31, 0x31, 0x31, 0x31, 0x31, 0x31, 0x31, 0x31, 0x31, 
0x31, 0x31, 0x31, 0x31, 0x31, 0x31, 0x31, 0x31, 0x31, 0x31, 0x31, 0x31, 0x31, 0x31, 0x31, 0x31, 
0x31, 0x31, 0x31, 0x31, 0x31, 0x31, 0x31, 0x31, 0x31, 0x31, 0x31, 0x31, 0x31, 0x31, 0x31, 0x31, 
0x31, 0x31, 0x31, 0x31, 0x31, 0x31, 0x31, 0x31, 0x31, 0x31, 0x31, 0x31, 0x31, 0x31, 0x31, 0x31, 
0x31, 0x31, 0x31, 0x31, 0x31, 0x31, 0x31, 0x31, 0x31, 0x31, 0x31, 0x31, 0x31, 0x31, 0x31, 0x31, 
0x31, 0x31, 0x31, 0x31, 0x31, 0x31, 0x31, 0x31, 0x31, 0x31, 0x31, 0x31, 0x31, 0x31, 0x31, 0x31, 
0x31, 0x31, 0x31, 0x31, 0x31, 0x31, 0x31, 0x31, 0x31, 0x31, 0x31, 0x31, 0x31, 0x31, 0x31, 0x31, 
0x31, 0x31, 0x31, 0x31, 0x31, 0x31, 0x31, 0x31, 0x31, 0x31, 0x31, 0x31, 0x31, 0x31, 0x31, 0x31, 
0x31, 0x31, 0x31, 0x31, 0x31, 0x31, 0x31, 0x31, 0x31, 0x31, 0x31, 0x31, 0x31, 0x31, 0x31, 0x31, 
0x31, 0x31, 0x31, 0x31, 0x31, 0x31, 0x31, 0x31, 0x31, 0x31, 0x31, 0x31, 0x31, 0x31, 0x31, 0x31, 
0x31, 0x31, 0x31, 0x31, 0x31, 0x31, 0x31, 0x31, 0x31, 0x31, 0x31, 0x31, 0x31, 0x31, 0x31, 0x31, 
0x31, 0x31, 0x31, 0x31, 0x31, 0x31, 0x31, 0x31, 0x31, 0x31, 0x31, 0x31, 0x31, 0x31, 0x31, 0x31, 
0x31, 0x31, 0x31, 0x31, 0x31, 0x31, 0x31, 0x31, 0x31, 0x31, 0x31, 0x31, 0x31, 0x31, 0x31, 0x31, 
0x31, 0x31, 0x31, 0x31, 0x31, 0x31, 0x31, 0x31, 0x31, 0x31, 0x31, 0x31, 0x31, 0x31, 0x31, 0x31, 
0x31, 0x31, 0x31, 0x31, 0x31, 0x31, 0x31, 0x31, 0x31, 0x31, 0x31, 0x31, 0x31, 0x31, 0x31, 0x31, 
0x31, 0x31, 0x31, 0x31, 0x31, 0x31, 0x31, 0x31, 0x31, 0x31, 0x31, 0x31, 0x31, 0x31, 0x31, 0x31, 
0x31, 0x31, 0x31, 0x31, 0x31, 0x31, 0x31, 0x31, 0x31, 0x31, 0x31, 0x31, 0x31, 0x31, 0x31, 0x31, 
0x31, 0x31, 0x31, 0x31, 0x31, 0x31, 0x31, 0x31, 0x31, 0x31, 0x31, 0x31, 0x31, 0x31, 0x31, 0x31, 
0x31, 0x31, 0x31, 0x31, 0x31, 0x31, 0x31, 0x31, 0x31, 0x31, 0x31, 0x31, 0x31, 0x31, 0x31, 0x31, 
0x31, 0x31, 0x31, 0x31, 0x31, 0x31, 0x31, 0x31, 0x31, 0x31, 0x31, 0x31, 0x31, 0x31, 0x31, 0x31, 
0x31, 0x31, 0x31, 0x31, 0x31, 0x31, 0x31, 0x31, 0x31, 0x31, 0x31, 0x31, 0x31, 0x31, 0x31, 0x31, 
0x31, 0x31, 0x31, 0x31, 0x31, 0x31, 0x31, 0x31, 0x31, 0x31, 0x31, 0x31, 0x31, 0x31, 0x31, 0x31, 
0x31, 0x31, 0x31, 0x31, 0x31, 0x31, 0x31, 0x31, 0x31, 0x31, 0x31, 0x31, 0x31, 0x31, 0x31, 0x31, 
0x31, 0x31, 0x31, 0x31, 0x31, 0x31, 0x31, 0x31, 0x31, 0x31, 0x31, 0x31, 0x31, 0x31, 0x31, 0x31, 
0x31, 0x31, 0x31, 0x31, 0x31, 0x31, 0x31, 0x31, 0x31, 0x31, 0x31, 0x31, 0x31, 0x31, 0x31, 0x31, 
0x31, 0x31, 0x31, 0x31, 0x31, 0x31, 0x31, 0x31, 0x31, 0x31, 0x31, 0x31, 0x31, 0x31, 0x31, 0x31, 
0x31, 0x31, 0x31, 0x31, 0x31, 0x31, 0x31, 0x31, 0x31, 0x31, 0x31, 0x31, 0x31, 0x31, 0x31, 0x31, 
0x31, 0x31, 0x31, 0x31, 0x31, 0x31, 0x31, 0x31, 0x31, 0x31, 0x31, 0x31, 0x31, 0x31, 0x31, 0x31, 
0x31, 0x31, 0x31, 0x31, 0x31, 0x31, 0x31, 0x31, 0x31, 0x31, 0x31, 0x31, 0x31, 0x31, 0x31, 0x31, 
0x31, 0x31, 0x31, 0x31, 0x31, 0x31, 0x31, 0x31, 0x31, 0x31, 0x31, 0x31, 0x31, 0x31, 0x31, 0x31, 
0x31, 0x31, 0x31, 0x31, 0x31, 0x31, 0x31, 0x31, 0x31, 0x31, 0x31, 0x31, 0x31, 0x31, 0x31, 0x31, 
0x31, 0x31, 0x31, 0x31, 0x31, 0x31, 0x31, 0x31, 0x31, 0x31, 0x31, 0x31, 0x31, 0x31, 0x31, 0x31, 
0x31, 0x31, 0x31, 0x31, 0x31, 0x31, 0x31, 0x31, 0x31, 0x31, 0x31, 0x31, 0x31, 0x31, 0x31, 0x31, 
0x31, 0x31, 0x31, 0x31, 0x31, 0x31, 0x31, 0x31, 0x31, 0x31, 0x31, 0x31, 0x31, 0x31, 0x31, 0x31, 
0x31, 0x31, 0x31, 0x31, 0x31, 0x31, 0x31, 0x31, 0x31, 0x31, 0x31, 0x31, 0x31, 0x31, 0x31, 0x31, 
0x31, 0x31, 0x31, 0x31, 0x31, 0x31, 0x31, 0x31, 0x31, 0x31, 0x31, 0x31, 0x31, 0x31, 0x31, 0x31, 
0x31, 0x31, 0x31, 0x31, 0x31, 0x31, 0x31, 0x31, 0x31, 0x31, 0x31, 0x31, 0x31, 0x31, 0x31, 0x31, 
0x31, 0x31, 0x31, 0x31, 0x31, 0x31, 0x31, 0x31, 0x31, 0x31, 0x31, 0x31, 0x31, 0x31, 0x31, 0x31, 
0x31, 0x31, 0x31, 0x31, 0x31, 0x31, 0x31, 0x31, 0x31, 0x31, 0x31, 0x31, 0x31, 0x31, 0x31, 0x31, 
0x31, 0x31, 0x31, 0x31, 0x31, 0x31, 0x31, 0x31, 0x31, 0x31, 0x31, 0x31, 0x31, 0x31, 0x31, 0x31, 
0x31, 0x31, 0x31, 0x31, 0x31, 0x31, 0x31, 0x31, 0x31, 0x31, 0x31, 0x31, 0x31, 0x31, 0x31, 0x31, 
0x31, 0x31, 0x31, 0x31, 0x31, 0x31, 0x31, 0x31, 0x31, 0x31, 0x31, 0x31, 0x31, 0x31, 0x31, 0x31, 
0x31, 0x31, 0x31, 0x31, 0x31, 0x31, 0x31, 0x31, 0x31, 0x31, 0x31, 0x31, 0x31, 0x31, 0x31, 0x31, 
0x31, 0x31, 0x31, 0x31, 0x31, 0x31, 0x31, 0x31, 0x31, 0x31, 0x31, 0x31, 0x31, 0x31, 0x31, 0x31, 
0x31, 0x31, 0x31, 0x31, 0x31, 0x31, 0x31, 0x31, 0x31, 0x31, 0x31, 0x31, 0x31, 0x31, 0x31, 0x31, 
0x31, 0x31, 0x31, 0x31, 0x31, 0x31, 0x31, 0x31, 0x31, 0x31, 0x31, 0x31, 0x08, 0x08, 0x08, 0x08, 
0x05, 0x00, 0x00, 0x00, 0x00, 0x00, 0x00, 0x00, 0x00, 0x00, 0x00, 0x00, 0x00, 0x00, 0x06, 0x08, 
0x08, 0x08, 0x08, 0x08, 0x08, 0x08, 0x08, 0x08, 0x08, 0x08, 0x08, 0x08, 0x08, 0x08, 0x08, 0x08, 
0x08, 0x08, 0x08, 0x08, 0x08, 0x08, 0x08, 0x08, 0x08, 0x08, 0x08, 0x08, 0x08, 0x08, 0x08, 0x08, 
0x08, 0x08, 0x08, 0x08, 0x08, 0x08, 0x08, 0x08, 0x08, 0x08, 0x08, 0x08, 0x08, 0x08, 0x08, 0x08, 
0x08, 0x08, 0x08, 0x08, 0x08, 0x08, 0x08, 0x08, 0x08, 0x08, 0x08, 0x08, 0x08, 0x08, 0x08, 0x08, 
0x08, 0x08, 0x08, 0x08, 0x08, 0x08, 0x08, 0x08, 0x08, 0x08, 0x08, 0x08, 0x08, 0x08, 0x08, 0x08, 
0x08, 0x08, 0x08, 0x08, 0x08, 0x08, 0x08, 0x08, 0x08, 0x08, 0x08, 0x08, 0x08, 0x08, 0x08, 0x08, 
0x08, 0x08, 0x08, 0x08, 0x08, 0x08, 0x08, 0x08, 0x08, 0x08, 0x08, 0x08, 0x08, 0x08, 0x08, 0x08, 
0x06, 0x06, 0x06, 0x06, 0x06, 0x06, 0x06, 0x06, 0x08, 0x08, 0x08, 0x08, 0x08, 0x08, 0x08, 0x08, 
0x08, 0x08, 0x08, 0x08, 0x08, 0x08, 0x08, 0x08, 0x08, 0x08, 0x08, 0x08, 0x08, 0x08, 0x08, 0x08, 
0x08, 0x08, 0x08, 0x08, 0x08, 0x08, 0x08, 0x08, 0x08, 0x08, 0x08, 0x08, 0x08, 0x08, 0x08, 0x08, 
0x08, 0x08, 0x08, 0x08, 0x08, 0x08, 0x08, 0x08, 0x08, 0x08, 0x08, 0x08, 0x08, 0x08, 0x08, 0x08, 
0x08, 0x08, 0x08, 0x08, 0x08, 0x08, 0x08, 0x08, 0x08, 0x06, 0x06, 0x08, 0x08, 0x08, 0x08, 0x08, 
0x08, 0x08, 0x08, 0x08, 0x08, 0x08, 0x08, 0x08, 0x08, 0x08, 0x08, 0x08, 0x08, 0x08, 0x08, 0x08, 
0x08, 0x08, 0x08, 0x08, 0x08, 0x08, 0x08, 0x08, 0x08, 0x08, 0x08, 0x08, 0x08, 0x08, 0x08, 0x08, 
0x08, 0x08, 0x08, 0x08, 0x08, 0x08, 0x08, 0x08, 0x08, 0x08, 0x08, 0x08, 0x08, 0x08, 0x08, 0x08, 
0x08, 0x08, 0x08, 0x08, 0x08, 0x08, 0x08, 0x08, 0x08, 0x08, 0x08, 0x08, 0x08, 0x08, 0x08, 0x08, 
0x08, 0x08, 0x08, 0x08, 0x08, 0x08, 0x08, 0x08, 0x08, 0x08, 0x11, 0x1A, 0x18, 0x19, 0x26, 0x1A, 
0x2D, 0x29, 0x2D, 0x2D, 0x29, 0x28, 0x28, 0x28, 0x2F, 0x26, 0x29, 0x2F, 0x2D, 0x2D, 0x2D, 0x29, 
0x2D, 0x29, 0x29, 0x28, 0x26, 0x29, 0x29, 0x29, 0x29, 0x2D, 0x29, 0x2F, 0x08, 0x08, 0x08, 0x08, 
0x02, 0x00, 0x00, 0x00, 0x00, 0x00, 0x00, 0x00, 0x00, 0x00, 0x00, 0x00, 0x00, 0x00, 0x04, 0x08, 
0x08, 0x08, 0x08, 0x08, 0x08, 0x08, 0x08, 0x08, 0x08, 0x08, 0x08, 0x08, 0x08, 0x08, 0x08, 0x08, 
0x08, 0x08, 0x08, 0x08, 0x08, 0x08, 0x08, 0x08, 0x08, 0x08, 0x08, 0x08, 0x08, 0x08, 0x08, 0x08, 
0x08, 0x08, 0x08, 0x08, 0x08, 0x08, 0x08, 0x08, 0x08, 0x08, 0x08, 0x08, 0x08, 0x08, 0x08, 0x08, 
0x08, 0x08, 0x08, 0x08, 0x08, 0x08, 0x08, 0x08, 0x08, 0x08, 0x08, 0x08, 0x08, 0x08, 0x08, 0x08, 
0x08, 0x08, 0x08, 0x08, 0x08, 0x08, 0x08, 0x08, 0x08, 0x08, 0x08, 0x08, 0x08, 0x08, 0x08, 0x08, 
0x08, 0x08, 0x08, 0x08, 0x08, 0x08, 0x08, 0x08, 0x08, 0x08, 0x08, 0x08, 0x08, 0x08, 0x08, 0x08, 
0x08, 0x08, 0x08, 0x08, 0x08, 0x08, 0x08, 0x08, 0x08, 0x08, 0x08, 0x08, 0x08, 0x08, 0x08, 0x08, 
0x08, 0x08, 0x08, 0x08, 0x08, 0x08, 0x08, 0x08, 0x08, 0x08, 0x08, 0x08, 0x08, 0x08, 0x08, 0x08, 
0x08, 0x08, 0x08, 0x08, 0x08, 0x08, 0x08, 0x08, 0x08, 0x08, 0x08, 0x08, 0x08, 0x08, 0x08, 0x08, 
0x08, 0x08, 0x08, 0x08, 0x08, 0x08, 0x08, 0x08, 0x08, 0x08, 0x08, 0x08, 0x08, 0x08, 0x08, 0x08, 
0x08, 0x08, 0x08, 0x08, 0x08, 0x08, 0x08, 0x08, 0x08, 0x08, 0x08, 0x08, 0x08, 0x08, 0x08, 0x08, 
0x08, 0x08, 0x08, 0x08, 0x08, 0x08, 0x08, 0x08, 0x08, 0x08, 0x08, 0x08, 0x08, 0x08, 0x08, 0x08, 
0x08, 0x08, 0x08, 0x08, 0x08, 0x08, 0x08, 0x08, 0x08, 0x08, 0x08, 0x08, 0x08, 0x08, 0x08, 0x08, 
0x08, 0x08, 0x08, 0x08, 0x08, 0x08, 0x08, 0x08, 0x08, 0x08, 0x08, 0x08, 0x08, 0x08, 0x08, 0x08, 
0x08, 0x08, 0x08, 0x08, 0x08, 0x08, 0x08, 0x08, 0x08, 0x08, 0x08, 0x08, 0x08, 0x08, 0x08, 0x08, 
0x08, 0x08, 0x08, 0x08, 0x08, 0x08, 0x08, 0x08, 0x08, 0x08, 0x08, 0x08, 0x08, 0x08, 0x08, 0x08, 
0x08, 0x08, 0x08, 0x08, 0x08, 0x08, 0x08, 0x08, 0x08, 0x08, 0x12, 0x1A, 0x26, 0x1A, 0x26, 0x19, 
0x1B, 0x26, 0x2D, 0x29, 0x2F, 0x29, 0x26, 0x28, 0x2D, 0x26, 0x2D, 0x2D, 0x2D, 0x2D, 0x29, 0x28, 
0x2D, 0x28, 0x30, 0x29, 0x25, 0x28, 0x2D, 0x26, 0x2D, 0x2D, 0x29, 0x12, 0x08, 0x08, 0x08, 0x04, 
0x00, 0x00, 0x00, 0x00, 0x00, 0x00, 0x00, 0x00, 0x00, 0x00, 0x00, 0x00, 0x00, 0x00, 0x00, 0x06, 
0x08, 0x08, 0x08, 0x08, 0x08, 0x08, 0x08, 0x08, 0x08, 0x08, 0x08, 0x08, 0x08, 0x08, 0x08, 0x08, 
0x08, 0x08, 0x08, 0x08, 0x08, 0x08, 0x08, 0x08, 0x08, 0x08, 0x08, 0x08, 0x08, 0x08, 0x08, 0x08, 
0x08, 0x08, 0x08, 0x08, 0x08, 0x08, 0x08, 0x08, 0x08, 0x08, 0x08, 0x08, 0x08, 0x08, 0x08, 0x08, 
0x08, 0x08, 0x08, 0x08, 0x08, 0x08, 0x08, 0x08, 0x08, 0x08, 0x08, 0x08, 0x08, 0x08, 0x08, 0x08, 
0x08, 0x08, 0x08, 0x08, 0x08, 0x08, 0x08, 0x08, 0x08, 0x08, 0x08, 0x08, 0x08, 0x08, 0x08, 0x08, 
0x08, 0x08, 0x08, 0x08, 0x08, 0x08, 0x08, 0x08, 0x08, 0x08, 0x08, 0x08, 0x08, 0x08, 0x08, 0x08, 
0x08, 0x08, 0x08, 0x08, 0x08, 0x08, 0x08, 0x08, 0x08, 0x08, 0x08, 0x08, 0x08, 0x08, 0x08, 0x08, 
0x08, 0x08, 0x08, 0x08, 0x08, 0x08, 0x08, 0x08, 0x08, 0x08, 0x08, 0x08, 0x08, 0x08, 0x08, 0x08, 
0x08, 0x08, 0x08, 0x08, 0x08, 0x08, 0x08, 0x08, 0x08, 0x08, 0x08, 0x08, 0x08, 0x08, 0x08, 0x08, 
0x08, 0x08, 0x08, 0x08, 0x08, 0x08, 0x08, 0x08, 0x08, 0x08, 0x08, 0x08, 0x08, 0x08, 0x08, 0x08, 
0x08, 0x08, 0x08, 0x08, 0x08, 0x08, 0x08, 0x08, 0x08, 0x08, 0x08, 0x08, 0x08, 0x08, 0x08, 0x08, 
0x08, 0x08, 0x08, 0x08, 0x08, 0x08, 0x08, 0x08, 0x08, 0x08, 0x08, 0x08, 0x08, 0x08, 0x08, 0x08, 
0x08, 0x08, 0x08, 0x08, 0x08, 0x08, 0x08, 0x08, 0x08, 0x08, 0x08, 0x08, 0x08, 0x08, 0x08, 0x08, 
0x08, 0x08, 0x08, 0x08, 0x08, 0x08, 0x08, 0x08, 0x08, 0x08, 0x08, 0x08, 0x08, 0x08, 0x08, 0x08, 
0x08, 0x08, 0x08, 0x08, 0x08, 0x08, 0x08, 0x08, 0x08, 0x08, 0x08, 0x08, 0x08, 0x08, 0x08, 0x08, 
0x08, 0x08, 0x08, 0x08, 0x08, 0x08, 0x08, 0x08, 0x08, 0x08, 0x08, 0x08, 0x08, 0x08, 0x08, 0x08, 
0x08, 0x08, 0x08, 0x08, 0x08, 0x08, 0x08, 0x08, 0x08, 0x08, 0x12, 0x1A, 0x19, 0x18, 0x18, 0x17, 
0x18, 0x26, 0x26, 0x26, 0x2D, 0x2D, 0x2F, 0x2F, 0x30, 0x30, 0x30, 0x30, 0x2D, 0x29, 0x19, 0x26, 
0x26, 0x29, 0x2D, 0x2D, 0x2F, 0x2F, 0x30, 0x2F, 0x30, 0x30, 0x16, 0x0A, 0x08, 0x08, 0x06, 0x00, 
0x00, 0x00, 0x00, 0x13, 0x14, 0x1C, 0x14, 0x14, 0x1C, 0x14, 0x14, 0x03, 0x00, 0x00, 0x00, 0x04, 
0x08, 0x08, 0x08, 0x08, 0x08, 0x08, 0x08, 0x08, 0x08, 0x08, 0x08, 0x08, 0x08, 0x08, 0x08, 0x08, 
0x08, 0x08, 0x08, 0x08, 0x08, 0x08, 0x08, 0x08, 0x08, 0x08, 0x08, 0x08, 0x08, 0x08, 0x08, 0x08, 
0x08, 0x08, 0x08, 0x08, 0x08, 0x08, 0x08, 0x08, 0x08, 0x08, 0x08, 0x08, 0x08, 0x08, 0x08, 0x08, 
0x08, 0x08, 0x08, 0x08, 0x08, 0x08, 0x08, 0x08, 0x08, 0x08, 0x08, 0x08, 0x08, 0x08, 0x08, 0x08, 
0x08, 0x08, 0x08, 0x08, 0x08, 0x08, 0x08, 0x08, 0x08, 0x08, 0x08, 0x08, 0x08, 0x08, 0x08, 0x08, 
0x08, 0x08, 0x08, 0x08, 0x08, 0x08, 0x08, 0x08, 0x08, 0x08, 0x08, 0x08, 0x08, 0x08, 0x08, 0x08, 
0x08, 0x08, 0x08, 0x08, 0x08, 0x08, 0x08, 0x08, 0x08, 0x08, 0x08, 0x08, 0x08, 0x08, 0x08, 0x08, 
0x08, 0x08, 0x08, 0x08, 0x08, 0x08, 0x08, 0x08, 0x08, 0x08, 0x08, 0x08, 0x08, 0x08, 0x08, 0x08, 
0x08, 0x08, 0x08, 0x08, 0x08, 0x08, 0x08, 0x08, 0x08, 0x08, 0x08, 0x08, 0x08, 0x08, 0x08, 0x08, 
0x08, 0x08, 0x08, 0x08, 0x08, 0x08, 0x08, 0x08, 0x08, 0x08, 0x08, 0x08, 0x08, 0x08, 0x08, 0x08, 
0x08, 0x08, 0x08, 0x08, 0x08, 0x08, 0x08, 0x08, 0x08, 0x08, 0x08, 0x08, 0x08, 0x08, 0x08, 0x08, 
0x08, 0x08, 0x08, 0x08, 0x08, 0x08, 0x08, 0x08, 0x08, 0x08, 0x08, 0x08, 0x08, 0x08, 0x08, 0x08, 
0x08, 0x08, 0x08, 0x08, 0x08, 0x08, 0x08, 0x08, 0x08, 0x08, 0x08, 0x08, 0x08, 0x08, 0x08, 0x08, 
0x08, 0x08, 0x08, 0x08, 0x08, 0x08, 0x08, 0x08, 0x08, 0x08, 0x08, 0x08, 0x08, 0x08, 0x08, 0x08, 
0x08, 0x08, 0x08, 0x08, 0x08, 0x08, 0x08, 0x08, 0x08, 0x08, 0x08, 0x08, 0x08, 0x08, 0x08, 0x08, 
0x08, 0x08, 0x08, 0x08, 0x08, 0x08, 0x08, 0x08, 0x08, 0x08, 0x08, 0x08, 0x08, 0x08, 0x08, 0x08, 
0x08, 0x08, 0x08, 0x08, 0x08, 0x08, 0x08, 0x08, 0x08, 0x08, 0x12, 0x19, 0x1A, 0x18, 0x18, 0x18, 
0x1B, 0x28, 0x28, 0x1B, 0x28, 0x28, 0x29, 0x2D, 0x2F, 0x2F, 0x2D, 0x2D, 0x28, 0x29, 0x28, 0x2A, 
0x27, 0x1A, 0x29, 0x28, 0x29, 0x2D, 0x30, 0x2F, 0x2D, 0x29, 0x11, 0x08, 0x08, 0x08, 0x04, 0x00, 
0x00, 0x00, 0x0E, 0x24, 0x14, 0x14, 0x1C, 0x14, 0x14, 0x1C, 0x24, 0x14, 0x00, 0x00, 0x00, 0x00, 
0x06, 0x08, 0x08, 0x08, 0x08, 0x08, 0x08, 0x08, 0x08, 0x08, 0x08, 0x08, 0x08, 0x08, 0x08, 0x08, 
0x08, 0x08, 0x08, 0x08, 0x08, 0x08, 0x08, 0x08, 0x08, 0x08, 0x08, 0x08, 0x08, 0x08, 0x08, 0x08, 
0x08, 0x08, 0x08, 0x08, 0x08, 0x08, 0x08, 0x08, 0x08, 0x08, 0x08, 0x08, 0x08, 0x08, 0x08, 0x08, 
0x08, 0x08, 0x08, 0x08, 0x08, 0x08, 0x08, 0x08, 0x08, 0x08, 0x08, 0x08, 0x08, 0x08, 0x08, 0x08, 
0x08, 0x08, 0x08, 0x08, 0x08, 0x08, 0x08, 0x08, 0x08, 0x08, 0x08, 0x08, 0x08, 0x08, 0x08, 0x08, 
0x08, 0x08, 0x08, 0x08, 0x08, 0x08, 0x08, 0x08, 0x08, 0x08, 0x08, 0x08, 0x08, 0x08, 0x08, 0x08, 
0x08, 0x08, 0x08, 0x08, 0x08, 0x08, 0x08, 0x08, 0x08, 0x08, 0x08, 0x08, 0x08, 0x08, 0x08, 0x08, 
0x08, 0x08, 0x08, 0x08, 0x08, 0x08, 0x08, 0x08, 0x08, 0x08, 0x08, 0x08, 0x08, 0x08, 0x08, 0x08, 
0x08, 0x08, 0x08, 0x08, 0x08, 0x08, 0x08, 0x08, 0x08, 0x08, 0x08, 0x08, 0x08, 0x08, 0x08, 0x08, 
0x08, 0x08, 0x08, 0x08, 0x08, 0x08, 0x08, 0x08, 0x08, 0x08, 0x08, 0x08, 0x08, 0x08, 0x08, 0x08, 
0x08, 0x08, 0x08, 0x08, 0x08, 0x08, 0x08, 0x08, 0x08, 0x08, 0x08, 0x08, 0x08, 0x08, 0x08, 0x08, 
0x08, 0x08, 0x08, 0x08, 0x08, 0x08, 0x08, 0x08, 0x08, 0x08, 0x08, 0x08, 0x08, 0x08, 0x08, 0x08, 
0x08, 0x08, 0x08, 0x08, 0x08, 0x08, 0x08, 0x08, 0x08, 0x08, 0x08, 0x08, 0x08, 0x08, 0x08, 0x08, 
0x08, 0x08, 0x08, 0x08, 0x08, 0x08, 0x08, 0x08, 0x08, 0x08, 0x08, 0x08, 0x08, 0x08, 0x08, 0x08, 
0x08, 0x08, 0x08, 0x08, 0x08, 0x08, 0x08, 0x08, 0x08, 0x08, 0x08, 0x08, 0x08, 0x08, 0x08, 0x08, 
0x08, 0x08, 0x08, 0x08, 0x08, 0x08, 0x08, 0x08, 0x08, 0x08, 0x08, 0x08, 0x08, 0x08, 0x08, 0x08, 
0x08, 0x08, 0x08, 0x08, 0x08, 0x08, 0x08, 0x08, 0x08, 0x08, 0x12, 0x26, 0x19, 0x19, 0x19, 0x19, 
0x2C, 0x2A, 0x26, 0x26, 0x29, 0x29, 0x2F, 0x30, 0x30, 0x2C, 0x28, 0x2D, 0x28, 0x25, 0x2B, 0x1B, 
0x1A, 0x27, 0x2D, 0x29, 0x2F, 0x30, 0x2F, 0x2E, 0x29, 0x19, 0x0F, 0x08, 0x08, 0x06, 0x00, 0x00, 
0x00, 0x00, 0x1C, 0x0E, 0x00, 0x00, 0x00, 0x00, 0x00, 0x00, 0x0E, 0x1C, 0x0E, 0x00, 0x00, 0x00, 
0x03, 0x08, 0x08, 0x08, 0x08, 0x08, 0x08, 0x08, 0x08, 0x08, 0x08, 0x08, 0x08, 0x08, 0x08, 0x08, 
0x08, 0x08, 0x08, 0x08, 0x08, 0x08, 0x08, 0x08, 0x08, 0x08, 0x08, 0x08, 0x08, 0x08, 0x08, 0x08, 
0x08, 0x08, 0x08, 0x08, 0x08, 0x08, 0x08, 0x08, 0x08, 0x08, 0x08, 0x08, 0x08, 0x08, 0x08, 0x08, 
0x08, 0x08, 0x08, 0x08, 0x08, 0x08, 0x08, 0x08, 0x08, 0x08, 0x08, 0x08, 0x08, 0x08, 0x08, 0x08, 
0x08, 0x08, 0x08, 0x08, 0x08, 0x08, 0x08, 0x08, 0x08, 0x08, 0x08, 0x08, 0x08, 0x08, 0x08, 0x08, 
0x08, 0x08, 0x08, 0x08, 0x08, 0x08, 0x08, 0x08, 0x08, 0x08, 0x08, 0x08, 0x08, 0x08, 0x08, 0x08, 
0x08, 0x08, 0x08, 0x08, 0x08, 0x08, 0x08, 0x08, 0x08, 0x08, 0x08, 0x08, 0x08, 0x08, 0x08, 0x08, 
0x08, 0x08, 0x08, 0x08, 0x08, 0x08, 0x08, 0x08, 0x08, 0x08, 0x08, 0x08, 0x08, 0x08, 0x08, 0x08, 
0x08, 0x08, 0x08, 0x08, 0x08, 0x08, 0x08, 0x08, 0x08, 0x08, 0x08, 0x08, 0x08, 0x08, 0x08, 0x08, 
0x08, 0x08, 0x08, 0x08, 0x08, 0x08, 0x08, 0x08, 0x08, 0x08, 0x08, 0x08, 0x08, 0x08, 0x08, 0x08, 
0x08, 0x08, 0x08, 0x08, 0x08, 0x08, 0x08, 0x08, 0x08, 0x08, 0x08, 0x08, 0x08, 0x08, 0x08, 0x08, 
0x08, 0x08, 0x08, 0x08, 0x08, 0x08, 0x08, 0x08, 0x08, 0x08, 0x08, 0x08, 0x08, 0x08, 0x08, 0x08, 
0x08, 0x08, 0x08, 0x08, 0x08, 0x08, 0x08, 0x08, 0x08, 0x08, 0x08, 0x08, 0x08, 0x08, 0x08, 0x08, 
0x08, 0x08, 0x08, 0x08, 0x08, 0x08, 0x08, 0x08, 0x08, 0x08, 0x08, 0x08, 0x08, 0x08, 0x08, 0x08, 
0x08, 0x08, 0x08, 0x08, 0x08, 0x08, 0x08, 0x08, 0x08, 0x08, 0x08, 0x08, 0x08, 0x08, 0x08, 0x08, 
0x08, 0x08, 0x08, 0x08, 0x08, 0x08, 0x08, 0x08, 0x08, 0x08, 0x08, 0x08, 0x08, 0x08, 0x08, 0x08, 
0x08, 0x08, 0x08, 0x08, 0x08, 0x08, 0x08, 0x08, 0x08, 0x08, 0x11, 0x19, 0x18, 0x18, 0x19, 0x18, 
0x1B, 0x1B, 0x19, 0x28, 0x2F, 0x2D, 0x2D, 0x2F, 0x30, 0x2D, 0x2B, 0x29, 0x2D, 0x2B, 0x29, 0x2A, 
0x1A, 0x2C, 0x2F, 0x2D, 0x2D, 0x30, 0x30, 0x2D, 0x29, 0x12, 0x08, 0x08, 0x08, 0x03, 0x00, 0x00, 
0x00, 0x13, 0x1C, 0x00, 0x00, 0x00, 0x00, 0x00, 0x00, 0x00, 0x00, 0x13, 0x1C, 0x00, 0x00, 0x00, 
0x00, 0x06, 0x08, 0x08, 0x08, 0x08, 0x08, 0x08, 0x08, 0x08, 0x08, 0x08, 0x08, 0x08, 0x08, 0x08, 
0x08, 0x08, 0x08, 0x08, 0x08, 0x08, 0x08, 0x08, 0x08, 0x08, 0x08, 0x08, 0x08, 0x08, 0x08, 0x08, 
0x08, 0x08, 0x08, 0x08, 0x08, 0x08, 0x08, 0x08, 0x08, 0x08, 0x08, 0x08, 0x08, 0x08, 0x08, 0x08, 
0x08, 0x08, 0x08, 0x08, 0x08, 0x08, 0x08, 0x08, 0x08, 0x08, 0x08, 0x08, 0x08, 0x08, 0x08, 0x08, 
0x08, 0x08, 0x08, 0x08, 0x08, 0x08, 0x08, 0x08, 0x08, 0x08, 0x08, 0x08, 0x08, 0x08, 0x08, 0x08, 
0x08, 0x08, 0x08, 0x08, 0x08, 0x08, 0x08, 0x08, 0x08, 0x08, 0x08, 0x08, 0x08, 0x08, 0x08, 0x08, 
0x08, 0x08, 0x08, 0x08, 0x08, 0x08, 0x08, 0x08, 0x08, 0x08, 0x08, 0x08, 0x08, 0x08, 0x08, 0x08, 
0x08, 0x08, 0x08, 0x08, 0x08, 0x08, 0x08, 0x08, 0x08, 0x08, 0x08, 0x08, 0x08, 0x08, 0x08, 0x08, 
0x08, 0x08, 0x08, 0x08, 0x08, 0x08, 0x08, 0x08, 0x08, 0x08, 0x08, 0x08, 0x08, 0x08, 0x08, 0x08, 
0x08, 0x08, 0x08, 0x08, 0x08, 0x08, 0x08, 0x08, 0x08, 0x08, 0x08, 0x08, 0x08, 0x08, 0x08, 0x08, 
0x08, 0x08, 0x08, 0x08, 0x08, 0x08, 0x08, 0x08, 0x08, 0x08, 0x08, 0x08, 0x08, 0x08, 0x08, 0x08, 
0x08, 0x08, 0x08, 0x08, 0x08, 0x08, 0x08, 0x08, 0x08, 0x08, 0x08, 0x08, 0x08, 0x08, 0x08, 0x08, 
0x08, 0x08, 0x08, 0x08, 0x08, 0x08, 0x08, 0x08, 0x08, 0x08, 0x08, 0x08, 0x08, 0x08, 0x08, 0x08, 
0x08, 0x08, 0x08, 0x08, 0x08, 0x08, 0x08, 0x08, 0x08, 0x08, 0x08, 0x08, 0x08, 0x08, 0x08, 0x08, 
0x08, 0x08, 0x08, 0x08, 0x08, 0x08, 0x08, 0x08, 0x08, 0x08, 0x08, 0x08, 0x08, 0x08, 0x08, 0x08, 
0x08, 0x08, 0x08, 0x08, 0x08, 0x08, 0x08, 0x08, 0x08, 0x08, 0x08, 0x08, 0x08, 0x08, 0x08, 0x08, 
0x08, 0x08, 0x08, 0x08, 0x08, 0x09, 0x0F, 0x08, 0x08, 0x08, 0x09, 0x16, 0x29, 0x28, 0x19, 0x18, 
0x1A, 0x26, 0x19, 0x29, 0x2B, 0x26, 0x26, 0x2D, 0x29, 0x2D, 0x29, 0x26, 0x1A, 0x25, 0x1A, 0x26, 
0x1A, 0x2B, 0x2B, 0x26, 0x29, 0x2D, 0x29, 0x26, 0x16, 0x09, 0x08, 0x08, 0x05, 0x00, 0x00, 0x00, 
0x03, 0x24, 0x0E, 0x00, 0x00, 0x00, 0x03, 0x03, 0x00, 0x00, 0x00, 0x01, 0x1C, 0x13, 0x00, 0x00, 
0x00, 0x02, 0x08, 0x08, 0x08, 0x08, 0x08, 0x08, 0x08, 0x08, 0x08, 0x08, 0x08, 0x08, 0x08, 0x08, 
0x08, 0x08, 0x08, 0x08, 0x08, 0x08, 0x08, 0x08, 0x08, 0x08, 0x08, 0x08, 0x08, 0x08, 0x08, 0x08, 
0x08, 0x08, 0x08, 0x08, 0x08, 0x08, 0x08, 0x08, 0x08, 0x08, 0x08, 0x08, 0x08, 0x08, 0x08, 0x08, 
0x08, 0x08, 0x08, 0x08, 0x08, 0x08, 0x08, 0x08, 0x08, 0x08, 0x08, 0x08, 0x08, 0x08, 0x08, 0x08, 
0x08, 0x08, 0x08, 0x08, 0x08, 0x08, 0x08, 0x08, 0x08, 0x08, 0x08, 0x08, 0x08, 0x08, 0x08, 0x08, 
0x08, 0x08, 0x08, 0x08, 0x08, 0x08, 0x08, 0x08, 0x08, 0x08, 0x08, 0x08, 0x08, 0x08, 0x08, 0x08, 
0x08, 0x08, 0x08, 0x08, 0x08, 0x08, 0x08, 0x08, 0x08, 0x08, 0x08, 0x08, 0x08, 0x08, 0x08, 0x08, 
0x08, 0x08, 0x08, 0x08, 0x08, 0x08, 0x08, 0x08, 0x08, 0x08, 0x08, 0x08, 0x08, 0x08, 0x08, 0x08, 
0x08, 0x08, 0x08, 0x08, 0x08, 0x08, 0x08, 0x08, 0x08, 0x08, 0x08, 0x08, 0x08, 0x08, 0x08, 0x08, 
0x08, 0x08, 0x08, 0x08, 0x08, 0x08, 0x08, 0x08, 0x08, 0x08, 0x08, 0x08, 0x08, 0x08, 0x08, 0x08, 
0x08, 0x08, 0x08, 0x08, 0x08, 0x08, 0x08, 0x08, 0x08, 0x08, 0x08, 0x08, 0x08, 0x08, 0x08, 0x08, 
0x08, 0x08, 0x08, 0x08, 0x08, 0x08, 0x08, 0x08, 0x08, 0x08, 0x08, 0x08, 0x08, 0x08, 0x08, 0x08, 
0x08, 0x08, 0x08, 0x08, 0x08, 0x08, 0x08, 0x08, 0x08, 0x08, 0x08, 0x08, 0x08, 0x08, 0x08, 0x08, 
0x08, 0x08, 0x08, 0x08, 0x08, 0x08, 0x08, 0x08, 0x08, 0x08, 0x08, 0x08, 0x08, 0x08, 0x08, 0x08, 
0x08, 0x08, 0x08, 0x08, 0x08, 0x08, 0x08, 0x08, 0x08, 0x08, 0x08, 0x08, 0x08, 0x08, 0x08, 0x08, 
0x08, 0x08, 0x08, 0x08, 0x08, 0x08, 0x08, 0x08, 0x08, 0x08, 0x08, 0x08, 0x08, 0x08, 0x08, 0x08, 
0x08, 0x08, 0x08, 0x08, 0x08, 0x12, 0x16, 0x0F, 0x08, 0x08, 0x08, 0x0F, 0x16, 0x28, 0x26, 0x1A, 
0x29, 0x2D, 0x29, 0x28, 0x29, 0x29, 0x2D, 0x2D, 0x26, 0x28, 0x26, 0x28, 0x26, 0x1A, 0x29, 0x2D, 
0x26, 0x2D, 0x26, 0x29, 0x2D, 0x2D, 0x1A, 0x17, 0x10, 0x08, 0x08, 0x10, 0x03, 0x00, 0x00, 0x00, 
0x14, 0x1C, 0x00, 0x00, 0x00, 0x04, 0x08, 0x08, 0x05, 0x00, 0x00, 0x00, 0x14, 0x1C, 0x00, 0x00, 
0x00, 0x00, 0x06, 0x08, 0x08, 0x08, 0x08, 0x08, 0x08, 0x08, 0x08, 0x08, 0x08, 0x08, 0x08, 0x08, 
0x08, 0x08, 0x08, 0x08, 0x08, 0x08, 0x08, 0x08, 0x08, 0x08, 0x08, 0x08, 0x08, 0x08, 0x08, 0x08, 
0x08, 0x08, 0x08, 0x08, 0x08, 0x08, 0x08, 0x08, 0x08, 0x08, 0x08, 0x08, 0x08, 0x08, 0x08, 0x08, 
0x08, 0x08, 0x08, 0x08, 0x08, 0x08, 0x08, 0x08, 0x08, 0x08, 0x08, 0x08, 0x08, 0x08, 0x08, 0x08, 
0x08, 0x08, 0x08, 0x08, 0x08, 0x08, 0x08, 0x08, 0x08, 0x08, 0x08, 0x08, 0x08, 0x08, 0x08, 0x08, 
0x08, 0x08, 0x08, 0x08, 0x08, 0x08, 0x08, 0x08, 0x08, 0x08, 0x08, 0x08, 0x08, 0x08, 0x08, 0x08, 
0x08, 0x08, 0x08, 0x08, 0x08, 0x08, 0x08, 0x08, 0x08, 0x08, 0x08, 0x08, 0x08, 0x08, 0x08, 0x08, 
0x08, 0x08, 0x08, 0x08, 0x08, 0x08, 0x08, 0x08, 0x08, 0x08, 0x08, 0x08, 0x08, 0x08, 0x08, 0x08, 
0x08, 0x08, 0x08, 0x08, 0x08, 0x08, 0x08, 0x08, 0x08, 0x08, 0x08, 0x08, 0x08, 0x08, 0x08, 0x08, 
0x08, 0x08, 0x08, 0x08, 0x08, 0x08, 0x08, 0x08, 0x08, 0x08, 0x08, 0x08, 0x08, 0x08, 0x08, 0x08, 
0x08, 0x08, 0x08, 0x08, 0x08, 0x08, 0x08, 0x08, 0x08, 0x08, 0x08, 0x08, 0x08, 0x08, 0x08, 0x08, 
0x08, 0x08, 0x08, 0x08, 0x08, 0x08, 0x08, 0x08, 0x08, 0x08, 0x08, 0x08, 0x08, 0x08, 0x08, 0x08, 
0x08, 0x08, 0x08, 0x08, 0x08, 0x08, 0x08, 0x08, 0x08, 0x08, 0x08, 0x08, 0x08, 0x08, 0x08, 0x08, 
0x08, 0x08, 0x08, 0x08, 0x08, 0x08, 0x08, 0x08, 0x08, 0x08, 0x08, 0x08, 0x08, 0x08, 0x08, 0x08, 
0x08, 0x08, 0x08, 0x08, 0x08, 0x08, 0x08, 0x08, 0x08, 0x08, 0x08, 0x08, 0x08, 0x08, 0x08, 0x08, 
0x08, 0x08, 0x08, 0x08, 0x08, 0x08, 0x08, 0x08, 0x08, 0x08, 0x08, 0x08, 0x08, 0x08, 0x08, 0x08, 
0x08, 0x08, 0x08, 0x08, 0x08, 0x12, 0x18, 0x12, 0x08, 0x08, 0x08, 0x08, 0x10, 0x16, 0x17, 0x1A, 
0x26, 0x28, 0x2D, 0x26, 0x2D, 0x2D, 0x2D, 0x2F, 0x2F, 0x29, 0x2D, 0x28, 0x2D, 0x29, 0x26, 0x29, 
0x29, 0x28, 0x2D, 0x2D, 0x2D, 0x2F, 0x19, 0x11, 0x08, 0x08, 0x0A, 0x16, 0x00, 0x00, 0x00, 0x0E, 
0x24, 0x0E, 0x00, 0x00, 0x00, 0x08, 0x08, 0x08, 0x08, 0x02, 0x00, 0x00, 0x03, 0x24, 0x0E, 0x00, 
0x00, 0x00, 0x03, 0x08, 0x08, 0x08, 0x08, 0x08, 0x08, 0x08, 0x08, 0x08, 0x08, 0x08, 0x08, 0x08, 
0x08, 0x08, 0x08, 0x08, 0x08, 0x08, 0x08, 0x08, 0x08, 0x08, 0x08, 0x08, 0x08, 0x08, 0x08, 0x08, 
0x08, 0x08, 0x08, 0x08, 0x08, 0x08, 0x08, 0x08, 0x08, 0x08, 0x08, 0x08, 0x08, 0x08, 0x08, 0x08, 
0x08, 0x08, 0x08, 0x08, 0x08, 0x08, 0x08, 0x08, 0x08, 0x08, 0x08, 0x08, 0x08, 0x08, 0x08, 0x08, 
0x08, 0x08, 0x08, 0x08, 0x08, 0x08, 0x08, 0x08, 0x08, 0x08, 0x08, 0x08, 0x08, 0x08, 0x08, 0x08, 
0x08, 0x08, 0x08, 0x08, 0x08, 0x08, 0x08, 0x08, 0x08, 0x08, 0x08, 0x08, 0x08, 0x08, 0x08, 0x08, 
0x08, 0x08, 0x08, 0x08, 0x08, 0x08, 0x08, 0x08, 0x08, 0x08, 0x08, 0x08, 0x08, 0x08, 0x08, 0x08, 
0x08, 0x08, 0x08, 0x08, 0x08, 0x08, 0x08, 0x08, 0x08, 0x08, 0x08, 0x08, 0x08, 0x08, 0x08, 0x08, 
0x08, 0x08, 0x08, 0x08, 0x08, 0x08, 0x08, 0x08, 0x08, 0x08, 0x08, 0x08, 0x08, 0x08, 0x08, 0x08, 
0x08, 0x08, 0x08, 0x08, 0x08, 0x08, 0x08, 0x08, 0x08, 0x08, 0x08, 0x08, 0x08, 0x08, 0x08, 0x08, 
0x08, 0x08, 0x08, 0x08, 0x08, 0x08, 0x08, 0x08, 0x08, 0x08, 0x08, 0x08, 0x08, 0x08, 0x08, 0x08, 
0x08, 0x08, 0x08, 0x08, 0x08, 0x08, 0x08, 0x08, 0x08, 0x08, 0x08, 0x08, 0x08, 0x08, 0x08, 0x08, 
0x08, 0x08, 0x08, 0x08, 0x08, 0x08, 0x08, 0x08, 0x08, 0x08, 0x08, 0x08, 0x08, 0x08, 0x08, 0x08, 
0x08, 0x08, 0x08, 0x08, 0x08, 0x08, 0x08, 0x08, 0x08, 0x08, 0x08, 0x08, 0x08, 0x08, 0x08, 0x08, 
0x08, 0x08, 0x08, 0x08, 0x08, 0x08, 0x08, 0x08, 0x08, 0x08, 0x08, 0x08, 0x08, 0x08, 0x08, 0x08, 
0x08, 0x08, 0x08, 0x08, 0x08, 0x08, 0x08, 0x08, 0x08, 0x08, 0x08, 0x08, 0x08, 0x08, 0x08, 0x08, 
0x08, 0x08, 0x08, 0x08, 0x08, 0x12, 0x1A, 0x16, 0x0F, 0x08, 0x08, 0x08, 0x08, 0x08, 0x0A, 0x0F, 
0x12, 0x29, 0x30, 0x2D, 0x2D, 0x30, 0x2D, 0x2D, 0x1B, 0x26, 0x29, 0x29, 0x2F, 0x2D, 0x28, 0x29, 
0x17, 0x16, 0x2D, 0x30, 0x2D, 0x28, 0x11, 0x08, 0x08, 0x08, 0x12, 0x1A, 0x00, 0x00, 0x00, 0x1C, 
0x1C, 0x00, 0x00, 0x00, 0x04, 0x08, 0x08, 0x08, 0x08, 0x05, 0x00, 0x00, 0x00, 0x14, 0x1C, 0x00, 
0x00, 0x00, 0x00, 0x06, 0x08, 0x08, 0x08, 0x08, 0x08, 0x08, 0x08, 0x08, 0x08, 0x08, 0x08, 0x08, 
0x08, 0x08, 0x08, 0x08, 0x08, 0x08, 0x08, 0x08, 0x08, 0x08, 0x08, 0x08, 0x08, 0x08, 0x08, 0x08, 
0x08, 0x08, 0x08, 0x08, 0x08, 0x08, 0x08, 0x08, 0x08, 0x08, 0x08, 0x08, 0x08, 0x08, 0x08, 0x08, 
0x08, 0x08, 0x08, 0x08, 0x08, 0x08, 0x08, 0x08, 0x08, 0x08, 0x08, 0x08, 0x08, 0x08, 0x08, 0x08, 
0x08, 0x08, 0x08, 0x08, 0x08, 0x08, 0x08, 0x08, 0x08, 0x08, 0x08, 0x08, 0x08, 0x08, 0x08, 0x08, 
0x08, 0x08, 0x08, 0x08, 0x08, 0x08, 0x08, 0x08, 0x08, 0x08, 0x08, 0x08, 0x08, 0x08, 0x08, 0x08, 
0x08, 0x08, 0x08, 0x08, 0x08, 0x08, 0x08, 0x08, 0x08, 0x08, 0x08, 0x08, 0x08, 0x08, 0x08, 0x08, 
0x08, 0x08, 0x08, 0x08, 0x08, 0x08, 0x08, 0x08, 0x08, 0x08, 0x08, 0x08, 0x08, 0x08, 0x08, 0x08, 
0x08, 0x08, 0x08, 0x08, 0x08, 0x08, 0x08, 0x08, 0x08, 0x08, 0x08, 0x08, 0x08, 0x08, 0x08, 0x08, 
0x08, 0x08, 0x08, 0x08, 0x08, 0x08, 0x08, 0x08, 0x08, 0x08, 0x08, 0x08, 0x08, 0x08, 0x08, 0x08, 
0x08, 0x08, 0x08, 0x08, 0x08, 0x08, 0x08, 0x08, 0x08, 0x08, 0x08, 0x08, 0x08, 0x08, 0x08, 0x08, 
0x08, 0x08, 0x08, 0x08, 0x08, 0x08, 0x08, 0x08, 0x08, 0x08, 0x08, 0x08, 0x08, 0x08, 0x08, 0x08, 
0x08, 0x08, 0x08, 0x08, 0x08, 0x08, 0x08, 0x08, 0x08, 0x08, 0x08, 0x08, 0x08, 0x08, 0x08, 0x08, 
0x08, 0x08, 0x08, 0x08, 0x08, 0x08, 0x08, 0x08, 0x08, 0x08, 0x08, 0x08, 0x08, 0x08, 0x08, 0x08, 
0x08, 0x08, 0x08, 0x08, 0x08, 0x08, 0x08, 0x08, 0x08, 0x08, 0x08, 0x08, 0x08, 0x08, 0x08, 0x08, 
0x08, 0x08, 0x08, 0x08, 0x08, 0x08, 0x08, 0x08, 0x08, 0x08, 0x08, 0x08, 0x08, 0x08, 0x08, 0x08, 
0x08, 0x08, 0x08, 0x08, 0x08, 0x0F, 0x18, 0x18, 0x16, 0x0F, 0x08, 0x08, 0x08, 0x08, 0x08, 0x08, 
0x10, 0x26, 0x30, 0x30, 0x2F, 0x30, 0x26, 0x16, 0x12, 0x11, 0x16, 0x26, 0x29, 0x29, 0x16, 0x11, 
0x0A, 0x0A, 0x11, 0x26, 0x1A, 0x11, 0x08, 0x08, 0x08, 0x12, 0x18, 0x18, 0x00, 0x00, 0x0E, 0x24, 
0x0E, 0x00, 0x00, 0x00, 0x08, 0x08, 0x08, 0x08, 0x08, 0x08, 0x02, 0x00, 0x00, 0x0D, 0x1C, 0x0D, 
0x00, 0x00, 0x00, 0x02, 0x05, 0x05, 0x05, 0x05, 0x05, 0x05, 0x05, 0x05, 0x05, 0x06, 0x08, 0x08, 
0x08, 0x08, 0x08, 0x08, 0x08, 0x08, 0x08, 0x08, 0x08, 0x08, 0x08, 0x08, 0x08, 0x08, 0x08, 0x08, 
0x08, 0x08, 0x08, 0x08, 0x08, 0x08, 0x08, 0x08, 0x08, 0x08, 0x08, 0x08, 0x08, 0x08, 0x08, 0x08, 
0x08, 0x08, 0x08, 0x08, 0x08, 0x08, 0x08, 0x08, 0x08, 0x08, 0x08, 0x08, 0x08, 0x08, 0x08, 0x08, 
0x08, 0x08, 0x08, 0x08, 0x08, 0x08, 0x08, 0x08, 0x08, 0x08, 0x08, 0x08, 0x08, 0x08, 0x08, 0x08, 
0x08, 0x08, 0x08, 0x08, 0x08, 0x08, 0x08, 0x08, 0x08, 0x08, 0x08, 0x08, 0x08, 0x08, 0x08, 0x08, 
0x08, 0x08, 0x08, 0x08, 0x08, 0x08, 0x08, 0x08, 0x08, 0x08, 0x08, 0x08, 0x08, 0x08, 0x08, 0x08, 
0x08, 0x08, 0x08, 0x08, 0x08, 0x08, 0x08, 0x08, 0x08, 0x08, 0x08, 0x08, 0x08, 0x08, 0x08, 0x08, 
0x08, 0x08, 0x08, 0x08, 0x08, 0x08, 0x08, 0x08, 0x08, 0x08, 0x08, 0x08, 0x08, 0x08, 0x08, 0x08, 
0x08, 0x08, 0x08, 0x08, 0x08, 0x08, 0x08, 0x08, 0x08, 0x08, 0x08, 0x08, 0x08, 0x08, 0x08, 0x08, 
0x08, 0x08, 0x08, 0x08, 0x08, 0x08, 0x08, 0x08, 0x08, 0x08, 0x08, 0x08, 0x08, 0x08, 0x08, 0x08, 
0x08, 0x08, 0x08, 0x08, 0x08, 0x08, 0x08, 0x08, 0x08, 0x08, 0x08, 0x08, 0x08, 0x08, 0x08, 0x08, 
0x08, 0x08, 0x08, 0x08, 0x08, 0x08, 0x08, 0x08, 0x08, 0x08, 0x08, 0x08, 0x08, 0x08, 0x08, 0x08, 
0x08, 0x08, 0x08, 0x08, 0x08, 0x08, 0x08, 0x08, 0x08, 0x08, 0x08, 0x08, 0x08, 0x08, 0x08, 0x08, 
0x08, 0x08, 0x08, 0x08, 0x08, 0x08, 0x08, 0x08, 0x08, 0x08, 0x08, 0x08, 0x08, 0x08, 0x08, 0x08, 
0x08, 0x08, 0x08, 0x08, 0x08, 0x08, 0x08, 0x08, 0x08, 0x08, 0x08, 0x08, 0x08, 0x08, 0x08, 0x08, 
0x08, 0x08, 0x08, 0x08, 0x08, 0x08, 0x16, 0x18, 0x18, 0x12, 0x08, 0x08, 0x08, 0x08, 0x08, 0x08, 
0x08, 0x10, 0x16, 0x16, 0x12, 0x11, 0x0F, 0x08, 0x08, 0x08, 0x0A, 0x12, 0x16, 0x11, 0x0A, 0x08, 
0x08, 0x08, 0x08, 0x0F, 0x0F, 0x08, 0x08, 0x08, 0x11, 0x19, 0x26, 0x12, 0x00, 0x00, 0x14, 0x13, 
0x00, 0x00, 0x00, 0x04, 0x08, 0x08, 0x08, 0x08, 0x08, 0x08, 0x06, 0x00, 0x00, 0x00, 0x1C, 0x14, 
0x01, 0x00, 0x00, 0x00, 0x00, 0x00, 0x00, 0x00, 0x00, 0x00, 0x00, 0x00, 0x00, 0x02, 0x08, 0x08, 
0x08, 0x08, 0x08, 0x08, 0x08, 0x08, 0x08, 0x08, 0x08, 0x08, 0x08, 0x08, 0x08, 0x08, 0x08, 0x08, 
0x08, 0x08, 0x08, 0x08, 0x08, 0x08, 0x08, 0x08, 0x08, 0x08, 0x08, 0x08, 0x08, 0x08, 0x08, 0x08, 
0x08, 0x08, 0x08, 0x08, 0x08, 0x08, 0x08, 0x08, 0x08, 0x08, 0x08, 0x08, 0x08, 0x08, 0x08, 0x08, 
0x08, 0x08, 0x08, 0x08, 0x08, 0x08, 0x08, 0x08, 0x08, 0x08, 0x08, 0x08, 0x08, 0x08, 0x08, 0x08, 
0x08, 0x08, 0x08, 0x08, 0x08, 0x08, 0x08, 0x08, 0x08, 0x08, 0x08, 0x08, 0x08, 0x08, 0x08, 0x08, 
0x08, 0x08, 0x08, 0x08, 0x08, 0x08, 0x08, 0x08, 0x08, 0x08, 0x08, 0x08, 0x08, 0x08, 0x08, 0x08, 
0x08, 0x08, 0x08, 0x08, 0x08, 0x08, 0x08, 0x08, 0x08, 0x08, 0x08, 0x08, 0x08, 0x08, 0x08, 0x08, 
0x08, 0x08, 0x08, 0x08, 0x08, 0x08, 0x08, 0x08, 0x08, 0x08, 0x08, 0x08, 0x08, 0x08, 0x08, 0x08, 
0x08, 0x08, 0x08, 0x08, 0x08, 0x08, 0x08, 0x08, 0x08, 0x08, 0x08, 0x08, 0x08, 0x08, 0x08, 0x08, 
0x08, 0x08, 0x08, 0x08, 0x08, 0x08, 0x08, 0x08, 0x08, 0x08, 0x08, 0x08, 0x08, 0x08, 0x08, 0x08, 
0x08, 0x08, 0x08, 0x08, 0x08, 0x08, 0x08, 0x08, 0x08, 0x08, 0x08, 0x08, 0x08, 0x08, 0x08, 0x08, 
0x08, 0x08, 0x08, 0x08, 0x08, 0x08, 0x08, 0x08, 0x08, 0x08, 0x08, 0x08, 0x08, 0x08, 0x08, 0x08, 
0x08, 0x08, 0x08, 0x08, 0x08, 0x08, 0x08, 0x08, 0x08, 0x08, 0x08, 0x08, 0x08, 0x08, 0x08, 0x08, 
0x08, 0x08, 0x08, 0x08, 0x08, 0x08, 0x08, 0x08, 0x08, 0x08, 0x08, 0x08, 0x08, 0x08, 0x08, 0x08, 
0x08, 0x08, 0x08, 0x08, 0x08, 0x08, 0x08, 0x08, 0x08, 0x08, 0x08, 0x08, 0x08, 0x08, 0x08, 0x08, 
0x08, 0x08, 0x08, 0x08, 0x08, 0x08, 0x11, 0x18, 0x18, 0x17, 0x12, 0x10, 0x08, 0x08, 0x08, 0x08, 
0x08, 0x08, 0x08, 0x09, 0x08, 0x08, 0x08, 0x08, 0x08, 0x08, 0x08, 0x08, 0x0A, 0x08, 0x08, 0x08, 
0x09, 0x10, 0x08, 0x08, 0x08, 0x08, 0x0F, 0x12, 0x19, 0x26, 0x16, 0x0A, 0x00, 0x0D, 0x1C, 0x01, 
0x00, 0x00, 0x00, 0x06, 0x08, 0x08, 0x08, 0x08, 0x08, 0x08, 0x08, 0x03, 0x00, 0x00, 0x0E, 0x24, 
0x13, 0x00, 0x00, 0x00, 0x00, 0x00, 0x00, 0x00, 0x00, 0x00, 0x00, 0x00, 0x00, 0x02, 0x08, 0x08, 
0x08, 0x08, 0x08, 0x08, 0x08, 0x08, 0x08, 0x05, 0x04, 0x04, 0x06, 0x08, 0x08, 0x08, 0x08, 0x08, 
0x08, 0x08, 0x08, 0x08, 0x08, 0x08, 0x08, 0x08, 0x08, 0x08, 0x08, 0x08, 0x08, 0x08, 0x08, 0x08, 
0x08, 0x08, 0x08, 0x08, 0x08, 0x08, 0x08, 0x08, 0x08, 0x08, 0x08, 0x08, 0x08, 0x08, 0x08, 0x08, 
0x08, 0x08, 0x08, 0x08, 0x08, 0x08, 0x08, 0x08, 0x08, 0x08, 0x08, 0x08, 0x08, 0x08, 0x08, 0x08, 
0x08, 0x08, 0x08, 0x08, 0x08, 0x08, 0x08, 0x08, 0x08, 0x08, 0x08, 0x08, 0x08, 0x08, 0x08, 0x08, 
0x08, 0x08, 0x08, 0x08, 0x08, 0x08, 0x08, 0x08, 0x08, 0x08, 0x08, 0x08, 0x08, 0x08, 0x08, 0x08, 
0x08, 0x08, 0x08, 0x08, 0x08, 0x08, 0x08, 0x08, 0x08, 0x08, 0x08, 0x08, 0x08, 0x08, 0x08, 0x08, 
0x08, 0x08, 0x08, 0x08, 0x08, 0x08, 0x08, 0x08, 0x08, 0x08, 0x08, 0x08, 0x08, 0x08, 0x08, 0x08, 
0x08, 0x08, 0x08, 0x08, 0x08, 0x08, 0x08, 0x08, 0x08, 0x08, 0x08, 0x08, 0x08, 0x08, 0x08, 0x08, 
0x08, 0x08, 0x08, 0x08, 0x08, 0x08, 0x08, 0x08, 0x08, 0x08, 0x08, 0x08, 0x08, 0x08, 0x08, 0x08, 
0x08, 0x08, 0x08, 0x08, 0x08, 0x08, 0x08, 0x08, 0x08, 0x08, 0x08, 0x08, 0x08, 0x08, 0x08, 0x08, 
0x08, 0x08, 0x08, 0x08, 0x08, 0x08, 0x08, 0x08, 0x08, 0x08, 0x08, 0x08, 0x08, 0x08, 0x08, 0x08, 
0x08, 0x08, 0x08, 0x08, 0x08, 0x08, 0x08, 0x08, 0x08, 0x08, 0x08, 0x08, 0x08, 0x08, 0x08, 0x08, 
0x08, 0x08, 0x08, 0x08, 0x08, 0x08, 0x08, 0x08, 0x08, 0x08, 0x08, 0x08, 0x08, 0x08, 0x08, 0x08, 
0x08, 0x08, 0x08, 0x08, 0x08, 0x08, 0x08, 0x08, 0x08, 0x08, 0x08, 0x08, 0x08, 0x08, 0x08, 0x08, 
0x08, 0x08, 0x08, 0x08, 0x08, 0x08, 0x0A, 0x16, 0x19, 0x19, 0x27, 0x17, 0x12, 0x11, 0x10, 0x08, 
0x08, 0x08, 0x08, 0x08, 0x08, 0x08, 0x08, 0x08, 0x08, 0x08, 0x08, 0x08, 0x08, 0x08, 0x08, 0x10, 
0x16, 0x19, 0x16, 0x11, 0x11, 0x12, 0x16, 0x29, 0x26, 0x17, 0x0F, 0x08, 0x00, 0x14, 0x13, 0x00, 
0x00, 0x00, 0x03, 0x08, 0x08, 0x08, 0x08, 0x08, 0x08, 0x08, 0x08, 0x06, 0x00, 0x00, 0x00, 0x1C, 
0x24, 0x03, 0x00, 0x00, 0x00, 0x03, 0x0D, 0x0E, 0x0D, 0x0D, 0x01, 0x00, 0x00, 0x02, 0x08, 0x08, 
0x08, 0x08, 0x08, 0x08, 0x08, 0x08, 0x04, 0x00, 0x00, 0x00, 0x04, 0x08, 0x08, 0x08, 0x08, 0x08, 
0x08, 0x08, 0x08, 0x08, 0x08, 0x08, 0x08, 0x08, 0x08, 0x08, 0x08, 0x08, 0x08, 0x08, 0x08, 0x08, 
0x08, 0x08, 0x08, 0x08, 0x08, 0x08, 0x08, 0x08, 0x08, 0x08, 0x08, 0x08, 0x08, 0x08, 0x08, 0x08, 
0x08, 0x08, 0x08, 0x08, 0x08, 0x08, 0x08, 0x08, 0x08, 0x08, 0x08, 0x08, 0x08, 0x08, 0x08, 0x08, 
0x08, 0x08, 0x08, 0x08, 0x08, 0x08, 0x08, 0x08, 0x08, 0x08, 0x08, 0x08, 0x08, 0x08, 0x08, 0x08, 
0x08, 0x08, 0x08, 0x08, 0x08, 0x08, 0x08, 0x08, 0x08, 0x08, 0x08, 0x08, 0x08, 0x08, 0x08, 0x08, 
0x08, 0x08, 0x08, 0x08, 0x08, 0x08, 0x08, 0x08, 0x08, 0x08, 0x08, 0x08, 0x08, 0x08, 0x08, 0x08, 
0x08, 0x08, 0x08, 0x08, 0x08, 0x08, 0x08, 0x08, 0x08, 0x08, 0x08, 0x08, 0x08, 0x08, 0x08, 0x08, 
0x08, 0x08, 0x08, 0x08, 0x08, 0x08, 0x08, 0x08, 0x08, 0x08, 0x08, 0x08, 0x08, 0x08, 0x08, 0x08, 
0x08, 0x08, 0x08, 0x08, 0x08, 0x08, 0x08, 0x08, 0x08, 0x08, 0x08, 0x08, 0x08, 0x08, 0x08, 0x08, 
0x08, 0x08, 0x08, 0x08, 0x08, 0x08, 0x08, 0x08, 0x08, 0x08, 0x08, 0x08, 0x08, 0x08, 0x08, 0x08, 
0x08, 0x08, 0x08, 0x08, 0x08, 0x08, 0x08, 0x08, 0x08, 0x08, 0x08, 0x08, 0x08, 0x08, 0x08, 0x08, 
0x08, 0x08, 0x08, 0x08, 0x08, 0x08, 0x08, 0x08, 0x08, 0x08, 0x08, 0x08, 0x08, 0x08, 0x08, 0x08, 
0x08, 0x08, 0x08, 0x08, 0x08, 0x08, 0x08, 0x08, 0x08, 0x08, 0x08, 0x08, 0x08, 0x08, 0x08, 0x08, 
0x08, 0x08, 0x08, 0x08, 0x08, 0x08, 0x08, 0x08, 0x08, 0x08, 0x08, 0x08, 0x08, 0x08, 0x08, 0x08, 
0x08, 0x08, 0x08, 0x08, 0x08, 0x08, 0x08, 0x0F, 0x12, 0x17, 0x1B, 0x1B, 0x1A, 0x29, 0x28, 0x10, 
0x08, 0x08, 0x08, 0x08, 0x08, 0x08, 0x08, 0x11, 0x12, 0x10, 0x08, 0x08, 0x08, 0x0F, 0x12, 0x18, 
0x26, 0x26, 0x28, 0x29, 0x2D, 0x2D, 0x2D, 0x28, 0x16, 0x10, 0x08, 0x08, 0x0D, 0x24, 0x03, 0x00, 
0x00, 0x00, 0x06, 0x08, 0x08, 0x08, 0x08, 0x08, 0x08, 0x08, 0x08, 0x08, 0x02, 0x00, 0x00, 0x13, 
0x1E, 0x13, 0x00, 0x00, 0x00, 0x0D, 0x1D, 0x1F, 0x1D, 0x1D, 0x0E, 0x00, 0x00, 0x02, 0x08, 0x08, 
0x08, 0x08, 0x08, 0x08, 0x08, 0x06, 0x00, 0x00, 0x00, 0x00, 0x04, 0x08, 0x08, 0x08, 0x08, 0x08, 
0x08, 0x08, 0x08, 0x08, 0x08, 0x08, 0x08, 0x08, 0x08, 0x08, 0x08, 0x08, 0x08, 0x08, 0x08, 0x08, 
0x08, 0x08, 0x08, 0x08, 0x08, 0x08, 0x08, 0x08, 0x08, 0x08, 0x08, 0x08, 0x08, 0x08, 0x08, 0x08, 
0x08, 0x08, 0x08, 0x08, 0x08, 0x08, 0x08, 0x08, 0x08, 0x08, 0x08, 0x08, 0x08, 0x08, 0x08, 0x08, 
0x08, 0x08, 0x08, 0x08, 0x08, 0x08, 0x08, 0x08, 0x08, 0x08, 0x08, 0x08, 0x08, 0x08, 0x08, 0x08, 
0x08, 0x08, 0x08, 0x08, 0x08, 0x08, 0x08, 0x08, 0x08, 0x08, 0x08, 0x08, 0x08, 0x08, 0x08, 0x08, 
0x08, 0x08, 0x08, 0x08, 0x08, 0x08, 0x08, 0x08, 0x08, 0x08, 0x08, 0x08, 0x08, 0x08, 0x08, 0x08, 
0x08, 0x08, 0x08, 0x08, 0x08, 0x08, 0x08, 0x08, 0x08, 0x08, 0x08, 0x08, 0x08, 0x08, 0x08, 0x08, 
0x08, 0x08, 0x08, 0x08, 0x08, 0x08, 0x08, 0x08, 0x08, 0x08, 0x08, 0x08, 0x08, 0x08, 0x08, 0x08, 
0x08, 0x08, 0x08, 0x08, 0x08, 0x08, 0x08, 0x08, 0x08, 0x08, 0x08, 0x08, 0x08, 0x08, 0x08, 0x08, 
0x08, 0x08, 0x08, 0x08, 0x08, 0x08, 0x08, 0x08, 0x08, 0x08, 0x08, 0x08, 0x08, 0x08, 0x08, 0x08, 
0x08, 0x08, 0x08, 0x08, 0x08, 0x08, 0x08, 0x08, 0x08, 0x08, 0x08, 0x08, 0x08, 0x08, 0x08, 0x08, 
0x08, 0x08, 0x08, 0x08, 0x08, 0x08, 0x08, 0x08, 0x08, 0x08, 0x08, 0x08, 0x08, 0x08, 0x08, 0x08, 
0x08, 0x08, 0x08, 0x08, 0x08, 0x08, 0x08, 0x08, 0x08, 0x08, 0x08, 0x08, 0x08, 0x08, 0x08, 0x08, 
0x08, 0x08, 0x08, 0x08, 0x08, 0x08, 0x08, 0x08, 0x08, 0x08, 0x08, 0x08, 0x08, 0x08, 0x08, 0x08, 
0x08, 0x08, 0x08, 0x08, 0x08, 0x08, 0x08, 0x08, 0x08, 0x10, 0x12, 0x17, 0x1A, 0x27, 0x2E, 0x16, 
0x08, 0x08, 0x08, 0x08, 0x08, 0x0F, 0x12, 0x1A, 0x2D, 0x17, 0x12, 0x12, 0x12, 0x16, 0x29, 0x2F, 
0x26, 0x1A, 0x1A, 0x26, 0x26, 0x26, 0x17, 0x12, 0x09, 0x08, 0x08, 0x08, 0x1C, 0x14, 0x00, 0x00, 
0x00, 0x02, 0x08, 0x08, 0x08, 0x08, 0x08, 0x08, 0x08, 0x08, 0x08, 0x08, 0x05, 0x00, 0x00, 0x00, 
0x14, 0x1C, 0x00, 0x00, 0x00, 0x00, 0x01, 0x03, 0x03, 0x0D, 0x00, 0x00, 0x00, 0x02, 0x08, 0x08, 
0x08, 0x08, 0x08, 0x08, 0x05, 0x00, 0x00, 0x00, 0x00, 0x00, 0x04, 0x08, 0x08, 0x08, 0x08, 0x08, 
0x08, 0x08, 0x08, 0x08, 0x08, 0x08, 0x08, 0x08, 0x08, 0x08, 0x08, 0x08, 0x08, 0x08, 0x08, 0x08, 
0x08, 0x08, 0x08, 0x08, 0x08, 0x08, 0x08, 0x08, 0x08, 0x08, 0x08, 0x08, 0x08, 0x08, 0x08, 0x08, 
0x08, 0x08, 0x08, 0x08, 0x08, 0x08, 0x08, 0x08, 0x08, 0x08, 0x08, 0x08, 0x08, 0x08, 0x08, 0x08, 
0x08, 0x08, 0x08, 0x08, 0x08, 0x08, 0x08, 0x08, 0x08, 0x08, 0x08, 0x08, 0x08, 0x08, 0x08, 0x08, 
0x08, 0x08, 0x08, 0x08, 0x08, 0x08, 0x08, 0x08, 0x08, 0x08, 0x08, 0x08, 0x08, 0x08, 0x08, 0x08, 
0x08, 0x08, 0x08, 0x08, 0x08, 0x08, 0x08, 0x08, 0x08, 0x08, 0x08, 0x08, 0x08, 0x08, 0x08, 0x08, 
0x08, 0x08, 0x08, 0x08, 0x08, 0x08, 0x08, 0x08, 0x08, 0x08, 0x08, 0x08, 0x08, 0x08, 0x08, 0x08, 
0x08, 0x08, 0x08, 0x08, 0x08, 0x08, 0x08, 0x08, 0x08, 0x08, 0x08, 0x08, 0x08, 0x08, 0x08, 0x08, 
0x08, 0x08, 0x08, 0x08, 0x08, 0x08, 0x08, 0x08, 0x08, 0x08, 0x08, 0x08, 0x08, 0x08, 0x08, 0x08, 
0x08, 0x08, 0x08, 0x08, 0x08, 0x08, 0x08, 0x08, 0x08, 0x08, 0x08, 0x08, 0x08, 0x08, 0x08, 0x08, 
0x08, 0x08, 0x08, 0x08, 0x08, 0x08, 0x08, 0x08, 0x08, 0x08, 0x08, 0x08, 0x08, 0x08, 0x08, 0x08, 
0x08, 0x08, 0x08, 0x08, 0x08, 0x08, 0x08, 0x08, 0x08, 0x08, 0x08, 0x08, 0x08, 0x08, 0x08, 0x08, 
0x08, 0x08, 0x08, 0x08, 0x08, 0x08, 0x08, 0x08, 0x08, 0x08, 0x08, 0x08, 0x08, 0x08, 0x08, 0x08, 
0x08, 0x08, 0x08, 0x08, 0x08, 0x08, 0x08, 0x08, 0x08, 0x08, 0x08, 0x08, 0x08, 0x08, 0x08, 0x08, 
0x08, 0x08, 0x08, 0x08, 0x08, 0x08, 0x08, 0x08, 0x08, 0x08, 0x08, 0x0F, 0x11, 0x18, 0x2A, 0x19, 
0x12, 0x11, 0x12, 0x12, 0x12, 0x17, 0x28, 0x2D, 0x2B, 0x26, 0x19, 0x1B, 0x27, 0x1A, 0x1A, 0x1B, 
0x18, 0x11, 0x0F, 0x0F, 0x0F, 0x0F, 0x0A, 0x08, 0x08, 0x08, 0x08, 0x08, 0x1C, 0x03, 0x00, 0x00, 
0x00, 0x05, 0x08, 0x08, 0x08, 0x08, 0x08, 0x08, 0x08, 0x08, 0x08, 0x08, 0x08, 0x02, 0x00, 0x00, 
0x0D, 0x24, 0x13, 0x00, 0x00, 0x00, 0x00, 0x00, 0x00, 0x00, 0x00, 0x00, 0x00, 0x02, 0x08, 0x08, 
0x08, 0x08, 0x08, 0x04, 0x00, 0x00, 0x00, 0x00, 0x00, 0x00, 0x04, 0x08, 0x08, 0x08, 0x08, 0x08, 
0x08, 0x08, 0x08, 0x08, 0x08, 0x08, 0x08, 0x08, 0x08, 0x08, 0x08, 0x08, 0x08, 0x08, 0x08, 0x08, 
0x08, 0x08, 0x08, 0x08, 0x08, 0x08, 0x08, 0x08, 0x08, 0x08, 0x08, 0x08, 0x08, 0x08, 0x08, 0x08, 
0x08, 0x08, 0x08, 0x08, 0x08, 0x08, 0x08, 0x08, 0x08, 0x08, 0x08, 0x08, 0x08, 0x08, 0x08, 0x08, 
0x08, 0x08, 0x08, 0x08, 0x08, 0x08, 0x08, 0x08, 0x08, 0x08, 0x08, 0x08, 0x08, 0x08, 0x08, 0x08, 
0x08, 0x08, 0x08, 0x08, 0x08, 0x08, 0x08, 0x08, 0x08, 0x08, 0x08, 0x08, 0x08, 0x08, 0x08, 0x08, 
0x08, 0x08, 0x08, 0x08, 0x08, 0x08, 0x08, 0x08, 0x08, 0x08, 0x08, 0x08, 0x08, 0x08, 0x08, 0x08, 
0x08, 0x08, 0x08, 0x08, 0x08, 0x08, 0x08, 0x08, 0x08, 0x08, 0x08, 0x08, 0x08, 0x08, 0x08, 0x08, 
0x08, 0x08, 0x08, 0x08, 0x08, 0x08, 0x08, 0x08, 0x08, 0x08, 0x08, 0x08, 0x08, 0x08, 0x08, 0x08, 
0x08, 0x08, 0x08, 0x08, 0x08, 0x08, 0x08, 0x08, 0x08, 0x08, 0x08, 0x08, 0x08, 0x08, 0x08, 0x08, 
0x08, 0x08, 0x08, 0x08, 0x08, 0x08, 0x08, 0x08, 0x08, 0x08, 0x08, 0x08, 0x08, 0x08, 0x08, 0x08, 
0x08, 0x08, 0x08, 0x08, 0x08, 0x08, 0x08, 0x08, 0x08, 0x08, 0x08, 0x08, 0x08, 0x08, 0x08, 0x08, 
0x08, 0x08, 0x08, 0x08, 0x08, 0x08, 0x08, 0x08, 0x08, 0x08, 0x08, 0x08, 0x08, 0x08, 0x08, 0x08, 
0x08, 0x08, 0x08, 0x08, 0x08, 0x08, 0x08, 0x08, 0x08, 0x08, 0x08, 0x08, 0x08, 0x08, 0x08, 0x08, 
0x08, 0x08, 0x08, 0x08, 0x08, 0x08, 0x08, 0x08, 0x08, 0x08, 0x08, 0x08, 0x08, 0x08, 0x08, 0x08, 
0x08, 0x08, 0x08, 0x08, 0x08, 0x08, 0x08, 0x08, 0x08, 0x08, 0x08, 0x08, 0x08, 0x12, 0x28, 0x27, 
0x19, 0x1B, 0x2B, 0x27, 0x1A, 0x18, 0x1A, 0x12, 0x10, 0x16, 0x17, 0x1B, 0x27, 0x1A, 0x16, 0x12, 
0x10, 0x08, 0x08, 0x08, 0x08, 0x08, 0x08, 0x08, 0x08, 0x08, 0x08, 0x08, 0x13, 0x00, 0x00, 0x00, 
0x02, 0x08, 0x08, 0x08, 0x08, 0x08, 0x08, 0x08, 0x08, 0x08, 0x08, 0x08, 0x08, 0x05, 0x00, 0x00, 
0x00, 0x14, 0x1C, 0x00, 0x00, 0x00, 0x00, 0x00, 0x00, 0x00, 0x00, 0x00, 0x00, 0x02, 0x08, 0x08, 
0x08, 0x08, 0x05, 0x00, 0x00, 0x00, 0x00, 0x00, 0x00, 0x00, 0x04, 0x08, 0x08, 0x08, 0x08, 0x08, 
0x08, 0x08, 0x08, 0x08, 0x08, 0x08, 0x08, 0x08, 0x08, 0x08, 0x08, 0x08, 0x08, 0x08, 0x08, 0x08, 
0x08, 0x08, 0x08, 0x08, 0x08, 0x08, 0x08, 0x08, 0x08, 0x08, 0x08, 0x08, 0x08, 0x08, 0x08, 0x08, 
0x08, 0x08, 0x08, 0x08, 0x08, 0x08, 0x08, 0x08, 0x08, 0x08, 0x08, 0x08, 0x08, 0x08, 0x08, 0x08, 
0x08, 0x08, 0x08, 0x08, 0x08, 0x08, 0x08, 0x08, 0x08, 0x08, 0x08, 0x08, 0x08, 0x08, 0x08, 0x08, 
0x08, 0x08, 0x08, 0x08, 0x08, 0x08, 0x08, 0x08, 0x08, 0x08, 0x08, 0x08, 0x08, 0x08, 0x08, 0x08, 
0x08, 0x08, 0x08, 0x08, 0x08, 0x08, 0x08, 0x08, 0x08, 0x08, 0x08, 0x08, 0x08, 0x08, 0x08, 0x08, 
0x08, 0x08, 0x08, 0x08, 0x08, 0x08, 0x08, 0x08, 0x08, 0x08, 0x08, 0x08, 0x08, 0x08, 0x08, 0x08, 
0x08, 0x08, 0x08, 0x08, 0x08, 0x08, 0x08, 0x08, 0x08, 0x08, 0x08, 0x08, 0x08, 0x08, 0x08, 0x08, 
0x08, 0x08, 0x08, 0x08, 0x08, 0x08, 0x08, 0x08, 0x08, 0x08, 0x08, 0x08, 0x08, 0x08, 0x08, 0x08, 
0x08, 0x08, 0x08, 0x08, 0x08, 0x08, 0x08, 0x08, 0x08, 0x08, 0x08, 0x08, 0x08, 0x08, 0x08, 0x08, 
0x08, 0x08, 0x08, 0x08, 0x08, 0x08, 0x08, 0x08, 0x08, 0x08, 0x08, 0x08, 0x08, 0x08, 0x08, 0x08, 
0x08, 0x08, 0x08, 0x08, 0x08, 0x08, 0x08, 0x08, 0x08, 0x08, 0x08, 0x08, 0x08, 0x08, 0x08, 0x08, 
0x08, 0x08, 0x08, 0x08, 0x08, 0x08, 0x08, 0x08, 0x08, 0x08, 0x08, 0x08, 0x08, 0x08, 0x08, 0x08, 
0x08, 0x08, 0x08, 0x08, 0x08, 0x08, 0x08, 0x08, 0x08, 0x08, 0x08, 0x08, 0x08, 0x08, 0x08, 0x08, 
0x08, 0x08, 0x08, 0x08, 0x08, 0x08, 0x08, 0x08, 0x08, 0x08, 0x08, 0x08, 0x08, 0x08, 0x11, 0x16, 
0x17, 0x1B, 0x1B, 0x26, 0x16, 0x12, 0x10, 0x08, 0x08, 0x08, 0x0F, 0x10, 0x10, 0x0F, 0x09, 0x08, 
0x08, 0x08, 0x08, 0x08, 0x08, 0x08, 0x08, 0x08, 0x08, 0x08, 0x08, 0x08, 0x01, 0x00, 0x00, 0x00, 
0x05, 0x08, 0x08, 0x08, 0x08, 0x08, 0x08, 0x08, 0x08, 0x08, 0x08, 0x08, 0x08, 0x08, 0x00, 0x00, 
0x00, 0x0E, 0x1E, 0x0E, 0x00, 0x00, 0x00, 0x00, 0x03, 0x03, 0x01, 0x00, 0x00, 0x02, 0x08, 0x08, 
0x08, 0x06, 0x00, 0x00, 0x00, 0x00, 0x00, 0x00, 0x00, 0x00, 0x05, 0x08, 0x08, 0x08, 0x08, 0x08, 
0x08, 0x08, 0x08, 0x08, 0x08, 0x08, 0x08, 0x08, 0x08, 0x08, 0x08, 0x08, 0x08, 0x08, 0x08, 0x08, 
0x08, 0x08, 0x08, 0x08, 0x08, 0x08, 0x08, 0x08, 0x08, 0x08, 0x08, 0x08, 0x08, 0x08, 0x08, 0x08, 
0x08, 0x08, 0x08, 0x08, 0x08, 0x08, 0x08, 0x08, 0x08, 0x08, 0x08, 0x08, 0x08, 0x08, 0x08, 0x08, 
0x08, 0x08, 0x08, 0x08, 0x08, 0x08, 0x08, 0x08, 0x08, 0x08, 0x08, 0x08, 0x08, 0x08, 0x08, 0x08, 
0x08, 0x08, 0x08, 0x08, 0x08, 0x08, 0x08, 0x08, 0x08, 0x08, 0x08, 0x08, 0x08, 0x08, 0x08, 0x08, 
0x08, 0x08, 0x08, 0x08, 0x08, 0x08, 0x08, 0x08, 0x08, 0x08, 0x08, 0x08, 0x08, 0x08, 0x08, 0x08, 
0x08, 0x08, 0x08, 0x08, 0x08, 0x08, 0x08, 0x08, 0x08, 0x08, 0x08, 0x08, 0x08, 0x08, 0x08, 0x08, 
0x08, 0x08, 0x08, 0x08, 0x08, 0x08, 0x08, 0x08, 0x08, 0x08, 0x08, 0x08, 0x08, 0x08, 0x08, 0x08, 
0x08, 0x08, 0x08, 0x08, 0x08, 0x08, 0x08, 0x08, 0x08, 0x08, 0x08, 0x08, 0x08, 0x08, 0x08, 0x08, 
0x08, 0x08, 0x08, 0x08, 0x08, 0x08, 0x08, 0x08, 0x08, 0x08, 0x08, 0x08, 0x08, 0x08, 0x08, 0x08, 
0x08, 0x08, 0x08, 0x08, 0x08, 0x08, 0x08, 0x08, 0x08, 0x08, 0x08, 0x08, 0x08, 0x08, 0x08, 0x08, 
0x08, 0x08, 0x08, 0x08, 0x08, 0x08, 0x08, 0x08, 0x08, 0x08, 0x08, 0x08, 0x08, 0x08, 0x08, 0x08, 
0x08, 0x08, 0x08, 0x08, 0x08, 0x08, 0x08, 0x08, 0x08, 0x08, 0x08, 0x08, 0x08, 0x08, 0x08, 0x08, 
0x08, 0x08, 0x08, 0x08, 0x08, 0x08, 0x08, 0x08, 0x08, 0x08, 0x08, 0x08, 0x08, 0x08, 0x08, 0x08, 
0x08, 0x08, 0x08, 0x08, 0x08, 0x08, 0x08, 0x08, 0x08, 0x08, 0x08, 0x08, 0x08, 0x08, 0x08, 0x0F, 
0x10, 0x10, 0x10, 0x10, 0x0F, 0x08, 0x08, 0x08, 0x08, 0x08, 0x08, 0x08, 0x08, 0x08, 0x08, 0x08, 
0x08, 0x08, 0x08, 0x08, 0x08, 0x08, 0x08, 0x08, 0x08, 0x08, 0x08, 0x08, 0x00, 0x00, 0x00, 0x03, 
0x08, 0x08, 0x08, 0x08, 0x08, 0x08, 0x08, 0x08, 0x08, 0x08, 0x08, 0x08, 0x08, 0x08, 0x05, 0x00, 
0x00, 0x00, 0x1C, 0x1C, 0x00, 0x00, 0x00, 0x00, 0x14, 0x1C, 0x0E, 0x00, 0x00, 0x02, 0x08, 0x08, 
0x06, 0x00, 0x00, 0x00, 0x00, 0x00, 0x00, 0x00, 0x00, 0x00, 0x05, 0x08, 0x08, 0x08, 0x08, 0x08, 
0x08, 0x08, 0x08, 0x08, 0x08, 0x08, 0x08, 0x08, 0x08, 0x08, 0x08, 0x08, 0x08, 0x08, 0x08, 0x08, 
0x08, 0x08, 0x08, 0x08, 0x08, 0x08, 0x08, 0x08, 0x08, 0x08, 0x08, 0x08, 0x08, 0x08, 0x08, 0x08, 
0x08, 0x08, 0x08, 0x08, 0x08, 0x08, 0x08, 0x08, 0x08, 0x08, 0x08, 0x08, 0x08, 0x08, 0x08, 0x08, 
0x08, 0x08, 0x08, 0x08, 0x08, 0x08, 0x08, 0x08, 0x08, 0x08, 0x08, 0x08, 0x08, 0x08, 0x08, 0x08, 
0x08, 0x08, 0x08, 0x08, 0x08, 0x08, 0x08, 0x08, 0x08, 0x08, 0x08, 0x08, 0x08, 0x08, 0x08, 0x08, 
0x08, 0x08, 0x08, 0x08, 0x08, 0x08, 0x08, 0x08, 0x08, 0x08, 0x08, 0x08, 0x08, 0x08, 0x08, 0x08, 
0x08, 0x08, 0x08, 0x08, 0x08, 0x08, 0x08, 0x08, 0x08, 0x08, 0x08, 0x08, 0x08, 0x08, 0x08, 0x08, 
0x08, 0x08, 0x08, 0x08, 0x08, 0x08, 0x08, 0x08, 0x08, 0x08, 0x08, 0x08, 0x08, 0x08, 0x08, 0x08, 
0x08, 0x08, 0x08, 0x08, 0x08, 0x08, 0x08, 0x08, 0x08, 0x08, 0x08, 0x08, 0x08, 0x08, 0x08, 0x08, 
0x08, 0x08, 0x08, 0x08, 0x08, 0x08, 0x08, 0x08, 0x08, 0x08, 0x08, 0x08, 0x08, 0x08, 0x08, 0x08, 
0x08, 0x08, 0x08, 0x08, 0x08, 0x08, 0x08, 0x08, 0x08, 0x08, 0x08, 0x08, 0x08, 0x08, 0x08, 0x08, 
0x08, 0x08, 0x08, 0x08, 0x08, 0x08, 0x08, 0x08, 0x08, 0x08, 0x08, 0x08, 0x08, 0x08, 0x08, 0x08, 
0x08, 0x08, 0x08, 0x08, 0x08, 0x08, 0x08, 0x08, 0x08, 0x08, 0x08, 0x08, 0x08, 0x08, 0x08, 0x08, 
0x08, 0x08, 0x08, 0x08, 0x08, 0x08, 0x08, 0x08, 0x08, 0x08, 0x08, 0x08, 0x08, 0x08, 0x08, 0x08, 
0x08, 0x08, 0x08, 0x08, 0x08, 0x08, 0x08, 0x08, 0x08, 0x08, 0x08, 0x08, 0x08, 0x08, 0x08, 0x08, 
0x08, 0x08, 0x08, 0x08, 0x08, 0x08, 0x08, 0x08, 0x08, 0x08, 0x08, 0x08, 0x08, 0x08, 0x08, 0x08, 
0x08, 0x08, 0x08, 0x08, 0x08, 0x08, 0x08, 0x08, 0x08, 0x08, 0x08, 0x08, 0x00, 0x00, 0x00, 0x06, 
0x08, 0x08, 0x08, 0x08, 0x08, 0x08, 0x08, 0x08, 0x08, 0x08, 0x08, 0x08, 0x08, 0x08, 0x08, 0x02, 
0x00, 0x00, 0x0E, 0x1E, 0x0E, 0x00, 0x00, 0x00, 0x00, 0x00, 0x00, 0x00, 0x00, 0x00, 0x00, 0x02, 
0x00, 0x00, 0x00, 0x00, 0x00, 0x00, 0x05, 0x00, 0x00, 0x00, 0x05, 0x08, 0x08, 0x08, 0x08, 0x08, 
0x08, 0x08, 0x08, 0x08, 0x08, 0x08, 0x08, 0x08, 0x08, 0x08, 0x08, 0x08, 0x08, 0x08, 0x08, 0x08, 
0x08, 0x08, 0x08, 0x08, 0x08, 0x08, 0x08, 0x08, 0x08, 0x08, 0x08, 0x08, 0x08, 0x08, 0x08, 0x08, 
0x08, 0x08, 0x08, 0x08, 0x08, 0x08, 0x08, 0x08, 0x08, 0x08, 0x08, 0x08, 0x08, 0x08, 0x08, 0x08, 
0x08, 0x08, 0x08, 0x08, 0x08, 0x08, 0x08, 0x08, 0x08, 0x08, 0x08, 0x08, 0x08, 0x08, 0x08, 0x08, 
0x08, 0x08, 0x08, 0x08, 0x08, 0x08, 0x08, 0x08, 0x08, 0x08, 0x08, 0x08, 0x08, 0x08, 0x08, 0x08, 
0x08, 0x08, 0x08, 0x08, 0x08, 0x08, 0x08, 0x08, 0x08, 0x08, 0x08, 0x08, 0x08, 0x08, 0x08, 0x08, 
0x08, 0x08, 0x08, 0x08, 0x08, 0x08, 0x08, 0x08, 0x08, 0x08, 0x08, 0x08, 0x08, 0x08, 0x08, 0x08, 
0x08, 0x08, 0x08, 0x08, 0x08, 0x08, 0x08, 0x08, 0x08, 0x08, 0x08, 0x08, 0x08, 0x08, 0x08, 0x08, 
0x08, 0x08, 0x08, 0x08, 0x08, 0x08, 0x08, 0x08, 0x08, 0x08, 0x08, 0x08, 0x08, 0x08, 0x08, 0x08, 
0x08, 0x08, 0x08, 0x08, 0x08, 0x08, 0x08, 0x08, 0x08, 0x08, 0x08, 0x08, 0x08, 0x08, 0x08, 0x08, 
0x08, 0x08, 0x08, 0x08, 0x08, 0x08, 0x08, 0x08, 0x08, 0x08, 0x08, 0x08, 0x08, 0x08, 0x08, 0x08, 
0x08, 0x08, 0x08, 0x08, 0x08, 0x08, 0x08, 0x08, 0x08, 0x08, 0x08, 0x08, 0x08, 0x08, 0x08, 0x08, 
0x08, 0x08, 0x08, 0x08, 0x08, 0x08, 0x08, 0x08, 0x08, 0x08, 0x08, 0x08, 0x08, 0x08, 0x08, 0x08, 
0x08, 0x08, 0x08, 0x08, 0x08, 0x08, 0x08, 0x08, 0x08, 0x08, 0x08, 0x08, 0x08, 0x08, 0x08, 0x08, 
0x08, 0x08, 0x08, 0x08, 0x08, 0x08, 0x08, 0x08, 0x08, 0x08, 0x08, 0x08, 0x08, 0x08, 0x08, 0x08, 
0x08, 0x08, 0x08, 0x08, 0x08, 0x08, 0x08, 0x08, 0x08, 0x08, 0x08, 0x08, 0x08, 0x08, 0x08, 0x08, 
0x08, 0x08, 0x08, 0x08, 0x08, 0x08, 0x08, 0x08, 0x08, 0x08, 0x08, 0x08, 0x00, 0x00, 0x02, 0x08, 
0x08, 0x08, 0x08, 0x08, 0x08, 0x08, 0x08, 0x08, 0x08, 0x08, 0x08, 0x08, 0x08, 0x08, 0x08, 0x05, 
0x00, 0x00, 0x00, 0x1C, 0x1C, 0x00, 0x00, 0x00, 0x00, 0x00, 0x00, 0x00, 0x00, 0x00, 0x00, 0x00, 
0x00, 0x00, 0x00, 0x00, 0x00, 0x05, 0x08, 0x00, 0x00, 0x00, 0x05, 0x08, 0x08, 0x08, 0x08, 0x08, 
0x08, 0x08, 0x08, 0x08, 0x08, 0x08, 0x08, 0x08, 0x08, 0x08, 0x08, 0x08, 0x08, 0x08, 0x08, 0x08, 
0x08, 0x08, 0x08, 0x08, 0x08, 0x08, 0x08, 0x08, 0x08, 0x08, 0x08, 0x08, 0x08, 0x08, 0x08, 0x08, 
0x08, 0x08, 0x08, 0x08, 0x08, 0x08, 0x08, 0x08, 0x08, 0x08, 0x08, 0x08, 0x08, 0x08, 0x08, 0x08, 
0x08, 0x08, 0x08, 0x08, 0x08, 0x08, 0x08, 0x08, 0x08, 0x08, 0x08, 0x08, 0x08, 0x08, 0x08, 0x08, 
0x08, 0x08, 0x08, 0x08, 0x08, 0x08, 0x08, 0x08, 0x08, 0x08, 0x08, 0x08, 0x08, 0x08, 0x08, 0x08, 
0x08, 0x08, 0x08, 0x08, 0x08, 0x08, 0x08, 0x08, 0x08, 0x08, 0x08, 0x08, 0x08, 0x08, 0x08, 0x08, 
0x08, 0x08, 0x08, 0x08, 0x08, 0x08, 0x08, 0x08, 0x08, 0x08, 0x08, 0x08, 0x08, 0x08, 0x08, 0x08, 
0x08, 0x08, 0x08, 0x08, 0x08, 0x08, 0x08, 0x08, 0x08, 0x08, 0x08, 0x08, 0x08, 0x08, 0x08, 0x08, 
0x08, 0x08, 0x08, 0x08, 0x08, 0x08, 0x08, 0x08, 0x08, 0x08, 0x08, 0x08, 0x08, 0x08, 0x08, 0x08, 
0x08, 0x08, 0x08, 0x08, 0x08, 0x08, 0x08, 0x08, 0x08, 0x08, 0x08, 0x08, 0x08, 0x08, 0x08, 0x08, 
0x08, 0x08, 0x08, 0x08, 0x08, 0x08, 0x08, 0x08, 0x08, 0x08, 0x08, 0x08, 0x08, 0x08, 0x08, 0x08, 
0x08, 0x08, 0x08, 0x08, 0x08, 0x08, 0x08, 0x08, 0x08, 0x08, 0x08, 0x08, 0x08, 0x08, 0x08, 0x08, 
0x08, 0x08, 0x08, 0x08, 0x08, 0x08, 0x08, 0x08, 0x08, 0x08, 0x08, 0x08, 0x08, 0x08, 0x08, 0x08, 
0x08, 0x08, 0x08, 0x08, 0x08, 0x08, 0x08, 0x08, 0x08, 0x08, 0x08, 0x08, 0x08, 0x08, 0x08, 0x08, 
0x08, 0x08, 0x08, 0x08, 0x08, 0x08, 0x08, 0x08, 0x08, 0x08, 0x08, 0x08, 0x08, 0x08, 0x08, 0x08, 
0x08, 0x08, 0x08, 0x08, 0x08, 0x08, 0x08, 0x08, 0x08, 0x08, 0x08, 0x08, 0x08, 0x08, 0x08, 0x08, 
0x08, 0x08, 0x08, 0x08, 0x08, 0x08, 0x08, 0x08, 0x08, 0x08, 0x08, 0x08, 0x00, 0x00, 0x0D, 0x0E, 
0x0E, 0x0B, 0x08, 0x08, 0x08, 0x08, 0x08, 0x08, 0x08, 0x08, 0x08, 0x08, 0x08, 0x08, 0x08, 0x08, 
0x02, 0x00, 0x00, 0x13, 0x1E, 0x13, 0x00, 0x00, 0x00, 0x00, 0x00, 0x00, 0x00, 0x00, 0x00, 0x00, 
0x00, 0x00, 0x00, 0x00, 0x05, 0x08, 0x06, 0x00, 0x00, 0x00, 0x05, 0x08, 0x08, 0x08, 0x08, 0x08, 
0x08, 0x08, 0x08, 0x08, 0x08, 0x08, 0x08, 0x08, 0x08, 0x08, 0x08, 0x08, 0x08, 0x08, 0x08, 0x08, 
0x08, 0x08, 0x08, 0x08, 0x08, 0x08, 0x08, 0x08, 0x08, 0x08, 0x08, 0x08, 0x08, 0x08, 0x08, 0x08, 
0x08, 0x08, 0x08, 0x08, 0x08, 0x08, 0x08, 0x08, 0x08, 0x08, 0x08, 0x08, 0x08, 0x08, 0x08, 0x08, 
0x08, 0x08, 0x08, 0x08, 0x08, 0x08, 0x08, 0x08, 0x08, 0x08, 0x08, 0x08, 0x08, 0x08, 0x08, 0x08, 
0x08, 0x08, 0x08, 0x08, 0x08, 0x08, 0x08, 0x08, 0x08, 0x08, 0x08, 0x08, 0x08, 0x08, 0x08, 0x08, 
0x08, 0x08, 0x08, 0x08, 0x08, 0x08, 0x08, 0x08, 0x08, 0x08, 0x08, 0x08, 0x08, 0x08, 0x08, 0x08, 
0x08, 0x08, 0x08, 0x08, 0x08, 0x08, 0x08, 0x08, 0x08, 0x08, 0x08, 0x08, 0x08, 0x08, 0x08, 0x08, 
0x08, 0x08, 0x08, 0x08, 0x08, 0x08, 0x08, 0x08, 0x08, 0x08, 0x08, 0x08, 0x08, 0x08, 0x08, 0x08, 
0x08, 0x08, 0x08, 0x08, 0x08, 0x08, 0x08, 0x08, 0x08, 0x08, 0x08, 0x08, 0x08, 0x08, 0x08, 0x08, 
0x08, 0x08, 0x08, 0x08, 0x08, 0x08, 0x08, 0x08, 0x08, 0x08, 0x08, 0x08, 0x08, 0x08, 0x08, 0x08, 
0x08, 0x08, 0x08, 0x08, 0x08, 0x08, 0x08, 0x08, 0x08, 0x08, 0x08, 0x08, 0x08, 0x08, 0x08, 0x08, 
0x08, 0x08, 0x08, 0x08, 0x08, 0x08, 0x08, 0x08, 0x08, 0x08, 0x08, 0x08, 0x08, 0x08, 0x08, 0x08, 
0x08, 0x08, 0x08, 0x08, 0x08, 0x08, 0x08, 0x08, 0x08, 0x08, 0x08, 0x08, 0x08, 0x08, 0x08, 0x08, 
0x08, 0x08, 0x08, 0x08, 0x08, 0x08, 0x08, 0x08, 0x08, 0x08, 0x08, 0x08, 0x08, 0x08, 0x08, 0x08, 
0x08, 0x08, 0x08, 0x08, 0x08, 0x08, 0x08, 0x08, 0x08, 0x08, 0x08, 0x08, 0x08, 0x08, 0x08, 0x08, 
0x08, 0x08, 0x08, 0x08, 0x08, 0x08, 0x08, 0x08, 0x08, 0x08, 0x08, 0x08, 0x08, 0x08, 0x08, 0x08, 
0x08, 0x08, 0x08, 0x08, 0x08, 0x08, 0x08, 0x08, 0x08, 0x08, 0x08, 0x08, 0x00, 0x00, 0x1C, 0x1D, 
0x1D, 0x14, 0x0B, 0x08, 0x08, 0x08, 0x08, 0x08, 0x08, 0x08, 0x08, 0x08, 0x08, 0x08, 0x08, 0x08, 
0x05, 0x00, 0x00, 0x00, 0x24, 0x1C, 0x00, 0x00, 0x00, 0x01, 0x0D, 0x00, 0x00, 0x00, 0x00, 0x00, 
0x00, 0x00, 0x00, 0x04, 0x03, 0x00, 0x00, 0x00, 0x00, 0x00, 0x06, 0x08, 0x08, 0x08, 0x08, 0x08, 
0x08, 0x08, 0x08, 0x08, 0x08, 0x08, 0x08, 0x08, 0x08, 0x08, 0x08, 0x08, 0x08, 0x08, 0x08, 0x08, 
0x08, 0x08, 0x08, 0x08, 0x08, 0x08, 0x08, 0x08, 0x08, 0x08, 0x08, 0x08, 0x08, 0x08, 0x08, 0x08, 
0x08, 0x08, 0x08, 0x08, 0x08, 0x08, 0x08, 0x08, 0x08, 0x08, 0x08, 0x08, 0x08, 0x08, 0x08, 0x08, 
0x08, 0x08, 0x08, 0x08, 0x08, 0x08, 0x08, 0x08, 0x08, 0x08, 0x08, 0x08, 0x08, 0x08, 0x08, 0x08, 
0x08, 0x08, 0x08, 0x08, 0x08, 0x08, 0x08, 0x08, 0x08, 0x08, 0x08, 0x08, 0x08, 0x08, 0x08, 0x08, 
0x08, 0x08, 0x08, 0x08, 0x08, 0x08, 0x08, 0x08, 0x08, 0x08, 0x08, 0x08, 0x08, 0x08, 0x08, 0x08, 
0x08, 0x08, 0x08, 0x08, 0x08, 0x08, 0x08, 0x08, 0x08, 0x08, 0x08, 0x08, 0x08, 0x08, 0x08, 0x08, 
0x08, 0x08, 0x08, 0x08, 0x08, 0x08, 0x08, 0x08, 0x08, 0x08, 0x08, 0x08, 0x08, 0x08, 0x08, 0x08, 
0x08, 0x08, 0x08, 0x08, 0x08, 0x08, 0x08, 0x08, 0x08, 0x08, 0x08, 0x08, 0x08, 0x08, 0x08, 0x08, 
0x08, 0x08, 0x08, 0x08, 0x08, 0x08, 0x08, 0x08, 0x08, 0x08, 0x08, 0x08, 0x08, 0x08, 0x08, 0x08, 
0x08, 0x08, 0x08, 0x08, 0x08, 0x08, 0x08, 0x08, 0x08, 0x08, 0x08, 0x08, 0x08, 0x08, 0x08, 0x08, 
0x08, 0x08, 0x08, 0x08, 0x08, 0x08, 0x08, 0x08, 0x08, 0x08, 0x08, 0x08, 0x08, 0x08, 0x08, 0x08, 
0x08, 0x08, 0x08, 0x08, 0x08, 0x08, 0x08, 0x08, 0x08, 0x08, 0x08, 0x08, 0x08, 0x08, 0x08, 0x08, 
0x08, 0x08, 0x08, 0x08, 0x08, 0x08, 0x08, 0x08, 0x08, 0x08, 0x08, 0x08, 0x08, 0x08, 0x08, 0x08, 
0x08, 0x08, 0x08, 0x08, 0x08, 0x08, 0x08, 0x08, 0x08, 0x08, 0x08, 0x08, 0x08, 0x08, 0x08, 0x08, 
0x08, 0x08, 0x08, 0x08, 0x08, 0x08, 0x08, 0x08, 0x08, 0x08, 0x08, 0x08, 0x08, 0x08, 0x08, 0x08, 
0x08, 0x08, 0x08, 0x08, 0x08, 0x08, 0x08, 0x08, 0x08, 0x08, 0x08, 0x08, 0x00, 0x0E, 0x1E, 0x1F, 
0x1F, 0x1D, 0x13, 0x08, 0x08, 0x08, 0x08, 0x08, 0x08, 0x08, 0x08, 0x08, 0x08, 0x08, 0x08, 0x08, 
0x08, 0x02, 0x00, 0x00, 0x13, 0x1E, 0x13, 0x00, 0x00, 0x00, 0x03, 0x00, 0x00, 0x00, 0x04, 0x00, 
0x00, 0x00, 0x00, 0x00, 0x00, 0x00, 0x00, 0x00, 0x00, 0x00, 0x06, 0x08, 0x08, 0x08, 0x08, 0x08, 
0x08, 0x08, 0x08, 0x08, 0x08, 0x08, 0x08, 0x08, 0x08, 0x08, 0x08, 0x08, 0x08, 0x08, 0x08, 0x08, 
0x08, 0x08, 0x08, 0x08, 0x08, 0x08, 0x08, 0x08, 0x08, 0x08, 0x08, 0x08, 0x08, 0x08, 0x08, 0x08, 
0x08, 0x08, 0x08, 0x08, 0x08, 0x08, 0x08, 0x08, 0x08, 0x08, 0x08, 0x08, 0x08, 0x08, 0x08, 0x08, 
0x08, 0x08, 0x08, 0x08, 0x08, 0x08, 0x08, 0x08, 0x08, 0x08, 0x08, 0x08, 0x08, 0x08, 0x08, 0x08, 
0x08, 0x08, 0x08, 0x08, 0x08, 0x08, 0x08, 0x08, 0x08, 0x08, 0x08, 0x08, 0x08, 0x08, 0x08, 0x08, 
0x08, 0x08, 0x08, 0x08, 0x08, 0x08, 0x08, 0x08, 0x08, 0x08, 0x08, 0x08, 0x08, 0x08, 0x08, 0x08, 
0x08, 0x08, 0x08, 0x08, 0x08, 0x08, 0x08, 0x08, 0x08, 0x08, 0x08, 0x08, 0x08, 0x08, 0x08, 0x08, 
0x08, 0x08, 0x08, 0x08, 0x08, 0x08, 0x08, 0x08, 0x08, 0x08, 0x08, 0x08, 0x08, 0x08, 0x08, 0x08, 
0x08, 0x08, 0x08, 0x08, 0x08, 0x08, 0x08, 0x08, 0x08, 0x08, 0x08, 0x08, 0x08, 0x08, 0x08, 0x08, 
0x08, 0x08, 0x08, 0x08, 0x08, 0x08, 0x08, 0x08, 0x08, 0x08, 0x08, 0x08, 0x08, 0x08, 0x08, 0x08, 
0x08, 0x08, 0x08, 0x08, 0x08, 0x08, 0x08, 0x08, 0x08, 0x08, 0x08, 0x08, 0x08, 0x08, 0x08, 0x08, 
0x08, 0x08, 0x08, 0x08, 0x08, 0x08, 0x08, 0x08, 0x08, 0x08, 0x08, 0x08, 0x08, 0x08, 0x08, 0x08, 
0x08, 0x08, 0x08, 0x08, 0x08, 0x08, 0x08, 0x08, 0x08, 0x08, 0x08, 0x08, 0x08, 0x08, 0x08, 0x08, 
0x08, 0x08, 0x08, 0x08, 0x08, 0x08, 0x08, 0x08, 0x08, 0x08, 0x08, 0x08, 0x08, 0x08, 0x08, 0x08, 
0x08, 0x08, 0x08, 0x08, 0x08, 0x08, 0x08, 0x08, 0x08, 0x08, 0x08, 0x08, 0x08, 0x08, 0x08, 0x08, 
0x08, 0x08, 0x08, 0x08, 0x08, 0x08, 0x08, 0x08, 0x08, 0x06, 0x08, 0x08, 0x08, 0x08, 0x08, 0x08, 
0x08, 0x08, 0x08, 0x08, 0x08, 0x08, 0x08, 0x08, 0x08, 0x08, 0x08, 0x08, 0x03, 0x1C, 0x1F, 0x1F, 
0x1E, 0x1E, 0x14, 0x0C, 0x08, 0x08, 0x08, 0x08, 0x08, 0x08, 0x08, 0x08, 0x08, 0x08, 0x08, 0x08, 
0x08, 0x05, 0x00, 0x00, 0x01, 0x1C, 0x1C, 0x00, 0x00, 0x00, 0x00, 0x00, 0x00, 0x02, 0x08, 0x03, 
0x00, 0x00, 0x00, 0x00, 0x00, 0x00, 0x00, 0x00, 0x00, 0x00, 0x06, 0x08, 0x08, 0x08, 0x08, 0x08, 
0x08, 0x08, 0x08, 0x08, 0x08, 0x08, 0x08, 0x08, 0x08, 0x08, 0x08, 0x08, 0x08, 0x08, 0x08, 0x08, 
0x08, 0x08, 0x08, 0x08, 0x08, 0x08, 0x08, 0x08, 0x08, 0x08, 0x08, 0x08, 0x08, 0x08, 0x08, 0x08, 
0x08, 0x08, 0x08, 0x08, 0x08, 0x08, 0x08, 0x08, 0x08, 0x08, 0x08, 0x08, 0x08, 0x08, 0x08, 0x08, 
0x08, 0x08, 0x08, 0x08, 0x08, 0x08, 0x08, 0x08, 0x08, 0x08, 0x08, 0x08, 0x08, 0x08, 0x08, 0x08, 
0x08, 0x08, 0x08, 0x08, 0x08, 0x08, 0x08, 0x08, 0x08, 0x08, 0x08, 0x08, 0x08, 0x08, 0x08, 0x08, 
0x08, 0x08, 0x08, 0x08, 0x08, 0x08, 0x08, 0x08, 0x08, 0x08, 0x08, 0x08, 0x08, 0x08, 0x08, 0x08, 
0x08, 0x08, 0x08, 0x08, 0x08, 0x08, 0x08, 0x08, 0x08, 0x08, 0x08, 0x08, 0x08, 0x08, 0x08, 0x08, 
0x08, 0x08, 0x08, 0x08, 0x08, 0x08, 0x08, 0x08, 0x08, 0x08, 0x08, 0x08, 0x08, 0x08, 0x08, 0x08, 
0x08, 0x08, 0x08, 0x08, 0x08, 0x08, 0x08, 0x08, 0x08, 0x08, 0x08, 0x08, 0x08, 0x08, 0x08, 0x08, 
0x08, 0x08, 0x08, 0x08, 0x08, 0x08, 0x08, 0x08, 0x08, 0x08, 0x08, 0x08, 0x08, 0x08, 0x08, 0x08, 
0x08, 0x08, 0x08, 0x08, 0x08, 0x08, 0x08, 0x08, 0x08, 0x08, 0x08, 0x08, 0x08, 0x08, 0x08, 0x08, 
0x08, 0x08, 0x08, 0x08, 0x08, 0x08, 0x08, 0x08, 0x08, 0x08, 0x08, 0x08, 0x08, 0x08, 0x08, 0x08, 
0x08, 0x08, 0x08, 0x08, 0x08, 0x08, 0x08, 0x08, 0x08, 0x08, 0x08, 0x08, 0x08, 0x08, 0x08, 0x08, 
0x08, 0x08, 0x08, 0x08, 0x08, 0x08, 0x08, 0x08, 0x08, 0x08, 0x08, 0x08, 0x08, 0x08, 0x08, 0x08, 
0x08, 0x08, 0x08, 0x08, 0x08, 0x08, 0x08, 0x08, 0x08, 0x08, 0x08, 0x08, 0x08, 0x08, 0x08, 0x08, 
0x08, 0x08, 0x08, 0x08, 0x08, 0x08, 0x08, 0x08, 0x08, 0x08, 0x08, 0x08, 0x08, 0x08, 0x08, 0x08, 
0x08, 0x08, 0x08, 0x08, 0x08, 0x08, 0x08, 0x06, 0x06, 0x08, 0x08, 0x08, 0x1C, 0x1F, 0x1F, 0x1F, 
0x1D, 0x1D, 0x14, 0x09, 0x08, 0x08, 0x08, 0x08, 0x06, 0x08, 0x08, 0x08, 0x08, 0x08, 0x08, 0x08, 
0x08, 0x08, 0x02, 0x00, 0x00, 0x0E, 0x24, 0x0D, 0x00, 0x00, 0x00, 0x00, 0x00, 0x02, 0x08, 0x03, 
0x00, 0x00, 0x00, 0x00, 0x00, 0x02, 0x02, 0x00, 0x00, 0x00, 0x06, 0x08, 0x08, 0x08, 0x08, 0x08, 
0x08, 0x08, 0x08, 0x08, 0x08, 0x08, 0x08, 0x08, 0x08, 0x08, 0x08, 0x08, 0x08, 0x08, 0x08, 0x08, 
0x08, 0x08, 0x08, 0x08, 0x08, 0x08, 0x08, 0x08, 0x08, 0x08, 0x08, 0x08, 0x08, 0x08, 0x08, 0x08, 
0x08, 0x08, 0x08, 0x08, 0x08, 0x08, 0x08, 0x08, 0x08, 0x08, 0x08, 0x08, 0x08, 0x08, 0x08, 0x08, 
0x08, 0x08, 0x08, 0x08, 0x08, 0x08, 0x08, 0x08, 0x08, 0x08, 0x08, 0x08, 0x08, 0x08, 0x08, 0x08, 
0x08, 0x08, 0x08, 0x08, 0x08, 0x08, 0x08, 0x08, 0x08, 0x08, 0x08, 0x08, 0x08, 0x08, 0x08, 0x08, 
0x08, 0x08, 0x08, 0x08, 0x08, 0x08, 0x08, 0x08, 0x08, 0x08, 0x08, 0x08, 0x08, 0x08, 0x08, 0x08, 
0x08, 0x08, 0x08, 0x08, 0x08, 0x08, 0x08, 0x08, 0x08, 0x08, 0x08, 0x08, 0x08, 0x08, 0x08, 0x08, 
0x08, 0x08, 0x08, 0x08, 0x08, 0x08, 0x08, 0x08, 0x08, 0x08, 0x08, 0x08, 0x08, 0x08, 0x08, 0x08, 
0x08, 0x08, 0x08, 0x08, 0x08, 0x08, 0x08, 0x08, 0x08, 0x08, 0x08, 0x08, 0x08, 0x08, 0x08, 0x08, 
0x08, 0x08, 0x08, 0x08, 0x08, 0x08, 0x08, 0x08, 0x08, 0x08, 0x08, 0x08, 0x08, 0x08, 0x08, 0x08, 
0x08, 0x08, 0x08, 0x08, 0x08, 0x08, 0x08, 0x08, 0x08, 0x08, 0x08, 0x08, 0x08, 0x08, 0x08, 0x08, 
0x08, 0x08, 0x08, 0x08, 0x08, 0x08, 0x08, 0x08, 0x08, 0x08, 0x08, 0x08, 0x08, 0x08, 0x08, 0x08, 
0x08, 0x08, 0x08, 0x08, 0x08, 0x08, 0x08, 0x08, 0x08, 0x08, 0x08, 0x08, 0x08, 0x08, 0x08, 0x08, 
0x08, 0x08, 0x08, 0x08, 0x08, 0x08, 0x08, 0x08, 0x08, 0x08, 0x08, 0x08, 0x08, 0x08, 0x08, 0x08, 
0x08, 0x08, 0x08, 0x08, 0x08, 0x08, 0x08, 0x08, 0x08, 0x08, 0x08, 0x08, 0x08, 0x08, 0x08, 0x08, 
0x08, 0x08, 0x08, 0x08, 0x08, 0x08, 0x08, 0x08, 0x08, 0x08, 0x08, 0x08, 0x08, 0x06, 0x08, 0x08, 
0x08, 0x08, 0x08, 0x08, 0x08, 0x09, 0x0C, 0x0C, 0x08, 0x08, 0x08, 0x08, 0x1C, 0x1C, 0x1D, 0x1C, 
0x14, 0x14, 0x0E, 0x08, 0x08, 0x08, 0x08, 0x04, 0x00, 0x05, 0x08, 0x08, 0x08, 0x08, 0x08, 0x08, 
0x08, 0x08, 0x05, 0x00, 0x00, 0x00, 0x1C, 0x1C, 0x00, 0x00, 0x00, 0x00, 0x00, 0x02, 0x08, 0x03, 
0x00, 0x00, 0x02, 0x08, 0x08, 0x08, 0x08, 0x00, 0x00, 0x00, 0x06, 0x08, 0x08, 0x08, 0x08, 0x08, 
0x08, 0x08, 0x08, 0x08, 0x08, 0x08, 0x08, 0x08, 0x08, 0x08, 0x08, 0x08, 0x08, 0x08, 0x08, 0x08, 
0x08, 0x08, 0x08, 0x08, 0x08, 0x08, 0x08, 0x08, 0x08, 0x08, 0x08, 0x08, 0x08, 0x08, 0x08, 0x08, 
0x08, 0x08, 0x08, 0x08, 0x08, 0x08, 0x08, 0x08, 0x08, 0x08, 0x08, 0x08, 0x08, 0x08, 0x08, 0x08, 
0x08, 0x08, 0x08, 0x08, 0x08, 0x08, 0x08, 0x08, 0x08, 0x08, 0x08, 0x08, 0x08, 0x08, 0x08, 0x08, 
0x08, 0x08, 0x08, 0x08, 0x08, 0x08, 0x08, 0x08, 0x08, 0x08, 0x08, 0x08, 0x08, 0x08, 0x08, 0x08, 
0x08, 0x08, 0x08, 0x08, 0x08, 0x08, 0x08, 0x08, 0x08, 0x08, 0x08, 0x08, 0x08, 0x08, 0x08, 0x08, 
0x08, 0x08, 0x08, 0x08, 0x08, 0x08, 0x08, 0x08, 0x08, 0x08, 0x08, 0x08, 0x08, 0x08, 0x08, 0x08, 
0x08, 0x08, 0x08, 0x08, 0x08, 0x08, 0x08, 0x08, 0x08, 0x08, 0x08, 0x08, 0x08, 0x08, 0x08, 0x08, 
0x08, 0x08, 0x08, 0x08, 0x08, 0x08, 0x08, 0x08, 0x08, 0x08, 0x08, 0x08, 0x08, 0x08, 0x08, 0x08, 
0x08, 0x08, 0x08, 0x08, 0x08, 0x08, 0x08, 0x08, 0x08, 0x08, 0x08, 0x08, 0x08, 0x08, 0x08, 0x08, 
0x08, 0x08, 0x08, 0x08, 0x08, 0x08, 0x08, 0x08, 0x08, 0x08, 0x08, 0x08, 0x08, 0x08, 0x08, 0x08, 
0x08, 0x08, 0x08, 0x08, 0x08, 0x08, 0x08, 0x08, 0x08, 0x08, 0x08, 0x08, 0x08, 0x08, 0x08, 0x08, 
0x08, 0x08, 0x08, 0x08, 0x08, 0x08, 0x08, 0x08, 0x08, 0x08, 0x08, 0x08, 0x08, 0x08, 0x08, 0x08, 
0x08, 0x08, 0x08, 0x08, 0x08, 0x08, 0x08, 0x08, 0x08, 0x08, 0x08, 0x08, 0x08, 0x08, 0x08, 0x08, 
0x08, 0x08, 0x08, 0x08, 0x08, 0x08, 0x08, 0x08, 0x08, 0x08, 0x08, 0x08, 0x08, 0x08, 0x08, 0x08, 
0x08, 0x08, 0x08, 0x08, 0x08, 0x08, 0x08, 0x08, 0x08, 0x08, 0x08, 0x08, 0x08, 0x08, 0x08, 0x08, 
0x08, 0x08, 0x08, 0x08, 0x0D, 0x14, 0x1C, 0x14, 0x0E, 0x0C, 0x08, 0x08, 0x1C, 0x1C, 0x13, 0x03, 
0x00, 0x00, 0x00, 0x03, 0x04, 0x06, 0x04, 0x00, 0x00, 0x03, 0x08, 0x08, 0x08, 0x08, 0x08, 0x08, 
0x08, 0x08, 0x08, 0x00, 0x00, 0x00, 0x0E, 0x1E, 0x0D, 0x00, 0x00, 0x00, 0x00, 0x02, 0x08, 0x03, 
0x00, 0x00, 0x03, 0x08, 0x08, 0x08, 0x08, 0x00, 0x00, 0x00, 0x06, 0x08, 0x08, 0x08, 0x08, 0x08, 
0x08, 0x08, 0x08, 0x08, 0x08, 0x08, 0x08, 0x08, 0x08, 0x08, 0x08, 0x08, 0x08, 0x08, 0x08, 0x08, 
0x08, 0x08, 0x08, 0x08, 0x08, 0x08, 0x08, 0x08, 0x08, 0x08, 0x08, 0x08, 0x08, 0x08, 0x08, 0x08, 
0x08, 0x08, 0x08, 0x08, 0x08, 0x08, 0x08, 0x08, 0x08, 0x08, 0x08, 0x08, 0x08, 0x08, 0x08, 0x08, 
0x08, 0x08, 0x08, 0x08, 0x08, 0x08, 0x08, 0x08, 0x08, 0x08, 0x08, 0x08, 0x08, 0x08, 0x08, 0x08, 
0x08, 0x08, 0x08, 0x08, 0x08, 0x08, 0x08, 0x08, 0x08, 0x08, 0x08, 0x08, 0x08, 0x08, 0x08, 0x08, 
0x08, 0x08, 0x08, 0x08, 0x08, 0x08, 0x08, 0x08, 0x08, 0x08, 0x08, 0x08, 0x08, 0x08, 0x08, 0x08, 
0x08, 0x08, 0x08, 0x08, 0x08, 0x08, 0x08, 0x08, 0x08, 0x08, 0x08, 0x08, 0x08, 0x08, 0x08, 0x08, 
0x08, 0x08, 0x08, 0x08, 0x08, 0x08, 0x08, 0x08, 0x08, 0x08, 0x08, 0x08, 0x08, 0x08, 0x08, 0x08, 
0x08, 0x08, 0x08, 0x08, 0x08, 0x08, 0x08, 0x08, 0x08, 0x08, 0x08, 0x08, 0x08, 0x08, 0x08, 0x08, 
0x08, 0x08, 0x08, 0x08, 0x08, 0x08, 0x08, 0x08, 0x08, 0x08, 0x08, 0x08, 0x08, 0x08, 0x08, 0x08, 
0x08, 0x08, 0x08, 0x08, 0x08, 0x08, 0x08, 0x08, 0x08, 0x08, 0x08, 0x08, 0x08, 0x08, 0x08, 0x08, 
0x08, 0x08, 0x08, 0x08, 0x08, 0x08, 0x08, 0x08, 0x08, 0x08, 0x08, 0x08, 0x08, 0x08, 0x08, 0x08, 
0x08, 0x08, 0x08, 0x08, 0x08, 0x08, 0x08, 0x08, 0x08, 0x08, 0x08, 0x08, 0x08, 0x08, 0x08, 0x08, 
0x08, 0x08, 0x08, 0x08, 0x08, 0x08, 0x08, 0x08, 0x08, 0x08, 0x08, 0x08, 0x08, 0x08, 0x08, 0x08, 
0x08, 0x08, 0x08, 0x08, 0x08, 0x08, 0x08, 0x08, 0x08, 0x08, 0x08, 0x08, 0x08, 0x08, 0x08, 0x08, 
0x08, 0x08, 0x08, 0x08, 0x08, 0x08, 0x08, 0x08, 0x08, 0x08, 0x08, 0x08, 0x08, 0x08, 0x08, 0x08, 
0x08, 0x08, 0x08, 0x0B, 0x14, 0x1E, 0x1F, 0x1F, 0x1D, 0x0E, 0x0D, 0x0B, 0x14, 0x03, 0x00, 0x00, 
0x00, 0x00, 0x00, 0x00, 0x00, 0x00, 0x00, 0x00, 0x00, 0x00, 0x08, 0x08, 0x08, 0x08, 0x08, 0x08, 
0x08, 0x08, 0x08, 0x04, 0x00, 0x00, 0x00, 0x1C, 0x14, 0x00, 0x00, 0x00, 0x00, 0x02, 0x08, 0x03, 
0x00, 0x00, 0x02, 0x05, 0x05, 0x05, 0x06, 0x00, 0x00, 0x00, 0x06, 0x08, 0x08, 0x08, 0x08, 0x08, 
0x08, 0x08, 0x08, 0x08, 0x08, 0x08, 0x08, 0x08, 0x08, 0x08, 0x08, 0x08, 0x08, 0x08, 0x08, 0x08, 
0x08, 0x08, 0x08, 0x08, 0x08, 0x08, 0x08, 0x08, 0x08, 0x08, 0x08, 0x08, 0x08, 0x08, 0x08, 0x08, 
0x08, 0x08, 0x08, 0x08, 0x08, 0x08, 0x08, 0x08, 0x08, 0x08, 0x08, 0x08, 0x08, 0x08, 0x08, 0x08, 
0x08, 0x08, 0x08, 0x08, 0x08, 0x08, 0x08, 0x08, 0x08, 0x08, 0x08, 0x08, 0x08, 0x08, 0x08, 0x08, 
0x08, 0x08, 0x08, 0x08, 0x08, 0x08, 0x08, 0x08, 0x08, 0x08, 0x08, 0x08, 0x08, 0x08, 0x08, 0x08, 
0x08, 0x08, 0x08, 0x08, 0x08, 0x08, 0x08, 0x08, 0x08, 0x08, 0x08, 0x08, 0x08, 0x08, 0x08, 0x08, 
0x08, 0x08, 0x08, 0x08, 0x08, 0x08, 0x08, 0x08, 0x08, 0x08, 0x08, 0x08, 0x08, 0x08, 0x08, 0x08, 
0x08, 0x08, 0x08, 0x08, 0x08, 0x08, 0x08, 0x08, 0x08, 0x08, 0x08, 0x08, 0x08, 0x08, 0x08, 0x08, 
0x08, 0x08, 0x08, 0x08, 0x08, 0x08, 0x08, 0x08, 0x08, 0x08, 0x08, 0x08, 0x08, 0x08, 0x08, 0x08, 
0x08, 0x08, 0x08, 0x08, 0x08, 0x08, 0x08, 0x08, 0x08, 0x08, 0x08, 0x08, 0x08, 0x08, 0x08, 0x08, 
0x08, 0x08, 0x08, 0x08, 0x08, 0x08, 0x08, 0x08, 0x08, 0x08, 0x08, 0x08, 0x08, 0x08, 0x08, 0x08, 
0x08, 0x08, 0x08, 0x08, 0x08, 0x08, 0x08, 0x08, 0x08, 0x08, 0x08, 0x08, 0x08, 0x08, 0x08, 0x08, 
0x08, 0x08, 0x08, 0x08, 0x08, 0x08, 0x08, 0x08, 0x08, 0x08, 0x08, 0x08, 0x08, 0x08, 0x08, 0x08, 
0x08, 0x08, 0x08, 0x08, 0x08, 0x08, 0x08, 0x08, 0x08, 0x08, 0x08, 0x08, 0x08, 0x08, 0x08, 0x08, 
0x08, 0x08, 0x08, 0x08, 0x08, 0x08, 0x08, 0x08, 0x08, 0x08, 0x08, 0x08, 0x08, 0x08, 0x08, 0x08, 
0x08, 0x08, 0x08, 0x08, 0x08, 0x08, 0x08, 0x08, 0x08, 0x08, 0x08, 0x08, 0x08, 0x08, 0x08, 0x08, 
0x08, 0x08, 0x08, 0x0B, 0x14, 0x14, 0x24, 0x22, 0x1F, 0x1E, 0x1D, 0x14, 0x03, 0x00, 0x00, 0x00, 
0x04, 0x04, 0x04, 0x03, 0x00, 0x00, 0x00, 0x00, 0x00, 0x00, 0x04, 0x05, 0x05, 0x06, 0x08, 0x08, 
0x08, 0x08, 0x08, 0x08, 0x00, 0x00, 0x00, 0x13, 0x24, 0x03, 0x00, 0x00, 0x00, 0x02, 0x08, 0x03, 
0x00, 0x00, 0x00, 0x00, 0x00, 0x00, 0x00, 0x00, 0x00, 0x00, 0x06, 0x08, 0x08, 0x08, 0x08, 0x08, 
0x08, 0x08, 0x08, 0x08, 0x08, 0x08, 0x08, 0x08, 0x08, 0x08, 0x08, 0x08, 0x08, 0x08, 0x08, 0x08, 
0x08, 0x08, 0x08, 0x08, 0x08, 0x08, 0x08, 0x08, 0x08, 0x08, 0x08, 0x08, 0x08, 0x08, 0x08, 0x08, 
0x08, 0x08, 0x08, 0x08, 0x08, 0x08, 0x08, 0x08, 0x08, 0x08, 0x08, 0x08, 0x08, 0x08, 0x08, 0x08, 
0x08, 0x08, 0x08, 0x08, 0x08, 0x08, 0x08, 0x08, 0x08, 0x08, 0x08, 0x08, 0x08, 0x08, 0x08, 0x08, 
0x08, 0x08, 0x08, 0x08, 0x08, 0x08, 0x08, 0x08, 0x08, 0x08, 0x08, 0x08, 0x08, 0x08, 0x08, 0x08, 
0x08, 0x08, 0x08, 0x08, 0x08, 0x08, 0x08, 0x08, 0x08, 0x08, 0x08, 0x08, 0x08, 0x08, 0x08, 0x08, 
0x08, 0x08, 0x08, 0x08, 0x08, 0x08, 0x08, 0x08, 0x08, 0x08, 0x08, 0x08, 0x08, 0x08, 0x08, 0x08, 
0x08, 0x08, 0x08, 0x08, 0x08, 0x08, 0x08, 0x08, 0x08, 0x08, 0x08, 0x08, 0x08, 0x08, 0x08, 0x08, 
0x08, 0x08, 0x08, 0x08, 0x08, 0x08, 0x08, 0x08, 0x08, 0x08, 0x08, 0x08, 0x08, 0x08, 0x08, 0x08, 
0x08, 0x08, 0x08, 0x08, 0x08, 0x08, 0x08, 0x08, 0x08, 0x08, 0x08, 0x08, 0x08, 0x08, 0x08, 0x08, 
0x08, 0x08, 0x08, 0x08, 0x08, 0x08, 0x08, 0x08, 0x08, 0x08, 0x08, 0x08, 0x08, 0x08, 0x08, 0x08, 
0x08, 0x08, 0x08, 0x08, 0x08, 0x08, 0x08, 0x08, 0x08, 0x08, 0x08, 0x08, 0x08, 0x08, 0x08, 0x08, 
0x08, 0x08, 0x08, 0x08, 0x08, 0x08, 0x08, 0x08, 0x08, 0x08, 0x08, 0x08, 0x08, 0x08, 0x08, 0x08, 
0x08, 0x08, 0x08, 0x08, 0x08, 0x08, 0x08, 0x08, 0x08, 0x08, 0x08, 0x08, 0x08, 0x08, 0x08, 0x08, 
0x08, 0x08, 0x08, 0x08, 0x08, 0x08, 0x08, 0x08, 0x08, 0x08, 0x08, 0x08, 0x08, 0x08, 0x08, 0x08, 
0x08, 0x08, 0x08, 0x08, 0x08, 0x08, 0x08, 0x08, 0x08, 0x08, 0x08, 0x08, 0x08, 0x08, 0x08, 0x05, 
0x08, 0x08, 0x08, 0x0B, 0x14, 0x1C, 0x24, 0x21, 0x21, 0x21, 0x21, 0x1C, 0x00, 0x00, 0x02, 0x08, 
0x08, 0x05, 0x03, 0x04, 0x05, 0x02, 0x00, 0x00, 0x00, 0x00, 0x00, 0x00, 0x00, 0x04, 0x08, 0x08, 
0x08, 0x08, 0x08, 0x08, 0x04, 0x00, 0x00, 0x00, 0x1C, 0x14, 0x00, 0x00, 0x00, 0x00, 0x08, 0x03, 
0x00, 0x00, 0x00, 0x00, 0x00, 0x00, 0x00, 0x00, 0x00, 0x00, 0x06, 0x08, 0x08, 0x08, 0x08, 0x08, 
0x08, 0x08, 0x08, 0x08, 0x08, 0x08, 0x08, 0x08, 0x08, 0x08, 0x08, 0x08, 0x08, 0x08, 0x08, 0x08, 
0x08, 0x08, 0x08, 0x08, 0x08, 0x08, 0x08, 0x08, 0x08, 0x08, 0x08, 0x08, 0x08, 0x08, 0x08, 0x08, 
0x08, 0x08, 0x08, 0x08, 0x08, 0x08, 0x08, 0x08, 0x08, 0x08, 0x08, 0x08, 0x08, 0x08, 0x08, 0x08, 
0x08, 0x08, 0x08, 0x08, 0x08, 0x08, 0x08, 0x08, 0x08, 0x08, 0x08, 0x08, 0x08, 0x08, 0x08, 0x08, 
0x08, 0x08, 0x08, 0x08, 0x08, 0x08, 0x08, 0x08, 0x08, 0x08, 0x08, 0x08, 0x08, 0x08, 0x08, 0x08, 
0x08, 0x08, 0x08, 0x08, 0x08, 0x08, 0x08, 0x08, 0x08, 0x08, 0x08, 0x08, 0x08, 0x08, 0x08, 0x08, 
0x08, 0x08, 0x08, 0x08, 0x08, 0x08, 0x08, 0x08, 0x08, 0x08, 0x08, 0x08, 0x08, 0x08, 0x08, 0x08, 
0x08, 0x08, 0x08, 0x08, 0x08, 0x08, 0x08, 0x08, 0x08, 0x08, 0x08, 0x08, 0x08, 0x08, 0x08, 0x08, 
0x08, 0x08, 0x08, 0x08, 0x08, 0x08, 0x08, 0x08, 0x08, 0x08, 0x08, 0x08, 0x08, 0x08, 0x08, 0x08, 
0x08, 0x08, 0x08, 0x08, 0x08, 0x08, 0x08, 0x08, 0x08, 0x08, 0x08, 0x08, 0x08, 0x08, 0x08, 0x08, 
0x08, 0x08, 0x08, 0x08, 0x08, 0x08, 0x08, 0x08, 0x08, 0x08, 0x08, 0x08, 0x08, 0x08, 0x08, 0x08, 
0x08, 0x08, 0x08, 0x08, 0x08, 0x08, 0x08, 0x08, 0x08, 0x08, 0x08, 0x08, 0x08, 0x08, 0x08, 0x08, 
0x08, 0x08, 0x08, 0x08, 0x08, 0x08, 0x08, 0x08, 0x08, 0x08, 0x08, 0x08, 0x08, 0x08, 0x08, 0x08, 
0x08, 0x08, 0x08, 0x08, 0x08, 0x08, 0x08, 0x08, 0x08, 0x08, 0x08, 0x08, 0x08, 0x08, 0x08, 0x08, 
0x08, 0x08, 0x08, 0x08, 0x08, 0x08, 0x08, 0x08, 0x08, 0x08, 0x08, 0x08, 0x08, 0x08, 0x08, 0x08, 
0x08, 0x08, 0x08, 0x08, 0x08, 0x08, 0x08, 0x08, 0x08, 0x08, 0x08, 0x08, 0x08, 0x08, 0x05, 0x00, 
0x03, 0x08, 0x08, 0x0B, 0x13, 0x14, 0x1C, 0x1C, 0x1E, 0x1F, 0x1F, 0x14, 0x00, 0x00, 0x05, 0x08, 
0x05, 0x00, 0x00, 0x00, 0x04, 0x06, 0x00, 0x00, 0x00, 0x00, 0x00, 0x00, 0x00, 0x04, 0x08, 0x08, 
0x08, 0x08, 0x08, 0x08, 0x08, 0x02, 0x00, 0x00, 0x13, 0x24, 0x0D, 0x00, 0x00, 0x00, 0x06, 0x03, 
0x00, 0x00, 0x00, 0x00, 0x00, 0x00, 0x00, 0x00, 0x00, 0x00, 0x06, 0x08, 0x08, 0x08, 0x08, 0x08, 
0x08, 0x08, 0x08, 0x08, 0x08, 0x08, 0x08, 0x08, 0x08, 0x08, 0x08, 0x08, 0x08, 0x08, 0x08, 0x08, 
0x08, 0x08, 0x08, 0x08, 0x08, 0x08, 0x08, 0x08, 0x08, 0x08, 0x08, 0x08, 0x08, 0x08, 0x08, 0x08, 
0x08, 0x08, 0x08, 0x08, 0x08, 0x08, 0x08, 0x08, 0x08, 0x08, 0x08, 0x08, 0x08, 0x08, 0x08, 0x08, 
0x08, 0x08, 0x08, 0x08, 0x08, 0x08, 0x08, 0x08, 0x08, 0x08, 0x08, 0x08, 0x08, 0x08, 0x08, 0x08, 
0x08, 0x08, 0x08, 0x08, 0x08, 0x08, 0x08, 0x08, 0x08, 0x08, 0x08, 0x08, 0x08, 0x08, 0x08, 0x08, 
0x08, 0x08, 0x08, 0x08, 0x08, 0x08, 0x08, 0x08, 0x08, 0x08, 0x08, 0x08, 0x08, 0x08, 0x08, 0x08, 
0x08, 0x08, 0x08, 0x08, 0x08, 0x08, 0x08, 0x08, 0x08, 0x08, 0x08, 0x08, 0x08, 0x08, 0x08, 0x08, 
0x08, 0x08, 0x08, 0x08, 0x08, 0x08, 0x08, 0x08, 0x08, 0x08, 0x08, 0x08, 0x08, 0x08, 0x08, 0x08, 
0x08, 0x08, 0x08, 0x08, 0x08, 0x08, 0x08, 0x08, 0x08, 0x08, 0x08, 0x08, 0x08, 0x08, 0x08, 0x08, 
0x08, 0x08, 0x08, 0x08, 0x08, 0x08, 0x08, 0x08, 0x08, 0x08, 0x08, 0x08, 0x08, 0x08, 0x08, 0x08, 
0x08, 0x08, 0x08, 0x08, 0x08, 0x08, 0x08, 0x08, 0x08, 0x08, 0x08, 0x08, 0x08, 0x08, 0x08, 0x08, 
0x08, 0x08, 0x08, 0x08, 0x08, 0x08, 0x08, 0x08, 0x08, 0x08, 0x08, 0x08, 0x08, 0x08, 0x08, 0x08, 
0x08, 0x08, 0x08, 0x08, 0x08, 0x08, 0x08, 0x08, 0x08, 0x08, 0x08, 0x08, 0x08, 0x08, 0x08, 0x08, 
0x08, 0x08, 0x08, 0x08, 0x08, 0x08, 0x08, 0x08, 0x08, 0x08, 0x08, 0x08, 0x08, 0x08, 0x08, 0x08, 
0x08, 0x08, 0x08, 0x08, 0x08, 0x08, 0x08, 0x08, 0x08, 0x08, 0x08, 0x08, 0x08, 0x08, 0x08, 0x08, 
0x08, 0x08, 0x08, 0x08, 0x08, 0x08, 0x08, 0x08, 0x08, 0x08, 0x08, 0x08, 0x08, 0x08, 0x03, 0x00, 
0x00, 0x05, 0x06, 0x04, 0x03, 0x01, 0x01, 0x0D, 0x13, 0x1C, 0x1E, 0x1C, 0x00, 0x00, 0x06, 0x08, 
0x02, 0x00, 0x00, 0x00, 0x00, 0x06, 0x06, 0x00, 0x00, 0x00, 0x00, 0x00, 0x0E, 0x13, 0x0C, 0x08, 
0x08, 0x08, 0x08, 0x08, 0x08, 0x05, 0x00, 0x00, 0x01, 0x24, 0x14, 0x00, 0x00, 0x00, 0x04, 0x03, 
0x00, 0x00, 0x00, 0x04, 0x04, 0x04, 0x04, 0x00, 0x00, 0x00, 0x06, 0x08, 0x08, 0x08, 0x08, 0x08, 
0x08, 0x08, 0x08, 0x08, 0x08, 0x08, 0x08, 0x08, 0x08, 0x08, 0x08, 0x08, 0x08, 0x08, 0x08, 0x08, 
0x08, 0x08, 0x08, 0x08, 0x08, 0x08, 0x08, 0x08, 0x08, 0x08, 0x08, 0x08, 0x08, 0x08, 0x08, 0x08, 
0x08, 0x08, 0x08, 0x08, 0x08, 0x08, 0x08, 0x08, 0x08, 0x08, 0x08, 0x08, 0x08, 0x08, 0x08, 0x08, 
0x08, 0x08, 0x08, 0x08, 0x08, 0x08, 0x08, 0x08, 0x08, 0x08, 0x08, 0x08, 0x08, 0x08, 0x08, 0x08, 
0x08, 0x08, 0x08, 0x08, 0x08, 0x08, 0x08, 0x08, 0x08, 0x08, 0x08, 0x08, 0x08, 0x08, 0x08, 0x08, 
0x08, 0x08, 0x08, 0x08, 0x08, 0x08, 0x08, 0x08, 0x08, 0x08, 0x08, 0x08, 0x08, 0x08, 0x08, 0x08, 
0x08, 0x08, 0x08, 0x08, 0x08, 0x08, 0x08, 0x08, 0x08, 0x08, 0x08, 0x08, 0x08, 0x08, 0x08, 0x08, 
0x08, 0x08, 0x08, 0x08, 0x08, 0x08, 0x08, 0x08, 0x08, 0x08, 0x08, 0x08, 0x08, 0x08, 0x08, 0x08, 
0x08, 0x08, 0x08, 0x08, 0x08, 0x08, 0x08, 0x08, 0x08, 0x08, 0x08, 0x08, 0x08, 0x08, 0x08, 0x08, 
0x08, 0x08, 0x08, 0x08, 0x08, 0x08, 0x08, 0x08, 0x08, 0x08, 0x08, 0x08, 0x08, 0x08, 0x08, 0x08, 
0x08, 0x08, 0x08, 0x08, 0x08, 0x08, 0x08, 0x08, 0x08, 0x08, 0x08, 0x08, 0x08, 0x08, 0x08, 0x08, 
0x08, 0x08, 0x08, 0x08, 0x08, 0x08, 0x08, 0x08, 0x08, 0x08, 0x08, 0x08, 0x08, 0x08, 0x08, 0x08, 
0x08, 0x08, 0x08, 0x08, 0x08, 0x08, 0x08, 0x08, 0x08, 0x08, 0x08, 0x08, 0x08, 0x08, 0x08, 0x08, 
0x08, 0x08, 0x08, 0x08, 0x08, 0x08, 0x08, 0x08, 0x08, 0x08, 0x08, 0x08, 0x08, 0x08, 0x08, 0x08, 
0x08, 0x08, 0x08, 0x08, 0x08, 0x08, 0x08, 0x08, 0x08, 0x08, 0x08, 0x08, 0x08, 0x08, 0x08, 0x08, 
0x08, 0x08, 0x08, 0x08, 0x08, 0x08, 0x08, 0x08, 0x08, 0x08, 0x08, 0x08, 0x08, 0x08, 0x00, 0x00, 
0x00, 0x00, 0x00, 0x00, 0x00, 0x00, 0x00, 0x00, 0x00, 0x03, 0x13, 0x14, 0x00, 0x00, 0x08, 0x08, 
0x02, 0x00, 0x00, 0x00, 0x00, 0x03, 0x08, 0x06, 0x00, 0x00, 0x00, 0x00, 0x13, 0x14, 0x0C, 0x08, 
0x08, 0x08, 0x08, 0x08, 0x08, 0x08, 0x02, 0x00, 0x00, 0x13, 0x24, 0x0D, 0x00, 0x00, 0x00, 0x03, 
0x00, 0x00, 0x00, 0x06, 0x08, 0x08, 0x08, 0x00, 0x00, 0x00, 0x06, 0x08, 0x08, 0x08, 0x08, 0x08, 
0x08, 0x08, 0x08, 0x08, 0x08, 0x08, 0x08, 0x08, 0x08, 0x08, 0x08, 0x08, 0x08, 0x08, 0x08, 0x08, 
0x08, 0x08, 0x08, 0x08, 0x08, 0x08, 0x08, 0x08, 0x08, 0x08, 0x08, 0x08, 0x08, 0x08, 0x08, 0x08, 
0x08, 0x08, 0x08, 0x08, 0x08, 0x08, 0x08, 0x08, 0x08, 0x08, 0x08, 0x08, 0x08, 0x08, 0x08, 0x08, 
0x08, 0x08, 0x08, 0x08, 0x08, 0x08, 0x08, 0x08, 0x08, 0x08, 0x08, 0x08, 0x08, 0x08, 0x08, 0x08, 
0x08, 0x08, 0x08, 0x08, 0x08, 0x08, 0x08, 0x08, 0x08, 0x08, 0x08, 0x08, 0x08, 0x08, 0x08, 0x08, 
0x08, 0x08, 0x08, 0x08, 0x08, 0x08, 0x08, 0x08, 0x08, 0x08, 0x08, 0x08, 0x08, 0x08, 0x08, 0x08, 
0x08, 0x08, 0x08, 0x08, 0x08, 0x08, 0x08, 0x08, 0x08, 0x08, 0x08, 0x08, 0x08, 0x08, 0x08, 0x08, 
0x08, 0x08, 0x08, 0x08, 0x08, 0x08, 0x08, 0x08, 0x08, 0x08, 0x08, 0x08, 0x08, 0x08, 0x08, 0x08, 
0x08, 0x08, 0x08, 0x08, 0x08, 0x08, 0x08, 0x08, 0x08, 0x08, 0x08, 0x08, 0x08, 0x08, 0x08, 0x08, 
0x08, 0x08, 0x08, 0x08, 0x08, 0x08, 0x08, 0x08, 0x08, 0x08, 0x08, 0x08, 0x08, 0x08, 0x08, 0x08, 
0x08, 0x08, 0x08, 0x08, 0x08, 0x08, 0x08, 0x08, 0x08, 0x08, 0x08, 0x08, 0x08, 0x08, 0x08, 0x08, 
0x08, 0x08, 0x08, 0x08, 0x08, 0x08, 0x08, 0x08, 0x08, 0x08, 0x08, 0x08, 0x08, 0x08, 0x08, 0x08, 
0x08, 0x08, 0x08, 0x08, 0x08, 0x08, 0x08, 0x08, 0x08, 0x08, 0x08, 0x08, 0x08, 0x08, 0x08, 0x08, 
0x08, 0x08, 0x08, 0x08, 0x08, 0x08, 0x08, 0x08, 0x08, 0x08, 0x08, 0x08, 0x08, 0x08, 0x08, 0x08, 
0x08, 0x08, 0x08, 0x08, 0x08, 0x08, 0x08, 0x08, 0x08, 0x08, 0x08, 0x08, 0x08, 0x08, 0x08, 0x08, 
0x08, 0x08, 0x08, 0x08, 0x08, 0x08, 0x08, 0x08, 0x08, 0x08, 0x03, 0x03, 0x04, 0x04, 0x00, 0x00, 
0x00, 0x00, 0x00, 0x00, 0x00, 0x04, 0x04, 0x02, 0x00, 0x00, 0x01, 0x13, 0x00, 0x00, 0x08, 0x08, 
0x04, 0x00, 0x00, 0x00, 0x00, 0x04, 0x08, 0x08, 0x06, 0x00, 0x00, 0x00, 0x0E, 0x13, 0x0C, 0x08, 
0x08, 0x08, 0x08, 0x08, 0x08, 0x08, 0x05, 0x00, 0x00, 0x03, 0x24, 0x14, 0x00, 0x00, 0x00, 0x00, 
0x00, 0x00, 0x00, 0x00, 0x03, 0x04, 0x06, 0x00, 0x00, 0x00, 0x06, 0x08, 0x08, 0x08, 0x08, 0x08, 
0x08, 0x08, 0x08, 0x08, 0x08, 0x08, 0x08, 0x08, 0x08, 0x08, 0x08, 0x08, 0x08, 0x08, 0x08, 0x08, 
0x08, 0x08, 0x08, 0x08, 0x08, 0x08, 0x08, 0x08, 0x08, 0x08, 0x08, 0x08, 0x08, 0x08, 0x08, 0x08, 
0x08, 0x08, 0x08, 0x08, 0x08, 0x08, 0x08, 0x08, 0x08, 0x08, 0x08, 0x08, 0x08, 0x08, 0x08, 0x08, 
0x08, 0x08, 0x08, 0x08, 0x08, 0x08, 0x08, 0x08, 0x08, 0x08, 0x08, 0x08, 0x08, 0x08, 0x08, 0x08, 
0x08, 0x08, 0x08, 0x08, 0x08, 0x08, 0x08, 0x08, 0x08, 0x08, 0x08, 0x08, 0x08, 0x08, 0x08, 0x08, 
0x08, 0x08, 0x08, 0x08, 0x08, 0x08, 0x08, 0x08, 0x08, 0x08, 0x08, 0x08, 0x08, 0x08, 0x08, 0x08, 
0x08, 0x08, 0x08, 0x08, 0x08, 0x08, 0x08, 0x08, 0x08, 0x08, 0x08, 0x08, 0x08, 0x08, 0x08, 0x08, 
0x08, 0x08, 0x08, 0x08, 0x08, 0x08, 0x08, 0x08, 0x08, 0x08, 0x08, 0x08, 0x08, 0x08, 0x08, 0x08, 
0x08, 0x08, 0x08, 0x08, 0x08, 0x08, 0x08, 0x08, 0x08, 0x08, 0x08, 0x08, 0x08, 0x08, 0x08, 0x08, 
0x08, 0x08, 0x08, 0x08, 0x08, 0x08, 0x08, 0x08, 0x08, 0x08, 0x08, 0x08, 0x08, 0x08, 0x08, 0x08, 
0x08, 0x08, 0x08, 0x08, 0x08, 0x08, 0x08, 0x08, 0x08, 0x08, 0x08, 0x08, 0x08, 0x08, 0x08, 0x08, 
0x08, 0x08, 0x08, 0x08, 0x08, 0x08, 0x08, 0x08, 0x08, 0x08, 0x08, 0x08, 0x08, 0x08, 0x08, 0x08, 
0x08, 0x08, 0x08, 0x08, 0x08, 0x08, 0x08, 0x08, 0x08, 0x08, 0x08, 0x08, 0x08, 0x08, 0x08, 0x08, 
0x08, 0x08, 0x08, 0x08, 0x08, 0x08, 0x08, 0x08, 0x08, 0x08, 0x08, 0x08, 0x08, 0x08, 0x08, 0x08, 
0x08, 0x08, 0x08, 0x08, 0x08, 0x08, 0x08, 0x08, 0x08, 0x08, 0x08, 0x08, 0x08, 0x08, 0x08, 0x08, 
0x08, 0x08, 0x08, 0x08, 0x08, 0x08, 0x08, 0x08, 0x08, 0x08, 0x00, 0x00, 0x00, 0x00, 0x00, 0x00, 
0x00, 0x00, 0x02, 0x05, 0x08, 0x06, 0x06, 0x08, 0x04, 0x00, 0x00, 0x03, 0x00, 0x00, 0x06, 0x08, 
0x08, 0x02, 0x00, 0x00, 0x00, 0x05, 0x08, 0x08, 0x08, 0x04, 0x00, 0x00, 0x00, 0x0B, 0x08, 0x08, 
0x08, 0x08, 0x08, 0x08, 0x08, 0x08, 0x08, 0x00, 0x00, 0x00, 0x13, 0x24, 0x01, 0x00, 0x00, 0x00, 
0x00, 0x00, 0x00, 0x00, 0x00, 0x00, 0x00, 0x00, 0x00, 0x00, 0x06, 0x08, 0x08, 0x08, 0x08, 0x08, 
0x08, 0x08, 0x08, 0x08, 0x08, 0x08, 0x08, 0x08, 0x08, 0x08, 0x08, 0x08, 0x08, 0x08, 0x08, 0x08, 
0x08, 0x08, 0x08, 0x08, 0x08, 0x08, 0x08, 0x08, 0x08, 0x08, 0x08, 0x08, 0x08, 0x08, 0x08, 0x08, 
0x08, 0x08, 0x08, 0x08, 0x08, 0x08, 0x08, 0x08, 0x08, 0x08, 0x08, 0x08, 0x08, 0x08, 0x08, 0x08, 
0x08, 0x08, 0x08, 0x08, 0x08, 0x08, 0x08, 0x08, 0x08, 0x08, 0x08, 0x08, 0x08, 0x08, 0x08, 0x08, 
0x08, 0x08, 0x08, 0x08, 0x08, 0x08, 0x08, 0x08, 0x08, 0x08, 0x08, 0x08, 0x08, 0x08, 0x08, 0x08, 
0x08, 0x08, 0x08, 0x08, 0x08, 0x08, 0x08, 0x08, 0x08, 0x08, 0x08, 0x08, 0x08, 0x08, 0x08, 0x08, 
0x08, 0x08, 0x08, 0x08, 0x08, 0x08, 0x08, 0x08, 0x08, 0x08, 0x08, 0x08, 0x08, 0x08, 0x08, 0x08, 
0x08, 0x08, 0x08, 0x08, 0x08, 0x08, 0x08, 0x08, 0x08, 0x08, 0x08, 0x08, 0x08, 0x08, 0x08, 0x08, 
0x08, 0x08, 0x08, 0x08, 0x08, 0x08, 0x08, 0x08, 0x08, 0x08, 0x08, 0x08, 0x08, 0x08, 0x08, 0x08, 
0x08, 0x08, 0x08, 0x08, 0x08, 0x08, 0x08, 0x08, 0x08, 0x08, 0x08, 0x08, 0x08, 0x08, 0x08, 0x08, 
0x08, 0x08, 0x08, 0x08, 0x08, 0x08, 0x08, 0x08, 0x08, 0x08, 0x08, 0x08, 0x08, 0x08, 0x08, 0x08, 
0x08, 0x08, 0x08, 0x08, 0x08, 0x08, 0x08, 0x08, 0x08, 0x08, 0x08, 0x08, 0x08, 0x08, 0x08, 0x08, 
0x08, 0x08, 0x08, 0x08, 0x08, 0x08, 0x08, 0x08, 0x08, 0x08, 0x08, 0x08, 0x08, 0x08, 0x08, 0x08, 
0x08, 0x08, 0x08, 0x08, 0x08, 0x08, 0x08, 0x08, 0x08, 0x08, 0x08, 0x08, 0x08, 0x08, 0x08, 0x08, 
0x08, 0x08, 0x08, 0x08, 0x08, 0x08, 0x08, 0x08, 0x08, 0x08, 0x08, 0x08, 0x08, 0x08, 0x08, 0x08, 
0x08, 0x08, 0x08, 0x08, 0x08, 0x08, 0x08, 0x08, 0x08, 0x0C, 0x0D, 0x00, 0x00, 0x00, 0x00, 0x00, 
0x00, 0x03, 0x06, 0x05, 0x00, 0x00, 0x00, 0x08, 0x08, 0x02, 0x00, 0x00, 0x00, 0x00, 0x05, 0x08, 
0x08, 0x08, 0x05, 0x04, 0x05, 0x08, 0x08, 0x08, 0x08, 0x08, 0x03, 0x00, 0x00, 0x03, 0x08, 0x08, 
0x08, 0x08, 0x08, 0x08, 0x08, 0x08, 0x08, 0x04, 0x00, 0x00, 0x00, 0x1C, 0x13, 0x00, 0x00, 0x00, 
0x00, 0x00, 0x00, 0x00, 0x00, 0x00, 0x00, 0x00, 0x00, 0x02, 0x08, 0x08, 0x08, 0x08, 0x08, 0x08, 
0x08, 0x08, 0x08, 0x08, 0x08, 0x08, 0x08, 0x08, 0x08, 0x08, 0x08, 0x08, 0x08, 0x08, 0x08, 0x08, 
0x08, 0x08, 0x08, 0x08, 0x08, 0x08, 0x08, 0x08, 0x08, 0x08, 0x08, 0x08, 0x08, 0x08, 0x08, 0x08, 
0x08, 0x08, 0x08, 0x08, 0x08, 0x08, 0x08, 0x08, 0x08, 0x08, 0x08, 0x08, 0x08, 0x08, 0x08, 0x08, 
0x08, 0x08, 0x08, 0x08, 0x08, 0x08, 0x08, 0x08, 0x08, 0x08, 0x08, 0x08, 0x08, 0x08, 0x08, 0x08, 
0x08, 0x08, 0x08, 0x08, 0x08, 0x08, 0x08, 0x08, 0x08, 0x08, 0x08, 0x08, 0x08, 0x08, 0x08, 0x08, 
0x08, 0x08, 0x08, 0x08, 0x08, 0x08, 0x08, 0x08, 0x08, 0x08, 0x08, 0x08, 0x08, 0x08, 0x08, 0x08, 
0x08, 0x08, 0x08, 0x08, 0x08, 0x08, 0x08, 0x08, 0x08, 0x08, 0x08, 0x08, 0x08, 0x08, 0x08, 0x08, 
0x08, 0x08, 0x08, 0x08, 0x08, 0x08, 0x08, 0x08, 0x08, 0x08, 0x08, 0x08, 0x08, 0x08, 0x08, 0x08, 
0x08, 0x08, 0x08, 0x08, 0x08, 0x08, 0x08, 0x08, 0x08, 0x08, 0x08, 0x08, 0x08, 0x08, 0x08, 0x08, 
0x08, 0x08, 0x08, 0x08, 0x08, 0x08, 0x08, 0x08, 0x08, 0x08, 0x08, 0x08, 0x08, 0x08, 0x08, 0x08, 
0x08, 0x08, 0x08, 0x08, 0x08, 0x08, 0x08, 0x08, 0x08, 0x08, 0x08, 0x08, 0x08, 0x08, 0x08, 0x08, 
0x08, 0x08, 0x08, 0x08, 0x08, 0x08, 0x08, 0x08, 0x08, 0x08, 0x08, 0x08, 0x08, 0x08, 0x08, 0x08, 
0x08, 0x08, 0x08, 0x08, 0x08, 0x08, 0x08, 0x08, 0x08, 0x08, 0x08, 0x08, 0x08, 0x08, 0x08, 0x08, 
0x08, 0x08, 0x08, 0x08, 0x08, 0x08, 0x08, 0x08, 0x08, 0x08, 0x08, 0x08, 0x08, 0x08, 0x08, 0x08, 
0x08, 0x08, 0x08, 0x08, 0x08, 0x08, 0x08, 0x08, 0x08, 0x08, 0x08, 0x08, 0x08, 0x08, 0x08, 0x08, 
0x08, 0x08, 0x08, 0x08, 0x08, 0x08, 0x08, 0x08, 0x0D, 0x13, 0x14, 0x0E, 0x00, 0x00, 0x00, 0x00, 
0x03, 0x08, 0x04, 0x00, 0x00, 0x00, 0x00, 0x04, 0x08, 0x04, 0x00, 0x00, 0x00, 0x00, 0x04, 0x08, 
0x08, 0x08, 0x08, 0x08, 0x08, 0x08, 0x08, 0x08, 0x08, 0x08, 0x08, 0x02, 0x00, 0x00, 0x05, 0x08, 
0x08, 0x08, 0x08, 0x08, 0x08, 0x08, 0x08, 0x08, 0x00, 0x00, 0x00, 0x13, 0x24, 0x03, 0x00, 0x00, 
0x00, 0x00, 0x00, 0x02, 0x00, 0x00, 0x00, 0x00, 0x00, 0x02, 0x08, 0x08, 0x08, 0x08, 0x08, 0x08, 
0x08, 0x08, 0x08, 0x08, 0x08, 0x08, 0x08, 0x08, 0x08, 0x08, 0x08, 0x08, 0x08, 0x08, 0x08, 0x08, 
0x08, 0x08, 0x08, 0x08, 0x08, 0x08, 0x08, 0x08, 0x08, 0x08, 0x08, 0x08, 0x08, 0x08, 0x08, 0x08, 
0x08, 0x08, 0x08, 0x08, 0x08, 0x08, 0x08, 0x08, 0x08, 0x08, 0x08, 0x08, 0x08, 0x08, 0x08, 0x08, 
0x08, 0x08, 0x08, 0x08, 0x08, 0x08, 0x08, 0x08, 0x08, 0x08, 0x08, 0x08, 0x08, 0x08, 0x08, 0x08, 
0x08, 0x08, 0x08, 0x08, 0x08, 0x08, 0x08, 0x08, 0x08, 0x08, 0x08, 0x08, 0x08, 0x08, 0x08, 0x08, 
0x08, 0x08, 0x08, 0x08, 0x08, 0x08, 0x08, 0x08, 0x08, 0x08, 0x08, 0x08, 0x08, 0x08, 0x08, 0x08, 
0x08, 0x08, 0x08, 0x08, 0x08, 0x08, 0x08, 0x08, 0x08, 0x08, 0x08, 0x08, 0x08, 0x08, 0x08, 0x08, 
0x08, 0x08, 0x08, 0x08, 0x08, 0x08, 0x08, 0x08, 0x08, 0x08, 0x08, 0x08, 0x08, 0x08, 0x08, 0x08, 
0x08, 0x08, 0x08, 0x08, 0x08, 0x08, 0x08, 0x08, 0x08, 0x08, 0x08, 0x08, 0x08, 0x08, 0x08, 0x08, 
0x08, 0x08, 0x08, 0x08, 0x08, 0x08, 0x08, 0x08, 0x08, 0x08, 0x08, 0x08, 0x08, 0x08, 0x08, 0x08, 
0x08, 0x08, 0x08, 0x08, 0x08, 0x08, 0x08, 0x08, 0x08, 0x08, 0x08, 0x08, 0x08, 0x08, 0x08, 0x08, 
0x08, 0x08, 0x08, 0x08, 0x08, 0x08, 0x08, 0x08, 0x08, 0x08, 0x08, 0x08, 0x08, 0x08, 0x08, 0x08, 
0x08, 0x08, 0x08, 0x08, 0x08, 0x08, 0x08, 0x08, 0x08, 0x08, 0x08, 0x08, 0x08, 0x08, 0x08, 0x08, 
0x08, 0x08, 0x08, 0x08, 0x08, 0x08, 0x08, 0x08, 0x08, 0x08, 0x08, 0x08, 0x08, 0x08, 0x08, 0x08, 
0x08, 0x08, 0x08, 0x08, 0x08, 0x08, 0x08, 0x08, 0x08, 0x08, 0x08, 0x08, 0x08, 0x08, 0x08, 0x08, 
0x08, 0x08, 0x08, 0x08, 0x08, 0x08, 0x08, 0x08, 0x13, 0x1F, 0x1C, 0x13, 0x00, 0x00, 0x00, 0x04, 
0x08, 0x06, 0x00, 0x00, 0x00, 0x00, 0x00, 0x04, 0x08, 0x06, 0x00, 0x00, 0x00, 0x00, 0x02, 0x08, 
0x08, 0x08, 0x08, 0x08, 0x08, 0x08, 0x08, 0x08, 0x08, 0x08, 0x08, 0x06, 0x00, 0x00, 0x02, 0x08, 
0x08, 0x08, 0x08, 0x08, 0x08, 0x08, 0x08, 0x08, 0x04, 0x00, 0x00, 0x01, 0x24, 0x13, 0x00, 0x00, 
0x00, 0x00, 0x00, 0x03, 0x08, 0x06, 0x04, 0x00, 0x00, 0x02, 0x08, 0x08, 0x08, 0x08, 0x08, 0x08, 
0x08, 0x08, 0x08, 0x08, 0x08, 0x08, 0x08, 0x08, 0x08, 0x08, 0x08, 0x08, 0x08, 0x08, 0x08, 0x08, 
0x08, 0x08, 0x08, 0x08, 0x08, 0x08, 0x08, 0x08, 0x08, 0x08, 0x08, 0x08, 0x08, 0x08, 0x08, 0x08, 
0x08, 0x08, 0x08, 0x08, 0x08, 0x08, 0x08, 0x08, 0x08, 0x08, 0x08, 0x08, 0x08, 0x08, 0x08, 0x08, 
0x08, 0x08, 0x08, 0x08, 0x08, 0x08, 0x08, 0x08, 0x08, 0x08, 0x08, 0x08, 0x08, 0x08, 0x08, 0x08, 
0x08, 0x08, 0x08, 0x08, 0x08, 0x08, 0x08, 0x08, 0x08, 0x08, 0x08, 0x08, 0x08, 0x08, 0x08, 0x08, 
0x08, 0x08, 0x08, 0x08, 0x08, 0x08, 0x08, 0x08, 0x08, 0x08, 0x08, 0x08, 0x08, 0x08, 0x08, 0x08, 
0x08, 0x08, 0x08, 0x08, 0x08, 0x08, 0x08, 0x08, 0x08, 0x08, 0x08, 0x08, 0x08, 0x08, 0x08, 0x08, 
0x08, 0x08, 0x08, 0x08, 0x08, 0x08, 0x08, 0x08, 0x08, 0x08, 0x08, 0x08, 0x08, 0x08, 0x08, 0x08, 
0x08, 0x08, 0x08, 0x08, 0x08, 0x08, 0x08, 0x08, 0x08, 0x08, 0x08, 0x08, 0x08, 0x08, 0x08, 0x08, 
0x08, 0x08, 0x08, 0x08, 0x08, 0x08, 0x08, 0x08, 0x08, 0x08, 0x08, 0x08, 0x08, 0x08, 0x08, 0x08, 
0x08, 0x08, 0x08, 0x08, 0x08, 0x08, 0x08, 0x08, 0x08, 0x08, 0x08, 0x08, 0x08, 0x08, 0x08, 0x08, 
0x08, 0x08, 0x08, 0x08, 0x08, 0x08, 0x08, 0x08, 0x08, 0x08, 0x08, 0x08, 0x08, 0x08, 0x08, 0x08, 
0x08, 0x08, 0x08, 0x08, 0x08, 0x08, 0x08, 0x08, 0x08, 0x08, 0x08, 0x08, 0x08, 0x08, 0x08, 0x08, 
0x08, 0x08, 0x08, 0x08, 0x08, 0x08, 0x08, 0x08, 0x08, 0x08, 0x08, 0x08, 0x08, 0x08, 0x08, 0x08, 
0x08, 0x08, 0x08, 0x08, 0x08, 0x08, 0x08, 0x08, 0x08, 0x08, 0x08, 0x08, 0x08, 0x08, 0x08, 0x08, 
0x08, 0x08, 0x08, 0x08, 0x08, 0x08, 0x08, 0x08, 0x0E, 0x1E, 0x14, 0x0E, 0x00, 0x00, 0x03, 0x08, 
0x08, 0x05, 0x00, 0x00, 0x00, 0x00, 0x00, 0x06, 0x08, 0x06, 0x00, 0x00, 0x04, 0x00, 0x00, 0x06, 
0x08, 0x08, 0x08, 0x08, 0x08, 0x08, 0x08, 0x08, 0x08, 0x08, 0x08, 0x08, 0x03, 0x00, 0x00, 0x04, 
0x08, 0x08, 0x08, 0x08, 0x08, 0x08, 0x08, 0x08, 0x06, 0x00, 0x00, 0x00, 0x13, 0x1C, 0x00, 0x00, 
0x00, 0x00, 0x00, 0x00, 0x04, 0x08, 0x08, 0x00, 0x00, 0x02, 0x08, 0x08, 0x08, 0x08, 0x08, 0x08, 
0x08, 0x08, 0x08, 0x08, 0x08, 0x08, 0x08, 0x08, 0x08, 0x08, 0x08, 0x08, 0x08, 0x08, 0x08, 0x08, 
0x08, 0x08, 0x08, 0x08, 0x08, 0x08, 0x08, 0x08, 0x08, 0x08, 0x08, 0x08, 0x08, 0x08, 0x08, 0x08, 
0x08, 0x08, 0x08, 0x08, 0x08, 0x08, 0x08, 0x08, 0x08, 0x08, 0x08, 0x08, 0x08, 0x08, 0x08, 0x08, 
0x08, 0x08, 0x08, 0x08, 0x08, 0x08, 0x08, 0x08, 0x08, 0x08, 0x08, 0x08, 0x08, 0x08, 0x08, 0x08, 
0x08, 0x08, 0x08, 0x08, 0x08, 0x08, 0x08, 0x08, 0x08, 0x08, 0x08, 0x08, 0x08, 0x08, 0x08, 0x08, 
0x08, 0x08, 0x08, 0x08, 0x08, 0x08, 0x08, 0x08, 0x08, 0x08, 0x08, 0x08, 0x08, 0x08, 0x08, 0x08, 
0x08, 0x08, 0x08, 0x08, 0x08, 0x08, 0x08, 0x08, 0x08, 0x08, 0x08, 0x08, 0x08, 0x08, 0x08, 0x08, 
0x08, 0x08, 0x08, 0x08, 0x08, 0x08, 0x08, 0x08, 0x08, 0x08, 0x08, 0x08, 0x08, 0x08, 0x08, 0x08, 
0x08, 0x08, 0x08, 0x08, 0x08, 0x08, 0x08, 0x08, 0x08, 0x08, 0x08, 0x08, 0x08, 0x08, 0x08, 0x08, 
0x08, 0x08, 0x08, 0x08, 0x08, 0x08, 0x08, 0x08, 0x08, 0x08, 0x08, 0x08, 0x08, 0x08, 0x08, 0x08, 
0x08, 0x08, 0x08, 0x08, 0x08, 0x08, 0x08, 0x08, 0x08, 0x08, 0x08, 0x08, 0x08, 0x08, 0x08, 0x08, 
0x08, 0x08, 0x08, 0x08, 0x08, 0x08, 0x08, 0x08, 0x08, 0x08, 0x08, 0x08, 0x08, 0x08, 0x08, 0x08, 
0x08, 0x08, 0x08, 0x08, 0x08, 0x08, 0x08, 0x08, 0x08, 0x08, 0x08, 0x08, 0x08, 0x08, 0x08, 0x08, 
0x08, 0x08, 0x08, 0x08, 0x08, 0x08, 0x08, 0x08, 0x08, 0x08, 0x08, 0x08, 0x08, 0x08, 0x08, 0x08, 
0x08, 0x08, 0x08, 0x08, 0x08, 0x08, 0x08, 0x08, 0x08, 0x08, 0x08, 0x08, 0x08, 0x08, 0x08, 0x08, 
0x08, 0x08, 0x08, 0x08, 0x08, 0x08, 0x08, 0x08, 0x0B, 0x13, 0x13, 0x00, 0x00, 0x02, 0x08, 0x08, 
0x08, 0x06, 0x03, 0x00, 0x00, 0x00, 0x04, 0x08, 0x08, 0x05, 0x00, 0x00, 0x06, 0x00, 0x00, 0x03, 
0x08, 0x08, 0x08, 0x08, 0x08, 0x08, 0x08, 0x08, 0x08, 0x08, 0x08, 0x08, 0x06, 0x00, 0x00, 0x00, 
0x06, 0x08, 0x08, 0x08, 0x08, 0x08, 0x08, 0x08, 0x08, 0x04, 0x00, 0x00, 0x01, 0x24, 0x13, 0x00, 
0x00, 0x00, 0x00, 0x00, 0x00, 0x03, 0x08, 0x00, 0x00, 0x02, 0x08, 0x08, 0x08, 0x08, 0x08, 0x08, 
0x08, 0x08, 0x08, 0x08, 0x08, 0x08, 0x08, 0x08, 0x08, 0x08, 0x08, 0x08, 0x08, 0x08, 0x08, 0x08, 
0x08, 0x08, 0x08, 0x08, 0x08, 0x08, 0x08, 0x08, 0x08, 0x08, 0x08, 0x08, 0x08, 0x08, 0x08, 0x08, 
0x08, 0x08, 0x08, 0x08, 0x08, 0x08, 0x08, 0x08, 0x08, 0x08, 0x08, 0x08, 0x08, 0x08, 0x08, 0x08, 
0x08, 0x08, 0x08, 0x08, 0x08, 0x08, 0x08, 0x08, 0x08, 0x08, 0x08, 0x08, 0x08, 0x08, 0x08, 0x08, 
0x08, 0x08, 0x08, 0x08, 0x08, 0x08, 0x08, 0x08, 0x08, 0x08, 0x08, 0x08, 0x08, 0x08, 0x08, 0x08, 
0x08, 0x08, 0x08, 0x08, 0x08, 0x08, 0x08, 0x08, 0x08, 0x08, 0x08, 0x08, 0x08, 0x08, 0x08, 0x08, 
0x08, 0x08, 0x08, 0x08, 0x08, 0x08, 0x08, 0x08, 0x08, 0x08, 0x08, 0x08, 0x08, 0x08, 0x08, 0x08, 
0x08, 0x08, 0x08, 0x08, 0x08, 0x08, 0x08, 0x08, 0x08, 0x08, 0x08, 0x08, 0x08, 0x08, 0x08, 0x08, 
0x08, 0x08, 0x08, 0x08, 0x08, 0x08, 0x08, 0x08, 0x08, 0x08, 0x08, 0x08, 0x08, 0x08, 0x08, 0x08, 
0x08, 0x08, 0x08, 0x08, 0x08, 0x08, 0x08, 0x08, 0x08, 0x08, 0x08, 0x08, 0x08, 0x08, 0x08, 0x08, 
0x08, 0x08, 0x08, 0x08, 0x08, 0x08, 0x08, 0x08, 0x08, 0x08, 0x08, 0x08, 0x08, 0x08, 0x08, 0x08, 
0x08, 0x08, 0x08, 0x08, 0x08, 0x08, 0x08, 0x08, 0x08, 0x08, 0x08, 0x08, 0x08, 0x08, 0x08, 0x08, 
0x08, 0x08, 0x08, 0x08, 0x08, 0x08, 0x08, 0x08, 0x08, 0x08, 0x08, 0x08, 0x08, 0x08, 0x08, 0x08, 
0x08, 0x08, 0x08, 0x08, 0x08, 0x08, 0x08, 0x08, 0x08, 0x08, 0x08, 0x08, 0x08, 0x08, 0x08, 0x08, 
0x08, 0x08, 0x08, 0x08, 0x08, 0x08, 0x08, 0x08, 0x08, 0x08, 0x08, 0x08, 0x08, 0x08, 0x08, 0x08, 
0x08, 0x08, 0x08, 0x08, 0x08, 0x08, 0x08, 0x08, 0x08, 0x05, 0x00, 0x00, 0x02, 0x06, 0x08, 0x08, 
0x08, 0x08, 0x08, 0x06, 0x05, 0x06, 0x08, 0x08, 0x08, 0x04, 0x00, 0x00, 0x08, 0x02, 0x00, 0x00, 
0x06, 0x08, 0x08, 0x08, 0x08, 0x08, 0x08, 0x08, 0x08, 0x08, 0x08, 0x08, 0x08, 0x02, 0x00, 0x00, 
0x03, 0x08, 0x08, 0x08, 0x08, 0x08, 0x08, 0x08, 0x08, 0x08, 0x02, 0x00, 0x00, 0x14, 0x1C, 0x01, 
0x00, 0x00, 0x00, 0x00, 0x00, 0x00, 0x04, 0x00, 0x00, 0x02, 0x08, 0x08, 0x08, 0x08, 0x08, 0x08, 
0x08, 0x08, 0x08, 0x08, 0x08, 0x08, 0x08, 0x08, 0x08, 0x08, 0x08, 0x08, 0x08, 0x08, 0x08, 0x08, 
0x08, 0x08, 0x08, 0x08, 0x08, 0x08, 0x08, 0x08, 0x08, 0x08, 0x08, 0x08, 0x08, 0x08, 0x08, 0x08, 
0x08, 0x08, 0x08, 0x08, 0x08, 0x08, 0x08, 0x08, 0x08, 0x08, 0x08, 0x08, 0x08, 0x08, 0x08, 0x08, 
0x08, 0x08, 0x08, 0x08, 0x08, 0x08, 0x08, 0x08, 0x08, 0x08, 0x08, 0x08, 0x08, 0x08, 0x08, 0x08, 
0x08, 0x08, 0x08, 0x08, 0x08, 0x08, 0x08, 0x08, 0x08, 0x08, 0x08, 0x08, 0x08, 0x08, 0x08, 0x08, 
0x08, 0x08, 0x08, 0x08, 0x08, 0x08, 0x08, 0x08, 0x08, 0x08, 0x08, 0x08, 0x08, 0x08, 0x08, 0x08, 
0x08, 0x08, 0x08, 0x08, 0x08, 0x08, 0x08, 0x08, 0x08, 0x08, 0x08, 0x08, 0x08, 0x08, 0x08, 0x08, 
0x08, 0x08, 0x08, 0x08, 0x08, 0x08, 0x08, 0x08, 0x08, 0x08, 0x08, 0x08, 0x08, 0x08, 0x08, 0x08, 
0x08, 0x08, 0x08, 0x08, 0x08, 0x08, 0x08, 0x08, 0x08, 0x08, 0x08, 0x08, 0x08, 0x08, 0x08, 0x08, 
0x08, 0x08, 0x08, 0x08, 0x08, 0x08, 0x08, 0x08, 0x08, 0x08, 0x08, 0x08, 0x08, 0x08, 0x08, 0x08, 
0x08, 0x08, 0x08, 0x08, 0x08, 0x08, 0x08, 0x08, 0x08, 0x08, 0x08, 0x08, 0x08, 0x08, 0x08, 0x08, 
0x08, 0x08, 0x08, 0x08, 0x08, 0x08, 0x08, 0x08, 0x08, 0x08, 0x08, 0x08, 0x08, 0x08, 0x08, 0x08, 
0x08, 0x08, 0x08, 0x08, 0x08, 0x08, 0x08, 0x08, 0x08, 0x08, 0x08, 0x08, 0x08, 0x08, 0x08, 0x08, 
0x08, 0x08, 0x08, 0x08, 0x08, 0x08, 0x08, 0x08, 0x08, 0x08, 0x08, 0x08, 0x08, 0x08, 0x08, 0x08, 
0x08, 0x08, 0x08, 0x08, 0x08, 0x08, 0x08, 0x08, 0x08, 0x08, 0x08, 0x08, 0x08, 0x08, 0x08, 0x08, 
0x08, 0x08, 0x08, 0x08, 0x08, 0x08, 0x08, 0x08, 0x08, 0x04, 0x00, 0x00, 0x06, 0x08, 0x08, 0x08, 
0x08, 0x08, 0x08, 0x08, 0x08, 0x08, 0x08, 0x08, 0x08, 0x02, 0x00, 0x03, 0x08, 0x04, 0x00, 0x00, 
0x04, 0x08, 0x08, 0x08, 0x08, 0x08, 0x08, 0x08, 0x08, 0x08, 0x08, 0x08, 0x08, 0x04, 0x00, 0x00, 
0x00, 0x06, 0x08, 0x08, 0x08, 0x08, 0x08, 0x08, 0x08, 0x08, 0x04, 0x00, 0x00, 0x0D, 0x24, 0x13, 
0x00, 0x00, 0x00, 0x00, 0x00, 0x00, 0x00, 0x00, 0x00, 0x02, 0x08, 0x08, 0x08, 0x08, 0x08, 0x08, 
0x08, 0x08, 0x08, 0x08, 0x08, 0x08, 0x08, 0x08, 0x08, 0x08, 0x08, 0x08, 0x08, 0x08, 0x08, 0x08, 
0x08, 0x08, 0x08, 0x08, 0x08, 0x08, 0x08, 0x08, 0x08, 0x08, 0x08, 0x08, 0x08, 0x08, 0x08, 0x08, 
0x08, 0x08, 0x08, 0x08, 0x08, 0x08, 0x08, 0x08, 0x08, 0x08, 0x08, 0x08, 0x08, 0x08, 0x08, 0x08, 
0x08, 0x08, 0x08, 0x08, 0x08, 0x08, 0x08, 0x08, 0x08, 0x08, 0x08, 0x08, 0x08, 0x08, 0x08, 0x08, 
0x08, 0x08, 0x08, 0x08, 0x08, 0x08, 0x08, 0x08, 0x08, 0x08, 0x08, 0x08, 0x08, 0x08, 0x08, 0x08, 
0x08, 0x08, 0x08, 0x08, 0x08, 0x08, 0x08, 0x08, 0x08, 0x08, 0x08, 0x08, 0x08, 0x08, 0x08, 0x08, 
0x08, 0x08, 0x08, 0x08, 0x08, 0x08, 0x08, 0x08, 0x08, 0x08, 0x08, 0x08, 0x08, 0x08, 0x08, 0x08, 
0x08, 0x08, 0x08, 0x08, 0x08, 0x08, 0x08, 0x08, 0x08, 0x08, 0x08, 0x08, 0x08, 0x08, 0x08, 0x08, 
0x08, 0x08, 0x08, 0x08, 0x08, 0x08, 0x08, 0x08, 0x08, 0x08, 0x08, 0x08, 0x08, 0x08, 0x08, 0x08, 
0x08, 0x08, 0x08, 0x08, 0x08, 0x08, 0x08, 0x08, 0x08, 0x08, 0x08, 0x08, 0x08, 0x08, 0x08, 0x08, 
0x08, 0x08, 0x08, 0x08, 0x08, 0x08, 0x08, 0x08, 0x08, 0x08, 0x08, 0x08, 0x08, 0x08, 0x08, 0x08, 
0x08, 0x08, 0x08, 0x08, 0x08, 0x08, 0x08, 0x08, 0x08, 0x08, 0x08, 0x08, 0x08, 0x08, 0x08, 0x08, 
0x08, 0x08, 0x08, 0x08, 0x08, 0x08, 0x08, 0x08, 0x08, 0x08, 0x08, 0x08, 0x08, 0x08, 0x08, 0x08, 
0x08, 0x08, 0x08, 0x08, 0x08, 0x08, 0x08, 0x08, 0x08, 0x08, 0x08, 0x08, 0x08, 0x08, 0x08, 0x08, 
0x08, 0x08, 0x08, 0x08, 0x08, 0x08, 0x08, 0x08, 0x08, 0x08, 0x08, 0x08, 0x08, 0x08, 0x08, 0x08, 
0x08, 0x08, 0x08, 0x08, 0x08, 0x08, 0x08, 0x08, 0x08, 0x00, 0x00, 0x04, 0x08, 0x08, 0x08, 0x08, 
0x08, 0x08, 0x08, 0x08, 0x08, 0x08, 0x08, 0x08, 0x06, 0x00, 0x00, 0x05, 0x08, 0x06, 0x00, 0x00, 
0x00, 0x08, 0x08, 0x08, 0x08, 0x08, 0x08, 0x08, 0x08, 0x08, 0x08, 0x08, 0x08, 0x08, 0x00, 0x00, 
0x00, 0x04, 0x08, 0x08, 0x08, 0x08, 0x08, 0x08, 0x08, 0x08, 0x08, 0x00, 0x00, 0x00, 0x14, 0x1C, 
0x03, 0x00, 0x00, 0x00, 0x00, 0x00, 0x00, 0x00, 0x00, 0x02, 0x08, 0x08, 0x08, 0x08, 0x08, 0x08, 
0x08, 0x08, 0x08, 0x08, 0x08, 0x08, 0x08, 0x08, 0x08, 0x08, 0x08, 0x08, 0x08, 0x08, 0x08, 0x08, 
0x08, 0x08, 0x08, 0x08, 0x08, 0x08, 0x08, 0x08, 0x08, 0x08, 0x08, 0x08, 0x08, 0x08, 0x08, 0x08, 
0x08, 0x08, 0x08, 0x08, 0x08, 0x08, 0x08, 0x08, 0x08, 0x08, 0x08, 0x08, 0x08, 0x08, 0x08, 0x08, 
0x08, 0x08, 0x08, 0x08, 0x08, 0x08, 0x08, 0x08, 0x08, 0x08, 0x08, 0x08, 0x08, 0x08, 0x08, 0x08, 
0x08, 0x08, 0x08, 0x08, 0x08, 0x08, 0x08, 0x08, 0x08, 0x08, 0x08, 0x08, 0x08, 0x08, 0x08, 0x08, 
0x08, 0x08, 0x08, 0x08, 0x08, 0x08, 0x08, 0x08, 0x08, 0x08, 0x08, 0x08, 0x08, 0x08, 0x08, 0x08, 
0x08, 0x08, 0x08, 0x08, 0x08, 0x08, 0x08, 0x08, 0x08, 0x08, 0x08, 0x08, 0x08, 0x08, 0x08, 0x08, 
0x08, 0x08, 0x08, 0x08, 0x08, 0x08, 0x08, 0x08, 0x08, 0x08, 0x08, 0x08, 0x08, 0x08, 0x08, 0x08, 
0x08, 0x08, 0x08, 0x08, 0x08, 0x08, 0x08, 0x08, 0x08, 0x08, 0x08, 0x08, 0x08, 0x08, 0x08, 0x08, 
0x08, 0x08, 0x08, 0x08, 0x08, 0x08, 0x08, 0x08, 0x08, 0x08, 0x08, 0x08, 0x08, 0x08, 0x08, 0x08, 
0x08, 0x08, 0x08, 0x08, 0x08, 0x08, 0x08, 0x08, 0x08, 0x08, 0x08, 0x08, 0x08, 0x08, 0x08, 0x08, 
0x08, 0x08, 0x08, 0x08, 0x08, 0x08, 0x08, 0x08, 0x08, 0x08, 0x08, 0x08, 0x08, 0x08, 0x08, 0x08, 
0x08, 0x08, 0x08, 0x08, 0x08, 0x08, 0x08, 0x08, 0x08, 0x08, 0x08, 0x08, 0x08, 0x08, 0x08, 0x08, 
0x08, 0x08, 0x08, 0x08, 0x08, 0x08, 0x08, 0x08, 0x08, 0x08, 0x08, 0x08, 0x08, 0x08, 0x08, 0x08, 
0x08, 0x08, 0x08, 0x08, 0x08, 0x08, 0x08, 0x08, 0x08, 0x08, 0x08, 0x08, 0x08, 0x08, 0x08, 0x08, 
0x08, 0x08, 0x08, 0x08, 0x08, 0x08, 0x08, 0x08, 0x04, 0x00, 0x02, 0x08, 0x08, 0x08, 0x08, 0x08, 
0x08, 0x08, 0x08, 0x08, 0x08, 0x08, 0x08, 0x08, 0x04, 0x00, 0x02, 0x08, 0x08, 0x06, 0x00, 0x00, 
0x00, 0x08, 0x08, 0x08, 0x08, 0x08, 0x08, 0x08, 0x08, 0x08, 0x08, 0x08, 0x08, 0x08, 0x04, 0x00, 
0x00, 0x02, 0x08, 0x08, 0x08, 0x08, 0x08, 0x08, 0x08, 0x08, 0x08, 0x04, 0x00, 0x00, 0x0D, 0x24, 
0x14, 0x00, 0x00, 0x00, 0x05, 0x00, 0x00, 0x00, 0x00, 0x02, 0x08, 0x08, 0x08, 0x08, 0x08, 0x08, 
0x08, 0x08, 0x08, 0x08, 0x08, 0x08, 0x08, 0x08, 0x08, 0x08, 0x08, 0x08, 0x08, 0x08, 0x08, 0x08, 
0x08, 0x08, 0x08, 0x08, 0x08, 0x08, 0x08, 0x08, 0x08, 0x08, 0x08, 0x08, 0x08, 0x08, 0x08, 0x08, 
0x08, 0x08, 0x08, 0x08, 0x08, 0x08, 0x08, 0x08, 0x08, 0x08, 0x08, 0x08, 0x08, 0x08, 0x08, 0x08, 
0x08, 0x08, 0x08, 0x08, 0x08, 0x08, 0x08, 0x08, 0x08, 0x08, 0x08, 0x08, 0x08, 0x08, 0x08, 0x08, 
0x08, 0x08, 0x08, 0x08, 0x08, 0x08, 0x08, 0x08, 0x08, 0x08, 0x08, 0x08, 0x08, 0x08, 0x08, 0x08, 
0x08, 0x08, 0x08, 0x08, 0x08, 0x08, 0x08, 0x08, 0x08, 0x08, 0x08, 0x08, 0x08, 0x08, 0x08, 0x08, 
0x08, 0x08, 0x08, 0x08, 0x08, 0x08, 0x08, 0x08, 0x08, 0x08, 0x08, 0x08, 0x08, 0x08, 0x08, 0x08, 
0x08, 0x08, 0x08, 0x08, 0x08, 0x08, 0x08, 0x08, 0x08, 0x08, 0x08, 0x08, 0x08, 0x08, 0x08, 0x08, 
0x08, 0x08, 0x08, 0x08, 0x08, 0x08, 0x08, 0x08, 0x08, 0x08, 0x08, 0x08, 0x08, 0x08, 0x08, 0x08, 
0x08, 0x08, 0x08, 0x08, 0x08, 0x08, 0x08, 0x08, 0x08, 0x08, 0x08, 0x08, 0x08, 0x08, 0x08, 0x08, 
0x08, 0x08, 0x08, 0x08, 0x08, 0x08, 0x08, 0x08, 0x08, 0x08, 0x08, 0x08, 0x08, 0x08, 0x08, 0x08, 
0x08, 0x08, 0x08, 0x08, 0x08, 0x08, 0x08, 0x08, 0x08, 0x08, 0x08, 0x08, 0x08, 0x08, 0x08, 0x08, 
0x08, 0x08, 0x08, 0x08, 0x08, 0x08, 0x08, 0x08, 0x08, 0x08, 0x08, 0x08, 0x08, 0x08, 0x08, 0x08, 
0x08, 0x08, 0x08, 0x08, 0x08, 0x08, 0x08, 0x08, 0x08, 0x08, 0x08, 0x08, 0x08, 0x08, 0x08, 0x08, 
0x08, 0x08, 0x08, 0x08, 0x08, 0x08, 0x08, 0x08, 0x08, 0x08, 0x08, 0x08, 0x08, 0x08, 0x08, 0x08, 
0x08, 0x08, 0x08, 0x08, 0x08, 0x08, 0x08, 0x05, 0x00, 0x00, 0x05, 0x08, 0x08, 0x08, 0x08, 0x08, 
0x08, 0x08, 0x08, 0x08, 0x08, 0x08, 0x08, 0x08, 0x00, 0x00, 0x04, 0x08, 0x06, 0x05, 0x00, 0x00, 
0x04, 0x08, 0x08, 0x08, 0x08, 0x08, 0x08, 0x08, 0x08, 0x08, 0x08, 0x08, 0x08, 0x08, 0x06, 0x00, 
0x00, 0x00, 0x08, 0x08, 0x08, 0x08, 0x08, 0x08, 0x08, 0x08, 0x08, 0x08, 0x00, 0x00, 0x00, 0x14, 
0x24, 0x01, 0x00, 0x00, 0x03, 0x06, 0x00, 0x00, 0x00, 0x02, 0x08, 0x08, 0x08, 0x08, 0x08, 0x08, 
0x08, 0x08, 0x08, 0x08, 0x08, 0x08, 0x08, 0x08, 0x08, 0x08, 0x08, 0x08, 0x08, 0x08, 0x08, 0x08, 
0x08, 0x08, 0x08, 0x08, 0x08, 0x08, 0x08, 0x08, 0x08, 0x08, 0x08, 0x08, 0x08, 0x08, 0x08, 0x08, 
0x08, 0x08, 0x08, 0x08, 0x08, 0x08, 0x08, 0x08, 0x08, 0x08, 0x08, 0x08, 0x08, 0x08, 0x08, 0x08, 
0x08, 0x08, 0x08, 0x08, 0x08, 0x08, 0x08, 0x08, 0x08, 0x08, 0x08, 0x08, 0x08, 0x08, 0x08, 0x08, 
0x08, 0x08, 0x08, 0x08, 0x08, 0x08, 0x08, 0x08, 0x08, 0x08, 0x08, 0x08, 0x08, 0x08, 0x08, 0x08, 
0x08, 0x08, 0x08, 0x08, 0x08, 0x08, 0x08, 0x08, 0x08, 0x08, 0x08, 0x08, 0x08, 0x08, 0x08, 0x08, 
0x08, 0x08, 0x08, 0x08, 0x08, 0x08, 0x08, 0x08, 0x08, 0x08, 0x08, 0x08, 0x08, 0x08, 0x08, 0x08, 
0x08, 0x08, 0x08, 0x08, 0x08, 0x08, 0x08, 0x08, 0x08, 0x08, 0x08, 0x08, 0x08, 0x08, 0x08, 0x08, 
0x08, 0x08, 0x08, 0x08, 0x08, 0x08, 0x08, 0x08, 0x08, 0x08, 0x08, 0x08, 0x08, 0x08, 0x08, 0x08, 
0x08, 0x08, 0x08, 0x08, 0x08, 0x08, 0x08, 0x08, 0x08, 0x08, 0x08, 0x08, 0x08, 0x08, 0x08, 0x08, 
0x08, 0x08, 0x08, 0x08, 0x08, 0x08, 0x08, 0x08, 0x08, 0x08, 0x08, 0x08, 0x08, 0x08, 0x08, 0x08, 
0x08, 0x08, 0x08, 0x08, 0x08, 0x08, 0x08, 0x08, 0x08, 0x08, 0x08, 0x08, 0x08, 0x08, 0x08, 0x08, 
0x08, 0x08, 0x08, 0x08, 0x08, 0x08, 0x08, 0x08, 0x08, 0x08, 0x08, 0x08, 0x08, 0x08, 0x08, 0x08, 
0x08, 0x08, 0x08, 0x08, 0x08, 0x08, 0x08, 0x08, 0x08, 0x08, 0x08, 0x08, 0x08, 0x08, 0x08, 0x08, 
0x08, 0x08, 0x08, 0x08, 0x08, 0x08, 0x08, 0x08, 0x08, 0x08, 0x08, 0x08, 0x08, 0x08, 0x08, 0x08, 
0x08, 0x08, 0x08, 0x08, 0x08, 0x08, 0x08, 0x02, 0x00, 0x02, 0x08, 0x08, 0x08, 0x08, 0x08, 0x08, 
0x08, 0x08, 0x08, 0x08, 0x08, 0x08, 0x08, 0x04, 0x00, 0x00, 0x06, 0x08, 0x00, 0x00, 0x00, 0x03, 
0x08, 0x08, 0x08, 0x05, 0x04, 0x05, 0x08, 0x08, 0x08, 0x08, 0x08, 0x08, 0x08, 0x08, 0x08, 0x00, 
0x00, 0x00, 0x06, 0x08, 0x08, 0x08, 0x08, 0x08, 0x08, 0x08, 0x08, 0x08, 0x04, 0x00, 0x00, 0x03, 
0x24, 0x13, 0x00, 0x00, 0x00, 0x05, 0x05, 0x00, 0x00, 0x02, 0x08, 0x08, 0x08, 0x08, 0x08, 0x08, 
0x08, 0x08, 0x08, 0x08, 0x08, 0x08, 0x08, 0x08, 0x08, 0x08, 0x08, 0x08, 0x08, 0x08, 0x08, 0x08, 
0x08, 0x08, 0x08, 0x08, 0x08, 0x08, 0x08, 0x08, 0x08, 0x08, 0x08, 0x08, 0x08, 0x08, 0x08, 0x08, 
0x08, 0x08, 0x08, 0x08, 0x08, 0x08, 0x08, 0x08, 0x08, 0x08, 0x08, 0x08, 0x08, 0x08, 0x08, 0x08, 
0x08, 0x08, 0x08, 0x08, 0x08, 0x08, 0x08, 0x08, 0x08, 0x08, 0x08, 0x08, 0x08, 0x08, 0x08, 0x08, 
0x08, 0x08, 0x08, 0x08, 0x08, 0x08, 0x08, 0x08, 0x08, 0x08, 0x08, 0x08, 0x08, 0x08, 0x08, 0x08, 
0x08, 0x08, 0x08, 0x08, 0x08, 0x08, 0x08, 0x08, 0x08, 0x08, 0x08, 0x08, 0x08, 0x08, 0x08, 0x08, 
0x08, 0x08, 0x08, 0x08, 0x08, 0x08, 0x08, 0x08, 0x08, 0x08, 0x08, 0x08, 0x08, 0x08, 0x08, 0x08, 
0x08, 0x08, 0x08, 0x08, 0x08, 0x08, 0x08, 0x08, 0x08, 0x08, 0x08, 0x08, 0x08, 0x08, 0x08, 0x08, 
0x08, 0x08, 0x08, 0x08, 0x08, 0x08, 0x08, 0x08, 0x08, 0x08, 0x08, 0x08, 0x08, 0x08, 0x08, 0x08, 
0x08, 0x08, 0x08, 0x08, 0x08, 0x08, 0x08, 0x08, 0x08, 0x08, 0x08, 0x08, 0x08, 0x08, 0x08, 0x08, 
0x08, 0x08, 0x08, 0x08, 0x08, 0x08, 0x08, 0x08, 0x08, 0x08, 0x08, 0x08, 0x08, 0x08, 0x08, 0x08, 
0x08, 0x08, 0x08, 0x08, 0x08, 0x08, 0x08, 0x08, 0x08, 0x08, 0x08, 0x08, 0x08, 0x08, 0x08, 0x08, 
0x08, 0x08, 0x08, 0x08, 0x08, 0x08, 0x08, 0x08, 0x08, 0x08, 0x08, 0x08, 0x08, 0x08, 0x08, 0x08, 
0x08, 0x08, 0x08, 0x08, 0x08, 0x08, 0x08, 0x08, 0x08, 0x08, 0x08, 0x08, 0x08, 0x08, 0x08, 0x08, 
0x08, 0x08, 0x08, 0x08, 0x08, 0x08, 0x08, 0x08, 0x08, 0x08, 0x08, 0x08, 0x08, 0x08, 0x08, 0x08, 
0x08, 0x08, 0x08, 0x08, 0x08, 0x08, 0x06, 0x00, 0x00, 0x04, 0x08, 0x08, 0x08, 0x08, 0x08, 0x08, 
0x08, 0x08, 0x08, 0x08, 0x08, 0x08, 0x06, 0x00, 0x00, 0x03, 0x08, 0x08, 0x00, 0x00, 0x03, 0x08, 
0x08, 0x08, 0x08, 0x02, 0x00, 0x00, 0x02, 0x06, 0x08, 0x08, 0x08, 0x08, 0x08, 0x08, 0x08, 0x03, 
0x00, 0x00, 0x05, 0x08, 0x08, 0x08, 0x08, 0x08, 0x08, 0x08, 0x08, 0x08, 0x08, 0x00, 0x00, 0x00, 
0x14, 0x1C, 0x01, 0x00, 0x00, 0x02, 0x08, 0x06, 0x04, 0x05, 0x08, 0x08, 0x08, 0x08, 0x08, 0x08, 
0x08, 0x08, 0x08, 0x08, 0x08, 0x08, 0x08, 0x08, 0x08, 0x08, 0x08, 0x08, 0x08, 0x08, 0x08, 0x08, 
0x08, 0x08, 0x08, 0x08, 0x08, 0x08, 0x08, 0x08, 0x08, 0x08, 0x08, 0x08, 0x08, 0x08, 0x08, 0x08, 
0x08, 0x08, 0x08, 0x08, 0x08, 0x08, 0x08, 0x08, 0x08, 0x08, 0x08, 0x08, 0x08, 0x08, 0x08, 0x08, 
0x08, 0x08, 0x08, 0x08, 0x08, 0x08, 0x08, 0x08, 0x08, 0x08, 0x08, 0x08, 0x08, 0x08, 0x08, 0x08, 
0x08, 0x08, 0x08, 0x08, 0x08, 0x08, 0x08, 0x08, 0x08, 0x08, 0x08, 0x08, 0x08, 0x08, 0x08, 0x08, 
0x08, 0x08, 0x08, 0x08, 0x08, 0x08, 0x08, 0x08, 0x08, 0x08, 0x08, 0x08, 0x08, 0x08, 0x08, 0x08, 
0x08, 0x08, 0x08, 0x08, 0x08, 0x08, 0x08, 0x08, 0x08, 0x08, 0x08, 0x08, 0x08, 0x08, 0x08, 0x08, 
0x08, 0x08, 0x08, 0x08, 0x08, 0x08, 0x08, 0x08, 0x08, 0x08, 0x08, 0x08, 0x08, 0x08, 0x08, 0x08, 
0x08, 0x08, 0x08, 0x08, 0x08, 0x08, 0x08, 0x08, 0x08, 0x08, 0x08, 0x08, 0x08, 0x08, 0x08, 0x08, 
0x08, 0x08, 0x08, 0x08, 0x08, 0x08, 0x08, 0x08, 0x08, 0x08, 0x08, 0x08, 0x08, 0x08, 0x08, 0x08, 
0x08, 0x08, 0x08, 0x08, 0x08, 0x08, 0x08, 0x08, 0x08, 0x08, 0x08, 0x08, 0x08, 0x08, 0x08, 0x08, 
0x08, 0x08, 0x08, 0x08, 0x08, 0x08, 0x08, 0x08, 0x08, 0x08, 0x08, 0x08, 0x08, 0x08, 0x08, 0x08, 
0x08, 0x08, 0x08, 0x08, 0x08, 0x08, 0x08, 0x08, 0x08, 0x08, 0x08, 0x08, 0x08, 0x08, 0x08, 0x08, 
0x08, 0x08, 0x08, 0x08, 0x08, 0x08, 0x08, 0x08, 0x08, 0x08, 0x08, 0x08, 0x08, 0x08, 0x08, 0x08, 
0x08, 0x08, 0x08, 0x08, 0x08, 0x08, 0x08, 0x08, 0x08, 0x08, 0x08, 0x08, 0x08, 0x08, 0x08, 0x08, 
0x08, 0x08, 0x08, 0x08, 0x08, 0x08, 0x04, 0x00, 0x00, 0x06, 0x08, 0x08, 0x08, 0x08, 0x08, 0x08, 
0x08, 0x08, 0x08, 0x08, 0x08, 0x08, 0x04, 0x00, 0x00, 0x05, 0x08, 0x08, 0x00, 0x04, 0x08, 0x08, 
0x08, 0x08, 0x08, 0x06, 0x02, 0x00, 0x00, 0x00, 0x08, 0x08, 0x08, 0x08, 0x08, 0x08, 0x08, 0x04, 
0x00, 0x00, 0x04, 0x08, 0x08, 0x08, 0x08, 0x08, 0x08, 0x08, 0x08, 0x08, 0x08, 0x04, 0x00, 0x00, 
0x03, 0x24, 0x13, 0x00, 0x00, 0x00, 0x06, 0x08, 0x08, 0x08, 0x08, 0x08, 0x08, 0x08, 0x08, 0x08, 
0x08, 0x08, 0x08, 0x08, 0x08, 0x08, 0x08, 0x08, 0x08, 0x08, 0x08, 0x08, 0x08, 0x08, 0x08, 0x08, 
0x08, 0x08, 0x08, 0x08, 0x08, 0x08, 0x08, 0x08, 0x08, 0x08, 0x08, 0x08, 0x08, 0x08, 0x08, 0x08, 
0x08, 0x08, 0x08, 0x08, 0x08, 0x08, 0x08, 0x08, 0x08, 0x08, 0x08, 0x08, 0x08, 0x08, 0x08, 0x08, 
0x08, 0x08, 0x08, 0x08, 0x08, 0x08, 0x08, 0x08, 0x08, 0x08, 0x08, 0x08, 0x08, 0x08, 0x08, 0x08, 
0x08, 0x08, 0x08, 0x08, 0x08, 0x08, 0x08, 0x08, 0x08, 0x08, 0x08, 0x08, 0x08, 0x08, 0x08, 0x08, 
0x08, 0x08, 0x08, 0x08, 0x08, 0x08, 0x08, 0x08, 0x08, 0x08, 0x08, 0x08, 0x08, 0x08, 0x08, 0x08, 
0x08, 0x08, 0x08, 0x08, 0x08, 0x08, 0x08, 0x08, 0x08, 0x08, 0x08, 0x08, 0x08, 0x08, 0x08, 0x08, 
0x08, 0x08, 0x08, 0x08, 0x08, 0x08, 0x08, 0x08, 0x08, 0x08, 0x08, 0x08, 0x08, 0x08, 0x08, 0x08, 
0x08, 0x08, 0x08, 0x08, 0x08, 0x08, 0x08, 0x08, 0x08, 0x08, 0x08, 0x08, 0x08, 0x08, 0x08, 0x08, 
0x08, 0x08, 0x08, 0x08, 0x08, 0x08, 0x08, 0x08, 0x08, 0x08, 0x08, 0x08, 0x08, 0x08, 0x08, 0x08, 
0x08, 0x08, 0x08, 0x08, 0x08, 0x08, 0x08, 0x08, 0x08, 0x08, 0x08, 0x08, 0x08, 0x08, 0x08, 0x08, 
0x08, 0x08, 0x08, 0x08, 0x08, 0x08, 0x08, 0x08, 0x08, 0x08, 0x08, 0x08, 0x08, 0x08, 0x08, 0x08, 
0x08, 0x08, 0x08, 0x08, 0x08, 0x08, 0x08, 0x08, 0x08, 0x08, 0x08, 0x08, 0x08, 0x08, 0x08, 0x08, 
0x08, 0x08, 0x08, 0x08, 0x08, 0x08, 0x08, 0x08, 0x08, 0x08, 0x08, 0x08, 0x08, 0x08, 0x08, 0x08, 
0x08, 0x08, 0x08, 0x08, 0x08, 0x08, 0x08, 0x08, 0x08, 0x08, 0x08, 0x08, 0x08, 0x08, 0x08, 0x08, 
0x08, 0x08, 0x08, 0x08, 0x08, 0x08, 0x03, 0x00, 0x02, 0x08, 0x08, 0x08, 0x08, 0x08, 0x08, 0x08, 
0x08, 0x08, 0x08, 0x08, 0x08, 0x08, 0x05, 0x00, 0x00, 0x06, 0x08, 0x08, 0x06, 0x06, 0x06, 0x08, 
0x08, 0x08, 0x08, 0x08, 0x06, 0x02, 0x00, 0x00, 0x04, 0x08, 0x08, 0x08, 0x08, 0x08, 0x08, 0x03, 
0x00, 0x00, 0x04, 0x08, 0x08, 0x08, 0x08, 0x08, 0x08, 0x08, 0x08, 0x08, 0x08, 0x06, 0x00, 0x00, 
0x00, 0x1C, 0x1C, 0x00, 0x00, 0x00, 0x04, 0x08, 0x08, 0x08, 0x08, 0x08, 0x08, 0x08, 0x08, 0x08, 
0x08, 0x08, 0x08, 0x08, 0x08, 0x08, 0x08, 0x08, 0x08, 0x08, 0x08, 0x08, 0x08, 0x08, 0x08, 0x08, 
0x08, 0x08, 0x08, 0x08, 0x08, 0x08, 0x08, 0x08, 0x08, 0x08, 0x08, 0x08, 0x08, 0x08, 0x08, 0x08, 
0x08, 0x08, 0x08, 0x08, 0x08, 0x08, 0x08, 0x08, 0x08, 0x08, 0x08, 0x08, 0x08, 0x08, 0x08, 0x08, 
0x08, 0x08, 0x08, 0x08, 0x08, 0x08, 0x08, 0x08, 0x08, 0x08, 0x08, 0x08, 0x08, 0x08, 0x08, 0x08, 
0x08, 0x08, 0x08, 0x08, 0x08, 0x08, 0x08, 0x08, 0x08, 0x08, 0x08, 0x08, 0x08, 0x08, 0x08, 0x08, 
0x08, 0x08, 0x08, 0x08, 0x08, 0x08, 0x08, 0x08, 0x08, 0x08, 0x08, 0x08, 0x08, 0x08, 0x08, 0x08, 
0x08, 0x08, 0x08, 0x08, 0x08, 0x08, 0x08, 0x08, 0x08, 0x08, 0x08, 0x08, 0x08, 0x08, 0x08, 0x08, 
0x08, 0x08, 0x08, 0x08, 0x08, 0x08, 0x08, 0x08, 0x08, 0x08, 0x08, 0x08, 0x08, 0x08, 0x08, 0x08, 
0x08, 0x08, 0x08, 0x08, 0x08, 0x08, 0x08, 0x08, 0x08, 0x08, 0x08, 0x08, 0x08, 0x08, 0x08, 0x08, 
0x08, 0x08, 0x08, 0x08, 0x08, 0x08, 0x08, 0x08, 0x08, 0x08, 0x08, 0x08, 0x08, 0x08, 0x08, 0x08, 
0x08, 0x08, 0x08, 0x08, 0x08, 0x08, 0x08, 0x08, 0x08, 0x08, 0x08, 0x08, 0x08, 0x08, 0x08, 0x08, 
0x08, 0x08, 0x08, 0x08, 0x08, 0x08, 0x08, 0x08, 0x08, 0x08, 0x08, 0x08, 0x08, 0x08, 0x08, 0x08, 
0x08, 0x08, 0x08, 0x08, 0x08, 0x08, 0x08, 0x08, 0x08, 0x08, 0x08, 0x08, 0x08, 0x08, 0x08, 0x08, 
0x08, 0x08, 0x08, 0x08, 0x08, 0x08, 0x08, 0x08, 0x08, 0x08, 0x08, 0x08, 0x08, 0x08, 0x08, 0x08, 
0x08, 0x08, 0x08, 0x08, 0x08, 0x08, 0x08, 0x08, 0x08, 0x08, 0x08, 0x08, 0x08, 0x08, 0x08, 0x08, 
0x08, 0x08, 0x08, 0x08, 0x08, 0x08, 0x02, 0x00, 0x03, 0x08, 0x08, 0x08, 0x08, 0x08, 0x08, 0x08, 
0x08, 0x08, 0x08, 0x08, 0x08, 0x08, 0x06, 0x00, 0x00, 0x04, 0x08, 0x06, 0x00, 0x00, 0x00, 0x05, 
0x08, 0x08, 0x08, 0x08, 0x08, 0x08, 0x00, 0x00, 0x03, 0x08, 0x08, 0x08, 0x08, 0x08, 0x08, 0x02, 
0x00, 0x00, 0x04, 0x08, 0x08, 0x08, 0x08, 0x08, 0x08, 0x08, 0x08, 0x08, 0x08, 0x08, 0x03, 0x00, 
0x00, 0x0D, 0x24, 0x0E, 0x00, 0x00, 0x00, 0x08, 0x08, 0x08, 0x08, 0x08, 0x08, 0x08, 0x08, 0x08, 
0x08, 0x08, 0x08, 0x08, 0x08, 0x08, 0x08, 0x08, 0x08, 0x08, 0x08, 0x08, 0x08, 0x08, 0x08, 0x08, 
0x08, 0x08, 0x08, 0x08, 0x08, 0x08, 0x08, 0x08, 0x08, 0x08, 0x08, 0x08, 0x08, 0x08, 0x08, 0x08, 
0x08, 0x08, 0x08, 0x08, 0x08, 0x08, 0x08, 0x08, 0x08, 0x08, 0x08, 0x08, 0x08, 0x08, 0x08, 0x08, 
0x08, 0x08, 0x08, 0x08, 0x08, 0x08, 0x08, 0x08, 0x08, 0x08, 0x08, 0x08, 0x08, 0x08, 0x08, 0x08, 
0x08, 0x08, 0x08, 0x08, 0x08, 0x08, 0x08, 0x08, 0x08, 0x08, 0x08, 0x08, 0x08, 0x08, 0x08, 0x08, 
0x08, 0x08, 0x08, 0x08, 0x08, 0x08, 0x08, 0x08, 0x08, 0x08, 0x08, 0x08, 0x08, 0x08, 0x08, 0x08, 
0x08, 0x08, 0x08, 0x08, 0x08, 0x08, 0x08, 0x08, 0x08, 0x08, 0x08, 0x08, 0x08, 0x08, 0x08, 0x08, 
0x08, 0x08, 0x08, 0x08, 0x08, 0x08, 0x08, 0x08, 0x08, 0x08, 0x08, 0x08, 0x08, 0x08, 0x08, 0x08, 
0x08, 0x08, 0x08, 0x08, 0x08, 0x08, 0x08, 0x08, 0x08, 0x08, 0x08, 0x08, 0x08, 0x08, 0x08, 0x08, 
0x08, 0x08, 0x08, 0x08, 0x08, 0x08, 0x08, 0x08, 0x08, 0x08, 0x08, 0x08, 0x08, 0x08, 0x08, 0x08, 
0x08, 0x08, 0x08, 0x08, 0x08, 0x08, 0x08, 0x08, 0x08, 0x08, 0x08, 0x08, 0x08, 0x08, 0x08, 0x08, 
0x08, 0x08, 0x08, 0x08, 0x08, 0x08, 0x08, 0x08, 0x08, 0x08, 0x08, 0x08, 0x08, 0x08, 0x08, 0x08, 
0x08, 0x08, 0x08, 0x08, 0x08, 0x08, 0x08, 0x08, 0x08, 0x08, 0x08, 0x08, 0x08, 0x08, 0x08, 0x08, 
0x08, 0x08, 0x08, 0x08, 0x08, 0x08, 0x08, 0x08, 0x08, 0x08, 0x08, 0x08, 0x08, 0x08, 0x08, 0x08, 
0x08, 0x08, 0x08, 0x08, 0x08, 0x08, 0x08, 0x08, 0x08, 0x08, 0x08, 0x08, 0x08, 0x08, 0x08, 0x08, 
0x08, 0x08, 0x08, 0x08, 0x08, 0x08, 0x02, 0x00, 0x04, 0x08, 0x08, 0x08, 0x08, 0x08, 0x08, 0x08, 
0x08, 0x06, 0x04, 0x03, 0x06, 0x08, 0x08, 0x04, 0x00, 0x00, 0x00, 0x00, 0x00, 0x00, 0x00, 0x04, 
0x08, 0x08, 0x08, 0x08, 0x08, 0x08, 0x00, 0x00, 0x03, 0x08, 0x08, 0x08, 0x08, 0x08, 0x08, 0x00, 
0x00, 0x00, 0x05, 0x08, 0x08, 0x08, 0x08, 0x08, 0x08, 0x08, 0x08, 0x08, 0x08, 0x08, 0x06, 0x00, 
0x00, 0x00, 0x1C, 0x1C, 0x00, 0x00, 0x00, 0x04, 0x08, 0x08, 0x08, 0x08, 0x08, 0x08, 0x08, 0x08, 
0x08, 0x08, 0x08, 0x08, 0x08, 0x08, 0x08, 0x08, 0x08, 0x08, 0x08, 0x08, 0x08, 0x08, 0x08, 0x08, 
0x08, 0x08, 0x08, 0x08, 0x08, 0x08, 0x08, 0x08, 0x08, 0x08, 0x08, 0x08, 0x08, 0x08, 0x08, 0x08, 
0x08, 0x08, 0x08, 0x08, 0x08, 0x08, 0x08, 0x08, 0x08, 0x08, 0x08, 0x08, 0x08, 0x08, 0x08, 0x08, 
0x08, 0x08, 0x08, 0x08, 0x08, 0x08, 0x08, 0x08, 0x08, 0x08, 0x08, 0x08, 0x08, 0x08, 0x08, 0x08, 
0x08, 0x08, 0x08, 0x08, 0x08, 0x08, 0x08, 0x08, 0x08, 0x08, 0x08, 0x08, 0x08, 0x08, 0x08, 0x08, 
0x08, 0x08, 0x08, 0x08, 0x08, 0x08, 0x08, 0x08, 0x08, 0x08, 0x08, 0x08, 0x08, 0x08, 0x08, 0x08, 
0x08, 0x08, 0x08, 0x08, 0x08, 0x08, 0x08, 0x08, 0x08, 0x08, 0x08, 0x08, 0x08, 0x08, 0x08, 0x08, 
0x08, 0x08, 0x08, 0x08, 0x08, 0x08, 0x08, 0x08, 0x08, 0x08, 0x08, 0x08, 0x08, 0x08, 0x08, 0x08, 
0x08, 0x08, 0x08, 0x08, 0x08, 0x08, 0x08, 0x08, 0x08, 0x08, 0x08, 0x08, 0x08, 0x08, 0x08, 0x08, 
0x08, 0x08, 0x08, 0x08, 0x08, 0x08, 0x08, 0x08, 0x08, 0x08, 0x08, 0x08, 0x08, 0x08, 0x08, 0x08, 
0x08, 0x08, 0x08, 0x08, 0x08, 0x08, 0x08, 0x08, 0x08, 0x08, 0x08, 0x08, 0x08, 0x08, 0x08, 0x08, 
0x08, 0x08, 0x08, 0x08, 0x08, 0x08, 0x08, 0x08, 0x08, 0x08, 0x08, 0x08, 0x08, 0x08, 0x08, 0x08, 
0x08, 0x08, 0x08, 0x08, 0x08, 0x08, 0x08, 0x08, 0x08, 0x08, 0x08, 0x08, 0x08, 0x08, 0x08, 0x08, 
0x08, 0x08, 0x08, 0x08, 0x08, 0x08, 0x08, 0x08, 0x08, 0x08, 0x08, 0x08, 0x08, 0x08, 0x08, 0x08, 
0x08, 0x08, 0x08, 0x08, 0x08, 0x08, 0x08, 0x08, 0x08, 0x08, 0x08, 0x08, 0x08, 0x08, 0x08, 0x08, 
0x08, 0x08, 0x08, 0x08, 0x08, 0x08, 0x00, 0x00, 0x04, 0x08, 0x08, 0x08, 0x08, 0x08, 0x08, 0x08, 
0x04, 0x00, 0x00, 0x00, 0x04, 0x08, 0x08, 0x08, 0x05, 0x00, 0x00, 0x00, 0x00, 0x00, 0x04, 0x08, 
0x08, 0x08, 0x08, 0x08, 0x08, 0x06, 0x00, 0x00, 0x04, 0x08, 0x08, 0x08, 0x08, 0x08, 0x06, 0x00, 
0x00, 0x00, 0x06, 0x08, 0x08, 0x08, 0x08, 0x08, 0x08, 0x08, 0x08, 0x08, 0x08, 0x08, 0x08, 0x04, 
0x00, 0x00, 0x0D, 0x14, 0x00, 0x00, 0x00, 0x00, 0x08, 0x08, 0x08, 0x08, 0x08, 0x08, 0x08, 0x08, 
0x08, 0x08, 0x08, 0x08, 0x08, 0x08, 0x08, 0x08, 0x08, 0x08, 0x08, 0x08, 0x08, 0x08, 0x08, 0x08, 
0x08, 0x08, 0x08, 0x08, 0x08, 0x08, 0x08, 0x08, 0x08, 0x08, 0x08, 0x08, 0x08, 0x08, 0x08, 0x08, 
0x08, 0x08, 0x08, 0x08, 0x08, 0x08, 0x08, 0x08, 0x08, 0x08, 0x08, 0x08, 0x08, 0x08, 0x08, 0x08, 
0x08, 0x08, 0x08, 0x08, 0x08, 0x08, 0x08, 0x08, 0x08, 0x08, 0x08, 0x08, 0x08, 0x08, 0x08, 0x08, 
0x08, 0x08, 0x08, 0x08, 0x08, 0x08, 0x08, 0x08, 0x08, 0x08, 0x08, 0x08, 0x08, 0x08, 0x08, 0x08, 
0x08, 0x08, 0x08, 0x08, 0x08, 0x08, 0x08, 0x08, 0x08, 0x08, 0x08, 0x08, 0x08, 0x08, 0x08, 0x08, 
0x08, 0x08, 0x08, 0x08, 0x08, 0x08, 0x08, 0x08, 0x08, 0x08, 0x08, 0x08, 0x08, 0x08, 0x08, 0x08, 
0x08, 0x08, 0x08, 0x08, 0x08, 0x08, 0x08, 0x08, 0x08, 0x08, 0x08, 0x08, 0x08, 0x08, 0x08, 0x08, 
0x08, 0x08, 0x08, 0x08, 0x08, 0x08, 0x08, 0x08, 0x08, 0x08, 0x08, 0x08, 0x08, 0x08, 0x08, 0x08, 
0x08, 0x08, 0x08, 0x08, 0x08, 0x08, 0x08, 0x08, 0x08, 0x08, 0x08, 0x08, 0x08, 0x08, 0x08, 0x08, 
0x08, 0x08, 0x08, 0x08, 0x08, 0x08, 0x08, 0x08, 0x08, 0x08, 0x08, 0x08, 0x08, 0x08, 0x08, 0x08, 
0x08, 0x08, 0x08, 0x08, 0x08, 0x08, 0x08, 0x08, 0x08, 0x08, 0x08, 0x08, 0x08, 0x08, 0x08, 0x08, 
0x08, 0x08, 0x08, 0x08, 0x08, 0x08, 0x08, 0x08, 0x08, 0x08, 0x08, 0x08, 0x08, 0x08, 0x08, 0x08, 
0x08, 0x08, 0x08, 0x08, 0x08, 0x08, 0x08, 0x08, 0x08, 0x08, 0x08, 0x08, 0x08, 0x08, 0x08, 0x08, 
0x08, 0x08, 0x08, 0x08, 0x08, 0x08, 0x08, 0x08, 0x08, 0x08, 0x08, 0x08, 0x08, 0x08, 0x08, 0x08, 
0x08, 0x08, 0x08, 0x08, 0x08, 0x08, 0x00, 0x00, 0x04, 0x08, 0x08, 0x08, 0x08, 0x08, 0x08, 0x05, 
0x00, 0x00, 0x00, 0x04, 0x08, 0x08, 0x08, 0x08, 0x08, 0x06, 0x04, 0x03, 0x00, 0x05, 0x08, 0x08, 
0x08, 0x08, 0x08, 0x08, 0x08, 0x03, 0x00, 0x00, 0x05, 0x08, 0x08, 0x08, 0x08, 0x08, 0x04, 0x00, 
0x00, 0x00, 0x08, 0x08, 0x08, 0x08, 0x08, 0x08, 0x08, 0x08, 0x08, 0x08, 0x08, 0x08, 0x08, 0x08, 
0x00, 0x00, 0x00, 0x00, 0x00, 0x00, 0x00, 0x00, 0x05, 0x08, 0x08, 0x08, 0x08, 0x08, 0x08, 0x08, 
0x08, 0x08, 0x08, 0x08, 0x08, 0x08, 0x08, 0x08, 0x08, 0x08, 0x08, 0x08, 0x08, 0x08, 0x08, 0x08, 
0x08, 0x08, 0x08, 0x08, 0x08, 0x08, 0x08, 0x08, 0x08, 0x08, 0x08, 0x08, 0x08, 0x08, 0x08, 0x08, 
0x08, 0x08, 0x08, 0x08, 0x08, 0x08, 0x08, 0x08, 0x08, 0x08, 0x08, 0x08, 0x08, 0x08, 0x08, 0x08, 
0x08, 0x08, 0x08, 0x08, 0x08, 0x08, 0x08, 0x08, 0x08, 0x08, 0x08, 0x08, 0x08, 0x08, 0x08, 0x08, 
0x08, 0x08, 0x08, 0x08, 0x08, 0x08, 0x08, 0x08, 0x08, 0x08, 0x08, 0x08, 0x08, 0x08, 0x08, 0x08, 
0x08, 0x08, 0x08, 0x08, 0x08, 0x08, 0x08, 0x08, 0x08, 0x08, 0x08, 0x08, 0x08, 0x08, 0x08, 0x08, 
0x08, 0x08, 0x08, 0x08, 0x08, 0x08, 0x08, 0x08, 0x08, 0x08, 0x08, 0x08, 0x08, 0x08, 0x08, 0x08, 
0x08, 0x08, 0x08, 0x08, 0x08, 0x08, 0x08, 0x08, 0x08, 0x08, 0x08, 0x08, 0x08, 0x08, 0x08, 0x08, 
0x08, 0x08, 0x08, 0x08, 0x08, 0x08, 0x08, 0x08, 0x08, 0x08, 0x08, 0x08, 0x08, 0x08, 0x08, 0x08, 
0x08, 0x08, 0x08, 0x08, 0x08, 0x08, 0x08, 0x08, 0x08, 0x08, 0x08, 0x08, 0x08, 0x08, 0x08, 0x08, 
0x08, 0x08, 0x08, 0x08, 0x08, 0x08, 0x08, 0x08, 0x08, 0x08, 0x08, 0x08, 0x08, 0x08, 0x08, 0x08, 
0x08, 0x08, 0x08, 0x08, 0x08, 0x08, 0x08, 0x08, 0x08, 0x08, 0x08, 0x08, 0x08, 0x08, 0x08, 0x08, 
0x08, 0x08, 0x08, 0x08, 0x08, 0x08, 0x08, 0x08, 0x08, 0x08, 0x08, 0x08, 0x08, 0x08, 0x08, 0x08, 
0x08, 0x08, 0x08, 0x08, 0x08, 0x08, 0x08, 0x08, 0x08, 0x08, 0x08, 0x08, 0x08, 0x08, 0x08, 0x08, 
0x08, 0x08, 0x08, 0x08, 0x08, 0x08, 0x08, 0x08, 0x08, 0x08, 0x08, 0x08, 0x08, 0x08, 0x08, 0x08, 
0x08, 0x08, 0x08, 0x08, 0x08, 0x06, 0x00, 0x00, 0x04, 0x08, 0x08, 0x08, 0x08, 0x08, 0x08, 0x00, 
0x00, 0x03, 0x06, 0x08, 0x08, 0x08, 0x08, 0x08, 0x06, 0x06, 0x08, 0x08, 0x00, 0x06, 0x08, 0x08, 
0x08, 0x08, 0x08, 0x08, 0x04, 0x00, 0x00, 0x00, 0x08, 0x08, 0x08, 0x08, 0x08, 0x06, 0x00, 0x00, 
0x00, 0x04, 0x08, 0x08, 0x08, 0x08, 0x08, 0x08, 0x08, 0x08, 0x08, 0x08, 0x08, 0x08, 0x08, 0x08, 
0x04, 0x00, 0x00, 0x00, 0x00, 0x00, 0x00, 0x03, 0x06, 0x08, 0x08, 0x08, 0x08, 0x08, 0x08, 0x08, 
0x08, 0x08, 0x08, 0x08, 0x08, 0x08, 0x08, 0x08, 0x08, 0x08, 0x08, 0x08, 0x08, 0x08, 0x08, 0x08, 
0x08, 0x08, 0x08, 0x08, 0x08, 0x08, 0x08, 0x08, 0x08, 0x08, 0x08, 0x08, 0x08, 0x08, 0x08, 0x08, 
0x08, 0x08, 0x08, 0x08, 0x08, 0x08, 0x08, 0x08, 0x08, 0x08, 0x08, 0x08, 0x08, 0x08, 0x08, 0x08, 
0x08, 0x08, 0x08, 0x08, 0x08, 0x08, 0x08, 0x08, 0x08, 0x08, 0x08, 0x08, 0x08, 0x08, 0x08, 0x08, 
0x08, 0x08, 0x08, 0x08, 0x08, 0x08, 0x08, 0x08, 0x08, 0x08, 0x08, 0x08, 0x08, 0x08, 0x08, 0x08, 
0x08, 0x08, 0x08, 0x08, 0x08, 0x08, 0x08, 0x08, 0x08, 0x08, 0x08, 0x08, 0x08, 0x08, 0x08, 0x08, 
0x08, 0x08, 0x08, 0x08, 0x08, 0x08, 0x08, 0x08, 0x08, 0x08, 0x08, 0x08, 0x08, 0x08, 0x08, 0x08, 
0x08, 0x08, 0x08, 0x08, 0x08, 0x08, 0x08, 0x08, 0x08, 0x08, 0x08, 0x08, 0x08, 0x08, 0x08, 0x08, 
0x08, 0x08, 0x08, 0x08, 0x08, 0x08, 0x08, 0x08, 0x08, 0x08, 0x08, 0x08, 0x08, 0x08, 0x08, 0x08, 
0x08, 0x08, 0x08, 0x08, 0x08, 0x08, 0x08, 0x08, 0x08, 0x08, 0x08, 0x08, 0x08, 0x08, 0x08, 0x08, 
0x08, 0x08, 0x08, 0x08, 0x08, 0x08, 0x08, 0x08, 0x08, 0x08, 0x08, 0x08, 0x08, 0x08, 0x08, 0x08, 
0x08, 0x08, 0x08, 0x08, 0x08, 0x08, 0x08, 0x08, 0x08, 0x08, 0x08, 0x08, 0x08, 0x08, 0x08, 0x08, 
0x08, 0x08, 0x08, 0x08, 0x08, 0x08, 0x08, 0x08, 0x08, 0x08, 0x08, 0x08, 0x08, 0x08, 0x08, 0x08, 
0x08, 0x08, 0x08, 0x08, 0x08, 0x08, 0x08, 0x08, 0x08, 0x08, 0x08, 0x08, 0x08, 0x08, 0x08, 0x08, 
0x08, 0x08, 0x08, 0x08, 0x08, 0x08, 0x08, 0x08, 0x08, 0x08, 0x08, 0x08, 0x08, 0x08, 0x08, 0x08, 
0x08, 0x08, 0x08, 0x08, 0x08, 0x08, 0x00, 0x00, 0x02, 0x08, 0x08, 0x08, 0x08, 0x08, 0x06, 0x00, 
0x00, 0x05, 0x08, 0x08, 0x08, 0x08, 0x08, 0x06, 0x00, 0x00, 0x00, 0x02, 0x00, 0x06, 0x08, 0x08, 
0x08, 0x08, 0x08, 0x04, 0x00, 0x00, 0x00, 0x04, 0x08, 0x08, 0x08, 0x08, 0x08, 0x02, 0x00, 0x00, 
0x00, 0x06, 0x08, 0x08, 0x08, 0x08, 0x08, 0x08, 0x08, 0x08, 0x08, 0x08, 0x08, 0x08, 0x08, 0x08, 
0x08, 0x00, 0x00, 0x00, 0x00, 0x02, 0x05, 0x08, 0x08, 0x08, 0x08, 0x08, 0x08, 0x08, 0x08, 0x08, 
0x08, 0x08, 0x08, 0x08, 0x08, 0x08, 0x08, 0x08, 0x08, 0x08, 0x08, 0x08, 0x08, 0x08, 0x08, 0x08, 
0x08, 0x08, 0x08, 0x08, 0x08, 0x08, 0x08, 0x08, 0x08, 0x08, 0x08, 0x08, 0x08, 0x08, 0x08, 0x08, 
0x08, 0x08, 0x08, 0x08, 0x08, 0x08, 0x08, 0x08, 0x08, 0x08, 0x08, 0x08, 0x08, 0x08, 0x08, 0x08, 
0x08, 0x08, 0x08, 0x08, 0x08, 0x08, 0x08, 0x08, 0x08, 0x08, 0x08, 0x08, 0x08, 0x08, 0x08, 0x08, 
0x08, 0x08, 0x08, 0x08, 0x08, 0x08, 0x08, 0x08, 0x08, 0x08, 0x08, 0x08, 0x08, 0x08, 0x08, 0x08, 
0x08, 0x08, 0x08, 0x08, 0x08, 0x08, 0x08, 0x08, 0x08, 0x08, 0x08, 0x08, 0x08, 0x08, 0x08, 0x08, 
0x08, 0x08, 0x08, 0x08, 0x08, 0x08, 0x08, 0x08, 0x08, 0x08, 0x08, 0x08, 0x08, 0x08, 0x08, 0x08, 
0x08, 0x08, 0x08, 0x08, 0x08, 0x08, 0x08, 0x08, 0x08, 0x08, 0x08, 0x08, 0x08, 0x08, 0x08, 0x08, 
0x08, 0x08, 0x08, 0x08, 0x08, 0x08, 0x08, 0x08, 0x08, 0x08, 0x08, 0x08, 0x08, 0x08, 0x08, 0x08, 
0x08, 0x08, 0x08, 0x08, 0x08, 0x08, 0x08, 0x08, 0x08, 0x08, 0x08, 0x08, 0x08, 0x08, 0x08, 0x08, 
0x08, 0x08, 0x08, 0x08, 0x08, 0x08, 0x08, 0x08, 0x08, 0x08, 0x08, 0x08, 0x08, 0x08, 0x08, 0x08, 
0x08, 0x08, 0x08, 0x08, 0x08, 0x08, 0x08, 0x08, 0x08, 0x08, 0x08, 0x08, 0x08, 0x08, 0x08, 0x08, 
0x08, 0x08, 0x08, 0x08, 0x08, 0x08, 0x08, 0x08, 0x08, 0x08, 0x08, 0x08, 0x08, 0x08, 0x08, 0x08, 
0x08, 0x08, 0x06, 0x08, 0x08, 0x08, 0x08, 0x08, 0x08, 0x08, 0x08, 0x08, 0x08, 0x08, 0x08, 0x08, 
0x08, 0x08, 0x08, 0x08, 0x08, 0x08, 0x08, 0x08, 0x08, 0x08, 0x08, 0x08, 0x08, 0x08, 0x08, 0x08, 
0x08, 0x08, 0x08, 0x08, 0x08, 0x08, 0x02, 0x00, 0x02, 0x08, 0x08, 0x08, 0x08, 0x08, 0x06, 0x00, 
0x00, 0x05, 0x08, 0x08, 0x08, 0x08, 0x08, 0x05, 0x00, 0x00, 0x00, 0x00, 0x00, 0x06, 0x08, 0x08, 
0x08, 0x08, 0x05, 0x00, 0x00, 0x00, 0x02, 0x08, 0x08, 0x08, 0x08, 0x08, 0x04, 0x00, 0x00, 0x00, 
0x04, 0x08, 0x08, 0x08, 0x08, 0x08, 0x08, 0x08, 0x08, 0x08, 0x08, 0x08, 0x08, 0x08, 0x08, 0x08, 
0x08, 0x04, 0x00, 0x00, 0x05, 0x08, 0x08, 0x08, 0x08, 0x08, 0x08, 0x08, 0x08, 0x08, 0x08, 0x08, 
0x08, 0x08, 0x08, 0x08, 0x08, 0x08, 0x08, 0x08, 0x08, 0x08, 0x08, 0x08, 0x08, 0x08, 0x08, 0x08, 
0x08, 0x08, 0x08, 0x08, 0x08, 0x08, 0x08, 0x08, 0x08, 0x08, 0x08, 0x08, 0x08, 0x08, 0x08, 0x08, 
0x08, 0x08, 0x08, 0x08, 0x08, 0x08, 0x08, 0x08, 0x08, 0x08, 0x08, 0x08, 0x08, 0x08, 0x08, 0x08, 
0x08, 0x08, 0x08, 0x08, 0x08, 0x08, 0x08, 0x08, 0x08, 0x08, 0x08, 0x08, 0x08, 0x08, 0x08, 0x08, 
0x08, 0x08, 0x08, 0x08, 0x08, 0x08, 0x08, 0x08, 0x08, 0x08, 0x08, 0x08, 0x08, 0x08, 0x08, 0x08, 
0x08, 0x08, 0x08, 0x08, 0x08, 0x08, 0x08, 0x08, 0x08, 0x08, 0x08, 0x08, 0x08, 0x08, 0x08, 0x08, 
0x08, 0x08, 0x08, 0x08, 0x08, 0x08, 0x08, 0x08, 0x08, 0x08, 0x08, 0x08, 0x08, 0x08, 0x08, 0x08, 
0x08, 0x08, 0x08, 0x08, 0x08, 0x08, 0x08, 0x08, 0x08, 0x08, 0x08, 0x08, 0x08, 0x08, 0x08, 0x08, 
0x08, 0x08, 0x08, 0x08, 0x08, 0x08, 0x08, 0x08, 0x08, 0x08, 0x08, 0x08, 0x08, 0x08, 0x08, 0x08, 
0x08, 0x08, 0x08, 0x08, 0x08, 0x08, 0x08, 0x08, 0x08, 0x08, 0x08, 0x08, 0x08, 0x08, 0x08, 0x08, 
0x08, 0x08, 0x08, 0x08, 0x08, 0x08, 0x08, 0x08, 0x08, 0x08, 0x08, 0x08, 0x08, 0x08, 0x08, 0x08, 
0x08, 0x08, 0x08, 0x08, 0x08, 0x08, 0x08, 0x08, 0x08, 0x08, 0x08, 0x08, 0x08, 0x08, 0x08, 0x08, 
0x08, 0x08, 0x08, 0x08, 0x08, 0x08, 0x08, 0x08, 0x08, 0x08, 0x08, 0x08, 0x08, 0x08, 0x08, 0x08, 
0x08, 0x08, 0x08, 0x08, 0x08, 0x08, 0x08, 0x08, 0x08, 0x08, 0x08, 0x08, 0x08, 0x08, 0x08, 0x08, 
0x08, 0x08, 0x08, 0x08, 0x08, 0x08, 0x08, 0x08, 0x08, 0x08, 0x08, 0x08, 0x08, 0x08, 0x08, 0x08, 
0x08, 0x08, 0x08, 0x08, 0x08, 0x08, 0x03, 0x00, 0x00, 0x08, 0x08, 0x08, 0x08, 0x08, 0x08, 0x00, 
0x00, 0x04, 0x08, 0x08, 0x08, 0x08, 0x08, 0x08, 0x05, 0x03, 0x00, 0x00, 0x00, 0x06, 0x08, 0x08, 
0x08, 0x04, 0x00, 0x00, 0x00, 0x00, 0x06, 0x08, 0x08, 0x08, 0x08, 0x04, 0x00, 0x00, 0x00, 0x03, 
0x08, 0x08, 0x08, 0x08, 0x08, 0x08, 0x08, 0x08, 0x08, 0x08, 0x08, 0x08, 0x08, 0x08, 0x08, 0x08, 
0x08, 0x06, 0x04, 0x08, 0x08, 0x08, 0x08, 0x08, 0x08, 0x08, 0x08, 0x08, 0x08, 0x08, 0x08, 0x08, 
0x08, 0x08, 0x08, 0x08, 0x08, 0x08, 0x08, 0x08, 0x08, 0x08, 0x08, 0x08, 0x08, 0x08, 0x08, 0x08, 
0x08, 0x08, 0x08, 0x08, 0x08, 0x08, 0x08, 0x08, 0x08, 0x08, 0x08, 0x08, 0x08, 0x08, 0x08, 0x08, 
0x08, 0x08, 0x08, 0x08, 0x08, 0x08, 0x08, 0x08, 0x08, 0x08, 0x08, 0x08, 0x08, 0x08, 0x08, 0x08, 
0x08, 0x08, 0x08, 0x08, 0x08, 0x08, 0x08, 0x08, 0x08, 0x08, 0x08, 0x08, 0x08, 0x08, 0x08, 0x08, 
0x08, 0x08, 0x08, 0x08, 0x08, 0x08, 0x08, 0x08, 0x08, 0x08, 0x08, 0x08, 0x08, 0x08, 0x08, 0x08, 
0x08, 0x08, 0x08, 0x08, 0x08, 0x08, 0x08, 0x08, 0x08, 0x08, 0x08, 0x08, 0x08, 0x08, 0x08, 0x08, 
0x08, 0x08, 0x08, 0x08, 0x08, 0x08, 0x08, 0x08, 0x08, 0x08, 0x08, 0x08, 0x08, 0x08, 0x08, 0x08, 
0x08, 0x08, 0x08, 0x08, 0x08, 0x08, 0x08, 0x08, 0x08, 0x08, 0x08, 0x08, 0x08, 0x08, 0x08, 0x08, 
0x08, 0x08, 0x08, 0x08, 0x08, 0x08, 0x08, 0x08, 0x08, 0x08, 0x08, 0x08, 0x08, 0x08, 0x08, 0x08, 
0x08, 0x08, 0x08, 0x08, 0x08, 0x08, 0x08, 0x08, 0x08, 0x08, 0x08, 0x08, 0x08, 0x08, 0x08, 0x08, 
0x08, 0x08, 0x08, 0x08, 0x08, 0x08, 0x08, 0x08, 0x08, 0x08, 0x08, 0x08, 0x08, 0x08, 0x08, 0x08, 
0x08, 0x08, 0x08, 0x08, 0x08, 0x08, 0x08, 0x08, 0x08, 0x08, 0x08, 0x08, 0x08, 0x08, 0x08, 0x08, 
0x08, 0x08, 0x08, 0x08, 0x08, 0x08, 0x08, 0x08, 0x08, 0x08, 0x08, 0x08, 0x08, 0x08, 0x08, 0x08, 
0x08, 0x08, 0x08, 0x08, 0x08, 0x08, 0x08, 0x08, 0x08, 0x08, 0x08, 0x08, 0x08, 0x08, 0x08, 0x08, 
0x08, 0x08, 0x08, 0x08, 0x08, 0x08, 0x08, 0x08, 0x08, 0x08, 0x08, 0x08, 0x08, 0x08, 0x08, 0x08, 
0x08, 0x08, 0x08, 0x08, 0x08, 0x08, 0x04, 0x00, 0x00, 0x05, 0x08, 0x08, 0x08, 0x08, 0x08, 0x02, 
0x00, 0x02, 0x08, 0x08, 0x08, 0x08, 0x08, 0x08, 0x08, 0x08, 0x06, 0x00, 0x00, 0x03, 0x04, 0x03, 
0x00, 0x00, 0x00, 0x00, 0x02, 0x06, 0x08, 0x08, 0x08, 0x06, 0x02, 0x00, 0x00, 0x00, 0x03, 0x08, 
0x08, 0x08, 0x08, 0x08, 0x08, 0x08, 0x08, 0x08, 0x08, 0x08, 0x08, 0x08, 0x08, 0x08, 0x08, 0x08, 
0x08, 0x08, 0x08, 0x08, 0x08, 0x08, 0x08, 0x08, 0x08, 0x08, 0x08, 0x08, 0x08, 0x08, 0x08, 0x08, 
0x08, 0x08, 0x08, 0x08, 0x08, 0x08, 0x08, 0x08, 0x08, 0x08, 0x08, 0x08, 0x08, 0x08, 0x08, 0x08, 
0x08, 0x08, 0x08, 0x08, 0x08, 0x08, 0x08, 0x08, 0x08, 0x08, 0x08, 0x08, 0x08, 0x08, 0x08, 0x08, 
0x08, 0x08, 0x08, 0x08, 0x08, 0x08, 0x08, 0x08, 0x08, 0x08, 0x08, 0x08, 0x08, 0x08, 0x08, 0x08, 
0x08, 0x08, 0x08, 0x08, 0x08, 0x08, 0x08, 0x08, 0x08, 0x08, 0x08, 0x08, 0x08, 0x08, 0x08, 0x08, 
0x08, 0x08, 0x08, 0x08, 0x08, 0x08, 0x08, 0x08, 0x08, 0x08, 0x08, 0x08, 0x08, 0x08, 0x08, 0x08, 
0x08, 0x08, 0x08, 0x08, 0x08, 0x08, 0x08, 0x08, 0x08, 0x08, 0x08, 0x08, 0x08, 0x08, 0x08, 0x08, 
0x08, 0x08, 0x08, 0x08, 0x08, 0x08, 0x08, 0x08, 0x08, 0x08, 0x08, 0x08, 0x08, 0x08, 0x08, 0x08, 
0x08, 0x08, 0x08, 0x08, 0x08, 0x08, 0x08, 0x08, 0x08, 0x08, 0x08, 0x08, 0x08, 0x08, 0x08, 0x08, 
0x08, 0x08, 0x08, 0x08, 0x08, 0x08, 0x08, 0x08, 0x08, 0x08, 0x08, 0x08, 0x08, 0x08, 0x08, 0x08, 
0x08, 0x08, 0x08, 0x08, 0x08, 0x08, 0x08, 0x08, 0x08, 0x08, 0x08, 0x08, 0x08, 0x08, 0x08, 0x08, 
0x08, 0x08, 0x08, 0x08, 0x08, 0x08, 0x08, 0x08, 0x08, 0x08, 0x08, 0x08, 0x08, 0x08, 0x08, 0x08, 
0x08, 0x08, 0x08, 0x08, 0x08, 0x08, 0x08, 0x08, 0x08, 0x08, 0x08, 0x08, 0x08, 0x08, 0x08, 0x08, 
0x08, 0x08, 0x08, 0x08, 0x08, 0x08, 0x08, 0x08, 0x08, 0x08, 0x08, 0x08, 0x08, 0x08, 0x08, 0x08, 
0x08, 0x08, 0x08, 0x08, 0x08, 0x08, 0x08, 0x08, 0x08, 0x08, 0x08, 0x08, 0x08, 0x08, 0x08, 0x08, 
0x08, 0x08, 0x08, 0x08, 0x08, 0x08, 0x08, 0x08, 0x08, 0x08, 0x08, 0x08, 0x08, 0x08, 0x08, 0x08, 
0x08, 0x08, 0x08, 0x08, 0x08, 0x08, 0x06, 0x00, 0x00, 0x03, 0x08, 0x08, 0x08, 0x08, 0x08, 0x04, 
0x00, 0x00, 0x04, 0x08, 0x08, 0x08, 0x08, 0x08, 0x08, 0x08, 0x06, 0x00, 0x00, 0x00, 0x00, 0x00, 
0x00, 0x00, 0x00, 0x02, 0x06, 0x08, 0x08, 0x08, 0x06, 0x00, 0x00, 0x00, 0x00, 0x03, 0x08, 0x08, 
0x08, 0x08, 0x08, 0x08, 0x08, 0x08, 0x08, 0x08, 0x08, 0x08, 0x08, 0x08, 0x08, 0x08, 0x08, 0x08, 
0x08, 0x08, 0x08, 0x08, 0x08, 0x08, 0x08, 0x08, 0x08, 0x08, 0x08, 0x08, 0x08, 0x08, 0x08, 0x08, 
0x08, 0x08, 0x08, 0x08, 0x08, 0x08, 0x08, 0x08, 0x08, 0x08, 0x08, 0x08, 0x08, 0x08, 0x08, 0x08, 
0x08, 0x08, 0x08, 0x08, 0x08, 0x08, 0x08, 0x08, 0x08, 0x08, 0x08, 0x08, 0x08, 0x08, 0x08, 0x08, 
0x08, 0x08, 0x08, 0x08, 0x08, 0x08, 0x08, 0x08, 0x08, 0x08, 0x08, 0x08, 0x08, 0x08, 0x08, 0x08, 
0x08, 0x08, 0x08, 0x08, 0x08, 0x08, 0x08, 0x08, 0x08, 0x08, 0x08, 0x08, 0x08, 0x08, 0x08, 0x08, 
0x08, 0x08, 0x08, 0x08, 0x08, 0x08, 0x08, 0x08, 0x08, 0x08, 0x08, 0x08, 0x08, 0x08, 0x08, 0x08, 
0x08, 0x08, 0x08, 0x08, 0x08, 0x08, 0x08, 0x08, 0x08, 0x08, 0x08, 0x08, 0x08, 0x08, 0x08, 0x08, 
0x08, 0x08, 0x08, 0x08, 0x08, 0x08, 0x08, 0x08, 0x08, 0x08, 0x08, 0x08, 0x08, 0x08, 0x08, 0x08, 
0x08, 0x08, 0x08, 0x08, 0x08, 0x08, 0x08, 0x08, 0x08, 0x08, 0x08, 0x08, 0x08, 0x08, 0x08, 0x08, 
0x08, 0x08, 0x08, 0x08, 0x08, 0x08, 0x08, 0x08, 0x08, 0x08, 0x08, 0x08, 0x08, 0x08, 0x08, 0x08, 
0x08, 0x08, 0x08, 0x08, 0x08, 0x08, 0x08, 0x08, 0x08, 0x08, 0x08, 0x08, 0x08, 0x08, 0x08, 0x08, 
0x08, 0x08, 0x08, 0x08, 0x08, 0x08, 0x08, 0x08, 0x08, 0x08, 0x08, 0x08, 0x08, 0x08, 0x08, 0x08, 
0x08, 0x08, 0x08, 0x08, 0x08, 0x08, 0x08, 0x08, 0x08, 0x08, 0x08, 0x08, 0x08, 0x08, 0x08, 0x08, 
0x08, 0x08, 0x08, 0x08, 0x08, 0x08, 0x08, 0x08, 0x08, 0x08, 0x08, 0x08, 0x08, 0x08, 0x08, 0x08, 
0x08, 0x08, 0x08, 0x08, 0x08, 0x08, 0x08, 0x08, 0x08, 0x08, 0x08, 0x08, 0x08, 0x08, 0x08, 0x08, 
0x08, 0x08, 0x08, 0x08, 0x08, 0x08, 0x08, 0x08, 0x08, 0x08, 0x08, 0x08, 0x08, 0x08, 0x08, 0x08, 
0x08, 0x08, 0x08, 0x08, 0x08, 0x08, 0x08, 0x02, 0x00, 0x00, 0x06, 0x08, 0x08, 0x08, 0x08, 0x08, 
0x00, 0x00, 0x00, 0x05, 0x08, 0x08, 0x08, 0x08, 0x08, 0x08, 0x06, 0x00, 0x00, 0x00, 0x00, 0x00, 
0x00, 0x00, 0x03, 0x07, 0x0C, 0x06, 0x05, 0x03, 0x00, 0x00, 0x00, 0x00, 0x03, 0x08, 0x08, 0x08, 
0x08, 0x08, 0x08, 0x08, 0x08, 0x08, 0x08, 0x08, 0x08, 0x08, 0x08, 0x08, 0x08, 0x08, 0x08, 0x08, 
0x08, 0x08, 0x08, 0x08, 0x08, 0x08, 0x08, 0x08, 0x08, 0x08, 0x08, 0x08, 0x08, 0x08, 0x08, 0x08, 
0x08, 0x08, 0x08, 0x08, 0x08, 0x08, 0x08, 0x08, 0x08, 0x08, 0x08, 0x08, 0x08, 0x08, 0x08, 0x08, 
0x08, 0x08, 0x08, 0x08, 0x08, 0x08, 0x08, 0x08, 0x08, 0x08, 0x08, 0x08, 0x08, 0x08, 0x08, 0x08, 
0x08, 0x08, 0x08, 0x08, 0x08, 0x08, 0x08, 0x08, 0x08, 0x08, 0x08, 0x08, 0x08, 0x08, 0x08, 0x08, 
0x08, 0x08, 0x08, 0x08, 0x08, 0x08, 0x08, 0x08, 0x08, 0x08, 0x08, 0x08, 0x08, 0x08, 0x08, 0x08, 
0x08, 0x08, 0x08, 0x08, 0x08, 0x08, 0x08, 0x08, 0x08, 0x08, 0x08, 0x08, 0x08, 0x08, 0x08, 0x08, 
0x08, 0x08, 0x08, 0x08, 0x08, 0x08, 0x08, 0x08, 0x08, 0x08, 0x08, 0x08, 0x08, 0x08, 0x08, 0x08, 
0x08, 0x08, 0x08, 0x08, 0x08, 0x08, 0x08, 0x08, 0x08, 0x08, 0x08, 0x08, 0x08, 0x08, 0x08, 0x08, 
0x08, 0x08, 0x08, 0x08, 0x08, 0x08, 0x08, 0x08, 0x08, 0x08, 0x08, 0x08, 0x08, 0x08, 0x08, 0x08, 
0x08, 0x08, 0x08, 0x08, 0x08, 0x08, 0x08, 0x08, 0x08, 0x08, 0x08, 0x08, 0x08, 0x08, 0x08, 0x08, 
0x08, 0x08, 0x08, 0x08, 0x08, 0x08, 0x08, 0x08, 0x08, 0x08, 0x08, 0x08, 0x08, 0x08, 0x08, 0x08, 
0x08, 0x08, 0x08, 0x08, 0x08, 0x08, 0x08, 0x08, 0x08, 0x08, 0x08, 0x08, 0x08, 0x08, 0x08, 0x08, 
0x08, 0x08, 0x08, 0x08, 0x08, 0x08, 0x08, 0x08, 0x08, 0x08, 0x08, 0x08, 0x08, 0x08, 0x08, 0x08, 
0x08, 0x08, 0x08, 0x08, 0x08, 0x08, 0x08, 0x08, 0x08, 0x08, 0x08, 0x08, 0x08, 0x08, 0x08, 0x08, 
0x08, 0x08, 0x08, 0x08, 0x08, 0x08, 0x08, 0x08, 0x08, 0x08, 0x08, 0x08, 0x08, 0x08, 0x08, 0x08, 
0x08, 0x08, 0x08, 0x08, 0x08, 0x08, 0x08, 0x08, 0x08, 0x08, 0x08, 0x08, 0x08, 0x08, 0x08, 0x08, 
0x08, 0x08, 0x08, 0x08, 0x08, 0x08, 0x08, 0x06, 0x00, 0x00, 0x03, 0x08, 0x08, 0x08, 0x08, 0x08, 
0x05, 0x00, 0x00, 0x00, 0x05, 0x08, 0x08, 0x08, 0x08, 0x08, 0x04, 0x00, 0x01, 0x03, 0x0D, 0x0E, 
0x13, 0x14, 0x14, 0x14, 0x0E, 0x00, 0x00, 0x00, 0x00, 0x00, 0x02, 0x05, 0x08, 0x08, 0x08, 0x08, 
0x08, 0x08, 0x08, 0x08, 0x08, 0x08, 0x08, 0x08, 0x08, 0x08, 0x08, 0x08, 0x08, 0x08, 0x08, 0x08, 
0x08, 0x08, 0x08, 0x08, 0x08, 0x08, 0x08, 0x08, 0x08, 0x08, 0x08, 0x08, 0x08, 0x08, 0x08, 0x08, 
0x08, 0x08, 0x08, 0x08, 0x08, 0x08, 0x08, 0x08, 0x08, 0x08, 0x08, 0x08, 0x08, 0x08, 0x08, 0x08, 
0x08, 0x08, 0x08, 0x08, 0x08, 0x08, 0x08, 0x08, 0x08, 0x08, 0x08, 0x08, 0x08, 0x08, 0x08, 0x08, 
0x08, 0x08, 0x08, 0x08, 0x08, 0x08, 0x08, 0x08, 0x08, 0x08, 0x08, 0x08, 0x08, 0x08, 0x08, 0x08, 
0x08, 0x08, 0x08, 0x08, 0x08, 0x08, 0x08, 0x08, 0x08, 0x08, 0x08, 0x08, 0x08, 0x08, 0x08, 0x08, 
0x08, 0x08, 0x08, 0x08, 0x08, 0x08, 0x08, 0x08, 0x08, 0x08, 0x08, 0x08, 0x08, 0x08, 0x08, 0x08, 
0x08, 0x08, 0x08, 0x08, 0x08, 0x08, 0x08, 0x08, 0x08, 0x08, 0x08, 0x08, 0x08, 0x08, 0x08, 0x08, 
0x08, 0x08, 0x08, 0x08, 0x08, 0x08, 0x08, 0x08, 0x08, 0x08, 0x08, 0x08, 0x08, 0x08, 0x08, 0x08, 
0x08, 0x08, 0x08, 0x08, 0x08, 0x08, 0x08, 0x08, 0x08, 0x08, 0x08, 0x08, 0x08, 0x08, 0x08, 0x08, 
0x08, 0x08, 0x08, 0x08, 0x08, 0x08, 0x08, 0x08, 0x08, 0x08, 0x08, 0x08, 0x08, 0x08, 0x08, 0x08, 
0x08, 0x08, 0x08, 0x08, 0x08, 0x08, 0x08, 0x08, 0x08, 0x08, 0x08, 0x08, 0x08, 0x08, 0x08, 0x08, 
0x08, 0x08, 0x08, 0x08, 0x08, 0x08, 0x08, 0x08, 0x08, 0x08, 0x08, 0x08, 0x08, 0x08, 0x08, 0x08, 
0x08, 0x08, 0x08, 0x08, 0x08, 0x08, 0x08, 0x08, 0x08, 0x08, 0x08, 0x08, 0x08, 0x08, 0x08, 0x08, 
0x08, 0x08, 0x08, 0x08, 0x08, 0x08, 0x08, 0x08, 0x08, 0x08, 0x08, 0x08, 0x06, 0x08, 0x08, 0x08, 
0x08, 0x08, 0x08, 0x08, 0x08, 0x08, 0x08, 0x08, 0x08, 0x08, 0x08, 0x08, 0x08, 0x08, 0x08, 0x08, 
0x08, 0x08, 0x08, 0x08, 0x08, 0x08, 0x08, 0x08, 0x08, 0x08, 0x08, 0x08, 0x08, 0x08, 0x08, 0x08, 
0x08, 0x08, 0x08, 0x08, 0x08, 0x08, 0x08, 0x08, 0x04, 0x00, 0x00, 0x03, 0x08, 0x08, 0x08, 0x08, 
0x08, 0x04, 0x00, 0x00, 0x00, 0x03, 0x06, 0x08, 0x08, 0x08, 0x04, 0x00, 0x1C, 0x1E, 0x1E, 0x1E, 
0x1F, 0x1E, 0x21, 0x1E, 0x14, 0x01, 0x00, 0x01, 0x0D, 0x0E, 0x0B, 0x08, 0x08, 0x08, 0x08, 0x08, 
0x08, 0x08, 0x08, 0x08, 0x08, 0x08, 0x08, 0x08, 0x08, 0x08, 0x08, 0x08, 0x08, 0x08, 0x08, 0x08, 
0x08, 0x08, 0x08, 0x08, 0x08, 0x08, 0x08, 0x08, 0x08, 0x08, 0x08, 0x08, 0x08, 0x08, 0x08, 0x08, 
0x08, 0x08, 0x08, 0x08, 0x08, 0x08, 0x08, 0x08, 0x08, 0x08, 0x08, 0x08, 0x08, 0x08, 0x08, 0x08, 
0x08, 0x08, 0x08, 0x08, 0x08, 0x08, 0x08, 0x08, 0x08, 0x08, 0x08, 0x08, 0x08, 0x08, 0x08, 0x08, 
0x08, 0x08, 0x08, 0x08, 0x08, 0x08, 0x08, 0x08, 0x08, 0x08, 0x08, 0x08, 0x08, 0x08, 0x08, 0x08, 
0x08, 0x08, 0x08, 0x08, 0x08, 0x08, 0x08, 0x08, 0x08, 0x08, 0x08, 0x08, 0x08, 0x08, 0x08, 0x08, 
0x08, 0x08, 0x08, 0x08, 0x08, 0x08, 0x08, 0x08, 0x08, 0x08, 0x08, 0x08, 0x08, 0x08, 0x08, 0x08, 
0x08, 0x08, 0x08, 0x08, 0x08, 0x08, 0x08, 0x08, 0x08, 0x08, 0x08, 0x08, 0x08, 0x08, 0x08, 0x08, 
0x08, 0x08, 0x08, 0x08, 0x08, 0x08, 0x08, 0x08, 0x08, 0x08, 0x08, 0x08, 0x08, 0x08, 0x08, 0x08, 
0x08, 0x08, 0x08, 0x08, 0x08, 0x08, 0x08, 0x08, 0x08, 0x08, 0x08, 0x08, 0x08, 0x08, 0x08, 0x08, 
0x08, 0x08, 0x08, 0x08, 0x08, 0x08, 0x08, 0x08, 0x08, 0x08, 0x08, 0x08, 0x08, 0x08, 0x08, 0x08, 
0x08, 0x08, 0x08, 0x08, 0x08, 0x08, 0x08, 0x08, 0x08, 0x08, 0x08, 0x08, 0x08, 0x08, 0x08, 0x08, 
0x08, 0x08, 0x08, 0x08, 0x08, 0x08, 0x08, 0x08, 0x08, 0x08, 0x08, 0x08, 0x08, 0x08, 0x08, 0x08, 
0x08, 0x08, 0x08, 0x08, 0x08, 0x08, 0x08, 0x08, 0x08, 0x08, 0x08, 0x08, 0x08, 0x08, 0x08, 0x08, 
0x08, 0x08, 0x08, 0x08, 0x08, 0x08, 0x08, 0x08, 0x08, 0x08, 0x08, 0x08, 0x08, 0x08, 0x08, 0x08, 
0x08, 0x08, 0x08, 0x08, 0x08, 0x08, 0x08, 0x08, 0x08, 0x08, 0x08, 0x08, 0x08, 0x08, 0x08, 0x08, 
0x08, 0x08, 0x08, 0x08, 0x08, 0x08, 0x08, 0x08, 0x08, 0x08, 0x08, 0x08, 0x08, 0x08, 0x08, 0x08, 
0x08, 0x08, 0x08, 0x08, 0x08, 0x08, 0x08, 0x08, 0x08, 0x04, 0x00, 0x00, 0x03, 0x06, 0x08, 0x08, 
0x08, 0x08, 0x05, 0x00, 0x00, 0x00, 0x00, 0x02, 0x04, 0x06, 0x05, 0x00, 0x1F, 0x1F, 0x1F, 0x1D, 
0x1F, 0x21, 0x1F, 0x1E, 0x1F, 0x1D, 0x1C, 0x1D, 0x1E, 0x1D, 0x13, 0x0B, 0x08, 0x08, 0x08, 0x08, 
0x08, 0x08, 0x08, 0x08, 0x08, 0x08, 0x08, 0x08, 0x08, 0x08, 0x08, 0x08, 0x08, 0x08, 0x08, 0x08, 
0x08, 0x08, 0x08, 0x08, 0x08, 0x08, 0x08, 0x08, 0x08, 0x08, 0x08, 0x08, 0x08, 0x08, 0x08, 0x08, 
0x08, 0x08, 0x08, 0x08, 0x08, 0x08, 0x08, 0x08, 0x08, 0x08, 0x08, 0x08, 0x08, 0x08, 0x08, 0x08, 
0x08, 0x08, 0x08, 0x08, 0x08, 0x08, 0x08, 0x08, 0x08, 0x08, 0x08, 0x08, 0x08, 0x08, 0x08, 0x08, 
0x08, 0x08, 0x08, 0x08, 0x08, 0x08, 0x08, 0x08, 0x08, 0x08, 0x08, 0x08, 0x08, 0x08, 0x08, 0x08, 
0x08, 0x08, 0x08, 0x08, 0x08, 0x08, 0x08, 0x08, 0x08, 0x08, 0x08, 0x08, 0x08, 0x08, 0x08, 0x08, 
0x08, 0x08, 0x08, 0x08, 0x08, 0x08, 0x08, 0x08, 0x08, 0x08, 0x08, 0x08, 0x08, 0x08, 0x08, 0x08, 
0x08, 0x08, 0x08, 0x08, 0x08, 0x08, 0x08, 0x08, 0x08, 0x08, 0x08, 0x08, 0x08, 0x08, 0x08, 0x08, 
0x08, 0x08, 0x08, 0x08, 0x08, 0x08, 0x08, 0x08, 0x08, 0x08, 0x08, 0x08, 0x08, 0x08, 0x08, 0x08, 
0x08, 0x08, 0x08, 0x08, 0x08, 0x08, 0x08, 0x08, 0x08, 0x08, 0x08, 0x08, 0x08, 0x08, 0x08, 0x08, 
0x08, 0x08, 0x08, 0x08, 0x08, 0x08, 0x08, 0x08, 0x08, 0x08, 0x08, 0x08, 0x08, 0x08, 0x08, 0x08, 
0x08, 0x08, 0x08, 0x08, 0x08, 0x08, 0x08, 0x08, 0x08, 0x08, 0x08, 0x08, 0x08, 0x08, 0x08, 0x08, 
0x08, 0x08, 0x08, 0x08, 0x08, 0x08, 0x08, 0x08, 0x08, 0x08, 0x08, 0x08, 0x08, 0x08, 0x08, 0x08, 
0x08, 0x08, 0x08, 0x08, 0x08, 0x08, 0x08, 0x08, 0x08, 0x08, 0x08, 0x08, 0x08, 0x08, 0x08, 0x08, 
0x08, 0x08, 0x08, 0x08, 0x08, 0x08, 0x08, 0x08, 0x08, 0x08, 0x08, 0x08, 0x08, 0x08, 0x08, 0x08, 
0x08, 0x08, 0x08, 0x08, 0x08, 0x08, 0x08, 0x08, 0x08, 0x08, 0x08, 0x08, 0x08, 0x08, 0x08, 0x08, 
0x08, 0x08, 0x08, 0x08, 0x08, 0x08, 0x08, 0x08, 0x08, 0x08, 0x08, 0x08, 0x08, 0x08, 0x08, 0x08, 
0x08, 0x08, 0x08, 0x08, 0x08, 0x08, 0x08, 0x08, 0x08, 0x08, 0x03, 0x00, 0x00, 0x00, 0x05, 0x08, 
0x08, 0x08, 0x08, 0x06, 0x02, 0x00, 0x00, 0x00, 0x00, 0x00, 0x00, 0x00, 0x13, 0x13, 0x13, 0x13, 
0x14, 0x14, 0x14, 0x14, 0x14, 0x14, 0x14, 0x1C, 0x1D, 0x1F, 0x1F, 0x14, 0x0E, 0x0C, 0x08, 0x08, 
0x08, 0x08, 0x08, 0x08, 0x08, 0x08, 0x08, 0x08, 0x08, 0x08, 0x08, 0x08, 0x08, 0x08, 0x08, 0x08, 
0x08, 0x08, 0x08, 0x08, 0x08, 0x08, 0x08, 0x08, 0x08, 0x08, 0x08, 0x08, 0x08, 0x08, 0x08, 0x08, 
0x08, 0x08, 0x08, 0x08, 0x08, 0x08, 0x08, 0x08, 0x08, 0x08, 0x08, 0x08, 0x08, 0x08, 0x08, 0x08, 
0x08, 0x08, 0x08, 0x08, 0x08, 0x08, 0x08, 0x08, 0x08, 0x08, 0x08, 0x08, 0x08, 0x08, 0x08, 0x08, 
0x08, 0x08, 0x08, 0x08, 0x08, 0x08, 0x08, 0x08, 0x08, 0x08, 0x08, 0x08, 0x08, 0x08, 0x08, 0x08, 
0x08, 0x08, 0x08, 0x08, 0x08, 0x08, 0x08, 0x08, 0x08, 0x08, 0x08, 0x08, 0x08, 0x08, 0x08, 0x08, 
0x08, 0x08, 0x08, 0x08, 0x08, 0x08, 0x08, 0x08, 0x08, 0x08, 0x08, 0x08, 0x08, 0x08, 0x08, 0x08, 
0x08, 0x08, 0x08, 0x08, 0x08, 0x08, 0x08, 0x08, 0x08, 0x08, 0x08, 0x08, 0x08, 0x08, 0x08, 0x08, 
0x08, 0x08, 0x08, 0x08, 0x08, 0x08, 0x08, 0x08, 0x08, 0x08, 0x08, 0x08, 0x08, 0x08, 0x08, 0x08, 
0x08, 0x08, 0x08, 0x08, 0x08, 0x08, 0x08, 0x08, 0x08, 0x08, 0x08, 0x08, 0x08, 0x08, 0x08, 0x08, 
0x08, 0x08, 0x08, 0x08, 0x08, 0x08, 0x08, 0x08, 0x08, 0x08, 0x08, 0x08, 0x08, 0x08, 0x08, 0x08, 
0x08, 0x08, 0x08, 0x08, 0x08, 0x08, 0x08, 0x08, 0x08, 0x08, 0x08, 0x08, 0x08, 0x08, 0x08, 0x08, 
0x08, 0x08, 0x08, 0x08, 0x08, 0x08, 0x08, 0x08, 0x08, 0x08, 0x08, 0x08, 0x08, 0x08, 0x08, 0x08, 
0x08, 0x08, 0x08, 0x08, 0x08, 0x08, 0x08, 0x08, 0x08, 0x08, 0x08, 0x08, 0x08, 0x08, 0x08, 0x08, 
0x08, 0x08, 0x08, 0x08, 0x08, 0x08, 0x08, 0x08, 0x08, 0x08, 0x08, 0x08, 0x08, 0x08, 0x08, 0x08, 
0x08, 0x08, 0x08, 0x08, 0x08, 0x08, 0x08, 0x08, 0x08, 0x08, 0x08, 0x08, 0x08, 0x08, 0x08, 0x08, 
0x08, 0x08, 0x08, 0x08, 0x08, 0x08, 0x08, 0x08, 0x08, 0x08, 0x08, 0x08, 0x08, 0x08, 0x08, 0x08, 
0x08, 0x08, 0x08, 0x08, 0x08, 0x08, 0x08, 0x08, 0x08, 0x08, 0x08, 0x03, 0x00, 0x00, 0x00, 0x00, 
0x04, 0x05, 0x06, 0x08, 0x08, 0x04, 0x00, 0x00, 0x00, 0x00, 0x00, 0x00, 0x08, 0x08, 0x08, 0x08, 
0x08, 0x08, 0x08, 0x08, 0x08, 0x08, 0x08, 0x0C, 0x0D, 0x14, 0x1D, 0x1F, 0x1F, 0x14, 0x0D, 0x0C, 
0x08, 0x08, 0x08, 0x08, 0x08, 0x08, 0x08, 0x08, 0x08, 0x08, 0x08, 0x08, 0x08, 0x08, 0x08, 0x08, 
0x08, 0x08, 0x08, 0x08, 0x08, 0x08, 0x08, 0x08, 0x08, 0x08, 0x08, 0x08, 0x08, 0x08, 0x08, 0x08, 
0x08, 0x08, 0x08, 0x08, 0x08, 0x08, 0x08, 0x08, 0x08, 0x08, 0x08, 0x08, 0x08, 0x08, 0x08, 0x08, 
0x08, 0x08, 0x08, 0x08, 0x08, 0x08, 0x08, 0x08, 0x08, 0x08, 0x08, 0x08, 0x08, 0x08, 0x08, 0x08, 
0x08, 0x08, 0x08, 0x08, 0x08, 0x08, 0x08, 0x08, 0x08, 0x08, 0x08, 0x08, 0x08, 0x08, 0x08, 0x08, 
0x08, 0x08, 0x08, 0x08, 0x08, 0x08, 0x08, 0x08, 0x08, 0x08, 0x08, 0x08, 0x08, 0x08, 0x08, 0x08, 
0x08, 0x08, 0x08, 0x08, 0x08, 0x08, 0x08, 0x08, 0x08, 0x08, 0x08, 0x08, 0x08, 0x08, 0x08, 0x08, 
0x08, 0x08, 0x08, 0x08, 0x08, 0x08, 0x08, 0x08, 0x08, 0x08, 0x08, 0x08, 0x08, 0x08, 0x08, 0x08, 
0x08, 0x08, 0x08, 0x08, 0x08, 0x08, 0x08, 0x08, 0x08, 0x08, 0x08, 0x08, 0x08, 0x08, 0x08, 0x08, 
0x08, 0x08, 0x08, 0x08, 0x08, 0x08, 0x08, 0x08, 0x08, 0x08, 0x08, 0x08, 0x08, 0x08, 0x08, 0x08, 
0x08, 0x08, 0x08, 0x08, 0x08, 0x08, 0x08, 0x08, 0x08, 0x08, 0x08, 0x08, 0x08, 0x08, 0x08, 0x08, 
0x08, 0x08, 0x08, 0x08, 0x08, 0x08, 0x08, 0x08, 0x08, 0x08, 0x08, 0x08, 0x08, 0x08, 0x08, 0x08, 
0x08, 0x08, 0x08, 0x08, 0x08, 0x08, 0x08, 0x08, 0x08, 0x08, 0x08, 0x08, 0x08, 0x08, 0x08, 0x08, 
0x08, 0x08, 0x08, 0x08, 0x08, 0x08, 0x08, 0x08, 0x08, 0x08, 0x08, 0x08, 0x08, 0x08, 0x08, 0x08, 
0x08, 0x08, 0x08, 0x08, 0x08, 0x08, 0x08, 0x08, 0x08, 0x08, 0x08, 0x08, 0x08, 0x08, 0x08, 0x08, 
0x08, 0x08, 0x08, 0x08, 0x08, 0x08, 0x08, 0x08, 0x08, 0x08, 0x08, 0x08, 0x08, 0x08, 0x08, 0x08, 
0x08, 0x08, 0x08, 0x08, 0x08, 0x08, 0x08, 0x08, 0x08, 0x08, 0x08, 0x08, 0x08, 0x08, 0x08, 0x08, 
0x08, 0x08, 0x08, 0x08, 0x08, 0x08, 0x08, 0x08, 0x08, 0x08, 0x08, 0x08, 0x04, 0x00, 0x00, 0x00, 
0x00, 0x00, 0x03, 0x0E, 0x13, 0x13, 0x13, 0x0E, 0x0E, 0x0E, 0x0E, 0x0E, 0x08, 0x08, 0x08, 0x08, 
0x08, 0x08, 0x08, 0x08, 0x08, 0x08, 0x08, 0x08, 0x08, 0x0C, 0x0D, 0x14, 0x1D, 0x1F, 0x1E, 0x14, 
0x0D, 0x08, 0x08, 0x08, 0x08, 0x08, 0x08, 0x08, 0x08, 0x08, 0x08, 0x08, 0x08, 0x08, 0x08, 0x08, 
0x08, 0x08, 0x08, 0x08, 0x08, 0x08, 0x08, 0x08, 0x08, 0x08, 0x08, 0x08, 0x08, 0x08, 0x08, 0x08, 
0x08, 0x08, 0x08, 0x08, 0x08, 0x08, 0x08, 0x08, 0x08, 0x08, 0x08, 0x08, 0x08, 0x08, 0x08, 0x08, 
0x08, 0x08, 0x08, 0x08, 0x08, 0x08, 0x08, 0x08, 0x08, 0x08, 0x08, 0x08, 0x08, 0x08, 0x08, 0x08, 
0x08, 0x08, 0x08, 0x08, 0x08, 0x08, 0x08, 0x08, 0x08, 0x08, 0x08, 0x08, 0x08, 0x08, 0x08, 0x08, 
0x08, 0x08, 0x08, 0x08, 0x08, 0x08, 0x08, 0x08, 0x08, 0x08, 0x08, 0x08, 0x08, 0x08, 0x08, 0x08, 
0x08, 0x08, 0x08, 0x08, 0x08, 0x08, 0x08, 0x08, 0x08, 0x08, 0x08, 0x08, 0x08, 0x08, 0x08, 0x08, 
0x08, 0x08, 0x08, 0x08, 0x08, 0x08, 0x08, 0x08, 0x08, 0x08, 0x08, 0x08, 0x08, 0x08, 0x08, 0x08, 
0x08, 0x08, 0x08, 0x08, 0x08, 0x08, 0x08, 0x08, 0x08, 0x08, 0x08, 0x08, 0x08, 0x08, 0x08, 0x08, 
0x08, 0x08, 0x08, 0x08, 0x08, 0x08, 0x08, 0x08, 0x08, 0x08, 0x08, 0x08, 0x08, 0x08, 0x08, 0x08, 
0x08, 0x08, 0x08, 0x08, 0x08, 0x08, 0x08, 0x08, 0x08, 0x08, 0x08, 0x08, 0x08, 0x08, 0x08, 0x08, 
0x08, 0x08, 0x08, 0x08, 0x08, 0x08, 0x08, 0x08, 0x08, 0x08, 0x08, 0x08, 0x08, 0x08, 0x08, 0x08, 
0x08, 0x08, 0x08, 0x08, 0x08, 0x08, 0x08, 0x08, 0x08, 0x08, 0x08, 0x08, 0x08, 0x08, 0x08, 0x08, 
0x08, 0x08, 0x08, 0x08, 0x08, 0x08, 0x08, 0x08, 0x08, 0x08, 0x08, 0x08, 0x08, 0x08, 0x08, 0x08, 
0x08, 0x08, 0x08, 0x08, 0x08, 0x08, 0x08, 0x08, 0x08, 0x08, 0x08, 0x08, 0x08, 0x08, 0x08, 0x08, 
0x08, 0x08, 0x08, 0x08, 0x08, 0x08, 0x08, 0x08, 0x08, 0x08, 0x08, 0x08, 0x08, 0x08, 0x08, 0x08, 
0x08, 0x08, 0x08, 0x08, 0x08, 0x08, 0x08, 0x08, 0x08, 0x08, 0x08, 0x08, 0x08, 0x08, 0x08, 0x08, 
0x08, 0x08, 0x08, 0x08, 0x08, 0x08, 0x08, 0x08, 0x08, 0x08, 0x08, 0x0C, 0x0E, 0x13, 0x13, 0x0E, 
0x01, 0x0D, 0x13, 0x1D, 0x1F, 0x20, 0x1F, 0x20, 0x20, 0x1F, 0x21, 0x20, 0x08, 0x08, 0x08, 0x08, 
0x08, 0x08, 0x08, 0x08, 0x08, 0x08, 0x08, 0x08, 0x08, 0x08, 0x08, 0x0B, 0x0E, 0x1D, 0x1F, 0x1F, 
0x1D, 0x13, 0x0B, 0x08, 0x08, 0x08, 0x08, 0x08, 0x08, 0x08, 0x08, 0x08, 0x08, 0x08, 0x08, 0x08, 
0x08, 0x08, 0x08, 0x08, 0x08, 0x08, 0x08, 0x08, 0x08, 0x08, 0x08, 0x08, 0x08, 0x08, 0x08, 0x08, 
0x08, 0x08, 0x08, 0x08, 0x08, 0x08, 0x08, 0x08, 0x08, 0x08, 0x08, 0x08, 0x08, 0x08, 0x08, 0x08, 
0x08, 0x08, 0x08, 0x08, 0x08, 0x08, 0x08, 0x08, 0x08, 0x08, 0x08, 0x08, 0x08, 0x08, 0x08, 0x08, 
0x08, 0x08, 0x08, 0x08, 0x08, 0x08, 0x08, 0x08, 0x08, 0x08, 0x08, 0x08, 0x08, 0x08, 0x08, 0x08, 
0x08, 0x08, 0x08, 0x08, 0x08, 0x08, 0x08, 0x08, 0x08, 0x08, 0x08, 0x08, 0x08, 0x08, 0x08, 0x08, 
0x08, 0x08, 0x08, 0x08, 0x08, 0x08, 0x08, 0x08, 0x08, 0x08, 0x08, 0x08, 0x08, 0x08, 0x08, 0x08, 
0x08, 0x08, 0x08, 0x08, 0x08, 0x08, 0x08, 0x08, 0x08, 0x08, 0x08, 0x08, 0x08, 0x08, 0x08, 0x08, 
0x08, 0x08, 0x08, 0x08, 0x08, 0x08, 0x08, 0x08, 0x08, 0x08, 0x08, 0x08, 0x08, 0x08, 0x08, 0x08, 
0x08, 0x08, 0x08, 0x08, 0x08, 0x08, 0x08, 0x08, 0x08, 0x08, 0x08, 0x08, 0x08, 0x08, 0x08, 0x08, 
0x08, 0x08, 0x08, 0x08, 0x08, 0x08, 0x08, 0x08, 0x08, 0x08, 0x08, 0x08, 0x08, 0x08, 0x08, 0x08, 
0x08, 0x08, 0x08, 0x08, 0x08, 0x08, 0x08, 0x08, 0x08, 0x08, 0x08, 0x08, 0x08, 0x08, 0x08, 0x08, 
0x08, 0x08, 0x08, 0x08, 0x08, 0x08, 0x08, 0x08, 0x08, 0x08, 0x08, 0x08, 0x08, 0x08, 0x08, 0x08, 
0x08, 0x08, 0x08, 0x08, 0x08, 0x08, 0x08, 0x08, 0x08, 0x08, 0x08, 0x08, 0x08, 0x08, 0x08, 0x08, 
0x08, 0x08, 0x08, 0x08, 0x08, 0x08, 0x08, 0x08, 0x08, 0x08, 0x08, 0x08, 0x08, 0x08, 0x08, 0x08, 
0x08, 0x08, 0x08, 0x08, 0x08, 0x08, 0x08, 0x08, 0x08, 0x08, 0x08, 0x08, 0x08, 0x08, 0x08, 0x08, 
0x08, 0x08, 0x08, 0x08, 0x08, 0x08, 0x08, 0x08, 0x08, 0x08, 0x08, 0x08, 0x08, 0x08, 0x08, 0x08, 
0x08, 0x08, 0x08, 0x08, 0x08, 0x08, 0x08, 0x08, 0x08, 0x08, 0x0B, 0x13, 0x1E, 0x1E, 0x1E, 0x1C, 
0x14, 0x1D, 0x1F, 0x1F, 0x1F, 0x21, 0x21, 0x21, 0x21, 0x21, 0x21, 0x1E, 0x08, 0x08, 0x08, 0x08, 
0x08, 0x08, 0x08, 0x08, 0x08, 0x08, 0x08, 0x08, 0x08, 0x08, 0x08, 0x08, 0x08, 0x0B, 0x13, 0x1E, 
0x1F, 0x1F, 0x1C, 0x0E, 0x0C, 0x08, 0x08, 0x08, 0x08, 0x08, 0x08, 0x08, 0x08, 0x08, 0x08, 0x08, 
0x08, 0x08, 0x08, 0x08, 0x08, 0x08, 0x08, 0x08, 0x08, 0x08, 0x08, 0x08, 0x08, 0x08, 0x08, 0x08, 
0x08, 0x08, 0x08, 0x08, 0x08, 0x08, 0x08, 0x08, 0x08, 0x08, 0x08, 0x08, 0x08, 0x08, 0x08, 0x08, 
0x08, 0x08, 0x08, 0x08, 0x08, 0x08, 0x08, 0x08, 0x08, 0x08, 0x08, 0x08, 0x08, 0x08, 0x08, 0x08, 
0x08, 0x08, 0x08, 0x08, 0x08, 0x08, 0x08, 0x08, 0x08, 0x08, 0x08, 0x08, 0x08, 0x08, 0x08, 0x08, 
0x08, 0x08, 0x08, 0x08, 0x08, 0x08, 0x08, 0x08, 0x08, 0x08, 0x08, 0x08, 0x08, 0x08, 0x08, 0x08, 
0x08, 0x08, 0x08, 0x08, 0x08, 0x08, 0x08, 0x08, 0x08, 0x08, 0x08, 0x08, 0x08, 0x08, 0x08, 0x08, 
0x08, 0x08, 0x08, 0x08, 0x08, 0x08, 0x08, 0x08, 0x08, 0x08, 0x08, 0x08, 0x08, 0x08, 0x08, 0x08, 
0x08, 0x08, 0x08, 0x08, 0x08, 0x08, 0x08, 0x08, 0x08, 0x08, 0x08, 0x08, 0x08, 0x08, 0x08, 0x08, 
0x08, 0x08, 0x08, 0x08, 0x08, 0x08, 0x08, 0x08, 0x08, 0x08, 0x08, 0x08, 0x08, 0x08, 0x08, 0x08, 
0x08, 0x08, 0x08, 0x08, 0x08, 0x08, 0x08, 0x08, 0x08, 0x08, 0x08, 0x08, 0x08, 0x08, 0x08, 0x08, 
0x08, 0x08, 0x08, 0x08, 0x08, 0x08, 0x08, 0x08, 0x08, 0x08, 0x08, 0x08, 0x08, 0x08, 0x08, 0x08, 
0x08, 0x08, 0x08, 0x08, 0x08, 0x08, 0x08, 0x08, 0x08, 0x08, 0x08, 0x08, 0x08, 0x08, 0x08, 0x08, 
0x08, 0x08, 0x08, 0x08, 0x08, 0x08, 0x08, 0x08, 0x08, 0x08, 0x08, 0x08, 0x08, 0x08, 0x08, 0x08, 
0x08, 0x08, 0x08, 0x08, 0x08, 0x08, 0x08, 0x08, 0x08, 0x08, 0x08, 0x08, 0x08, 0x08, 0x08, 0x08, 
0x08, 0x08, 0x08, 0x08, 0x08, 0x08, 0x08, 0x08, 0x08, 0x08, 0x08, 0x08, 0x08, 0x08, 0x08, 0x08, 
0x08, 0x08, 0x08, 0x08, 0x08, 0x08, 0x08, 0x08, 0x08, 0x08, 0x08, 0x08, 0x08, 0x08, 0x08, 0x08, 
0x08, 0x08, 0x08, 0x08, 0x08, 0x08, 0x08, 0x08, 0x0B, 0x0E, 0x1C, 0x1E, 0x1F, 0x1D, 0x1C, 0x14, 
0x14, 0x14, 0x14, 0x1C, 0x14, 0x14, 0x14, 0x14, 0x14, 0x14, 0x14, 0x13, 0x08, 0x0D, 0x0E, 0x0E, 
0x0D, 0x0B, 0x08, 0x08, 0x08, 0x08, 0x08, 0x08, 0x08, 0x08, 0x08, 0x08, 0x08, 0x08, 0x09, 0x0D, 
0x13, 0x1E, 0x1F, 0x1F, 0x14, 0x0E, 0x0C, 0x08, 0x08, 0x08, 0x08, 0x08, 0x08, 0x08, 0x08, 0x08, 
0x08, 0x08, 0x08, 0x08, 0x08, 0x08, 0x08, 0x08, 0x08, 0x08, 0x08, 0x08, 0x08, 0x08, 0x08, 0x08, 
0x08, 0x08, 0x08, 0x08, 0x08, 0x08, 0x08, 0x08, 0x08, 0x08, 0x08, 0x08, 0x08, 0x08, 0x08, 0x08, 
0x08, 0x08, 0x08, 0x08, 0x08, 0x08, 0x08, 0x08, 0x08, 0x08, 0x08, 0x08, 0x08, 0x08, 0x08, 0x08, 
0x08, 0x08, 0x08, 0x08, 0x08, 0x08, 0x08, 0x08, 0x08, 0x08, 0x08, 0x08, 0x08, 0x08, 0x08, 0x08, 
0x08, 0x08, 0x08, 0x08, 0x08, 0x08, 0x08, 0x08, 0x08, 0x08, 0x08, 0x08, 0x08, 0x08, 0x08, 0x08, 
0x08, 0x08, 0x08, 0x08, 0x08, 0x08, 0x08, 0x08, 0x08, 0x08, 0x08, 0x08, 0x08, 0x08, 0x08, 0x08, 
0x08, 0x08, 0x08, 0x08, 0x08, 0x08, 0x08, 0x08, 0x08, 0x08, 0x08, 0x08, 0x08, 0x08, 0x08, 0x08, 
0x08, 0x08, 0x08, 0x08, 0x08, 0x08, 0x08, 0x08, 0x08, 0x08, 0x08, 0x08, 0x08, 0x08, 0x08, 0x08, 
0x08, 0x08, 0x08, 0x08, 0x08, 0x08, 0x08, 0x08, 0x08, 0x08, 0x08, 0x08, 0x08, 0x08, 0x08, 0x08, 
0x08, 0x08, 0x08, 0x08, 0x08, 0x08, 0x08, 0x08, 0x08, 0x08, 0x08, 0x08, 0x08, 0x08, 0x08, 0x08, 
0x08, 0x08, 0x08, 0x08, 0x08, 0x08, 0x08, 0x08, 0x08, 0x08, 0x08, 0x08, 0x08, 0x08, 0x08, 0x08, 
0x08, 0x08, 0x08, 0x08, 0x08, 0x08, 0x08, 0x08, 0x08, 0x08, 0x08, 0x08, 0x08, 0x08, 0x08, 0x08, 
0x08, 0x08, 0x08, 0x08, 0x08, 0x08, 0x08, 0x08, 0x08, 0x08, 0x08, 0x08, 0x08, 0x08, 0x08, 0x08, 
0x08, 0x08, 0x08, 0x08, 0x08, 0x08, 0x08, 0x08, 0x08, 0x08, 0x08, 0x08, 0x08, 0x08, 0x08, 0x08, 
0x08, 0x08, 0x08, 0x08, 0x08, 0x08, 0x08, 0x08, 0x08, 0x08, 0x08, 0x08, 0x08, 0x08, 0x08, 0x08, 
0x08, 0x08, 0x08, 0x08, 0x08, 0x08, 0x08, 0x08, 0x08, 0x08, 0x08, 0x08, 0x08, 0x08, 0x08, 0x08, 
0x08, 0x08, 0x08, 0x08, 0x08, 0x08, 0x0B, 0x13, 0x1C, 0x1D, 0x1E, 0x1D, 0x13, 0x0D, 0x0C, 0x09, 
0x0C, 0x0C, 0x0C, 0x0C, 0x0C, 0x0C, 0x09, 0x09, 0x09, 0x09, 0x09, 0x08, 0x0E, 0x1D, 0x1C, 0x1D, 
0x1C, 0x13, 0x07, 0x08, 0x08, 0x08, 0x08, 0x08, 0x08, 0x08, 0x08, 0x08, 0x08, 0x08, 0x08, 0x08, 
0x08, 0x0D, 0x1D, 0x1F, 0x1F, 0x1F, 0x14, 0x0B, 0x08, 0x08, 0x08, 0x08, 0x08, 0x08, 0x08, 0x08, 
0x08, 0x08, 0x08, 0x08, 0x08, 0x08, 0x08, 0x08, 0x08, 0x08, 0x08, 0x08, 0x08, 0x08, 0x08, 0x08, 
0x08, 0x08, 0x08, 0x08, 0x08, 0x08, 0x08, 0x08, 0x08, 0x08, 0x08, 0x08, 0x08, 0x08, 0x08, 0x08, 
0x08, 0x08, 0x08, 0x08, 0x08, 0x08, 0x08, 0x08, 0x08, 0x08, 0x08, 0x08, 0x08, 0x08, 0x08, 0x08, 
0x08, 0x08, 0x08, 0x08, 0x08, 0x08, 0x08, 0x08, 0x08, 0x08, 0x08, 0x08, 0x08, 0x08, 0x08, 0x08, 
0x08, 0x08, 0x08, 0x08, 0x08, 0x08, 0x08, 0x08, 0x08, 0x08, 0x08, 0x08, 0x08, 0x08, 0x08, 0x08, 
0x08, 0x08, 0x08, 0x08, 0x08, 0x08, 0x08, 0x08, 0x08, 0x08, 0x08, 0x08, 0x08, 0x08, 0x08, 0x08, 
0x08, 0x08, 0x08, 0x08, 0x08, 0x08, 0x08, 0x08, 0x08, 0x08, 0x08, 0x08, 0x08, 0x08, 0x08, 0x08, 
0x08, 0x08, 0x08, 0x08, 0x08, 0x08, 0x08, 0x08, 0x08, 0x08, 0x08, 0x08, 0x08, 0x08, 0x08, 0x08, 
0x08, 0x08, 0x08, 0x08, 0x08, 0x08, 0x08, 0x08, 0x08, 0x08, 0x08, 0x08, 0x08, 0x08, 0x08, 0x08, 
0x08, 0x08, 0x08, 0x08, 0x08, 0x08, 0x08, 0x08, 0x08, 0x08, 0x08, 0x08, 0x08, 0x08, 0x08, 0x08, 
0x08, 0x08, 0x08, 0x08, 0x08, 0x08, 0x08, 0x08, 0x08, 0x08, 0x08, 0x08, 0x08, 0x08, 0x08, 0x08, 
0x08, 0x08, 0x08, 0x08, 0x08, 0x08, 0x08, 0x08, 0x08, 0x08, 0x08, 0x08, 0x08, 0x08, 0x08, 0x08, 
0x08, 0x08, 0x08, 0x08, 0x08, 0x08, 0x08, 0x08, 0x08, 0x08, 0x08, 0x08, 0x08, 0x08, 0x08, 0x08, 
0x08, 0x08, 0x08, 0x08, 0x08, 0x08, 0x08, 0x08, 0x08, 0x08, 0x08, 0x08, 0x08, 0x08, 0x08, 0x08, 
0x08, 0x08, 0x08, 0x08, 0x08, 0x08, 0x08, 0x08, 0x08, 0x08, 0x08, 0x08, 0x08, 0x08, 0x08, 0x08, 
0x08, 0x08, 0x08, 0x08, 0x08, 0x08, 0x08, 0x08, 0x08, 0x08, 0x08, 0x08, 0x08, 0x08, 0x08, 0x08, 
0x08, 0x08, 0x08, 0x08, 0x0C, 0x0E, 0x1C, 0x22, 0x21, 0x1D, 0x14, 0x0D, 0x0C, 0x08, 0x08, 0x08, 
0x08, 0x08, 0x08, 0x08, 0x08, 0x08, 0x08, 0x08, 0x08, 0x08, 0x08, 0x08, 0x1C, 0x1F, 0x1C, 0x1E, 
0x1E, 0x1D, 0x0E, 0x08, 0x08, 0x08, 0x08, 0x08, 0x08, 0x08, 0x08, 0x08, 0x08, 0x08, 0x08, 0x08, 
0x08, 0x08, 0x0B, 0x13, 0x1D, 0x1F, 0x1F, 0x1C, 0x0E, 0x0C, 0x08, 0x08, 0x08, 0x08, 0x08, 0x08, 
0x08, 0x08, 0x08, 0x08, 0x08, 0x08, 0x08, 0x08, 0x08, 0x08, 0x08, 0x08, 0x08, 0x08, 0x08, 0x08, 
0x08, 0x08, 0x08, 0x08, 0x08, 0x08, 0x08, 0x08, 0x08, 0x08, 0x08, 0x08, 0x08, 0x08, 0x08, 0x08, 
0x08, 0x08, 0x08, 0x08, 0x08, 0x08, 0x08, 0x08, 0x08, 0x08, 0x08, 0x08, 0x08, 0x08, 0x08, 0x08, 
0x08, 0x08, 0x08, 0x08, 0x08, 0x08, 0x08, 0x08, 0x08, 0x08, 0x08, 0x08, 0x08, 0x08, 0x08, 0x08, 
0x08, 0x08, 0x08, 0x08, 0x08, 0x08, 0x08, 0x08, 0x08, 0x08, 0x08, 0x08, 0x08, 0x08, 0x08, 0x08, 
0x08, 0x08, 0x08, 0x08, 0x08, 0x08, 0x08, 0x08, 0x08, 0x08, 0x08, 0x08, 0x08, 0x08, 0x08, 0x08, 
0x08, 0x08, 0x08, 0x08, 0x08, 0x08, 0x08, 0x08, 0x08, 0x08, 0x08, 0x08, 0x08, 0x08, 0x08, 0x08, 
0x08, 0x08, 0x08, 0x08, 0x08, 0x08, 0x08, 0x08, 0x08, 0x08, 0x08, 0x08, 0x08, 0x08, 0x08, 0x08, 
0x08, 0x08, 0x08, 0x08, 0x08, 0x08, 0x08, 0x08, 0x08, 0x08, 0x08, 0x08, 0x08, 0x08, 0x08, 0x08, 
0x08, 0x08, 0x08, 0x08, 0x08, 0x08, 0x08, 0x08, 0x08, 0x08, 0x08, 0x08, 0x08, 0x08, 0x08, 0x08, 
0x08, 0x08, 0x08, 0x08, 0x08, 0x08, 0x08, 0x08, 0x08, 0x08, 0x08, 0x08, 0x08, 0x08, 0x08, 0x08, 
0x08, 0x08, 0x08, 0x08, 0x08, 0x08, 0x08, 0x08, 0x08, 0x08, 0x08, 0x08, 0x08, 0x08, 0x08, 0x08, 
0x08, 0x08, 0x08, 0x08, 0x08, 0x08, 0x08, 0x08, 0x08, 0x08, 0x08, 0x08, 0x08, 0x08, 0x08, 0x08, 
0x08, 0x08, 0x08, 0x08, 0x08, 0x08, 0x08, 0x08, 0x08, 0x08, 0x08, 0x08, 0x08, 0x08, 0x08, 0x08, 
0x08, 0x08, 0x08, 0x08, 0x08, 0x08, 0x08, 0x08, 0x08, 0x08, 0x08, 0x08, 0x08, 0x08, 0x08, 0x08, 
0x08, 0x08, 0x08, 0x08, 0x08, 0x08, 0x08, 0x08, 0x08, 0x08, 0x08, 0x08, 0x08, 0x08, 0x08, 0x08, 
0x08, 0x08, 0x09, 0x0D, 0x13, 0x1D, 0x21, 0x1D, 0x1C, 0x13, 0x0B, 0x08, 0x08, 0x08, 0x08, 0x08, 
0x08, 0x08, 0x08, 0x08, 0x08, 0x08, 0x08, 0x08, 0x08, 0x08, 0x08, 0x08, 0x1C, 0x1D, 0x1F, 0x1F, 
0x1E, 0x1F, 0x0E, 0x08, 0x08, 0x08, 0x08, 0x08, 0x08, 0x08, 0x08, 0x08, 0x08, 0x08, 0x08, 0x08, 
0x08, 0x08, 0x08, 0x08, 0x0B, 0x13, 0x1D, 0x1F, 0x1F, 0x1C, 0x0E, 0x0B, 0x08, 0x08, 0x08, 0x08, 
0x08, 0x08, 0x08, 0x08, 0x08, 0x08, 0x08, 0x08, 0x08, 0x08, 0x08, 0x08, 0x08, 0x08, 0x08, 0x08, 
0x08, 0x08, 0x08, 0x08, 0x08, 0x08, 0x08, 0x08, 0x08, 0x08, 0x08, 0x08, 0x08, 0x08, 0x08, 0x08, 
0x08, 0x08, 0x08, 0x08, 0x08, 0x08, 0x08, 0x08, 0x08, 0x08, 0x08, 0x08, 0x08, 0x08, 0x08, 0x08, 
0x08, 0x08, 0x08, 0x08, 0x08, 0x08, 0x08, 0x08, 0x08, 0x08, 0x08, 0x08, 0x08, 0x08, 0x08, 0x08, 
0x08, 0x08, 0x08, 0x08, 0x08, 0x08, 0x08, 0x08, 0x08, 0x08, 0x08, 0x08, 0x08, 0x08, 0x08, 0x08, 
0x08, 0x08, 0x08, 0x08, 0x08, 0x08, 0x08, 0x08, 0x08, 0x08, 0x08, 0x08, 0x08, 0x08, 0x08, 0x08, 
0x08, 0x08, 0x08, 0x08, 0x08, 0x08, 0x08, 0x08, 0x08, 0x08, 0x08, 0x08, 0x08, 0x08, 0x08, 0x08, 
0x08, 0x08, 0x08, 0x08, 0x08, 0x08, 0x08, 0x08, 0x08, 0x08, 0x08, 0x08, 0x08, 0x08, 0x08, 0x08, 
0x08, 0x08, 0x08, 0x08, 0x08, 0x08, 0x08, 0x08, 0x08, 0x08, 0x08, 0x08, 0x08, 0x08, 0x08, 0x08, 
0x08, 0x08, 0x08, 0x08, 0x08, 0x08, 0x08, 0x08, 0x08, 0x08, 0x08, 0x08, 0x08, 0x08, 0x08, 0x08, 
0x08, 0x08, 0x08, 0x08, 0x08, 0x08, 0x08, 0x08, 0x08, 0x08, 0x08, 0x08, 0x08, 0x08, 0x08, 0x08, 
0x08, 0x08, 0x08, 0x08, 0x08, 0x08, 0x08, 0x08, 0x08, 0x08, 0x08, 0x08, 0x08, 0x08, 0x08, 0x08, 
0x08, 0x08, 0x08, 0x08, 0x08, 0x08, 0x08, 0x08, 0x08, 0x08, 0x08, 0x08, 0x08, 0x08, 0x08, 0x08, 
0x08, 0x08, 0x08, 0x08, 0x08, 0x08, 0x08, 0x08, 0x08, 0x08, 0x08, 0x08, 0x08, 0x08, 0x08, 0x08, 
0x08, 0x08, 0x08, 0x08, 0x08, 0x08, 0x08, 0x08, 0x08, 0x08, 0x08, 0x08, 0x08, 0x08, 0x08, 0x08, 
0x08, 0x08, 0x08, 0x08, 0x08, 0x08, 0x08, 0x08, 0x08, 0x08, 0x08, 0x08, 0x08, 0x08, 0x08, 0x08, 
0x0C, 0x0D, 0x14, 0x1D, 0x1E, 0x1F, 0x1C, 0x0E, 0x0B, 0x08, 0x08, 0x08, 0x08, 0x08, 0x08, 0x08, 
0x08, 0x08, 0x08, 0x08, 0x08, 0x08, 0x08, 0x08, 0x08, 0x08, 0x08, 0x08, 0x1D, 0x1E, 0x1F, 0x21, 
0x1F, 0x1F, 0x0D, 0x08, 0x08, 0x08, 0x08, 0x08, 0x08, 0x08, 0x08, 0x08, 0x08, 0x08, 0x08, 0x08, 
0x08, 0x08, 0x08, 0x08, 0x08, 0x08, 0x0B, 0x13, 0x1D, 0x1F, 0x1F, 0x14, 0x0E, 0x09, 0x08, 0x08, 
0x08, 0x08, 0x08, 0x08, 0x08, 0x08, 0x08, 0x08, 0x08, 0x08, 0x08, 0x08, 0x08, 0x08, 0x08, 0x08, 
0x08, 0x08, 0x08, 0x08, 0x08, 0x08, 0x08, 0x08, 0x08, 0x08, 0x08, 0x08, 0x08, 0x08, 0x08, 0x08, 
0x08, 0x08, 0x08, 0x08, 0x08, 0x08, 0x08, 0x08, 0x08, 0x08, 0x08, 0x08, 0x08, 0x08, 0x08, 0x08, 
0x08, 0x08, 0x08, 0x08, 0x08, 0x08, 0x08, 0x08, 0x08, 0x08, 0x08, 0x08, 0x08, 0x08, 0x08, 0x08, 
0x08, 0x08, 0x08, 0x08, 0x08, 0x08, 0x08, 0x08, 0x08, 0x08, 0x08, 0x08, 0x08, 0x08, 0x08, 0x08, 
0x08, 0x08, 0x08, 0x08, 0x08, 0x08, 0x08, 0x08, 0x08, 0x08, 0x08, 0x08, 0x08, 0x08, 0x08, 0x08, 
0x08, 0x08, 0x08, 0x08, 0x08, 0x08, 0x08, 0x08, 0x08, 0x08, 0x08, 0x08, 0x08, 0x08, 0x08, 0x08, 
0x08, 0x08, 0x08, 0x08, 0x08, 0x08, 0x08, 0x08, 0x08, 0x08, 0x08, 0x08, 0x08, 0x08, 0x08, 0x08, 
0x08, 0x08, 0x08, 0x08, 0x08, 0x08, 0x08, 0x08, 0x08, 0x08, 0x08, 0x08, 0x08, 0x08, 0x08, 0x08, 
0x08, 0x08, 0x08, 0x08, 0x08, 0x08, 0x08, 0x08, 0x08, 0x08, 0x08, 0x08, 0x08, 0x08, 0x08, 0x08, 
0x08, 0x08, 0x08, 0x08, 0x08, 0x08, 0x08, 0x08, 0x08, 0x08, 0x08, 0x08, 0x08, 0x08, 0x08, 0x08, 
0x08, 0x08, 0x08, 0x08, 0x08, 0x08, 0x08, 0x08, 0x08, 0x08, 0x08, 0x08, 0x08, 0x08, 0x08, 0x08, 
0x08, 0x08, 0x08, 0x08, 0x08, 0x08, 0x08, 0x08, 0x08, 0x08, 0x08, 0x08, 0x08, 0x08, 0x08, 0x08, 
0x08, 0x08, 0x08, 0x08, 0x08, 0x08, 0x08, 0x08, 0x08, 0x08, 0x08, 0x08, 0x08, 0x08, 0x08, 0x08, 
0x08, 0x08, 0x08, 0x08, 0x08, 0x08, 0x08, 0x08, 0x08, 0x08, 0x08, 0x08, 0x08, 0x08, 0x08, 0x08, 
0x08, 0x08, 0x08, 0x08, 0x08, 0x08, 0x08, 0x08, 0x08, 0x08, 0x08, 0x08, 0x08, 0x08, 0x08, 0x0B, 
0x14, 0x1D, 0x1F, 0x1F, 0x1C, 0x13, 0x0B, 0x08, 0x08, 0x08, 0x08, 0x08, 0x08, 0x08, 0x08, 0x08, 
0x08, 0x08, 0x08, 0x08, 0x08, 0x08, 0x08, 0x08, 0x08, 0x08, 0x06, 0x06, 0x1F, 0x1F, 0x1F, 0x1C, 
0x1C, 0x14, 0x0D, 0x08, 0x08, 0x08, 0x06, 0x03, 0x04, 0x08, 0x08, 0x08, 0x08, 0x08, 0x08, 0x08, 
0x08, 0x08, 0x08, 0x08, 0x08, 0x08, 0x08, 0x0C, 0x0E, 0x1C, 0x1F, 0x1F, 0x1D, 0x13, 0x0B, 0x08, 
0x08, 0x08, 0x08, 0x08, 0x08, 0x08, 0x08, 0x08, 0x08, 0x08, 0x08, 0x08, 0x08, 0x08, 0x08, 0x08, 
0x08, 0x08, 0x08, 0x08, 0x08, 0x08, 0x08, 0x08, 0x08, 0x08, 0x08, 0x08, 0x08, 0x08, 0x08, 0x08, 
0x08, 0x08, 0x08, 0x08, 0x08, 0x08, 0x08, 0x08, 0x08, 0x08, 0x08, 0x08, 0x08, 0x08, 0x08, 0x08, 
0x08, 0x08, 0x08, 0x08, 0x08, 0x08, 0x08, 0x08, 0x08, 0x08, 0x08, 0x08, 0x08, 0x08, 0x08, 0x08, 
0x08, 0x08, 0x08, 0x08, 0x08, 0x08, 0x08, 0x08, 0x08, 0x08, 0x08, 0x08, 0x08, 0x08, 0x08, 0x08, 
0x08, 0x08, 0x08, 0x08, 0x08, 0x08, 0x08, 0x08, 0x08, 0x08, 0x08, 0x08, 0x08, 0x08, 0x08, 0x08, 
0x08, 0x08, 0x08, 0x08, 0x08, 0x08, 0x08, 0x08, 0x08, 0x08, 0x08, 0x08, 0x08, 0x08, 0x08, 0x08, 
0x08, 0x08, 0x08, 0x08, 0x08, 0x08, 0x08, 0x08, 0x08, 0x08, 0x08, 0x08, 0x08, 0x08, 0x08, 0x08, 
0x08, 0x08, 0x08, 0x08, 0x08, 0x08, 0x08, 0x08, 0x08, 0x08, 0x08, 0x08, 0x08, 0x08, 0x08, 0x08, 
0x08, 0x08, 0x08, 0x08, 0x08, 0x08, 0x08, 0x08, 0x08, 0x08, 0x08, 0x08, 0x08, 0x08, 0x08, 0x08, 
0x08, 0x08, 0x08, 0x08, 0x08, 0x08, 0x08, 0x08, 0x08, 0x08, 0x08, 0x08, 0x08, 0x08, 0x08, 0x08, 
0x08, 0x08, 0x08, 0x08, 0x08, 0x08, 0x08, 0x08, 0x08, 0x08, 0x08, 0x08, 0x08, 0x08, 0x08, 0x08, 
0x08, 0x08, 0x08, 0x08, 0x08, 0x08, 0x08, 0x08, 0x08, 0x08, 0x08, 0x08, 0x08, 0x08, 0x08, 0x08, 
0x08, 0x08, 0x08, 0x08, 0x08, 0x08, 0x08, 0x08, 0x08, 0x08, 0x08, 0x08, 0x08, 0x08, 0x08, 0x08, 
0x08, 0x08, 0x08, 0x08, 0x08, 0x08, 0x08, 0x08, 0x08, 0x08, 0x08, 0x08, 0x08, 0x08, 0x08, 0x08, 
0x08, 0x08, 0x08, 0x08, 0x08, 0x08, 0x08, 0x08, 0x08, 0x08, 0x08, 0x08, 0x08, 0x0C, 0x0E, 0x1C, 
0x1F, 0x1E, 0x1D, 0x14, 0x0E, 0x0C, 0x08, 0x08, 0x08, 0x08, 0x08, 0x08, 0x08, 0x08, 0x08, 0x08, 
0x08, 0x08, 0x08, 0x08, 0x08, 0x08, 0x08, 0x08, 0x08, 0x08, 0x08, 0x08, 0x1F, 0x14, 0x0E, 0x01, 
0x00, 0x00, 0x00, 0x03, 0x06, 0x05, 0x00, 0x00, 0x00, 0x06, 0x08, 0x08, 0x08, 0x08, 0x08, 0x08, 
0x08, 0x08, 0x08, 0x08, 0x08, 0x08, 0x08, 0x08, 0x08, 0x0C, 0x0E, 0x1C, 0x1E, 0x1F, 0x1D, 0x13, 
0x0B, 0x08, 0x08, 0x08, 0x08, 0x08, 0x08, 0x08, 0x08, 0x08, 0x08, 0x08, 0x08, 0x08, 0x08, 0x08, 
0x08, 0x08, 0x08, 0x08, 0x08, 0x08, 0x08, 0x08, 0x08, 0x08, 0x08, 0x08, 0x08, 0x08, 0x08, 0x08, 
0x08, 0x08, 0x08, 0x08, 0x08, 0x08, 0x08, 0x08, 0x08, 0x08, 0x08, 0x08, 0x08, 0x08, 0x08, 0x08, 
0x08, 0x08, 0x08, 0x08, 0x08, 0x08, 0x08, 0x08, 0x08, 0x08, 0x08, 0x08, 0x08, 0x08, 0x08, 0x08, 
0x08, 0x08, 0x08, 0x08, 0x08, 0x08, 0x08, 0x08, 0x08, 0x08, 0x08, 0x08, 0x08, 0x08, 0x08, 0x08, 
0x08, 0x08, 0x08, 0x08, 0x08, 0x08, 0x08, 0x08, 0x08, 0x08, 0x08, 0x08, 0x08, 0x08, 0x08, 0x08, 
0x08, 0x08, 0x08, 0x08, 0x08, 0x08, 0x08, 0x08, 0x08, 0x08, 0x08, 0x08, 0x08, 0x08, 0x08, 0x08, 
0x08, 0x08, 0x08, 0x08, 0x08, 0x08, 0x08, 0x08, 0x08, 0x08, 0x08, 0x08, 0x08, 0x08, 0x08, 0x08, 
0x08, 0x08, 0x08, 0x08, 0x08, 0x08, 0x08, 0x08, 0x08, 0x08, 0x08, 0x08, 0x08, 0x08, 0x08, 0x08, 
0x08, 0x08, 0x08, 0x08, 0x08, 0x08, 0x08, 0x08, 0x08, 0x08, 0x08, 0x08, 0x08, 0x08, 0x08, 0x08, 
0x08, 0x08, 0x08, 0x08, 0x08, 0x08, 0x08, 0x08, 0x08, 0x08, 0x08, 0x08, 0x08, 0x08, 0x08, 0x08, 
0x08, 0x08, 0x08, 0x08, 0x08, 0x08, 0x08, 0x08, 0x08, 0x08, 0x08, 0x08, 0x08, 0x08, 0x08, 0x08, 
0x08, 0x08, 0x08, 0x08, 0x08, 0x08, 0x08, 0x08, 0x08, 0x08, 0x08, 0x08, 0x08, 0x08, 0x08, 0x08, 
0x08, 0x08, 0x08, 0x08, 0x08, 0x08, 0x08, 0x08, 0x08, 0x08, 0x08, 0x08, 0x08, 0x08, 0x08, 0x08, 
0x08, 0x08, 0x08, 0x08, 0x08, 0x08, 0x08, 0x08, 0x08, 0x08, 0x08, 0x08, 0x08, 0x08, 0x08, 0x08, 
0x08, 0x08, 0x08, 0x08, 0x08, 0x08, 0x08, 0x08, 0x08, 0x08, 0x08, 0x0C, 0x0E, 0x1C, 0x1F, 0x21, 
0x1E, 0x14, 0x0D, 0x0C, 0x08, 0x08, 0x08, 0x08, 0x08, 0x08, 0x08, 0x08, 0x08, 0x08, 0x08, 0x08, 
0x08, 0x08, 0x08, 0x08, 0x0B, 0x0B, 0x0D, 0x0D, 0x0B, 0x08, 0x08, 0x08, 0x13, 0x01, 0x00, 0x00, 
0x00, 0x00, 0x00, 0x00, 0x00, 0x00, 0x00, 0x00, 0x00, 0x03, 0x08, 0x08, 0x08, 0x08, 0x08, 0x08, 
0x08, 0x08, 0x08, 0x08, 0x08, 0x08, 0x08, 0x08, 0x08, 0x08, 0x08, 0x0C, 0x0E, 0x1C, 0x1F, 0x21, 
0x1D, 0x13, 0x0B, 0x08, 0x08, 0x08, 0x08, 0x08, 0x08, 0x08, 0x08, 0x08, 0x08, 0x08, 0x08, 0x08, 
0x08, 0x08, 0x08, 0x08, 0x08, 0x08, 0x08, 0x08, 0x08, 0x08, 0x08, 0x08, 0x08, 0x08, 0x08, 0x08, 
0x08, 0x08, 0x08, 0x08, 0x08, 0x08, 0x08, 0x08, 0x08, 0x08, 0x08, 0x08, 0x08, 0x08, 0x08, 0x08, 
0x08, 0x08, 0x08, 0x08, 0x08, 0x08, 0x08, 0x08, 0x08, 0x08, 0x08, 0x08, 0x08, 0x08, 0x08, 0x08, 
0x08, 0x08, 0x08, 0x08, 0x08, 0x08, 0x08, 0x08, 0x08, 0x08, 0x08, 0x08, 0x08, 0x08, 0x08, 0x08, 
0x08, 0x08, 0x08, 0x08, 0x08, 0x08, 0x08, 0x08, 0x08, 0x08, 0x08, 0x08, 0x08, 0x08, 0x08, 0x08, 
0x08, 0x08, 0x08, 0x08, 0x08, 0x08, 0x08, 0x08, 0x08, 0x08, 0x08, 0x08, 0x08, 0x08, 0x08, 0x08, 
0x08, 0x08, 0x08, 0x08, 0x08, 0x08, 0x08, 0x08, 0x08, 0x08, 0x08, 0x08, 0x08, 0x08, 0x08, 0x08, 
0x08, 0x08, 0x08, 0x08, 0x08, 0x08, 0x08, 0x08, 0x08, 0x08, 0x08, 0x08, 0x08, 0x08, 0x08, 0x08, 
0x08, 0x08, 0x08, 0x08, 0x08, 0x08, 0x08, 0x08, 0x08, 0x08, 0x08, 0x08, 0x08, 0x08, 0x08, 0x08, 
0x08, 0x08, 0x08, 0x08, 0x08, 0x08, 0x08, 0x08, 0x08, 0x08, 0x08, 0x08, 0x08, 0x08, 0x08, 0x08, 
0x08, 0x08, 0x08, 0x08, 0x08, 0x08, 0x08, 0x08, 0x08, 0x08, 0x08, 0x08, 0x08, 0x08, 0x08, 0x08, 
0x08, 0x08, 0x08, 0x08, 0x08, 0x08, 0x08, 0x08, 0x08, 0x08, 0x08, 0x08, 0x08, 0x08, 0x08, 0x08, 
0x08, 0x08, 0x08, 0x08, 0x08, 0x08, 0x08, 0x08, 0x08, 0x08, 0x08, 0x08, 0x08, 0x08, 0x08, 0x08, 
0x08, 0x08, 0x08, 0x08, 0x08, 0x08, 0x08, 0x08, 0x08, 0x08, 0x08, 0x08, 0x08, 0x08, 0x08, 0x08, 
0x08, 0x08, 0x08, 0x08, 0x08, 0x08, 0x08, 0x08, 0x08, 0x0C, 0x0D, 0x14, 0x1E, 0x1F, 0x21, 0x14, 
0x0E, 0x0C, 0x08, 0x08, 0x08, 0x08, 0x08, 0x08, 0x08, 0x08, 0x08, 0x08, 0x08, 0x08, 0x08, 0x08, 
0x08, 0x08, 0x08, 0x0E, 0x1D, 0x20, 0x20, 0x1D, 0x1C, 0x0D, 0x0B, 0x0B, 0x01, 0x00, 0x00, 0x02, 
0x04, 0x04, 0x03, 0x00, 0x00, 0x00, 0x00, 0x00, 0x00, 0x00, 0x05, 0x06, 0x05, 0x08, 0x08, 0x08, 
0x08, 0x08, 0x08, 0x08, 0x08, 0x08, 0x08, 0x08, 0x08, 0x08, 0x08, 0x08, 0x08, 0x0B, 0x14, 0x1F, 
0x1F, 0x1F, 0x1C, 0x0D, 0x08, 0x08, 0x08, 0x08, 0x08, 0x08, 0x08, 0x08, 0x08, 0x08, 0x08, 0x08, 
0x08, 0x08, 0x08, 0x08, 0x08, 0x08, 0x08, 0x08, 0x08, 0x08, 0x08, 0x08, 0x08, 0x08, 0x08, 0x08, 
0x08, 0x08, 0x08, 0x08, 0x08, 0x08, 0x08, 0x08, 0x08, 0x08, 0x08, 0x08, 0x08, 0x08, 0x08, 0x08, 
0x08, 0x08, 0x08, 0x08, 0x08, 0x08, 0x08, 0x08, 0x08, 0x08, 0x08, 0x08, 0x08, 0x08, 0x08, 0x08, 
0x08, 0x08, 0x08, 0x08, 0x08, 0x08, 0x08, 0x08, 0x08, 0x08, 0x08, 0x08, 0x08, 0x08, 0x08, 0x08, 
0x08, 0x08, 0x08, 0x08, 0x08, 0x08, 0x08, 0x08, 0x08, 0x08, 0x08, 0x08, 0x08, 0x08, 0x08, 0x08, 
0x08, 0x08, 0x08, 0x08, 0x08, 0x08, 0x08, 0x08, 0x08, 0x08, 0x08, 0x08, 0x08, 0x08, 0x08, 0x08, 
0x08, 0x08, 0x08, 0x08, 0x08, 0x08, 0x08, 0x08, 0x08, 0x08, 0x08, 0x08, 0x08, 0x08, 0x08, 0x08, 
0x08, 0x08, 0x08, 0x08, 0x08, 0x08, 0x08, 0x08, 0x08, 0x08, 0x08, 0x08, 0x08, 0x08, 0x08, 0x08, 
0x08, 0x08, 0x08, 0x08, 0x08, 0x08, 0x08, 0x08, 0x08, 0x08, 0x08, 0x08, 0x08, 0x08, 0x08, 0x08, 
0x08, 0x08, 0x08, 0x08, 0x08, 0x08, 0x08, 0x08, 0x08, 0x08, 0x08, 0x08, 0x08, 0x08, 0x08, 0x08, 
0x08, 0x08, 0x08, 0x08, 0x08, 0x08, 0x08, 0x08, 0x08, 0x08, 0x08, 0x08, 0x08, 0x08, 0x08, 0x08, 
0x08, 0x08, 0x08, 0x08, 0x08, 0x08, 0x08, 0x08, 0x08, 0x08, 0x08, 0x08, 0x08, 0x08, 0x08, 0x08, 
0x08, 0x08, 0x08, 0x08, 0x08, 0x08, 0x08, 0x08, 0x08, 0x08, 0x08, 0x08, 0x08, 0x08, 0x08, 0x08, 
0x08, 0x08, 0x08, 0x08, 0x08, 0x08, 0x08, 0x08, 0x08, 0x08, 0x08, 0x08, 0x08, 0x08, 0x08, 0x08, 
0x08, 0x08, 0x08, 0x08, 0x08, 0x08, 0x08, 0x08, 0x0B, 0x13, 0x1D, 0x1E, 0x1E, 0x1C, 0x0E, 0x0C, 
0x08, 0x08, 0x08, 0x08, 0x08, 0x08, 0x08, 0x08, 0x08, 0x08, 0x08, 0x08, 0x08, 0x08, 0x08, 0x08, 
0x08, 0x08, 0x08, 0x13, 0x1F, 0x21, 0x22, 0x21, 0x21, 0x1E, 0x1D, 0x1C, 0x00, 0x00, 0x02, 0x08, 
0x08, 0x06, 0x06, 0x06, 0x02, 0x00, 0x00, 0x00, 0x00, 0x00, 0x00, 0x00, 0x00, 0x06, 0x08, 0x08, 
0x08, 0x08, 0x08, 0x08, 0x08, 0x08, 0x08, 0x08, 0x08, 0x08, 0x08, 0x08, 0x08, 0x08, 0x0C, 0x0D, 
0x14, 0x1F, 0x1F, 0x1E, 0x14, 0x0D, 0x09, 0x08, 0x08, 0x08, 0x08, 0x08, 0x08, 0x08, 0x08, 0x08, 
0x08, 0x08, 0x08, 0x08, 0x08, 0x08, 0x08, 0x08, 0x08, 0x08, 0x08, 0x08, 0x08, 0x08, 0x08, 0x08, 
0x08, 0x08, 0x08, 0x08, 0x08, 0x08, 0x08, 0x08, 0x08, 0x08, 0x08, 0x08, 0x08, 0x08, 0x08, 0x08, 
0x08, 0x08, 0x08, 0x08, 0x08, 0x08, 0x08, 0x08, 0x08, 0x08, 0x08, 0x08, 0x08, 0x08, 0x08, 0x08, 
0x08, 0x08, 0x08, 0x08, 0x08, 0x08, 0x08, 0x08, 0x08, 0x08, 0x08, 0x08, 0x08, 0x08, 0x08, 0x08, 
0x08, 0x08, 0x08, 0x08, 0x08, 0x08, 0x08, 0x08, 0x08, 0x08, 0x08, 0x08, 0x08, 0x08, 0x08, 0x08, 
0x08, 0x08, 0x08, 0x08, 0x08, 0x08, 0x08, 0x08, 0x08, 0x08, 0x08, 0x08, 0x08, 0x08, 0x08, 0x08, 
0x08, 0x08, 0x08, 0x08, 0x08, 0x08, 0x08, 0x08, 0x08, 0x08, 0x08, 0x08, 0x08, 0x08, 0x08, 0x08, 
0x08, 0x08, 0x08, 0x08, 0x08, 0x08, 0x08, 0x08, 0x08, 0x08, 0x08, 0x08, 0x08, 0x08, 0x08, 0x08, 
0x08, 0x08, 0x08, 0x08, 0x08, 0x08, 0x08, 0x08, 0x08, 0x08, 0x08, 0x08, 0x08, 0x08, 0x08, 0x08, 
0x08, 0x08, 0x08, 0x08, 0x08, 0x08, 0x08, 0x08, 0x08, 0x08, 0x08, 0x08, 0x08, 0x08, 0x08, 0x08, 
0x08, 0x08, 0x08, 0x08, 0x08, 0x08, 0x08, 0x08, 0x08, 0x08, 0x08, 0x08, 0x08, 0x08, 0x08, 0x08, 
0x08, 0x08, 0x08, 0x08, 0x08, 0x08, 0x08, 0x08, 0x08, 0x08, 0x08, 0x08, 0x08, 0x08, 0x08, 0x08, 
0x08, 0x08, 0x08, 0x08, 0x08, 0x08, 0x08, 0x08, 0x08, 0x08, 0x08, 0x08, 0x08, 0x08, 0x08, 0x08, 
0x08, 0x08, 0x08, 0x08, 0x08, 0x08, 0x08, 0x08, 0x08, 0x08, 0x08, 0x08, 0x08, 0x08, 0x08, 0x08, 
0x08, 0x08, 0x08, 0x08, 0x08, 0x08, 0x0B, 0x13, 0x1D, 0x1D, 0x1E, 0x1D, 0x13, 0x0B, 0x0C, 0x08, 
0x08, 0x08, 0x08, 0x08, 0x08, 0x08, 0x08, 0x08, 0x08, 0x08, 0x08, 0x08, 0x08, 0x08, 0x08, 0x08, 
0x08, 0x08, 0x08, 0x13, 0x1F, 0x21, 0x21, 0x21, 0x21, 0x21, 0x21, 0x22, 0x00, 0x00, 0x06, 0x08, 
0x03, 0x00, 0x00, 0x03, 0x08, 0x04, 0x00, 0x00, 0x00, 0x00, 0x00, 0x00, 0x03, 0x07, 0x08, 0x08, 
0x08, 0x08, 0x08, 0x08, 0x08, 0x08, 0x08, 0x08, 0x08, 0x08, 0x08, 0x08, 0x08, 0x08, 0x08, 0x08, 
0x0C, 0x0E, 0x14, 0x21, 0x1F, 0x1E, 0x14, 0x0B, 0x08, 0x08, 0x08, 0x08, 0x08, 0x08, 0x08, 0x08, 
0x08, 0x08, 0x08, 0x08, 0x08, 0x08, 0x08, 0x08, 0x08, 0x08, 0x08, 0x08, 0x08, 0x08, 0x08, 0x08, 
0x08, 0x08, 0x08, 0x08, 0x08, 0x08, 0x08, 0x08, 0x08, 0x08, 0x08, 0x08, 0x08, 0x08, 0x08, 0x08, 
0x08, 0x08, 0x08, 0x08, 0x08, 0x08, 0x08, 0x08, 0x08, 0x08, 0x08, 0x08, 0x08, 0x08, 0x08, 0x08, 
0x08, 0x08, 0x08, 0x08, 0x08, 0x08, 0x08, 0x08, 0x08, 0x08, 0x08, 0x08, 0x08, 0x08, 0x08, 0x08, 
0x08, 0x08, 0x08, 0x08, 0x08, 0x08, 0x08, 0x08, 0x08, 0x08, 0x08, 0x08, 0x08, 0x08, 0x08, 0x08, 
0x08, 0x08, 0x08, 0x08, 0x08, 0x08, 0x08, 0x08, 0x08, 0x08, 0x08, 0x08, 0x08, 0x08, 0x08, 0x08, 
0x08, 0x08, 0x08, 0x08, 0x08, 0x08, 0x08, 0x08, 0x08, 0x08, 0x08, 0x08, 0x08, 0x08, 0x08, 0x08, 
0x08, 0x08, 0x08, 0x08, 0x08, 0x08, 0x08, 0x08, 0x08, 0x08, 0x08, 0x08, 0x08, 0x08, 0x08, 0x08, 
0x08, 0x08, 0x08, 0x08, 0x08, 0x08, 0x08, 0x08, 0x08, 0x08, 0x08, 0x08, 0x08, 0x08, 0x08, 0x08, 
0x08, 0x08, 0x08, 0x08, 0x08, 0x08, 0x08, 0x08, 0x08, 0x08, 0x08, 0x08, 0x08, 0x08, 0x08, 0x08, 
0x08, 0x08, 0x08, 0x08, 0x08, 0x08, 0x08, 0x08, 0x08, 0x08, 0x08, 0x08, 0x08, 0x08, 0x08, 0x08, 
0x08, 0x08, 0x08, 0x08, 0x08, 0x08, 0x08, 0x08, 0x08, 0x08, 0x08, 0x08, 0x08, 0x08, 0x08, 0x08, 
0x08, 0x08, 0x08, 0x08, 0x08, 0x08, 0x08, 0x08, 0x08, 0x08, 0x08, 0x08, 0x08, 0x08, 0x08, 0x08, 
0x08, 0x08, 0x08, 0x08, 0x08, 0x08, 0x08, 0x08, 0x08, 0x08, 0x08, 0x08, 0x08, 0x08, 0x08, 0x08, 
0x08, 0x08, 0x08, 0x08, 0x0B, 0x0E, 0x1D, 0x21, 0x1F, 0x1C, 0x13, 0x0B, 0x08, 0x08, 0x08, 0x08, 
0x08, 0x08, 0x08, 0x08, 0x08, 0x08, 0x08, 0x08, 0x08, 0x08, 0x08, 0x08, 0x08, 0x08, 0x03, 0x03, 
0x08, 0x08, 0x08, 0x13, 0x1F, 0x20, 0x1F, 0x21, 0x21, 0x21, 0x21, 0x20, 0x00, 0x00, 0x08, 0x05, 
0x00, 0x00, 0x00, 0x00, 0x03, 0x08, 0x04, 0x00, 0x00, 0x00, 0x00, 0x01, 0x1C, 0x0E, 0x08, 0x08, 
0x08, 0x08, 0x08, 0x08, 0x08, 0x08, 0x08, 0x08, 0x08, 0x08, 0x08, 0x08, 0x08, 0x08, 0x08, 0x08, 
0x08, 0x08, 0x0C, 0x0E, 0x1C, 0x20, 0x21, 0x1D, 0x13, 0x0B, 0x08, 0x08, 0x08, 0x08, 0x08, 0x08, 
0x08, 0x08, 0x08, 0x08, 0x08, 0x08, 0x08, 0x08, 0x08, 0x08, 0x08, 0x08, 0x08, 0x08, 0x08, 0x08, 
0x08, 0x08, 0x08, 0x08, 0x08, 0x08, 0x08, 0x08, 0x08, 0x08, 0x08, 0x08, 0x08, 0x08, 0x08, 0x08, 
0x08, 0x08, 0x08, 0x08, 0x08, 0x08, 0x08, 0x08, 0x08, 0x08, 0x08, 0x08, 0x08, 0x08, 0x08, 0x08, 
0x08, 0x08, 0x08, 0x08, 0x08, 0x08, 0x08, 0x08, 0x08, 0x08, 0x08, 0x08, 0x08, 0x08, 0x08, 0x08, 
0x08, 0x08, 0x08, 0x08, 0x08, 0x08, 0x08, 0x08, 0x08, 0x08, 0x08, 0x08, 0x08, 0x08, 0x08, 0x08, 
0x08, 0x08, 0x08, 0x08, 0x08, 0x08, 0x08, 0x08, 0x08, 0x08, 0x08, 0x08, 0x08, 0x08, 0x08, 0x08, 
0x08, 0x08, 0x08, 0x08, 0x08, 0x08, 0x08, 0x08, 0x08, 0x08, 0x08, 0x08, 0x08, 0x08, 0x08, 0x08, 
0x08, 0x08, 0x08, 0x08, 0x08, 0x08, 0x08, 0x08, 0x08, 0x08, 0x08, 0x08, 0x08, 0x08, 0x08, 0x08, 
0x08, 0x08, 0x08, 0x08, 0x08, 0x08, 0x08, 0x08, 0x08, 0x08, 0x08, 0x08, 0x08, 0x08, 0x08, 0x08, 
0x08, 0x08, 0x08, 0x08, 0x08, 0x08, 0x08, 0x08, 0x08, 0x08, 0x08, 0x08, 0x08, 0x08, 0x08, 0x08, 
0x08, 0x08, 0x08, 0x08, 0x08, 0x08, 0x08, 0x08, 0x08, 0x08, 0x08, 0x08, 0x08, 0x08, 0x08, 0x08, 
0x08, 0x08, 0x08, 0x08, 0x08, 0x08, 0x08, 0x08, 0x08, 0x08, 0x08, 0x08, 0x08, 0x08, 0x08, 0x08, 
0x08, 0x08, 0x08, 0x08, 0x08, 0x08, 0x08, 0x08, 0x08, 0x08, 0x08, 0x08, 0x08, 0x08, 0x08, 0x08, 
0x08, 0x08, 0x08, 0x08, 0x08, 0x08, 0x08, 0x08, 0x08, 0x08, 0x08, 0x08, 0x08, 0x08, 0x08, 0x08, 
0x08, 0x08, 0x0B, 0x0E, 0x1C, 0x1F, 0x21, 0x1D, 0x14, 0x0B, 0x08, 0x08, 0x08, 0x08, 0x08, 0x08, 
0x08, 0x08, 0x08, 0x08, 0x08, 0x08, 0x08, 0x08, 0x08, 0x08, 0x08, 0x08, 0x08, 0x08, 0x00, 0x00, 
0x03, 0x06, 0x06, 0x03, 0x0D, 0x0E, 0x0E, 0x13, 0x1C, 0x20, 0x21, 0x20, 0x00, 0x02, 0x08, 0x05, 
0x00, 0x00, 0x00, 0x00, 0x00, 0x04, 0x08, 0x03, 0x00, 0x00, 0x00, 0x0D, 0x24, 0x13, 0x08, 0x08, 
0x08, 0x08, 0x08, 0x08, 0x08, 0x08, 0x08, 0x08, 0x08, 0x08, 0x08, 0x08, 0x08, 0x08, 0x08, 0x08, 
0x08, 0x08, 0x08, 0x08, 0x0C, 0x13, 0x1E, 0x21, 0x21, 0x14, 0x0E, 0x0C, 0x08, 0x08, 0x08, 0x08, 
0x08, 0x08, 0x08, 0x08, 0x08, 0x08, 0x08, 0x08, 0x08, 0x08, 0x08, 0x08, 0x08, 0x08, 0x08, 0x08, 
0x08, 0x08, 0x08, 0x08, 0x08, 0x08, 0x08, 0x08, 0x08, 0x08, 0x08, 0x08, 0x08, 0x08, 0x08, 0x08, 
0x08, 0x08, 0x08, 0x08, 0x08, 0x08, 0x08, 0x08, 0x08, 0x08, 0x08, 0x08, 0x08, 0x08, 0x08, 0x08, 
0x08, 0x08, 0x08, 0x08, 0x08, 0x08, 0x08, 0x08, 0x08, 0x08, 0x08, 0x08, 0x08, 0x08, 0x08, 0x08, 
0x08, 0x08, 0x08, 0x08, 0x08, 0x08, 0x08, 0x08, 0x08, 0x08, 0x08, 0x08, 0x08, 0x08, 0x08, 0x08, 
0x08, 0x08, 0x08, 0x08, 0x08, 0x08, 0x08, 0x08, 0x08, 0x08, 0x08, 0x08, 0x08, 0x08, 0x08, 0x08, 
0x08, 0x08, 0x08, 0x08, 0x08, 0x08, 0x08, 0x08, 0x08, 0x08, 0x08, 0x08, 0x08, 0x08, 0x08, 0x08, 
0x08, 0x08, 0x08, 0x08, 0x08, 0x08, 0x08, 0x08, 0x08, 0x08, 0x08, 0x08, 0x08, 0x08, 0x08, 0x08, 
0x08, 0x08, 0x08, 0x08, 0x08, 0x08, 0x08, 0x08, 0x08, 0x08, 0x08, 0x08, 0x08, 0x08, 0x08, 0x08, 
0x08, 0x08, 0x08, 0x08, 0x08, 0x08, 0x08, 0x08, 0x08, 0x08, 0x08, 0x08, 0x08, 0x08, 0x08, 0x08, 
0x08, 0x08, 0x08, 0x08, 0x08, 0x08, 0x08, 0x08, 0x08, 0x08, 0x08, 0x08, 0x08, 0x08, 0x08, 0x08, 
0x08, 0x08, 0x08, 0x08, 0x08, 0x08, 0x08, 0x08, 0x08, 0x08, 0x08, 0x08, 0x08, 0x08, 0x08, 0x08, 
0x08, 0x08, 0x08, 0x08, 0x08, 0x08, 0x08, 0x08, 0x08, 0x08, 0x08, 0x08, 0x08, 0x08, 0x08, 0x08, 
0x08, 0x08, 0x08, 0x08, 0x08, 0x08, 0x08, 0x08, 0x08, 0x08, 0x08, 0x08, 0x08, 0x08, 0x08, 0x08, 
0x08, 0x0D, 0x14, 0x1E, 0x1F, 0x1F, 0x1C, 0x0E, 0x09, 0x08, 0x08, 0x08, 0x08, 0x08, 0x08, 0x08, 
0x08, 0x08, 0x08, 0x08, 0x08, 0x08, 0x08, 0x08, 0x08, 0x08, 0x08, 0x08, 0x08, 0x06, 0x00, 0x00, 
0x00, 0x00, 0x00, 0x00, 0x00, 0x00, 0x00, 0x00, 0x03, 0x14, 0x21, 0x22, 0x00, 0x02, 0x08, 0x08, 
0x03, 0x00, 0x00, 0x00, 0x00, 0x02, 0x08, 0x08, 0x02, 0x00, 0x00, 0x01, 0x14, 0x13, 0x08, 0x08, 
0x08, 0x08, 0x08, 0x08, 0x08, 0x08, 0x08, 0x08, 0x08, 0x08, 0x08, 0x08, 0x08, 0x08, 0x08, 0x08, 
0x08, 0x08, 0x08, 0x08, 0x08, 0x09, 0x0D, 0x1E, 0x21, 0x21, 0x1F, 0x14, 0x0D, 0x09, 0x08, 0x08, 
0x08, 0x08, 0x08, 0x08, 0x08, 0x08, 0x08, 0x08, 0x08, 0x08, 0x08, 0x08, 0x08, 0x08, 0x08, 0x08, 
0x08, 0x08, 0x08, 0x08, 0x08, 0x08, 0x08, 0x08, 0x08, 0x08, 0x08, 0x08, 0x08, 0x08, 0x08, 0x08, 
0x08, 0x08, 0x08, 0x08, 0x08, 0x08, 0x08, 0x08, 0x08, 0x08, 0x08, 0x08, 0x08, 0x08, 0x08, 0x08, 
0x08, 0x08, 0x08, 0x08, 0x08, 0x08, 0x08, 0x08, 0x08, 0x08, 0x08, 0x08, 0x08, 0x08, 0x08, 0x08, 
0x08, 0x08, 0x08, 0x08, 0x08, 0x08, 0x08, 0x08, 0x08, 0x08, 0x08, 0x08, 0x08, 0x08, 0x08, 0x08, 
0x08, 0x08, 0x08, 0x08, 0x08, 0x08, 0x08, 0x08, 0x08, 0x08, 0x08, 0x08, 0x08, 0x08, 0x08, 0x08, 
0x08, 0x08, 0x08, 0x08, 0x08, 0x08, 0x08, 0x08, 0x08, 0x08, 0x08, 0x08, 0x08, 0x08, 0x08, 0x08, 
0x08, 0x08, 0x08, 0x08, 0x08, 0x08, 0x08, 0x08, 0x08, 0x08, 0x08, 0x08, 0x08, 0x08, 0x08, 0x08, 
0x08, 0x08, 0x08, 0x08, 0x08, 0x08, 0x08, 0x08, 0x08, 0x08, 0x08, 0x08, 0x08, 0x08, 0x08, 0x08, 
0x08, 0x08, 0x08, 0x08, 0x08, 0x08, 0x08, 0x08, 0x08, 0x08, 0x08, 0x08, 0x08, 0x08, 0x08, 0x08, 
0x08, 0x08, 0x08, 0x08, 0x08, 0x08, 0x08, 0x08, 0x08, 0x08, 0x08, 0x08, 0x08, 0x08, 0x08, 0x08, 
0x08, 0x08, 0x08, 0x08, 0x08, 0x08, 0x08, 0x08, 0x08, 0x08, 0x08, 0x08, 0x08, 0x08, 0x08, 0x08, 
0x08, 0x08, 0x08, 0x08, 0x08, 0x08, 0x08, 0x08, 0x08, 0x08, 0x08, 0x08, 0x08, 0x08, 0x08, 0x08, 
0x08, 0x08, 0x08, 0x08, 0x08, 0x08, 0x08, 0x08, 0x08, 0x08, 0x08, 0x08, 0x08, 0x08, 0x08, 0x0B, 
0x13, 0x1E, 0x1F, 0x1F, 0x14, 0x0E, 0x0C, 0x08, 0x08, 0x08, 0x08, 0x08, 0x08, 0x08, 0x08, 0x08, 
0x08, 0x08, 0x08, 0x08, 0x08, 0x08, 0x08, 0x08, 0x08, 0x08, 0x06, 0x06, 0x06, 0x04, 0x00, 0x00, 
0x00, 0x00, 0x00, 0x00, 0x02, 0x03, 0x02, 0x00, 0x00, 0x00, 0x13, 0x1D, 0x00, 0x00, 0x08, 0x08, 
0x06, 0x02, 0x00, 0x00, 0x00, 0x06, 0x08, 0x08, 0x06, 0x00, 0x00, 0x00, 0x03, 0x0D, 0x08, 0x08, 
0x08, 0x08, 0x08, 0x08, 0x08, 0x08, 0x08, 0x08, 0x08, 0x08, 0x08, 0x08, 0x08, 0x08, 0x08, 0x08, 
0x08, 0x08, 0x08, 0x08, 0x08, 0x08, 0x0C, 0x1C, 0x21, 0x22, 0x21, 0x1F, 0x1E, 0x13, 0x0B, 0x09, 
0x08, 0x08, 0x08, 0x08, 0x08, 0x08, 0x08, 0x08, 0x08, 0x08, 0x08, 0x08, 0x08, 0x08, 0x08, 0x08, 
0x08, 0x08, 0x08, 0x08, 0x08, 0x08, 0x08, 0x08, 0x08, 0x08, 0x08, 0x08, 0x08, 0x08, 0x08, 0x08, 
0x08, 0x08, 0x08, 0x08, 0x08, 0x08, 0x08, 0x08, 0x08, 0x08, 0x08, 0x08, 0x08, 0x08, 0x08, 0x08, 
0x08, 0x08, 0x08, 0x08, 0x08, 0x08, 0x08, 0x08, 0x08, 0x08, 0x08, 0x08, 0x08, 0x08, 0x08, 0x08, 
0x08, 0x08, 0x08, 0x08, 0x08, 0x08, 0x08, 0x08, 0x08, 0x08, 0x08, 0x08, 0x08, 0x08, 0x08, 0x08, 
0x08, 0x08, 0x08, 0x08, 0x08, 0x08, 0x08, 0x08, 0x08, 0x08, 0x08, 0x08, 0x08, 0x08, 0x08, 0x08, 
0x08, 0x08, 0x08, 0x08, 0x08, 0x08, 0x08, 0x08, 0x08, 0x08, 0x08, 0x08, 0x08, 0x08, 0x08, 0x08, 
0x08, 0x08, 0x08, 0x08, 0x08, 0x08, 0x08, 0x08, 0x08, 0x08, 0x08, 0x08, 0x08, 0x08, 0x08, 0x08, 
0x08, 0x08, 0x08, 0x08, 0x08, 0x08, 0x08, 0x08, 0x08, 0x08, 0x08, 0x08, 0x08, 0x08, 0x08, 0x08, 
0x08, 0x08, 0x08, 0x08, 0x08, 0x08, 0x08, 0x08, 0x08, 0x08, 0x08, 0x08, 0x08, 0x08, 0x08, 0x08, 
0x08, 0x08, 0x08, 0x08, 0x08, 0x08, 0x08, 0x08, 0x08, 0x08, 0x08, 0x08, 0x08, 0x08, 0x08, 0x08, 
0x08, 0x08, 0x08, 0x08, 0x08, 0x08, 0x08, 0x08, 0x08, 0x08, 0x08, 0x08, 0x08, 0x08, 0x08, 0x08, 
0x08, 0x08, 0x08, 0x08, 0x08, 0x08, 0x08, 0x08, 0x08, 0x08, 0x08, 0x08, 0x08, 0x08, 0x08, 0x08, 
0x08, 0x08, 0x08, 0x08, 0x08, 0x08, 0x08, 0x08, 0x08, 0x08, 0x08, 0x08, 0x08, 0x0B, 0x0E, 0x1D, 
0x1F, 0x1F, 0x1C, 0x13, 0x0C, 0x08, 0x08, 0x08, 0x08, 0x08, 0x08, 0x08, 0x08, 0x08, 0x08, 0x08, 
0x08, 0x08, 0x08, 0x08, 0x08, 0x08, 0x08, 0x08, 0x08, 0x08, 0x03, 0x00, 0x00, 0x00, 0x00, 0x00, 
0x00, 0x00, 0x03, 0x06, 0x08, 0x08, 0x08, 0x06, 0x03, 0x00, 0x01, 0x13, 0x00, 0x00, 0x06, 0x08, 
0x08, 0x06, 0x04, 0x03, 0x06, 0x08, 0x08, 0x08, 0x08, 0x05, 0x00, 0x00, 0x00, 0x06, 0x08, 0x08, 
0x08, 0x08, 0x08, 0x08, 0x08, 0x08, 0x08, 0x08, 0x08, 0x08, 0x08, 0x08, 0x08, 0x08, 0x08, 0x08, 
0x08, 0x08, 0x08, 0x08, 0x08, 0x08, 0x0C, 0x1C, 0x21, 0x21, 0x1C, 0x1D, 0x1F, 0x1F, 0x1E, 0x13, 
0x0C, 0x08, 0x08, 0x08, 0x08, 0x08, 0x08, 0x08, 0x08, 0x08, 0x08, 0x08, 0x08, 0x08, 0x08, 0x08, 
0x08, 0x08, 0x08, 0x08, 0x08, 0x08, 0x08, 0x08, 0x08, 0x08, 0x08, 0x08, 0x08, 0x08, 0x08, 0x08, 
0x08, 0x08, 0x08, 0x08, 0x08, 0x08, 0x08, 0x08, 0x08, 0x08, 0x08, 0x08, 0x08, 0x08, 0x08, 0x08, 
0x08, 0x08, 0x08, 0x08, 0x08, 0x08, 0x08, 0x08, 0x08, 0x08, 0x08, 0x08, 0x08, 0x08, 0x08, 0x08, 
0x08, 0x08, 0x08, 0x08, 0x08, 0x08, 0x08, 0x08, 0x08, 0x08, 0x08, 0x08, 0x08, 0x08, 0x08, 0x08, 
0x08, 0x08, 0x08, 0x08, 0x08, 0x08, 0x08, 0x08, 0x08, 0x08, 0x08, 0x08, 0x08, 0x08, 0x08, 0x08, 
0x08, 0x08, 0x08, 0x08, 0x08, 0x08, 0x08, 0x08, 0x08, 0x08, 0x08, 0x08, 0x08, 0x08, 0x08, 0x08, 
0x08, 0x08, 0x08, 0x08, 0x08, 0x08, 0x08, 0x08, 0x08, 0x08, 0x08, 0x08, 0x08, 0x08, 0x08, 0x08, 
0x08, 0x08, 0x08, 0x08, 0x08, 0x08, 0x08, 0x08, 0x08, 0x08, 0x08, 0x08, 0x08, 0x08, 0x08, 0x08, 
0x08, 0x08, 0x08, 0x08, 0x08, 0x08, 0x08, 0x08, 0x08, 0x08, 0x08, 0x08, 0x08, 0x08, 0x08, 0x08, 
0x08, 0x08, 0x08, 0x08, 0x08, 0x08, 0x08, 0x08, 0x08, 0x08, 0x08, 0x08, 0x08, 0x08, 0x08, 0x08, 
0x08, 0x08, 0x08, 0x08, 0x08, 0x08, 0x08, 0x08, 0x08, 0x08, 0x08, 0x08, 0x08, 0x08, 0x08, 0x08, 
0x08, 0x08, 0x08, 0x08, 0x08, 0x08, 0x08, 0x08, 0x08, 0x08, 0x08, 0x08, 0x08, 0x08, 0x08, 0x08, 
0x08, 0x08, 0x08, 0x08, 0x08, 0x08, 0x08, 0x08, 0x08, 0x08, 0x08, 0x0C, 0x0E, 0x1D, 0x20, 0x1E, 
0x1D, 0x0E, 0x0C, 0x08, 0x08, 0x08, 0x08, 0x08, 0x08, 0x08, 0x08, 0x08, 0x08, 0x08, 0x08, 0x08, 
0x08, 0x08, 0x08, 0x08, 0x08, 0x08, 0x08, 0x08, 0x08, 0x0C, 0x03, 0x00, 0x00, 0x00, 0x00, 0x00, 
0x00, 0x05, 0x08, 0x06, 0x03, 0x03, 0x06, 0x08, 0x08, 0x00, 0x00, 0x01, 0x00, 0x00, 0x06, 0x08, 
0x08, 0x08, 0x08, 0x08, 0x08, 0x08, 0x08, 0x08, 0x08, 0x08, 0x04, 0x00, 0x00, 0x03, 0x08, 0x08, 
0x08, 0x08, 0x08, 0x08, 0x08, 0x08, 0x08, 0x08, 0x08, 0x08, 0x08, 0x08, 0x08, 0x08, 0x08, 0x08, 
0x08, 0x08, 0x08, 0x08, 0x08, 0x08, 0x0C, 0x1C, 0x21, 0x14, 0x0C, 0x0D, 0x14, 0x21, 0x21, 0x1F, 
0x1C, 0x0E, 0x0C, 0x08, 0x08, 0x08, 0x08, 0x08, 0x08, 0x08, 0x08, 0x08, 0x08, 0x08, 0x08, 0x08, 
0x08, 0x08, 0x08, 0x08, 0x08, 0x08, 0x08, 0x08, 0x08, 0x08, 0x08, 0x08, 0x08, 0x08, 0x08, 0x08, 
0x08, 0x08, 0x08, 0x08, 0x08, 0x08, 0x08, 0x08, 0x08, 0x08, 0x08, 0x08, 0x08, 0x08, 0x08, 0x08, 
0x08, 0x08, 0x08, 0x08, 0x08, 0x08, 0x08, 0x08, 0x08, 0x08, 0x08, 0x08, 0x08, 0x08, 0x08, 0x08, 
0x08, 0x08, 0x08, 0x08, 0x08, 0x08, 0x08, 0x08, 0x08, 0x08, 0x08, 0x08, 0x08, 0x08, 0x08, 0x08, 
0x08, 0x08, 0x08, 0x08, 0x08, 0x08, 0x08, 0x08, 0x08, 0x08, 0x08, 0x08, 0x08, 0x08, 0x08, 0x08, 
0x08, 0x08, 0x08, 0x08, 0x08, 0x08, 0x08, 0x08, 0x08, 0x08, 0x08, 0x08, 0x08, 0x08, 0x08, 0x08, 
0x08, 0x08, 0x08, 0x08, 0x08, 0x08, 0x08, 0x08, 0x08, 0x08, 0x08, 0x08, 0x08, 0x08, 0x08, 0x08, 
0x08, 0x08, 0x08, 0x08, 0x08, 0x08, 0x08, 0x08, 0x08, 0x08, 0x08, 0x08, 0x08, 0x08, 0x08, 0x08, 
0x08, 0x08, 0x08, 0x08, 0x08, 0x08, 0x08, 0x08, 0x08, 0x08, 0x08, 0x08, 0x08, 0x08, 0x08, 0x08, 
0x08, 0x08, 0x08, 0x08, 0x08, 0x08, 0x08, 0x08, 0x08, 0x08, 0x08, 0x08, 0x08, 0x08, 0x08, 0x08, 
0x08, 0x08, 0x08, 0x08, 0x08, 0x08, 0x08, 0x08, 0x08, 0x08, 0x08, 0x08, 0x08, 0x08, 0x08, 0x08, 
0x08, 0x08, 0x08, 0x08, 0x08, 0x08, 0x08, 0x08, 0x08, 0x08, 0x08, 0x08, 0x08, 0x08, 0x08, 0x08, 
0x08, 0x08, 0x08, 0x08, 0x08, 0x08, 0x08, 0x08, 0x08, 0x09, 0x0D, 0x14, 0x1F, 0x1F, 0x1F, 0x13, 
0x0B, 0x09, 0x08, 0x08, 0x08, 0x08, 0x08, 0x08, 0x08, 0x08, 0x08, 0x08, 0x08, 0x08, 0x08, 0x08, 
0x08, 0x08, 0x08, 0x08, 0x08, 0x08, 0x08, 0x08, 0x0D, 0x13, 0x14, 0x01, 0x00, 0x00, 0x00, 0x00, 
0x04, 0x08, 0x04, 0x00, 0x00, 0x00, 0x00, 0x08, 0x08, 0x04, 0x00, 0x00, 0x00, 0x00, 0x04, 0x08, 
0x08, 0x08, 0x08, 0x08, 0x08, 0x08, 0x08, 0x08, 0x08, 0x08, 0x08, 0x03, 0x00, 0x00, 0x05, 0x08, 
0x08, 0x08, 0x08, 0x08, 0x08, 0x08, 0x08, 0x08, 0x08, 0x08, 0x08, 0x08, 0x08, 0x08, 0x08, 0x08, 
0x08, 0x08, 0x08, 0x08, 0x08, 0x08, 0x0C, 0x1D, 0x21, 0x14, 0x08, 0x08, 0x0C, 0x0E, 0x1C, 0x20, 
0x22, 0x20, 0x14, 0x0D, 0x0C, 0x08, 0x08, 0x08, 0x08, 0x08, 0x08, 0x08, 0x08, 0x08, 0x08, 0x08, 
0x08, 0x08, 0x08, 0x08, 0x08, 0x08, 0x08, 0x08, 0x08, 0x08, 0x08, 0x08, 0x08, 0x08, 0x08, 0x08, 
0x08, 0x08, 0x08, 0x08, 0x08, 0x08, 0x08, 0x08, 0x08, 0x08, 0x08, 0x08, 0x08, 0x08, 0x08, 0x08, 
0x08, 0x08, 0x08, 0x08, 0x08, 0x08, 0x08, 0x08, 0x08, 0x08, 0x08, 0x08, 0x08, 0x08, 0x08, 0x08, 
0x08, 0x08, 0x08, 0x08, 0x08, 0x08, 0x08, 0x08, 0x08, 0x08, 0x08, 0x08, 0x08, 0x08, 0x08, 0x08, 
0x08, 0x08, 0x08, 0x08, 0x08, 0x08, 0x08, 0x08, 0x08, 0x08, 0x08, 0x08, 0x08, 0x08, 0x08, 0x08, 
0x08, 0x08, 0x08, 0x08, 0x08, 0x08, 0x08, 0x08, 0x08, 0x08, 0x08, 0x08, 0x08, 0x08, 0x08, 0x08, 
0x08, 0x08, 0x08, 0x08, 0x08, 0x08, 0x08, 0x08, 0x08, 0x08, 0x08, 0x08, 0x08, 0x08, 0x08, 0x08, 
0x08, 0x08, 0x08, 0x08, 0x08, 0x08, 0x08, 0x08, 0x08, 0x08, 0x08, 0x08, 0x08, 0x08, 0x08, 0x08, 
0x08, 0x08, 0x08, 0x08, 0x08, 0x08, 0x08, 0x08, 0x08, 0x08, 0x08, 0x08, 0x08, 0x08, 0x08, 0x08, 
0x08, 0x08, 0x08, 0x08, 0x08, 0x08, 0x08, 0x08, 0x08, 0x08, 0x08, 0x08, 0x08, 0x08, 0x08, 0x08, 
0x08, 0x08, 0x08, 0x08, 0x08, 0x08, 0x08, 0x08, 0x08, 0x08, 0x08, 0x08, 0x08, 0x08, 0x08, 0x08, 
0x08, 0x08, 0x08, 0x08, 0x08, 0x08, 0x08, 0x08, 0x08, 0x08, 0x08, 0x08, 0x08, 0x08, 0x08, 0x08, 
0x08, 0x08, 0x08, 0x08, 0x08, 0x08, 0x08, 0x0C, 0x0D, 0x13, 0x1D, 0x1F, 0x21, 0x21, 0x13, 0x0C, 
0x08, 0x08, 0x08, 0x08, 0x08, 0x08, 0x08, 0x08, 0x08, 0x08, 0x08, 0x08, 0x08, 0x08, 0x08, 0x08, 
0x08, 0x08, 0x08, 0x08, 0x08, 0x08, 0x08, 0x0B, 0x14, 0x1C, 0x1C, 0x13, 0x00, 0x00, 0x00, 0x04, 
0x08, 0x04, 0x00, 0x00, 0x00, 0x00, 0x00, 0x06, 0x08, 0x06, 0x00, 0x00, 0x00, 0x00, 0x00, 0x08, 
0x08, 0x08, 0x08, 0x08, 0x08, 0x08, 0x08, 0x08, 0x08, 0x08, 0x08, 0x06, 0x00, 0x00, 0x00, 0x06, 
0x08, 0x08, 0x08, 0x08, 0x08, 0x08, 0x08, 0x08, 0x08, 0x08, 0x08, 0x08, 0x08, 0x08, 0x08, 0x08, 
0x08, 0x08, 0x08, 0x08, 0x08, 0x08, 0x0B, 0x1D, 0x21, 0x14, 0x08, 0x08, 0x08, 0x08, 0x0C, 0x0E, 
0x1C, 0x20, 0x21, 0x1D, 0x14, 0x0D, 0x0C, 0x08, 0x08, 0x08, 0x08, 0x08, 0x08, 0x08, 0x08, 0x08, 
0x08, 0x08, 0x08, 0x08, 0x08, 0x08, 0x08, 0x08, 0x08, 0x08, 0x08, 0x08, 0x08, 0x08, 0x08, 0x08, 
0x08, 0x08, 0x08, 0x08, 0x08, 0x08, 0x08, 0x08, 0x08, 0x08, 0x08, 0x08, 0x08, 0x08, 0x08, 0x08, 
0x08, 0x08, 0x08, 0x08, 0x08, 0x08, 0x08, 0x08, 0x08, 0x08, 0x08, 0x08, 0x08, 0x08, 0x08, 0x08, 
0x08, 0x08, 0x08, 0x08, 0x08, 0x08, 0x08, 0x08, 0x08, 0x08, 0x08, 0x08, 0x08, 0x08, 0x08, 0x08, 
0x08, 0x08, 0x08, 0x08, 0x08, 0x08, 0x08, 0x08, 0x08, 0x08, 0x08, 0x08, 0x08, 0x08, 0x08, 0x08, 
0x08, 0x08, 0x08, 0x08, 0x08, 0x08, 0x08, 0x08, 0x08, 0x08, 0x08, 0x08, 0x08, 0x08, 0x08, 0x08, 
0x08, 0x08, 0x08, 0x08, 0x08, 0x08, 0x08, 0x08, 0x08, 0x08, 0x08, 0x08, 0x08, 0x08, 0x08, 0x08, 
0x08, 0x08, 0x08, 0x08, 0x08, 0x08, 0x08, 0x08, 0x08, 0x08, 0x08, 0x08, 0x08, 0x08, 0x08, 0x08, 
0x08, 0x08, 0x08, 0x08, 0x08, 0x08, 0x08, 0x08, 0x08, 0x08, 0x08, 0x08, 0x08, 0x08, 0x08, 0x08, 
0x08, 0x08, 0x08, 0x08, 0x08, 0x08, 0x08, 0x08, 0x08, 0x08, 0x08, 0x08, 0x08, 0x08, 0x08, 0x08, 
0x08, 0x08, 0x08, 0x08, 0x08, 0x08, 0x08, 0x08, 0x08, 0x08, 0x08, 0x08, 0x08, 0x08, 0x08, 0x08, 
0x08, 0x08, 0x08, 0x08, 0x08, 0x08, 0x08, 0x08, 0x08, 0x08, 0x08, 0x08, 0x08, 0x08, 0x08, 0x08, 
0x08, 0x08, 0x08, 0x08, 0x08, 0x08, 0x0D, 0x14, 0x20, 0x21, 0x1D, 0x14, 0x1F, 0x21, 0x13, 0x08, 
0x08, 0x08, 0x08, 0x08, 0x08, 0x08, 0x08, 0x08, 0x08, 0x08, 0x08, 0x08, 0x08, 0x08, 0x08, 0x08, 
0x08, 0x08, 0x08, 0x08, 0x08, 0x08, 0x08, 0x0B, 0x14, 0x1C, 0x14, 0x0D, 0x00, 0x00, 0x04, 0x08, 
0x08, 0x03, 0x00, 0x00, 0x00, 0x00, 0x02, 0x08, 0x08, 0x06, 0x00, 0x00, 0x03, 0x00, 0x00, 0x05, 
0x08, 0x08, 0x08, 0x08, 0x08, 0x08, 0x08, 0x08, 0x08, 0x08, 0x08, 0x08, 0x04, 0x00, 0x00, 0x04, 
0x08, 0x08, 0x08, 0x08, 0x08, 0x08, 0x08, 0x08, 0x08, 0x08, 0x08, 0x08, 0x08, 0x08, 0x08, 0x08, 
0x08, 0x08, 0x08, 0x08, 0x08, 0x08, 0x0B, 0x1D, 0x22, 0x14, 0x08, 0x08, 0x08, 0x08, 0x08, 0x08, 
0x0C, 0x13, 0x1E, 0x1E, 0x1F, 0x1D, 0x0E, 0x0C, 0x08, 0x08, 0x08, 0x08, 0x08, 0x08, 0x08, 0x08, 
0x08, 0x08, 0x08, 0x08, 0x08, 0x08, 0x08, 0x08, 0x08, 0x08, 0x08, 0x08, 0x08, 0x08, 0x08, 0x08, 
0x08, 0x08, 0x08, 0x08, 0x08, 0x08, 0x08, 0x08, 0x08, 0x08, 0x08, 0x08, 0x08, 0x08, 0x08, 0x08, 
0x08, 0x08, 0x08, 0x08, 0x08, 0x08, 0x08, 0x08, 0x08, 0x08, 0x08, 0x08, 0x08, 0x08, 0x08, 0x08, 
0x08, 0x08, 0x08, 0x08, 0x08, 0x08, 0x08, 0x08, 0x08, 0x08, 0x08, 0x08, 0x08, 0x08, 0x08, 0x08, 
0x08, 0x08, 0x08, 0x08, 0x08, 0x08, 0x08, 0x08, 0x08, 0x08, 0x08, 0x08, 0x08, 0x08, 0x08, 0x08, 
0x08, 0x08, 0x08, 0x08, 0x08, 0x08, 0x08, 0x08, 0x08, 0x08, 0x08, 0x08, 0x08, 0x08, 0x08, 0x08, 
0x08, 0x08, 0x08, 0x08, 0x08, 0x08, 0x08, 0x08, 0x08, 0x08, 0x08, 0x08, 0x08, 0x08, 0x08, 0x08, 
0x08, 0x08, 0x08, 0x08, 0x08, 0x08, 0x08, 0x08, 0x08, 0x08, 0x08, 0x08, 0x08, 0x08, 0x08, 0x08, 
0x08, 0x08, 0x08, 0x08, 0x08, 0x08, 0x08, 0x08, 0x08, 0x08, 0x08, 0x08, 0x08, 0x08, 0x08, 0x08, 
0x08, 0x08, 0x08, 0x08, 0x08, 0x08, 0x08, 0x08, 0x08, 0x08, 0x08, 0x08, 0x08, 0x08, 0x08, 0x08, 
0x08, 0x08, 0x08, 0x08, 0x08, 0x08, 0x08, 0x08, 0x08, 0x08, 0x08, 0x08, 0x08, 0x08, 0x08, 0x08, 
0x08, 0x08, 0x08, 0x08, 0x08, 0x08, 0x08, 0x08, 0x08, 0x08, 0x08, 0x08, 0x08, 0x08, 0x08, 0x08, 
0x08, 0x08, 0x08, 0x08, 0x0C, 0x0E, 0x1D, 0x22, 0x21, 0x1C, 0x0E, 0x0C, 0x1D, 0x21, 0x13, 0x08, 
0x08, 0x08, 0x08, 0x08, 0x08, 0x08, 0x08, 0x08, 0x08, 0x08, 0x08, 0x08, 0x08, 0x08, 0x08, 0x08, 
0x08, 0x08, 0x08, 0x08, 0x08, 0x08, 0x08, 0x06, 0x0D, 0x14, 0x0E, 0x00, 0x00, 0x02, 0x08, 0x08, 
0x08, 0x06, 0x02, 0x00, 0x00, 0x00, 0x05, 0x08, 0x08, 0x06, 0x00, 0x00, 0x05, 0x00, 0x00, 0x03, 
0x08, 0x08, 0x08, 0x08, 0x08, 0x08, 0x08, 0x08, 0x08, 0x08, 0x08, 0x08, 0x06, 0x00, 0x00, 0x00, 
0x06, 0x08, 0x08, 0x08, 0x08, 0x08, 0x08, 0x08, 0x08, 0x08, 0x08, 0x08, 0x08, 0x08, 0x08, 0x08, 
0x08, 0x08, 0x08, 0x08, 0x08, 0x08, 0x0B, 0x1D, 0x21, 0x14, 0x08, 0x08, 0x08, 0x08, 0x08, 0x08, 
0x08, 0x09, 0x0D, 0x14, 0x1E, 0x1F, 0x1F, 0x13, 0x08, 0x08, 0x08, 0x08, 0x08, 0x08, 0x08, 0x08, 
0x08, 0x08, 0x08, 0x08, 0x08, 0x08, 0x08, 0x08, 0x08, 0x08, 0x08, 0x08, 0x08, 0x08, 0x08, 0x08, 
0x08, 0x08, 0x08, 0x08, 0x08, 0x08, 0x08, 0x08, 0x08, 0x08, 0x08, 0x08, 0x08, 0x08, 0x08, 0x08, 
0x08, 0x08, 0x08, 0x08, 0x08, 0x08, 0x08, 0x08, 0x08, 0x08, 0x08, 0x08, 0x08, 0x08, 0x08, 0x08, 
0x08, 0x08, 0x08, 0x08, 0x08, 0x08, 0x08, 0x08, 0x08, 0x08, 0x08, 0x08, 0x08, 0x08, 0x08, 0x08, 
0x08, 0x08, 0x08, 0x08, 0x08, 0x08, 0x08, 0x08, 0x08, 0x08, 0x08, 0x08, 0x08, 0x08, 0x08, 0x08, 
0x08, 0x08, 0x08, 0x08, 0x08, 0x08, 0x08, 0x08, 0x08, 0x08, 0x08, 0x08, 0x08, 0x08, 0x08, 0x08, 
0x08, 0x08, 0x08, 0x08, 0x08, 0x08, 0x08, 0x08, 0x08, 0x08, 0x08, 0x08, 0x08, 0x08, 0x08, 0x08, 
0x08, 0x08, 0x08, 0x08, 0x08, 0x08, 0x08, 0x08, 0x08, 0x08, 0x08, 0x08, 0x08, 0x08, 0x08, 0x08, 
0x08, 0x08, 0x08, 0x08, 0x08, 0x08, 0x08, 0x08, 0x08, 0x08, 0x08, 0x08, 0x08, 0x08, 0x08, 0x08, 
0x08, 0x08, 0x08, 0x08, 0x08, 0x08, 0x08, 0x08, 0x08, 0x08, 0x08, 0x08, 0x08, 0x08, 0x08, 0x08, 
0x08, 0x08, 0x08, 0x08, 0x08, 0x08, 0x08, 0x08, 0x08, 0x08, 0x08, 0x08, 0x08, 0x08, 0x08, 0x08, 
0x08, 0x08, 0x08, 0x08, 0x08, 0x08, 0x08, 0x08, 0x08, 0x08, 0x08, 0x08, 0x08, 0x08, 0x08, 0x08, 
0x08, 0x08, 0x0C, 0x0E, 0x14, 0x1E, 0x1F, 0x1C, 0x0E, 0x0B, 0x08, 0x0C, 0x1D, 0x22, 0x13, 0x08, 
0x08, 0x08, 0x08, 0x08, 0x08, 0x08, 0x08, 0x08, 0x08, 0x08, 0x08, 0x08, 0x08, 0x08, 0x08, 0x08, 
0x08, 0x08, 0x08, 0x08, 0x08, 0x08, 0x08, 0x08, 0x08, 0x05, 0x00, 0x00, 0x00, 0x06, 0x08, 0x08, 
0x08, 0x08, 0x06, 0x03, 0x03, 0x05, 0x08, 0x08, 0x08, 0x04, 0x00, 0x00, 0x08, 0x03, 0x00, 0x00, 
0x06, 0x08, 0x08, 0x08, 0x08, 0x08, 0x08, 0x08, 0x08, 0x08, 0x08, 0x08, 0x08, 0x04, 0x00, 0x00, 
0x02, 0x08, 0x08, 0x08, 0x08, 0x08, 0x08, 0x08, 0x08, 0x08, 0x08, 0x08, 0x08, 0x08, 0x08, 0x08, 
0x08, 0x08, 0x08, 0x08, 0x08, 0x08, 0x0B, 0x1D, 0x22, 0x14, 0x08, 0x08, 0x08, 0x08, 0x08, 0x08, 
0x08, 0x08, 0x08, 0x0C, 0x0D, 0x14, 0x1D, 0x0D, 0x08, 0x08, 0x08, 0x08, 0x08, 0x08, 0x08, 0x08, 
0x08, 0x08, 0x08, 0x08, 0x08, 0x08, 0x08, 0x08, 0x08, 0x08, 0x08, 0x08, 0x08, 0x08, 0x08, 0x08, 
0x08, 0x08, 0x08, 0x08, 0x08, 0x08, 0x08, 0x08, 0x08, 0x08, 0x08, 0x08, 0x08, 0x08, 0x08, 0x08, 
0x08, 0x08, 0x08, 0x08, 0x08, 0x08, 0x08, 0x08, 0x08, 0x08, 0x08, 0x08, 0x08, 0x08, 0x08, 0x08, 
0x08, 0x08, 0x08, 0x08, 0x08, 0x08, 0x08, 0x08, 0x08, 0x08, 0x08, 0x08, 0x08, 0x08, 0x08, 0x08, 
0x08, 0x08, 0x08, 0x08, 0x08, 0x08, 0x08, 0x08, 0x08, 0x08, 0x08, 0x08, 0x08, 0x08, 0x08, 0x08, 
0x08, 0x08, 0x08, 0x08, 0x08, 0x08, 0x08, 0x08, 0x08, 0x08, 0x08, 0x08, 0x08, 0x08, 0x08, 0x08, 
0x08, 0x08, 0x08, 0x08, 0x08, 0x08, 0x08, 0x08, 0x08, 0x08, 0x08, 0x08, 0x08, 0x08, 0x08, 0x08, 
0x08, 0x08, 0x08, 0x08, 0x08, 0x08, 0x08, 0x08, 0x08, 0x08, 0x08, 0x08, 0x08, 0x08, 0x08, 0x08, 
0x08, 0x08, 0x08, 0x08, 0x08, 0x08, 0x08, 0x08, 0x08, 0x08, 0x08, 0x08, 0x08, 0x08, 0x08, 0x08, 
0x08, 0x08, 0x08, 0x08, 0x08, 0x08, 0x08, 0x08, 0x08, 0x08, 0x08, 0x08, 0x08, 0x08, 0x08, 0x08, 
0x08, 0x08, 0x08, 0x08, 0x08, 0x08, 0x08, 0x08, 0x08, 0x08, 0x08, 0x08, 0x08, 0x08, 0x08, 0x08, 
0x08, 0x08, 0x08, 0x08, 0x08, 0x08, 0x08, 0x08, 0x08, 0x08, 0x08, 0x08, 0x08, 0x08, 0x08, 0x08, 
0x0C, 0x0E, 0x14, 0x20, 0x21, 0x1D, 0x13, 0x0B, 0x08, 0x08, 0x08, 0x0C, 0x1D, 0x22, 0x13, 0x08, 
0x08, 0x08, 0x08, 0x08, 0x08, 0x08, 0x08, 0x08, 0x08, 0x08, 0x08, 0x08, 0x08, 0x08, 0x08, 0x08, 
0x08, 0x08, 0x08, 0x08, 0x08, 0x08, 0x08, 0x08, 0x08, 0x03, 0x00, 0x00, 0x04, 0x08, 0x08, 0x08, 
0x08, 0x08, 0x08, 0x08, 0x08, 0x08, 0x08, 0x08, 0x08, 0x02, 0x00, 0x04, 0x08, 0x05, 0x00, 0x00, 
0x04, 0x08, 0x08, 0x08, 0x08, 0x08, 0x08, 0x08, 0x08, 0x08, 0x08, 0x08, 0x08, 0x06, 0x00, 0x00, 
0x00, 0x06, 0x08, 0x08, 0x08, 0x08, 0x08, 0x08, 0x08, 0x08, 0x08, 0x08, 0x08, 0x08, 0x08, 0x08, 
0x08, 0x08, 0x08, 0x08, 0x08, 0x08, 0x0B, 0x1E, 0x21, 0x13, 0x08, 0x08, 0x08, 0x08, 0x08, 0x08, 
0x08, 0x08, 0x08, 0x08, 0x08, 0x0C, 0x0B, 0x09, 0x08, 0x08, 0x08, 0x08, 0x08, 0x08, 0x08, 0x08, 
0x08, 0x08, 0x08, 0x08, 0x08, 0x08, 0x08, 0x08, 0x08, 0x08, 0x08, 0x08, 0x08, 0x08, 0x08, 0x08, 
0x08, 0x08, 0x08, 0x08, 0x08, 0x08, 0x08, 0x08, 0x08, 0x08, 0x08, 0x08, 0x08, 0x08, 0x08, 0x08, 
0x08, 0x08, 0x08, 0x08, 0x08, 0x08, 0x08, 0x08, 0x08, 0x08, 0x08, 0x08, 0x08, 0x08, 0x08, 0x08, 
0x08, 0x08, 0x08, 0x08, 0x08, 0x08, 0x08, 0x08, 0x08, 0x08, 0x08, 0x08, 0x08, 0x08, 0x08, 0x08, 
0x08, 0x08, 0x08, 0x08, 0x08, 0x08, 0x08, 0x08, 0x08, 0x08, 0x08, 0x08, 0x08, 0x08, 0x08, 0x08, 
0x08, 0x08, 0x08, 0x08, 0x08, 0x08, 0x08, 0x08, 0x08, 0x08, 0x08, 0x08, 0x08, 0x08, 0x08, 0x08, 
0x08, 0x08, 0x08, 0x08, 0x08, 0x08, 0x08, 0x08, 0x08, 0x08, 0x08, 0x08, 0x08, 0x08, 0x08, 0x08, 
0x08, 0x08, 0x08, 0x08, 0x08, 0x08, 0x08, 0x08, 0x08, 0x08, 0x08, 0x08, 0x08, 0x08, 0x08, 0x08, 
0x08, 0x08, 0x08, 0x08, 0x08, 0x08, 0x08, 0x08, 0x08, 0x08, 0x08, 0x08, 0x08, 0x08, 0x08, 0x08, 
0x08, 0x08, 0x08, 0x08, 0x08, 0x08, 0x08, 0x08, 0x08, 0x08, 0x08, 0x08, 0x08, 0x08, 0x08, 0x08, 
0x08, 0x08, 0x08, 0x08, 0x08, 0x08, 0x08, 0x08, 0x08, 0x08, 0x08, 0x08, 0x08, 0x08, 0x08, 0x08, 
0x08, 0x08, 0x08, 0x08, 0x08, 0x08, 0x08, 0x08, 0x08, 0x08, 0x08, 0x08, 0x08, 0x08, 0x08, 0x0D, 
0x14, 0x1F, 0x21, 0x1D, 0x13, 0x0B, 0x08, 0x08, 0x08, 0x08, 0x08, 0x0C, 0x1D, 0x22, 0x13, 0x08, 
0x08, 0x08, 0x08, 0x08, 0x08, 0x08, 0x08, 0x08, 0x08, 0x08, 0x08, 0x08, 0x08, 0x08, 0x08, 0x08, 
0x08, 0x08, 0x08, 0x08, 0x08, 0x08, 0x08, 0x08, 0x06, 0x00, 0x00, 0x02, 0x08, 0x08, 0x08, 0x08, 
0x08, 0x08, 0x08, 0x08, 0x08, 0x08, 0x08, 0x08, 0x06, 0x00, 0x00, 0x05, 0x08, 0x06, 0x00, 0x00, 
0x04, 0x08, 0x08, 0x08, 0x08, 0x08, 0x08, 0x08, 0x08, 0x08, 0x08, 0x08, 0x08, 0x08, 0x02, 0x00, 
0x00, 0x04, 0x08, 0x08, 0x08, 0x08, 0x08, 0x08, 0x08, 0x08, 0x08, 0x08, 0x08, 0x08, 0x08, 0x08, 
0x08, 0x08, 0x08, 0x08, 0x08, 0x08, 0x0B, 0x1E, 0x21, 0x13, 0x08, 0x08, 0x08, 0x08, 0x08, 0x08, 
0x08, 0x08, 0x08, 0x08, 0x08, 0x08, 0x08, 0x08, 0x08, 0x08, 0x08, 0x08, 0x08, 0x08, 0x08, 0x08, 
0x08, 0x08, 0x08, 0x08, 0x08, 0x08, 0x08, 0x08, 0x08, 0x08, 0x08, 0x08, 0x08, 0x08, 0x08, 0x08, 
0x08, 0x08, 0x08, 0x08, 0x08, 0x08, 0x08, 0x08, 0x08, 0x08, 0x08, 0x08, 0x08, 0x08, 0x08, 0x08, 
0x08, 0x08, 0x08, 0x08, 0x08, 0x08, 0x08, 0x08, 0x08, 0x08, 0x08, 0x08, 0x08, 0x08, 0x08, 0x08, 
0x08, 0x08, 0x08, 0x08, 0x08, 0x08, 0x08, 0x08, 0x08, 0x08, 0x08, 0x08, 0x08, 0x08, 0x08, 0x08, 
0x08, 0x08, 0x08, 0x08, 0x08, 0x08, 0x08, 0x08, 0x08, 0x08, 0x08, 0x08, 0x08, 0x08, 0x08, 0x08, 
0x08, 0x08, 0x08, 0x08, 0x08, 0x08, 0x08, 0x08, 0x08, 0x08, 0x08, 0x08, 0x08, 0x08, 0x08, 0x08, 
0x08, 0x08, 0x08, 0x08, 0x08, 0x08, 0x08, 0x08, 0x08, 0x08, 0x08, 0x08, 0x08, 0x08, 0x08, 0x08, 
0x08, 0x08, 0x08, 0x08, 0x08, 0x08, 0x08, 0x08, 0x08, 0x08, 0x08, 0x08, 0x08, 0x08, 0x08, 0x08, 
0x08, 0x08, 0x08, 0x08, 0x08, 0x08, 0x08, 0x08, 0x08, 0x08, 0x08, 0x08, 0x08, 0x08, 0x08, 0x08, 
0x08, 0x08, 0x08, 0x08, 0x08, 0x08, 0x08, 0x08, 0x08, 0x08, 0x08, 0x08, 0x08, 0x08, 0x08, 0x08, 
0x08, 0x08, 0x08, 0x08, 0x08, 0x08, 0x08, 0x08, 0x08, 0x08, 0x08, 0x08, 0x08, 0x08, 0x08, 0x08, 
0x08, 0x08, 0x08, 0x08, 0x08, 0x08, 0x08, 0x08, 0x08, 0x08, 0x08, 0x08, 0x08, 0x08, 0x0E, 0x1C, 
0x1F, 0x1F, 0x14, 0x0D, 0x0C, 0x08, 0x08, 0x08, 0x08, 0x08, 0x08, 0x0C, 0x1D, 0x21, 0x13, 0x08, 
0x08, 0x08, 0x08, 0x08, 0x08, 0x08, 0x08, 0x08, 0x08, 0x08, 0x08, 0x08, 0x08, 0x08, 0x08, 0x08, 
0x08, 0x08, 0x08, 0x08, 0x08, 0x08, 0x08, 0x08, 0x04, 0x00, 0x00, 0x05, 0x08, 0x08, 0x08, 0x08, 
0x08, 0x08, 0x08, 0x08, 0x08, 0x08, 0x08, 0x08, 0x05, 0x00, 0x02, 0x06, 0x06, 0x03, 0x00, 0x00, 
0x05, 0x08, 0x08, 0x08, 0x08, 0x08, 0x08, 0x08, 0x08, 0x08, 0x08, 0x08, 0x08, 0x08, 0x04, 0x00, 
0x00, 0x03, 0x08, 0x08, 0x08, 0x08, 0x08, 0x08, 0x08, 0x08, 0x08, 0x08, 0x08, 0x08, 0x08, 0x08, 
0x08, 0x08, 0x08, 0x08, 0x08, 0x08, 0x0B, 0x1D, 0x21, 0x13, 0x08, 0x08, 0x08, 0x08, 0x08, 0x08, 
0x08, 0x08, 0x08, 0x08, 0x08, 0x08, 0x08, 0x08, 0x08, 0x08, 0x08, 0x08, 0x08, 0x08, 0x08, 0x08, 
0x08, 0x08, 0x08, 0x08, 0x08, 0x08, 0x08, 0x08, 0x08, 0x08, 0x08, 0x08, 0x08, 0x08, 0x08, 0x08, 
0x08, 0x08, 0x08, 0x08, 0x08, 0x08, 0x08, 0x08, 0x08, 0x08, 0x08, 0x08, 0x08, 0x08, 0x08, 0x08, 
0x08, 0x08, 0x08, 0x08, 0x08, 0x08, 0x08, 0x08, 0x08, 0x08, 0x08, 0x08, 0x08, 0x08, 0x08, 0x08, 
0x08, 0x08, 0x08, 0x08, 0x08, 0x08, 0x08, 0x08, 0x08, 0x08, 0x08, 0x08, 0x08, 0x08, 0x08, 0x08, 
0x08, 0x08, 0x08, 0x08, 0x08, 0x08, 0x08, 0x08, 0x08, 0x08, 0x08, 0x08, 0x08, 0x08, 0x08, 0x08, 
0x08, 0x08, 0x08, 0x08, 0x08, 0x08, 0x08, 0x08, 0x08, 0x08, 0x08, 0x08, 0x08, 0x08, 0x08, 0x08, 
0x08, 0x08, 0x08, 0x08, 0x08, 0x08, 0x08, 0x08, 0x08, 0x08, 0x08, 0x08, 0x08, 0x08, 0x08, 0x08, 
0x08, 0x08, 0x08, 0x08, 0x08, 0x08, 0x08, 0x08, 0x08, 0x08, 0x08, 0x08, 0x08, 0x08, 0x08, 0x08, 
0x08, 0x08, 0x08, 0x08, 0x08, 0x08, 0x08, 0x08, 0x08, 0x08, 0x08, 0x08, 0x08, 0x08, 0x08, 0x08, 
0x08, 0x08, 0x08, 0x08, 0x08, 0x08, 0x08, 0x08, 0x08, 0x08, 0x08, 0x08, 0x08, 0x08, 0x08, 0x08, 
0x08, 0x08, 0x08, 0x08, 0x08, 0x08, 0x08, 0x08, 0x08, 0x08, 0x08, 0x08, 0x08, 0x08, 0x08, 0x08, 
0x08, 0x08, 0x08, 0x08, 0x08, 0x08, 0x08, 0x08, 0x08, 0x08, 0x08, 0x08, 0x08, 0x08, 0x0D, 0x1D, 
0x1C, 0x0E, 0x0C, 0x08, 0x08, 0x08, 0x08, 0x08, 0x08, 0x08, 0x08, 0x0C, 0x1D, 0x22, 0x13, 0x08, 
0x08, 0x08, 0x08, 0x08, 0x08, 0x08, 0x08, 0x08, 0x08, 0x08, 0x08, 0x08, 0x08, 0x08, 0x08, 0x08, 
0x08, 0x08, 0x08, 0x08, 0x08, 0x08, 0x08, 0x05, 0x00, 0x00, 0x02, 0x08, 0x08, 0x08, 0x08, 0x08, 
0x08, 0x08, 0x08, 0x08, 0x08, 0x08, 0x08, 0x08, 0x02, 0x00, 0x05, 0x06, 0x00, 0x00, 0x00, 0x04, 
0x08, 0x08, 0x06, 0x03, 0x03, 0x04, 0x08, 0x08, 0x08, 0x08, 0x08, 0x08, 0x08, 0x08, 0x05, 0x00, 
0x00, 0x02, 0x08, 0x08, 0x08, 0x08, 0x08, 0x08, 0x08, 0x08, 0x08, 0x08, 0x08, 0x08, 0x08, 0x08, 
0x08, 0x08, 0x08, 0x08, 0x08, 0x08, 0x0B, 0x1D, 0x21, 0x13, 0x08, 0x08, 0x08, 0x08, 0x08, 0x08, 
0x08, 0x08, 0x08, 0x08, 0x08, 0x08, 0x08, 0x08, 0x08, 0x08, 0x08, 0x08, 0x08, 0x08, 0x08, 0x08, 
0x08, 0x08, 0x08, 0x08, 0x08, 0x08, 0x08, 0x08, 0x08, 0x08, 0x08, 0x08, 0x08, 0x08, 0x08, 0x08, 
0x08, 0x08, 0x08, 0x08, 0x08, 0x08, 0x08, 0x08, 0x08, 0x08, 0x08, 0x08, 0x08, 0x08, 0x08, 0x08, 
0x08, 0x08, 0x08, 0x08, 0x08, 0x08, 0x08, 0x08, 0x08, 0x08, 0x08, 0x08, 0x08, 0x08, 0x08, 0x08, 
0x08, 0x08, 0x08, 0x08, 0x08, 0x08, 0x08, 0x08, 0x08, 0x08, 0x08, 0x08, 0x08, 0x08, 0x08, 0x08, 
0x08, 0x08, 0x08, 0x08, 0x08, 0x08, 0x08, 0x08, 0x08, 0x08, 0x08, 0x08, 0x08, 0x08, 0x08, 0x08, 
0x08, 0x08, 0x08, 0x08, 0x08, 0x08, 0x08, 0x08, 0x08, 0x08, 0x08, 0x08, 0x08, 0x08, 0x08, 0x08, 
0x08, 0x08, 0x08, 0x08, 0x08, 0x08, 0x08, 0x08, 0x08, 0x08, 0x08, 0x08, 0x08, 0x08, 0x08, 0x08, 
0x08, 0x08, 0x08, 0x08, 0x08, 0x08, 0x08, 0x08, 0x08, 0x08, 0x08, 0x08, 0x08, 0x08, 0x08, 0x08, 
0x08, 0x08, 0x08, 0x08, 0x08, 0x08, 0x08, 0x08, 0x08, 0x08, 0x08, 0x08, 0x08, 0x08, 0x08, 0x08, 
0x08, 0x08, 0x08, 0x08, 0x08, 0x08, 0x08, 0x08, 0x08, 0x08, 0x08, 0x08, 0x08, 0x08, 0x08, 0x08, 
0x08, 0x08, 0x08, 0x08, 0x08, 0x08, 0x08, 0x08, 0x08, 0x08, 0x08, 0x08, 0x08, 0x08, 0x08, 0x08, 
0x08, 0x08, 0x08, 0x08, 0x08, 0x08, 0x08, 0x08, 0x08, 0x08, 0x08, 0x08, 0x08, 0x08, 0x08, 0x0D, 
0x0C, 0x08, 0x08, 0x08, 0x08, 0x08, 0x08, 0x08, 0x08, 0x08, 0x08, 0x0C, 0x1D, 0x1F, 0x13, 0x08, 
0x08, 0x08, 0x08, 0x08, 0x08, 0x08, 0x08, 0x08, 0x08, 0x08, 0x08, 0x08, 0x08, 0x08, 0x08, 0x08, 
0x08, 0x08, 0x08, 0x08, 0x08, 0x08, 0x06, 0x00, 0x00, 0x00, 0x05, 0x08, 0x08, 0x08, 0x08, 0x08, 
0x08, 0x08, 0x08, 0x08, 0x08, 0x08, 0x08, 0x04, 0x00, 0x02, 0x08, 0x05, 0x00, 0x00, 0x03, 0x08, 
0x08, 0x08, 0x04, 0x00, 0x00, 0x00, 0x03, 0x08, 0x08, 0x08, 0x08, 0x08, 0x08, 0x08, 0x06, 0x00, 
0x00, 0x00, 0x08, 0x08, 0x08, 0x08, 0x08, 0x08, 0x08, 0x08, 0x08, 0x08, 0x08, 0x08, 0x08, 0x08, 
0x08, 0x08, 0x08, 0x08, 0x08, 0x08, 0x0B, 0x1D, 0x22, 0x13, 0x08, 0x08, 0x08, 0x08, 0x08, 0x08, 
0x08, 0x08, 0x08, 0x08, 0x08, 0x08, 0x08, 0x08, 0x08, 0x08, 0x08, 0x08, 0x08, 0x08, 0x08, 0x08, 
0x08, 0x08, 0x08, 0x08, 0x08, 0x08, 0x08, 0x08, 0x08, 0x08, 0x08, 0x08, 0x08, 0x08, 0x08, 0x08, 
0x08, 0x08, 0x08, 0x08, 0x08, 0x08, 0x08, 0x08, 0x08, 0x08, 0x08, 0x08, 0x08, 0x08, 0x08, 0x08, 
0x08, 0x08, 0x08, 0x08, 0x08, 0x08, 0x08, 0x08, 0x08, 0x08, 0x08, 0x08, 0x08, 0x08, 0x08, 0x08, 
0x08, 0x08, 0x08, 0x08, 0x08, 0x08, 0x08, 0x08, 0x08, 0x08, 0x08, 0x08, 0x08, 0x08, 0x08, 0x08, 
0x08, 0x08, 0x08, 0x08, 0x08, 0x08, 0x08, 0x08, 0x08, 0x08, 0x08, 0x08, 0x08, 0x08, 0x08, 0x08, 
0x08, 0x08, 0x08, 0x08, 0x08, 0x08, 0x08, 0x08, 0x08, 0x08, 0x08, 0x08, 0x08, 0x08, 0x08, 0x08, 
0x08, 0x08, 0x08, 0x08, 0x08, 0x08, 0x08, 0x08, 0x08, 0x08, 0x08, 0x08, 0x08, 0x08, 0x08, 0x08, 
0x08, 0x08, 0x08, 0x08, 0x08, 0x08, 0x08, 0x08, 0x08, 0x08, 0x08, 0x08, 0x08, 0x08, 0x08, 0x08, 
0x08, 0x08, 0x08, 0x08, 0x08, 0x08, 0x08, 0x08, 0x08, 0x08, 0x08, 0x08, 0x08, 0x08, 0x08, 0x08, 
0x08, 0x08, 0x08, 0x08, 0x08, 0x08, 0x08, 0x08, 0x08, 0x08, 0x08, 0x08, 0x08, 0x08, 0x08, 0x08, 
0x08, 0x08, 0x08, 0x08, 0x08, 0x08, 0x08, 0x08, 0x08, 0x08, 0x08, 0x08, 0x08, 0x08, 0x08, 0x08, 
0x08, 0x08, 0x08, 0x08, 0x08, 0x08, 0x08, 0x08, 0x08, 0x08, 0x08, 0x08, 0x08, 0x08, 0x08, 0x08, 
0x08, 0x08, 0x08, 0x08, 0x08, 0x08, 0x08, 0x08, 0x08, 0x08, 0x08, 0x0C, 0x1D, 0x21, 0x13, 0x08, 
0x08, 0x08, 0x08, 0x08, 0x08, 0x08, 0x08, 0x08, 0x08, 0x08, 0x08, 0x08, 0x08, 0x08, 0x08, 0x08, 
0x08, 0x08, 0x08, 0x08, 0x08, 0x08, 0x04, 0x00, 0x00, 0x02, 0x08, 0x08, 0x08, 0x08, 0x08, 0x08, 
0x08, 0x08, 0x08, 0x08, 0x08, 0x08, 0x06, 0x00, 0x00, 0x04, 0x08, 0x05, 0x00, 0x03, 0x08, 0x08, 
0x08, 0x08, 0x06, 0x02, 0x00, 0x00, 0x00, 0x04, 0x08, 0x08, 0x08, 0x08, 0x08, 0x08, 0x06, 0x00, 
0x00, 0x00, 0x08, 0x08, 0x08, 0x08, 0x08, 0x08, 0x08, 0x08, 0x08, 0x08, 0x08, 0x08, 0x08, 0x08, 
0x08, 0x08, 0x08, 0x08, 0x08, 0x08, 0x0B, 0x1E, 0x1F, 0x13, 0x08, 0x08, 0x08, 0x08, 0x08, 0x08, 
0x08, 0x08, 0x08, 0x08, 0x08, 0x08, 0x08, 0x08, 0x08, 0x08, 0x08, 0x08, 0x08, 0x08, 0x08, 0x08, 
0x08, 0x08, 0x08, 0x08, 0x08, 0x08, 0x08, 0x08, 0x08, 0x08, 0x08, 0x08, 0x08, 0x08, 0x08, 0x08, 
0x08, 0x08, 0x08, 0x08, 0x08, 0x08, 0x08, 0x08, 0x08, 0x08, 0x08, 0x08, 0x08, 0x08, 0x08, 0x08, 
0x08, 0x08, 0x08, 0x08, 0x08, 0x08, 0x08, 0x08, 0x08, 0x08, 0x08, 0x08, 0x08, 0x08, 0x08, 0x08, 
0x08, 0x08, 0x08, 0x08, 0x08, 0x08, 0x08, 0x08, 0x08, 0x08, 0x08, 0x08, 0x08, 0x08, 0x08, 0x08, 
0x08, 0x08, 0x08, 0x08, 0x08, 0x08, 0x08, 0x08, 0x08, 0x08, 0x08, 0x08, 0x08, 0x08, 0x08, 0x08, 
0x08, 0x08, 0x08, 0x08, 0x08, 0x08, 0x08, 0x08, 0x08, 0x08, 0x08, 0x08, 0x08, 0x08, 0x08, 0x08, 
0x08, 0x08, 0x08, 0x08, 0x08, 0x08, 0x08, 0x08, 0x08, 0x08, 0x08, 0x08, 0x08, 0x08, 0x08, 0x08, 
0x08, 0x08, 0x08, 0x08, 0x08, 0x08, 0x08, 0x08, 0x08, 0x08, 0x08, 0x08, 0x08, 0x08, 0x08, 0x08, 
0x08, 0x08, 0x08, 0x08, 0x08, 0x08, 0x08, 0x08, 0x08, 0x08, 0x08, 0x08, 0x08, 0x08, 0x08, 0x08, 
0x08, 0x08, 0x08, 0x08, 0x08, 0x08, 0x08, 0x08, 0x08, 0x08, 0x08, 0x08, 0x08, 0x08, 0x08, 0x08, 
0x08, 0x08, 0x08, 0x08, 0x08, 0x08, 0x08, 0x08, 0x08, 0x08, 0x08, 0x08, 0x08, 0x08, 0x08, 0x08, 
0x08, 0x08, 0x08, 0x08, 0x08, 0x08, 0x08, 0x08, 0x08, 0x08, 0x08, 0x08, 0x08, 0x08, 0x08, 0x08, 
0x08, 0x08, 0x08, 0x08, 0x08, 0x08, 0x08, 0x08, 0x08, 0x08, 0x08, 0x0C, 0x1D, 0x22, 0x13, 0x08, 
0x08, 0x08, 0x08, 0x08, 0x08, 0x08, 0x08, 0x08, 0x08, 0x08, 0x08, 0x08, 0x08, 0x08, 0x08, 0x08, 
0x08, 0x08, 0x08, 0x08, 0x08, 0x08, 0x00, 0x00, 0x00, 0x04, 0x08, 0x08, 0x08, 0x08, 0x08, 0x08, 
0x08, 0x08, 0x08, 0x08, 0x08, 0x08, 0x05, 0x00, 0x00, 0x06, 0x08, 0x05, 0x04, 0x04, 0x05, 0x08, 
0x08, 0x08, 0x08, 0x08, 0x04, 0x00, 0x00, 0x00, 0x06, 0x08, 0x08, 0x08, 0x08, 0x08, 0x06, 0x00, 
0x00, 0x00, 0x08, 0x08, 0x08, 0x08, 0x08, 0x08, 0x08, 0x08, 0x08, 0x08, 0x08, 0x08, 0x08, 0x08, 
0x08, 0x08, 0x08, 0x08, 0x08, 0x08, 0x0B, 0x1E, 0x21, 0x13, 0x08, 0x08, 0x08, 0x08, 0x08, 0x08, 
0x08, 0x08, 0x08, 0x08, 0x08, 0x08, 0x08, 0x08, 0x08, 0x08, 0x08, 0x08, 0x08, 0x08, 0x08, 0x08, 
0x08, 0x08, 0x08, 0x08, 0x08, 0x08, 0x08, 0x08, 0x08, 0x08, 0x08, 0x08, 0x08, 0x08, 0x08, 0x08, 
0x08, 0x08, 0x08, 0x08, 0x08, 0x08, 0x08, 0x08, 0x08, 0x08, 0x08, 0x08, 0x08, 0x08, 0x08, 0x08, 
0x08, 0x08, 0x08, 0x08, 0x08, 0x08, 0x08, 0x08, 0x08, 0x08, 0x08, 0x08, 0x08, 0x08, 0x08, 0x08, 
0x08, 0x08, 0x08, 0x08, 0x08, 0x08, 0x08, 0x08, 0x08, 0x08, 0x08, 0x08, 0x08, 0x08, 0x08, 0x08, 
0x08, 0x08, 0x08, 0x08, 0x08, 0x08, 0x08, 0x08, 0x08, 0x08, 0x08, 0x08, 0x08, 0x08, 0x08, 0x08, 
0x08, 0x08, 0x08, 0x08, 0x08, 0x08, 0x08, 0x08, 0x08, 0x08, 0x08, 0x08, 0x08, 0x08, 0x08, 0x08, 
0x08, 0x08, 0x08, 0x08, 0x08, 0x08, 0x08, 0x08, 0x08, 0x08, 0x08, 0x08, 0x08, 0x08, 0x08, 0x08, 
0x08, 0x08, 0x08, 0x08, 0x08, 0x08, 0x08, 0x08, 0x08, 0x08, 0x08, 0x08, 0x08, 0x08, 0x08, 0x08, 
0x08, 0x08, 0x08, 0x08, 0x08, 0x08, 0x08, 0x08, 0x08, 0x08, 0x08, 0x08, 0x08, 0x08, 0x08, 0x08, 
0x08, 0x08, 0x08, 0x08, 0x08, 0x08, 0x08, 0x08, 0x08, 0x08, 0x08, 0x08, 0x08, 0x08, 0x08, 0x08, 
0x08, 0x08, 0x08, 0x08, 0x08, 0x08, 0x08, 0x08, 0x08, 0x08, 0x08, 0x08, 0x08, 0x08, 0x08, 0x08, 
0x08, 0x08, 0x08, 0x08, 0x08, 0x08, 0x08, 0x08, 0x08, 0x08, 0x08, 0x08, 0x08, 0x08, 0x08, 0x08, 
0x08, 0x08, 0x08, 0x08, 0x08, 0x08, 0x08, 0x08, 0x08, 0x08, 0x08, 0x0C, 0x1D, 0x22, 0x13, 0x08, 
0x08, 0x08, 0x08, 0x08, 0x08, 0x08, 0x08, 0x08, 0x08, 0x08, 0x08, 0x08, 0x08, 0x08, 0x08, 0x08, 
0x08, 0x08, 0x08, 0x08, 0x08, 0x05, 0x00, 0x00, 0x00, 0x06, 0x08, 0x08, 0x08, 0x08, 0x08, 0x08, 
0x08, 0x08, 0x08, 0x08, 0x08, 0x08, 0x05, 0x00, 0x00, 0x08, 0x08, 0x05, 0x00, 0x00, 0x00, 0x06, 
0x08, 0x08, 0x08, 0x08, 0x08, 0x05, 0x00, 0x00, 0x04, 0x08, 0x08, 0x08, 0x08, 0x08, 0x05, 0x00, 
0x00, 0x00, 0x08, 0x08, 0x08, 0x08, 0x08, 0x08, 0x08, 0x08, 0x08, 0x08, 0x08, 0x08, 0x08, 0x08, 
0x08, 0x08, 0x08, 0x08, 0x08, 0x08, 0x0B, 0x1E, 0x21, 0x13, 0x08, 0x08, 0x08, 0x08, 0x08, 0x08, 
0x08, 0x08, 0x08, 0x08, 0x08, 0x08, 0x08, 0x08, 0x08, 0x08, 0x08, 0x08, 0x08, 0x08, 0x08, 0x08, 
0x08, 0x08, 0x08, 0x08, 0x08, 0x08, 0x08, 0x08, 0x08, 0x08, 0x08, 0x08, 0x08, 0x08, 0x08, 0x08, 
0x08, 0x08, 0x08, 0x08, 0x08, 0x08, 0x08, 0x08, 0x08, 0x08, 0x08, 0x08, 0x08, 0x08, 0x08, 0x08, 
0x08, 0x08, 0x08, 0x08, 0x08, 0x08, 0x08, 0x08, 0x08, 0x08, 0x08, 0x08, 0x08, 0x08, 0x08, 0x08, 
0x08, 0x08, 0x08, 0x08, 0x08, 0x08, 0x08, 0x08, 0x08, 0x08, 0x08, 0x08, 0x08, 0x08, 0x08, 0x08, 
0x08, 0x08, 0x08, 0x08, 0x08, 0x08, 0x08, 0x08, 0x08, 0x08, 0x08, 0x08, 0x08, 0x08, 0x08, 0x08, 
0x08, 0x08, 0x08, 0x08, 0x08, 0x08, 0x08, 0x08, 0x08, 0x08, 0x08, 0x08, 0x08, 0x08, 0x08, 0x08, 
0x08, 0x08, 0x08, 0x08, 0x08, 0x08, 0x08, 0x08, 0x08, 0x08, 0x08, 0x08, 0x08, 0x08, 0x08, 0x08, 
0x08, 0x08, 0x08, 0x08, 0x08, 0x08, 0x08, 0x08, 0x08, 0x08, 0x08, 0x08, 0x08, 0x08, 0x08, 0x08, 
0x08, 0x08, 0x08, 0x08, 0x08, 0x08, 0x08, 0x08, 0x08, 0x08, 0x08, 0x08, 0x08, 0x08, 0x08, 0x08, 
0x08, 0x08, 0x08, 0x08, 0x08, 0x08, 0x08, 0x08, 0x08, 0x08, 0x08, 0x08, 0x08, 0x08, 0x08, 0x08, 
0x08, 0x08, 0x08, 0x08, 0x08, 0x08, 0x08, 0x08, 0x08, 0x08, 0x08, 0x08, 0x08, 0x08, 0x08, 0x08, 
0x08, 0x08, 0x08, 0x08, 0x08, 0x08, 0x08, 0x08, 0x08, 0x08, 0x08, 0x08, 0x08, 0x08, 0x08, 0x08, 
0x08, 0x08, 0x08, 0x08, 0x08, 0x08, 0x08, 0x08, 0x08, 0x08, 0x08, 0x0C, 0x1E, 0x23, 0x13, 0x08, 
0x08, 0x08, 0x08, 0x08, 0x08, 0x08, 0x08, 0x08, 0x08, 0x08, 0x08, 0x08, 0x08, 0x08, 0x08, 0x08, 
0x08, 0x08, 0x08, 0x08, 0x08, 0x03, 0x00, 0x00, 0x04, 0x08, 0x08, 0x08, 0x08, 0x08, 0x08, 0x08, 
0x08, 0x08, 0x08, 0x08, 0x08, 0x08, 0x06, 0x00, 0x00, 0x04, 0x08, 0x04, 0x00, 0x00, 0x00, 0x06, 
0x08, 0x08, 0x08, 0x08, 0x08, 0x06, 0x00, 0x00, 0x05, 0x08, 0x08, 0x08, 0x08, 0x08, 0x04, 0x00, 
0x00, 0x02, 0x08, 0x08, 0x08, 0x08, 0x08, 0x08, 0x08, 0x08, 0x08, 0x08, 0x08, 0x08, 0x08, 0x08, 
0x08, 0x08, 0x08, 0x08, 0x08, 0x08, 0x0B, 0x1E, 0x1F, 0x0E, 0x08, 0x08, 0x08, 0x08, 0x08, 0x08, 
0x08, 0x08, 0x08, 0x08, 0x08, 0x08, 0x08, 0x08, 0x08, 0x08, 0x08, 0x08, 0x08, 0x08, 0x08, 0x08, 
0x08, 0x08, 0x08, 0x08, 0x08, 0x08, 0x08, 0x08, 0x08, 0x08, 0x08, 0x08, 0x08, 0x08, 0x08, 0x08, 
0x08, 0x08, 0x08, 0x08, 0x08, 0x08, 0x08, 0x08, 0x08, 0x08, 0x08, 0x08, 0x08, 0x08, 0x08, 0x08, 
0x08, 0x08, 0x08, 0x08, 0x08, 0x08, 0x08, 0x08, 0x08, 0x08, 0x08, 0x08, 0x08, 0x08, 0x08, 0x08, 
0x08, 0x08, 0x08, 0x08, 0x08, 0x08, 0x08, 0x08, 0x08, 0x08, 0x08, 0x08, 0x08, 0x08, 0x08, 0x08, 
0x08, 0x08, 0x08, 0x08, 0x08, 0x08, 0x08, 0x08, 0x08, 0x08, 0x08, 0x08, 0x08, 0x08, 0x08, 0x08, 
0x08, 0x08, 0x08, 0x08, 0x08, 0x08, 0x08, 0x08, 0x08, 0x08, 0x08, 0x08, 0x08, 0x08, 0x08, 0x08, 
0x08, 0x08, 0x08, 0x08, 0x08, 0x08, 0x08, 0x08, 0x08, 0x08, 0x08, 0x08, 0x08, 0x08, 0x08, 0x08, 
0x08, 0x08, 0x08, 0x08, 0x08, 0x08, 0x08, 0x08, 0x08, 0x08, 0x08, 0x08, 0x08, 0x08, 0x08, 0x08, 
0x08, 0x08, 0x08, 0x08, 0x08, 0x08, 0x08, 0x08, 0x08, 0x08, 0x08, 0x08, 0x08, 0x08, 0x08, 0x08, 
0x08, 0x08, 0x08, 0x08, 0x08, 0x08, 0x08, 0x08, 0x08, 0x08, 0x08, 0x08, 0x08, 0x08, 0x08, 0x08, 
0x08, 0x08, 0x08, 0x08, 0x08, 0x08, 0x08, 0x08, 0x08, 0x08, 0x08, 0x08, 0x08, 0x08, 0x08, 0x08, 
0x08, 0x08, 0x08, 0x08, 0x08, 0x08, 0x08, 0x08, 0x08, 0x08, 0x08, 0x08, 0x08, 0x08, 0x08, 0x08, 
0x08, 0x08, 0x08, 0x08, 0x08, 0x08, 0x08, 0x08, 0x08, 0x08, 0x08, 0x0B, 0x1E, 0x23, 0x13, 0x08, 
0x08, 0x08, 0x08, 0x08, 0x08, 0x08, 0x08, 0x08, 0x08, 0x08, 0x08, 0x08, 0x08, 0x08, 0x08, 0x08, 
0x08, 0x08, 0x08, 0x08, 0x08, 0x02, 0x00, 0x00, 0x06, 0x08, 0x08, 0x08, 0x08, 0x08, 0x08, 0x08, 
0x08, 0x08, 0x05, 0x05, 0x08, 0x08, 0x08, 0x03, 0x00, 0x00, 0x04, 0x02, 0x00, 0x03, 0x05, 0x08, 
0x08, 0x08, 0x08, 0x08, 0x08, 0x03, 0x00, 0x00, 0x05, 0x08, 0x08, 0x08, 0x08, 0x08, 0x03, 0x00, 
0x00, 0x04, 0x08, 0x08, 0x08, 0x08, 0x08, 0x08, 0x08, 0x08, 0x08, 0x08, 0x08, 0x08, 0x08, 0x08, 
0x08, 0x08, 0x08, 0x08, 0x08, 0x08, 0x0B, 0x1E, 0x1F, 0x0E, 0x08, 0x08, 0x08, 0x08, 0x08, 0x08, 
0x08, 0x08, 0x08, 0x08, 0x08, 0x08, 0x08, 0x08, 0x08, 0x08, 0x08, 0x08, 0x08, 0x08, 0x08, 0x08, 
0x08, 0x08, 0x08, 0x08, 0x08, 0x08, 0x08, 0x08, 0x08, 0x08, 0x08, 0x08, 0x08, 0x08, 0x08, 0x08, 
0x08, 0x08, 0x08, 0x08, 0x08, 0x08, 0x08, 0x08, 0x08, 0x08, 0x08, 0x08, 0x08, 0x08, 0x08, 0x08, 
0x08, 0x08, 0x08, 0x08, 0x08, 0x08, 0x08, 0x08, 0x08, 0x08, 0x08, 0x08, 0x08, 0x08, 0x08, 0x08, 
0x08, 0x08, 0x08, 0x08, 0x08, 0x08, 0x08, 0x08, 0x08, 0x08, 0x08, 0x08, 0x08, 0x08, 0x08, 0x08, 
0x08, 0x08, 0x08, 0x08, 0x08, 0x08, 0x08, 0x08, 0x08, 0x08, 0x08, 0x08, 0x08, 0x08, 0x08, 0x08, 
0x08, 0x08, 0x08, 0x08, 0x08, 0x08, 0x08, 0x08, 0x08, 0x08, 0x08, 0x08, 0x08, 0x08, 0x08, 0x08, 
0x08, 0x08, 0x08, 0x08, 0x08, 0x08, 0x08, 0x08, 0x08, 0x08, 0x08, 0x08, 0x08, 0x08, 0x08, 0x08, 
0x08, 0x08, 0x08, 0x08, 0x08, 0x08, 0x08, 0x08, 0x08, 0x08, 0x08, 0x08, 0x08, 0x08, 0x08, 0x08, 
0x08, 0x08, 0x08, 0x08, 0x08, 0x08, 0x08, 0x08, 0x08, 0x08, 0x08, 0x08, 0x08, 0x08, 0x08, 0x08, 
0x08, 0x08, 0x08, 0x08, 0x08, 0x08, 0x08, 0x08, 0x08, 0x08, 0x08, 0x08, 0x08, 0x08, 0x08, 0x08, 
0x08, 0x08, 0x08, 0x08, 0x08, 0x08, 0x08, 0x08, 0x08, 0x08, 0x08, 0x08, 0x08, 0x08, 0x08, 0x08, 
0x08, 0x08, 0x08, 0x08, 0x08, 0x08, 0x08, 0x08, 0x08, 0x08, 0x08, 0x08, 0x08, 0x08, 0x08, 0x08, 
0x08, 0x08, 0x08, 0x08, 0x08, 0x08, 0x08, 0x08, 0x08, 0x08, 0x08, 0x0B, 0x1E, 0x21, 0x13, 0x08, 
0x08, 0x08, 0x08, 0x08, 0x08, 0x08, 0x08, 0x08, 0x08, 0x08, 0x08, 0x08, 0x08, 0x08, 0x08, 0x08, 
0x08, 0x08, 0x08, 0x08, 0x08, 0x00, 0x00, 0x02, 0x08, 0x08, 0x08, 0x08, 0x08, 0x08, 0x08, 0x08, 
0x06, 0x02, 0x00, 0x00, 0x06, 0x08, 0x08, 0x08, 0x04, 0x00, 0x00, 0x00, 0x00, 0x08, 0x08, 0x08, 
0x08, 0x08, 0x08, 0x08, 0x05, 0x00, 0x00, 0x00, 0x06, 0x08, 0x08, 0x08, 0x08, 0x08, 0x00, 0x00, 
0x00, 0x06, 0x08, 0x08, 0x08, 0x08, 0x08, 0x08, 0x08, 0x08, 0x08, 0x08, 0x08, 0x08, 0x08, 0x08, 
0x08, 0x08, 0x08, 0x08, 0x08, 0x08, 0x0D, 0x1E, 0x1F, 0x0E, 0x08, 0x08, 0x08, 0x08, 0x08, 0x08, 
0x08, 0x08, 0x08, 0x08, 0x08, 0x08, 0x08, 0x08, 0x08, 0x08, 0x08, 0x08, 0x08, 0x08, 0x08, 0x08, 
0x08, 0x08, 0x08, 0x08, 0x08, 0x08, 0x08, 0x08, 0x08, 0x08, 0x08, 0x08, 0x08, 0x08, 0x08, 0x08, 
0x08, 0x08, 0x08, 0x08, 0x08, 0x08, 0x08, 0x08, 0x08, 0x08, 0x08, 0x08, 0x08, 0x08, 0x08, 0x08, 
0x08, 0x08, 0x08, 0x08, 0x08, 0x08, 0x08, 0x08, 0x08, 0x08, 0x08, 0x08, 0x08, 0x08, 0x08, 0x08, 
0x08, 0x08, 0x08, 0x08, 0x08, 0x08, 0x08, 0x08, 0x08, 0x08, 0x08, 0x08, 0x08, 0x08, 0x08, 0x08, 
0x08, 0x08, 0x08, 0x08, 0x08, 0x08, 0x08, 0x08, 0x08, 0x08, 0x08, 0x08, 0x08, 0x08, 0x08, 0x08, 
0x08, 0x08, 0x08, 0x08, 0x08, 0x08, 0x08, 0x08, 0x08, 0x08, 0x08, 0x08, 0x08, 0x08, 0x08, 0x08, 
0x08, 0x08, 0x08, 0x08, 0x08, 0x08, 0x08, 0x08, 0x08, 0x08, 0x08, 0x08, 0x08, 0x08, 0x08, 0x08, 
0x08, 0x08, 0x08, 0x08, 0x08, 0x08, 0x08, 0x08, 0x08, 0x08, 0x08, 0x08, 0x08, 0x08, 0x08, 0x08, 
0x08, 0x08, 0x08, 0x08, 0x08, 0x08, 0x08, 0x08, 0x08, 0x08, 0x08, 0x08, 0x08, 0x08, 0x08, 0x08, 
0x08, 0x08, 0x08, 0x08, 0x08, 0x08, 0x08, 0x08, 0x08, 0x08, 0x08, 0x08, 0x08, 0x08, 0x08, 0x08, 
0x08, 0x08, 0x08, 0x08, 0x08, 0x08, 0x08, 0x08, 0x08, 0x08, 0x08, 0x08, 0x08, 0x08, 0x08, 0x08, 
0x08, 0x08, 0x08, 0x08, 0x08, 0x08, 0x08, 0x08, 0x08, 0x08, 0x08, 0x08, 0x08, 0x08, 0x08, 0x08, 
0x08, 0x08, 0x08, 0x08, 0x08, 0x08, 0x08, 0x08, 0x08, 0x08, 0x08, 0x0B, 0x1E, 0x22, 0x13, 0x08, 
0x08, 0x08, 0x08, 0x08, 0x08, 0x08, 0x08, 0x08, 0x08, 0x08, 0x08, 0x08, 0x08, 0x08, 0x08, 0x08, 
0x08, 0x08, 0x08, 0x08, 0x08, 0x00, 0x00, 0x02, 0x08, 0x08, 0x08, 0x08, 0x08, 0x08, 0x08, 0x05, 
0x00, 0x00, 0x00, 0x02, 0x06, 0x08, 0x08, 0x08, 0x08, 0x06, 0x04, 0x02, 0x00, 0x08, 0x08, 0x08, 
0x08, 0x08, 0x08, 0x08, 0x02, 0x00, 0x00, 0x02, 0x08, 0x08, 0x08, 0x08, 0x08, 0x05, 0x00, 0x00, 
0x02, 0x08, 0x08, 0x08, 0x08, 0x08, 0x08, 0x08, 0x08, 0x08, 0x08, 0x08, 0x08, 0x08, 0x08, 0x08, 
0x08, 0x08, 0x08, 0x08, 0x08, 0x08, 0x0D, 0x1E, 0x1F, 0x0E, 0x08, 0x08, 0x08, 0x08, 0x08, 0x08, 
0x08, 0x08, 0x08, 0x08, 0x08, 0x08, 0x08, 0x08, 0x08, 0x08, 0x08, 0x08, 0x08, 0x08, 0x08, 0x08, 
0x08, 0x08, 0x08, 0x08, 0x08, 0x08, 0x08, 0x08, 0x08, 0x08, 0x08, 0x08, 0x08, 0x08, 0x08, 0x08, 
0x08, 0x08, 0x08, 0x08, 0x08, 0x08, 0x08, 0x08, 0x08, 0x08, 0x08, 0x08, 0x08, 0x08, 0x08, 0x08, 
0x08, 0x08, 0x08, 0x08, 0x08, 0x08, 0x08, 0x08, 0x08, 0x08, 0x08, 0x08, 0x08, 0x08, 0x08, 0x08, 
0x08, 0x08, 0x08, 0x08, 0x08, 0x08, 0x08, 0x08, 0x08, 0x08, 0x08, 0x08, 0x08, 0x08, 0x08, 0x08, 
0x08, 0x08, 0x08, 0x08, 0x08, 0x08, 0x08, 0x08, 0x08, 0x08, 0x08, 0x08, 0x08, 0x08, 0x08, 0x08, 
0x08, 0x08, 0x08, 0x08, 0x08, 0x08, 0x08, 0x08, 0x08, 0x08, 0x08, 0x08, 0x08, 0x08, 0x08, 0x08, 
0x08, 0x08, 0x08, 0x08, 0x08, 0x08, 0x08, 0x08, 0x08, 0x08, 0x08, 0x08, 0x08, 0x08, 0x08, 0x08, 
0x08, 0x08, 0x08, 0x08, 0x08, 0x08, 0x08, 0x08, 0x08, 0x08, 0x08, 0x08, 0x08, 0x08, 0x08, 0x08, 
0x08, 0x08, 0x08, 0x08, 0x08, 0x08, 0x08, 0x08, 0x08, 0x08, 0x08, 0x08, 0x08, 0x08, 0x08, 0x08, 
0x08, 0x08, 0x08, 0x08, 0x08, 0x08, 0x08, 0x08, 0x08, 0x08, 0x08, 0x08, 0x08, 0x08, 0x08, 0x08, 
0x08, 0x08, 0x08, 0x08, 0x08, 0x08, 0x08, 0x08, 0x08, 0x08, 0x08, 0x08, 0x08, 0x08, 0x08, 0x08, 
0x08, 0x08, 0x08, 0x08, 0x08, 0x08, 0x08, 0x08, 0x08, 0x08, 0x08, 0x08, 0x08, 0x08, 0x08, 0x08, 
0x08, 0x08, 0x08, 0x08, 0x08, 0x08, 0x08, 0x08, 0x08, 0x08, 0x08, 0x0B, 0x1E, 0x21, 0x13, 0x08, 
0x08, 0x08, 0x08, 0x08, 0x08, 0x08, 0x08, 0x08, 0x08, 0x08, 0x08, 0x08, 0x08, 0x08, 0x08, 0x08, 
0x08, 0x08, 0x08, 0x08, 0x08, 0x00, 0x00, 0x02, 0x08, 0x08, 0x08, 0x08, 0x08, 0x08, 0x08, 0x00, 
0x00, 0x03, 0x06, 0x08, 0x08, 0x08, 0x08, 0x08, 0x08, 0x08, 0x08, 0x08, 0x00, 0x08, 0x08, 0x08, 
0x08, 0x08, 0x08, 0x03, 0x00, 0x00, 0x00, 0x04, 0x08, 0x08, 0x08, 0x08, 0x06, 0x02, 0x00, 0x00, 
0x04, 0x08, 0x08, 0x08, 0x08, 0x08, 0x08, 0x08, 0x08, 0x08, 0x08, 0x08, 0x08, 0x08, 0x08, 0x08, 
0x08, 0x08, 0x08, 0x08, 0x08, 0x08, 0x0B, 0x0D, 0x0E, 0x0B, 0x08, 0x08, 0x08, 0x08, 0x08, 0x08, 
0x08, 0x08, 0x08, 0x08, 0x08, 0x08, 0x08, 0x08, 0x08, 0x08, 0x08, 0x08, 0x08, 0x08, 0x08, 0x08, 
0x08, 0x08, 0x08, 0x08, 0x08, 0x08, 0x08, 0x08, 0x08, 0x08, 0x08, 0x08, 0x08, 0x08, 0x08, 0x08, 
0x08, 0x08, 0x08, 0x08, 0x08, 0x08, 0x08, 0x08, 0x08, 0x08, 0x08, 0x08, 0x08, 0x08, 0x08, 0x08, 
0x08, 0x08, 0x08, 0x08, 0x08, 0x08, 0x08, 0x08, 0x08, 0x08, 0x08, 0x08, 0x08, 0x08, 0x08, 0x08, 
0x08, 0x08, 0x08, 0x08, 0x08, 0x08, 0x08, 0x08, 0x08, 0x08, 0x08, 0x08, 0x08, 0x08, 0x08, 0x08, 
0x08, 0x08, 0x08, 0x08, 0x08, 0x08, 0x08, 0x08, 0x08, 0x08, 0x08, 0x08, 0x08, 0x08, 0x08, 0x08, 
0x08, 0x08, 0x08, 0x08, 0x08, 0x08, 0x08, 0x08, 0x08, 0x08, 0x08, 0x08, 0x08, 0x08, 0x08, 0x08, 
0x08, 0x08, 0x08, 0x08, 0x08, 0x08, 0x08, 0x08, 0x08, 0x08, 0x08, 0x08, 0x08, 0x08, 0x08, 0x08, 
0x08, 0x08, 0x08, 0x08, 0x08, 0x08, 0x08, 0x08, 0x08, 0x08, 0x08, 0x08, 0x08, 0x08, 0x08, 0x08, 
0x08, 0x08, 0x08, 0x08, 0x08, 0x08, 0x08, 0x08, 0x08, 0x08, 0x08, 0x08, 0x08, 0x08, 0x08, 0x08, 
0x08, 0x08, 0x08, 0x08, 0x08, 0x08, 0x08, 0x08, 0x08, 0x08, 0x08, 0x08, 0x08, 0x08, 0x08, 0x08, 
0x08, 0x08, 0x08, 0x08, 0x08, 0x08, 0x08, 0x08, 0x08, 0x08, 0x08, 0x08, 0x08, 0x08, 0x08, 0x08, 
0x08, 0x08, 0x08, 0x08, 0x08, 0x08, 0x08, 0x08, 0x08, 0x08, 0x08, 0x08, 0x08, 0x08, 0x08, 0x08, 
0x08, 0x08, 0x08, 0x08, 0x08, 0x08, 0x08, 0x08, 0x08, 0x08, 0x08, 0x0B, 0x1D, 0x20, 0x13, 0x08, 
0x08, 0x08, 0x08, 0x08, 0x08, 0x08, 0x08, 0x08, 0x08, 0x08, 0x08, 0x08, 0x08, 0x08, 0x08, 0x08, 
0x08, 0x08, 0x08, 0x08, 0x08, 0x02, 0x00, 0x02, 0x08, 0x08, 0x08, 0x08, 0x08, 0x08, 0x06, 0x00, 
0x00, 0x06, 0x08, 0x08, 0x08, 0x08, 0x08, 0x05, 0x02, 0x03, 0x05, 0x04, 0x00, 0x08, 0x08, 0x08, 
0x08, 0x08, 0x03, 0x00, 0x00, 0x00, 0x03, 0x08, 0x08, 0x08, 0x08, 0x08, 0x03, 0x00, 0x00, 0x02, 
0x06, 0x08, 0x08, 0x08, 0x08, 0x08, 0x08, 0x08, 0x08, 0x08, 0x08, 0x08, 0x08, 0x08, 0x08, 0x08, 
0x08, 0x08, 0x08, 0x08, 0x08, 0x08, 0x08, 0x08, 0x08, 0x08, 0x08, 0x08, 0x08, 0x08, 0x08, 0x08, 
0x08, 0x08, 0x08, 0x08, 0x08, 0x08, 0x08, 0x08, 0x08, 0x08, 0x08, 0x08, 0x08, 0x08, 0x08, 0x08, 
0x08, 0x08, 0x08, 0x08, 0x08, 0x08, 0x08, 0x08, 0x08, 0x08, 0x08, 0x08, 0x08, 0x08, 0x08, 0x08, 
0x08, 0x08, 0x08, 0x08, 0x08, 0x08, 0x08, 0x08, 0x08, 0x08, 0x08, 0x08, 0x08, 0x08, 0x08, 0x08, 
0x08, 0x08, 0x08, 0x08, 0x08, 0x08, 0x08, 0x08, 0x08, 0x08, 0x08, 0x08, 0x08, 0x08, 0x08, 0x08, 
0x08, 0x08, 0x08, 0x08, 0x08, 0x08, 0x08, 0x08, 0x08, 0x08, 0x08, 0x08, 0x08, 0x08, 0x08, 0x08, 
0x08, 0x08, 0x08, 0x08, 0x08, 0x08, 0x08, 0x08, 0x08, 0x08, 0x08, 0x08, 0x08, 0x08, 0x08, 0x08, 
0x08, 0x08, 0x08, 0x08, 0x08, 0x08, 0x08, 0x08, 0x08, 0x08, 0x08, 0x08, 0x08, 0x08, 0x08, 0x08, 
0x08, 0x08, 0x08, 0x08, 0x08, 0x08, 0x08, 0x08, 0x08, 0x08, 0x08, 0x08, 0x08, 0x08, 0x08, 0x08, 
0x08, 0x08, 0x08, 0x08, 0x08, 0x08, 0x08, 0x08, 0x08, 0x08, 0x08, 0x08, 0x08, 0x08, 0x08, 0x08, 
0x08, 0x08, 0x08, 0x08, 0x08, 0x08, 0x08, 0x08, 0x08, 0x08, 0x08, 0x08, 0x08, 0x08, 0x08, 0x08, 
0x08, 0x08, 0x08, 0x08, 0x08, 0x08, 0x08, 0x08, 0x08, 0x08, 0x08, 0x08, 0x08, 0x08, 0x08, 0x08, 
0x08, 0x08, 0x08, 0x08, 0x08, 0x08, 0x08, 0x08, 0x08, 0x08, 0x08, 0x08, 0x08, 0x08, 0x08, 0x08, 
0x08, 0x08, 0x08, 0x08, 0x08, 0x08, 0x08, 0x08, 0x08, 0x08, 0x08, 0x08, 0x08, 0x08, 0x08, 0x08, 
0x08, 0x08, 0x08, 0x08, 0x08, 0x08, 0x08, 0x08, 0x08, 0x08, 0x08, 0x0B, 0x1D, 0x1F, 0x13, 0x08, 
0x08, 0x08, 0x08, 0x08, 0x08, 0x08, 0x08, 0x08, 0x08, 0x08, 0x08, 0x08, 0x08, 0x08, 0x08, 0x08, 
0x08, 0x08, 0x08, 0x08, 0x08, 0x03, 0x00, 0x00, 0x05, 0x08, 0x08, 0x08, 0x08, 0x08, 0x05, 0x00, 
0x02, 0x08, 0x08, 0x08, 0x08, 0x08, 0x08, 0x04, 0x00, 0x00, 0x00, 0x00, 0x00, 0x05, 0x08, 0x08, 
0x06, 0x03, 0x00, 0x00, 0x00, 0x03, 0x08, 0x08, 0x08, 0x08, 0x08, 0x04, 0x00, 0x00, 0x00, 0x05, 
0x08, 0x08, 0x08, 0x08, 0x08, 0x08, 0x08, 0x08, 0x08, 0x08, 0x08, 0x08, 0x08, 0x08, 0x08, 0x08, 
0x08, 0x08, 0x08, 0x08, 0x08, 0x08, 0x08, 0x08, 0x08, 0x08, 0x08, 0x08, 0x08, 0x08, 0x08, 0x08, 
0x08, 0x08, 0x08, 0x08, 0x08, 0x08, 0x08, 0x08, 0x08, 0x08, 0x08, 0x08, 0x08, 0x08, 0x08, 0x08, 
0x08, 0x08, 0x08, 0x08, 0x08, 0x08, 0x08, 0x08, 0x08, 0x08, 0x08, 0x08, 0x08, 0x08, 0x08, 0x08, 
0x08, 0x08, 0x08, 0x08, 0x08, 0x08, 0x08, 0x08, 0x08, 0x08, 0x08, 0x08, 0x08, 0x08, 0x08, 0x08, 
0x08, 0x08, 0x08, 0x08, 0x08, 0x08, 0x08, 0x08, 0x08, 0x08, 0x08, 0x08, 0x08, 0x08, 0x08, 0x08, 
0x08, 0x08, 0x08, 0x08, 0x08, 0x08, 0x08, 0x08, 0x08, 0x08, 0x08, 0x08, 0x08, 0x08, 0x08, 0x08, 
0x08, 0x08, 0x08, 0x08, 0x08, 0x08, 0x08, 0x08, 0x08, 0x08, 0x08, 0x08, 0x08, 0x08, 0x08, 0x08, 
0x08, 0x08, 0x08, 0x08, 0x08, 0x08, 0x08, 0x08, 0x08, 0x08, 0x08, 0x08, 0x08, 0x08, 0x08, 0x08, 
0x08, 0x08, 0x08, 0x08, 0x08, 0x08, 0x08, 0x08, 0x08, 0x08, 0x08, 0x08, 0x08, 0x08, 0x08, 0x08, 
0x08, 0x08, 0x08, 0x08, 0x08, 0x08, 0x08, 0x08, 0x08, 0x08, 0x08, 0x08, 0x08, 0x08, 0x08, 0x08, 
0x08, 0x08, 0x08, 0x08, 0x08, 0x08, 0x08, 0x08, 0x08, 0x08, 0x08, 0x08, 0x08, 0x08, 0x08, 0x08, 
0x08, 0x08, 0x08, 0x08, 0x08, 0x08, 0x08, 0x08, 0x08, 0x08, 0x08, 0x08, 0x08, 0x08, 0x08, 0x08, 
0x08, 0x08, 0x08, 0x08, 0x08, 0x08, 0x08, 0x08, 0x08, 0x08, 0x08, 0x08, 0x08, 0x08, 0x08, 0x08, 
0x08, 0x08, 0x08, 0x08, 0x08, 0x08, 0x08, 0x08, 0x08, 0x08, 0x08, 0x08, 0x08, 0x08, 0x08, 0x08, 
0x08, 0x08, 0x08, 0x08, 0x08, 0x08, 0x08, 0x08, 0x08, 0x08, 0x08, 0x0B, 0x1D, 0x1E, 0x0E, 0x08, 
0x08, 0x08, 0x08, 0x08, 0x08, 0x08, 0x08, 0x08, 0x08, 0x08, 0x08, 0x08, 0x08, 0x08, 0x08, 0x08, 
0x08, 0x08, 0x08, 0x08, 0x08, 0x04, 0x00, 0x00, 0x04, 0x08, 0x08, 0x08, 0x08, 0x08, 0x05, 0x00, 
0x00, 0x05, 0x08, 0x08, 0x08, 0x08, 0x08, 0x08, 0x05, 0x04, 0x00, 0x00, 0x00, 0x02, 0x04, 0x03, 
0x00, 0x00, 0x00, 0x00, 0x02, 0x08, 0x08, 0x08, 0x08, 0x08, 0x04, 0x00, 0x00, 0x00, 0x03, 0x08, 
0x08, 0x08, 0x08, 0x08, 0x08, 0x08, 0x08, 0x08, 0x08, 0x08, 0x08, 0x08, 0x08, 0x08, 0x08, 0x08, 
0x08, 0x08, 0x08, 0x08, 0x08, 0x08, 0x08, 0x08, 0x08, 0x08, 0x08, 0x08, 0x08, 0x08, 0x08, 0x08, 
0x08, 0x08, 0x08, 0x08, 0x08, 0x08, 0x08, 0x08, 0x08, 0x08, 0x08, 0x08, 0x08, 0x08, 0x08, 0x08, 
0x08, 0x08, 0x08, 0x08, 0x08, 0x08, 0x08, 0x08, 0x08, 0x08, 0x08, 0x08, 0x08, 0x08, 0x08, 0x08, 
0x08, 0x08, 0x08, 0x08, 0x08, 0x08, 0x08, 0x08, 0x08, 0x08, 0x08, 0x08, 0x08, 0x08, 0x08, 0x08, 
0x08, 0x08, 0x08, 0x08, 0x08, 0x08, 0x08, 0x08, 0x08, 0x08, 0x08, 0x08, 0x08, 0x08, 0x08, 0x08, 
0x08, 0x08, 0x08, 0x08, 0x08, 0x08, 0x08, 0x08, 0x08, 0x08, 0x08, 0x08, 0x08, 0x08, 0x08, 0x08, 
0x08, 0x08, 0x08, 0x08, 0x08, 0x08, 0x08, 0x08, 0x08, 0x08, 0x08, 0x08, 0x08, 0x08, 0x08, 0x08, 
0x08, 0x08, 0x08, 0x08, 0x08, 0x08, 0x08, 0x08, 0x08, 0x08, 0x08, 0x08, 0x08, 0x08, 0x08, 0x08, 
0x08, 0x08, 0x08, 0x08, 0x08, 0x08, 0x08, 0x08, 0x08, 0x08, 0x08, 0x08, 0x08, 0x08, 0x08, 0x08, 
0x08, 0x08, 0x08, 0x08, 0x08, 0x08, 0x08, 0x08, 0x08, 0x08, 0x08, 0x08, 0x08, 0x08, 0x08, 0x08, 
0x08, 0x08, 0x08, 0x08, 0x08, 0x08, 0x08, 0x08, 0x08, 0x08, 0x08, 0x08, 0x08, 0x08, 0x08, 0x08, 
0x08, 0x08, 0x08, 0x08, 0x08, 0x08, 0x08, 0x08, 0x08, 0x08, 0x08, 0x08, 0x08, 0x08, 0x08, 0x08, 
0x08, 0x08, 0x08, 0x08, 0x08, 0x08, 0x08, 0x08, 0x08, 0x08, 0x08, 0x08, 0x08, 0x08, 0x08, 0x08, 
0x08, 0x08, 0x08, 0x08, 0x08, 0x08, 0x08, 0x08, 0x08, 0x08, 0x08, 0x08, 0x08, 0x08, 0x08, 0x08, 
0x08, 0x08, 0x08, 0x08, 0x08, 0x08, 0x08, 0x08, 0x08, 0x08, 0x08, 0x0B, 0x13, 0x14, 0x0E, 0x08, 
0x08, 0x08, 0x08, 0x08, 0x08, 0x08, 0x08, 0x08, 0x08, 0x08, 0x08, 0x08, 0x08, 0x08, 0x08, 0x08, 
0x08, 0x08, 0x08, 0x08, 0x08, 0x06, 0x00, 0x00, 0x02, 0x08, 0x08, 0x08, 0x08, 0x08, 0x06, 0x00, 
0x00, 0x03, 0x08, 0x08, 0x08, 0x08, 0x08, 0x08, 0x08, 0x08, 0x04, 0x00, 0x00, 0x00, 0x00, 0x00, 
0x00, 0x00, 0x00, 0x00, 0x06, 0x08, 0x08, 0x08, 0x05, 0x02, 0x00, 0x00, 0x00, 0x03, 0x08, 0x08, 
0x08, 0x08, 0x08, 0x08, 0x08, 0x08, 0x08, 0x08, 0x08, 0x08, 0x08, 0x08, 0x08, 0x08, 0x08, 0x08, 
0x08, 0x08, 0x08, 0x08, 0x08, 0x08, 0x08, 0x08, 0x08, 0x08, 0x08, 0x08, 0x08, 0x08, 0x08, 0x08, 
0x08, 0x08, 0x08, 0x08, 0x08, 0x08, 0x08, 0x08, 0x08, 0x08, 0x08, 0x08, 0x08, 0x08, 0x08, 0x08, 
0x08, 0x08, 0x08, 0x08, 0x08, 0x08, 0x08, 0x08, 0x08, 0x08, 0x08, 0x08, 0x08, 0x08, 0x08, 0x08, 
0x08, 0x08, 0x08, 0x08, 0x08, 0x08, 0x08, 0x08, 0x08, 0x08, 0x08, 0x08, 0x08, 0x08, 0x08, 0x08, 
0x08, 0x08, 0x08, 0x08, 0x08, 0x08, 0x08, 0x08, 0x08, 0x08, 0x08, 0x08, 0x08, 0x08, 0x08, 0x08, 
0x08, 0x08, 0x08, 0x08, 0x08, 0x08, 0x08, 0x08, 0x08, 0x08, 0x08, 0x08, 0x08, 0x08, 0x08, 0x08, 
0x08, 0x08, 0x08, 0x08, 0x08, 0x08, 0x08, 0x08, 0x08, 0x08, 0x08, 0x08, 0x08, 0x08, 0x08, 0x08, 
0x08, 0x08, 0x08, 0x08, 0x08, 0x08, 0x08, 0x08, 0x08, 0x08, 0x08, 0x08, 0x08, 0x08, 0x08, 0x08, 
0x08, 0x08, 0x08, 0x08, 0x08, 0x08, 0x08, 0x08, 0x08, 0x08, 0x08, 0x08, 0x08, 0x08, 0x08, 0x08, 
0x08, 0x08, 0x08, 0x08, 0x08, 0x08, 0x08, 0x08, 0x08, 0x08, 0x08, 0x08, 0x08, 0x08, 0x08, 0x08, 
0x08, 0x08, 0x08, 0x08, 0x08, 0x08, 0x08, 0x08, 0x08, 0x08, 0x08, 0x08, 0x08, 0x08, 0x08, 0x08, 
0x08, 0x08, 0x08, 0x08, 0x08, 0x08, 0x08, 0x08, 0x08, 0x08, 0x08, 0x08, 0x08, 0x08, 0x08, 0x08, 
0x08, 0x08, 0x08, 0x08, 0x08, 0x08, 0x08, 0x08, 0x08, 0x08, 0x08, 0x08, 0x08, 0x08, 0x08, 0x08, 
0x08, 0x08, 0x08, 0x08, 0x08, 0x08, 0x08, 0x08, 0x08, 0x08, 0x08, 0x08, 0x08, 0x08, 0x08, 0x08, 
0x08, 0x08, 0x08, 0x08, 0x08, 0x08, 0x08, 0x08, 0x08, 0x08, 0x08, 0x08, 0x0C, 0x0C, 0x08, 0x08, 
0x08, 0x08, 0x08, 0x08, 0x08, 0x08, 0x08, 0x08, 0x08, 0x08, 0x08, 0x08, 0x08, 0x08, 0x08, 0x08, 
0x08, 0x08, 0x08, 0x08, 0x08, 0x08, 0x02, 0x00, 0x00, 0x06, 0x08, 0x08, 0x08, 0x08, 0x08, 0x03, 
0x00, 0x00, 0x05, 0x08, 0x08, 0x08, 0x08, 0x08, 0x08, 0x08, 0x04, 0x00, 0x00, 0x00, 0x00, 0x00, 
0x00, 0x00, 0x03, 0x0E, 0x0D, 0x03, 0x02, 0x00, 0x00, 0x00, 0x00, 0x00, 0x03, 0x08, 0x08, 0x08, 
0x08, 0x08, 0x08, 0x08, 0x08, 0x08, 0x08, 0x08, 0x08, 0x08, 0x08, 0x08, 0x08, 0x08, 0x08, 0x08, 
0x08, 0x08, 0x08, 0x08, 0x08, 0x08, 0x08, 0x08, 0x08, 0x08, 0x08, 0x08, 0x08, 0x08, 0x08, 0x08, 
0x08, 0x08, 0x08, 0x08, 0x08, 0x08, 0x08, 0x08, 0x08, 0x08, 0x08, 0x08, 0x08, 0x08, 0x08, 0x08, 
0x08, 0x08, 0x08, 0x08, 0x08, 0x08, 0x08, 0x08, 0x08, 0x08, 0x08, 0x08, 0x08, 0x08, 0x08, 0x08, 
0x08, 0x08, 0x08, 0x08, 0x08, 0x08, 0x08, 0x08, 0x08, 0x08, 0x08, 0x08, 0x08, 0x08, 0x08, 0x08, 
0x08, 0x08, 0x08, 0x08, 0x08, 0x08, 0x08, 0x08, 0x08, 0x08, 0x08, 0x08, 0x08, 0x08, 0x08, 0x08, 
0x08, 0x08, 0x08, 0x08, 0x08, 0x08, 0x08, 0x08, 0x08, 0x08, 0x08, 0x08, 0x08, 0x08, 0x08, 0x08, 
0x08, 0x08, 0x08, 0x08, 0x08, 0x08, 0x08, 0x08, 0x08, 0x08, 0x08, 0x08, 0x08, 0x08, 0x08, 0x08, 
0x08, 0x08, 0x08, 0x08, 0x08, 0x08, 0x08, 0x08, 0x08, 0x08, 0x08, 0x08, 0x08, 0x08, 0x08, 0x08, 
0x08, 0x08, 0x08, 0x08, 0x08, 0x08, 0x08, 0x08, 0x08, 0x08, 0x08, 0x08, 0x08, 0x08, 0x08, 0x08, 
0x08, 0x08, 0x08, 0x08, 0x08, 0x08, 0x08, 0x08, 0x08, 0x08, 0x08, 0x08, 0x08, 0x08, 0x08, 0x08, 
0x08, 0x08, 0x08, 0x08, 0x08, 0x08, 0x08, 0x08, 0x08, 0x08, 0x08, 0x08, 0x08, 0x08, 0x08, 0x08, 
0x08, 0x08, 0x08, 0x08, 0x08, 0x08, 0x08, 0x08, 0x08, 0x08, 0x08, 0x08, 0x08, 0x08, 0x08, 0x08, 
0x08, 0x08, 0x08, 0x08, 0x08, 0x08, 0x08, 0x08, 0x08, 0x08, 0x08, 0x08, 0x08, 0x08, 0x08, 0x08, 
0x08, 0x08, 0x08, 0x08, 0x08, 0x08, 0x08, 0x08, 0x08, 0x08, 0x08, 0x08, 0x08, 0x08, 0x08, 0x08, 
0x08, 0x08, 0x08, 0x08, 0x08, 0x08, 0x08, 0x08, 0x08, 0x08, 0x08, 0x08, 0x08, 0x08, 0x08, 0x08, 
0x08, 0x08, 0x08, 0x08, 0x08, 0x08, 0x08, 0x08, 0x08, 0x08, 0x08, 0x08, 0x08, 0x08, 0x08, 0x08, 
0x08, 0x08, 0x08, 0x08, 0x08, 0x08, 0x04, 0x00, 0x00, 0x03, 0x08, 0x08, 0x08, 0x08, 0x08, 0x06, 
0x00, 0x00, 0x00, 0x05, 0x08, 0x08, 0x08, 0x08, 0x08, 0x08, 0x05, 0x00, 0x0E, 0x0D, 0x0D, 0x0D, 
0x0E, 0x13, 0x1D, 0x14, 0x0D, 0x00, 0x00, 0x00, 0x00, 0x00, 0x00, 0x04, 0x08, 0x08, 0x08, 0x08, 
0x08, 0x08, 0x08, 0x08, 0x08, 0x08, 0x08, 0x08, 0x08, 0x08, 0x08, 0x08, 0x08, 0x08, 0x08, 0x08, 
0x08, 0x08, 0x08, 0x08, 0x08, 0x08, 0x08, 0x08, 0x08, 0x08, 0x08, 0x08, 0x08, 0x08, 0x08, 0x08, 
0x08, 0x08, 0x08, 0x08, 0x08, 0x08, 0x08, 0x08, 0x08, 0x08, 0x08, 0x08, 0x08, 0x08, 0x08, 0x08, 
0x08, 0x08, 0x08, 0x08, 0x08, 0x08, 0x08, 0x08, 0x08, 0x08, 0x08, 0x08, 0x08, 0x08, 0x08, 0x08, 
0x08, 0x08, 0x08, 0x08, 0x08, 0x08, 0x08, 0x08, 0x08, 0x08, 0x08, 0x08, 0x08, 0x08, 0x08, 0x08, 
0x08, 0x08, 0x08, 0x08, 0x08, 0x08, 0x08, 0x08, 0x08, 0x08, 0x08, 0x08, 0x08, 0x08, 0x08, 0x08, 
0x08, 0x08, 0x08, 0x08, 0x08, 0x08, 0x08, 0x08, 0x08, 0x08, 0x08, 0x08, 0x08, 0x08, 0x08, 0x08, 
0x08, 0x08, 0x08, 0x08, 0x08, 0x08, 0x08, 0x08, 0x08, 0x08, 0x08, 0x08, 0x08, 0x08, 0x08, 0x08, 
0x08, 0x08, 0x08, 0x08, 0x08, 0x08, 0x08, 0x08, 0x08, 0x08, 0x08, 0x08, 0x08, 0x08, 0x08, 0x08, 
0x08, 0x08, 0x08, 0x08, 0x08, 0x08, 0x08, 0x08, 0x08, 0x08, 0x08, 0x08, 0x08, 0x08, 0x08, 0x08, 
0x08, 0x08, 0x08, 0x08, 0x08, 0x08, 0x08, 0x08, 0x08, 0x08, 0x08, 0x08, 0x08, 0x08, 0x08, 0x08, 
0x08, 0x08, 0x08, 0x08, 0x08, 0x08, 0x08, 0x08, 0x08, 0x08, 0x08, 0x08, 0x08, 0x08, 0x08, 0x08, 
0x08, 0x08, 0x08, 0x08, 0x08, 0x08, 0x08, 0x08, 0x08, 0x08, 0x08, 0x08, 0x08, 0x08, 0x08, 0x08, 
0x08, 0x08, 0x08, 0x08, 0x08, 0x08, 0x08, 0x08, 0x08, 0x08, 0x08, 0x08, 0x08, 0x08, 0x08, 0x08, 
0x08, 0x08, 0x08, 0x08, 0x08, 0x08, 0x08, 0x08, 0x08, 0x08, 0x08, 0x08, 0x08, 0x08, 0x08, 0x08, 
0x08, 0x08, 0x08, 0x08, 0x08, 0x08, 0x08, 0x08, 0x08, 0x08, 0x08, 0x08, 0x08, 0x08, 0x08, 0x08, 
0x08, 0x08, 0x08, 0x08, 0x08, 0x08, 0x08, 0x08, 0x08, 0x08, 0x08, 0x08, 0x08, 0x08, 0x08, 0x08, 
0x08, 0x08, 0x08, 0x08, 0x08, 0x08, 0x08, 0x02, 0x00, 0x00, 0x05, 0x08, 0x08, 0x08, 0x08, 0x08, 
0x03, 0x00, 0x00, 0x02, 0x06, 0x08, 0x08, 0x08, 0x08, 0x08, 0x03, 0x00, 0x1C, 0x1C, 0x1C, 0x1D, 
0x1C, 0x1E, 0x21, 0x1E, 0x0E, 0x00, 0x00, 0x00, 0x01, 0x03, 0x05, 0x08, 0x08, 0x08, 0x08, 0x08, 
0x08, 0x08, 0x08, 0x08, 0x08, 0x08, 0x08, 0x08, 0x08, 0x08, 0x08, 0x08, 0x08, 0x08, 0x08, 0x08, 
0x08, 0x08, 0x08, 0x08, 0x08, 0x08, 0x08, 0x08, 0x08, 0x08, 0x08, 0x08, 0x08, 0x08, 0x08, 0x08, 
0x08, 0x08, 0x08, 0x08, 0x08, 0x08, 0x08, 0x08, 0x08, 0x08, 0x08, 0x08, 0x08, 0x08, 0x08, 0x08, 
0x08, 0x08, 0x08, 0x08, 0x08, 0x08, 0x08, 0x08, 0x08, 0x08, 0x08, 0x08, 0x08, 0x08, 0x08, 0x08, 
0x08, 0x08, 0x08, 0x08, 0x08, 0x08, 0x08, 0x08, 0x08, 0x08, 0x08, 0x08, 0x08, 0x08, 0x08, 0x08, 
0x08, 0x08, 0x08, 0x08, 0x08, 0x08, 0x08, 0x08, 0x08, 0x08, 0x08, 0x08, 0x08, 0x08, 0x08, 0x08, 
0x08, 0x08, 0x08, 0x08, 0x08, 0x08, 0x08, 0x08, 0x08, 0x08, 0x08, 0x08, 0x08, 0x08, 0x08, 0x08, 
0x08, 0x08, 0x08, 0x08, 0x08, 0x08, 0x08, 0x08, 0x08, 0x08, 0x08, 0x08, 0x08, 0x08, 0x08, 0x08, 
0x08, 0x08, 0x08, 0x08, 0x08, 0x08, 0x08, 0x08, 0x08, 0x08, 0x08, 0x08, 0x08, 0x08, 0x08, 0x08, 
0x08, 0x08, 0x08, 0x08, 0x08, 0x08, 0x08, 0x08, 0x08, 0x08, 0x08, 0x08, 0x08, 0x08, 0x08, 0x08, 
0x08, 0x08, 0x08, 0x08, 0x08, 0x08, 0x08, 0x08, 0x08, 0x08, 0x08, 0x08, 0x08, 0x08, 0x08, 0x08, 
0x08, 0x08, 0x08, 0x08, 0x08, 0x08, 0x08, 0x08, 0x08, 0x08, 0x08, 0x08, 0x08, 0x08, 0x08, 0x08, 
0x08, 0x08, 0x08, 0x08, 0x08, 0x08, 0x08, 0x08, 0x08, 0x08, 0x08, 0x08, 0x08, 0x08, 0x08, 0x08, 
0x08, 0x08, 0x08, 0x08, 0x08, 0x08, 0x08, 0x08, 0x08, 0x08, 0x08, 0x08, 0x08, 0x08, 0x08, 0x08, 
0x08, 0x08, 0x08, 0x08, 0x08, 0x08, 0x08, 0x08, 0x08, 0x08, 0x08, 0x08, 0x08, 0x08, 0x08, 0x08, 
0x08, 0x08, 0x08, 0x08, 0x08, 0x08, 0x08, 0x08, 0x08, 0x08, 0x08, 0x08, 0x08, 0x08, 0x08, 0x08, 
0x08, 0x08, 0x08, 0x08, 0x08, 0x08, 0x08, 0x08, 0x08, 0x08, 0x08, 0x08, 0x08, 0x08, 0x08, 0x08, 
0x08, 0x08, 0x08, 0x08, 0x08, 0x08, 0x08, 0x06, 0x00, 0x00, 0x02, 0x06, 0x08, 0x08, 0x08, 0x08, 
0x06, 0x00, 0x00, 0x00, 0x03, 0x06, 0x08, 0x08, 0x08, 0x08, 0x02, 0x00, 0x1F, 0x1E, 0x21, 0x21, 
0x21, 0x1F, 0x21, 0x22, 0x1D, 0x14, 0x13, 0x14, 0x1C, 0x1C, 0x0E, 0x0C, 0x08, 0x08, 0x08, 0x08, 
0x08, 0x08, 0x08, 0x08, 0x08, 0x08, 0x08, 0x08, 0x08, 0x08, 0x08, 0x08, 0x08, 0x08, 0x08, 0x08, 
0x08, 0x08, 0x08, 0x08, 0x08, 0x08, 0x08, 0x08, 0x08, 0x08, 0x08, 0x08, 0x08, 0x08, 0x08, 0x08, 
0x08, 0x08, 0x08, 0x08, 0x08, 0x08, 0x08, 0x08, 0x08, 0x08, 0x08, 0x08, 0x08, 0x08, 0x08, 0x08, 
0x08, 0x08, 0x08, 0x08, 0x08, 0x08, 0x08, 0x08, 0x08, 0x08, 0x08, 0x08, 0x08, 0x08, 0x08, 0x08, 
0x08, 0x08, 0x08, 0x08, 0x08, 0x08, 0x08, 0x08, 0x08, 0x08, 0x08, 0x08, 0x08, 0x08, 0x08, 0x08, 
0x08, 0x08, 0x08, 0x08, 0x08, 0x08, 0x08, 0x08, 0x08, 0x08, 0x08, 0x08, 0x08, 0x08, 0x08, 0x08, 
0x08, 0x08, 0x08, 0x08, 0x08, 0x08, 0x08, 0x08, 0x08, 0x08, 0x08, 0x08, 0x08, 0x08, 0x08, 0x08, 
0x08, 0x08, 0x08, 0x08, 0x08, 0x08, 0x08, 0x08, 0x08, 0x08, 0x08, 0x08, 0x08, 0x08, 0x08, 0x08, 
0x08, 0x08, 0x08, 0x08, 0x08, 0x08, 0x08, 0x08, 0x08, 0x08, 0x08, 0x08, 0x08, 0x08, 0x08, 0x08, 
0x08, 0x08, 0x08, 0x08, 0x08, 0x08, 0x08, 0x08, 0x08, 0x08, 0x08, 0x08, 0x08, 0x08, 0x08, 0x08, 
0x08, 0x08, 0x08, 0x08, 0x08, 0x08, 0x08, 0x08, 0x08, 0x08, 0x08, 0x08, 0x08, 0x08, 0x08, 0x08, 
0x08, 0x08, 0x08, 0x08, 0x08, 0x08, 0x08, 0x08, 0x08, 0x08, 0x08, 0x08, 0x08, 0x08, 0x08, 0x08, 
0x08, 0x08, 0x08, 0x08, 0x08, 0x08, 0x08, 0x08, 0x08, 0x08, 0x08, 0x08, 0x08, 0x08, 0x08, 0x08, 
0x08, 0x08, 0x08, 0x08, 0x08, 0x08, 0x08, 0x08, 0x08, 0x08, 0x08, 0x08, 0x08, 0x08, 0x08, 0x08, 
0x08, 0x08, 0x08, 0x08, 0x08, 0x08, 0x08, 0x08, 0x08, 0x08, 0x08, 0x08, 0x08, 0x08, 0x08, 0x08, 
0x08, 0x08, 0x08, 0x08, 0x08, 0x08, 0x08, 0x08, 0x08, 0x08, 0x08, 0x08, 0x08, 0x08, 0x08, 0x08, 
0x08, 0x08, 0x08, 0x08, 0x08, 0x08, 0x08, 0x08, 0x08, 0x08, 0x08, 0x08, 0x08, 0x08, 0x08, 0x08, 
0x08, 0x08, 0x08, 0x08, 0x08, 0x08, 0x08, 0x08, 0x05, 0x00, 0x00, 0x02, 0x06, 0x08, 0x08, 0x08, 
0x08, 0x06, 0x02, 0x00, 0x00, 0x02, 0x05, 0x06, 0x08, 0x08, 0x03, 0x00, 0x0E, 0x13, 0x13, 0x13, 
0x13, 0x13, 0x13, 0x13, 0x13, 0x13, 0x14, 0x1D, 0x1F, 0x1F, 0x1F, 0x14, 0x0E, 0x0C, 0x08, 0x08, 
0x08, 0x08, 0x08, 0x08, 0x08, 0x08, 0x08, 0x08, 0x08, 0x08, 0x08, 0x08, 0x08, 0x08, 0x08, 0x08, 
0x08, 0x08, 0x08, 0x08, 0x08, 0x08, 0x08, 0x08, 0x08, 0x08, 0x08, 0x08, 0x08, 0x08, 0x08, 0x08, 
0x08, 0x08, 0x08, 0x08, 0x08, 0x08, 0x08, 0x08, 0x08, 0x08, 0x08, 0x08, 0x08, 0x08, 0x08, 0x08, 
0x08, 0x08, 0x08, 0x08, 0x08, 0x08, 0x08, 0x08, 0x08, 0x08, 0x08, 0x08, 0x08, 0x08, 0x08, 0x08, 
0x08, 0x08, 0x08, 0x08, 0x08, 0x08, 0x08, 0x08, 0x08, 0x08, 0x08, 0x08, 0x08, 0x08, 0x08, 0x08, 
0x08, 0x08, 0x08, 0x08, 0x08, 0x08, 0x08, 0x08, 0x08, 0x08, 0x08, 0x08, 0x08, 0x08, 0x08, 0x08, 
0x08, 0x08, 0x08, 0x08, 0x08, 0x08, 0x08, 0x08, 0x08, 0x08, 0x08, 0x08, 0x08, 0x08, 0x08, 0x08, 
0x08, 0x08, 0x08, 0x08, 0x08, 0x08, 0x08, 0x08, 0x08, 0x08, 0x08, 0x08, 0x08, 0x08, 0x08, 0x08, 
0x08, 0x08, 0x08, 0x08, 0x08, 0x08, 0x08, 0x08, 0x08, 0x08, 0x08, 0x08, 0x08, 0x08, 0x08, 0x08, 
0x08, 0x08, 0x08, 0x08, 0x08, 0x08, 0x08, 0x08, 0x08, 0x08, 0x08, 0x08, 0x08, 0x08, 0x08, 0x08, 
0x08, 0x08, 0x08, 0x08, 0x08, 0x08, 0x08, 0x08, 0x08, 0x08, 0x08, 0x08, 0x08, 0x08, 0x08, 0x08, 
0x08, 0x08, 0x08, 0x08, 0x08, 0x08, 0x08, 0x08, 0x08, 0x08, 0x08, 0x08, 0x08, 0x08, 0x08, 0x08, 
0x08, 0x08, 0x08, 0x08, 0x08, 0x08, 0x08, 0x08, 0x08, 0x08, 0x08, 0x08, 0x08, 0x08, 0x08, 0x08, 
0x08, 0x08, 0x08, 0x08, 0x08, 0x08, 0x08, 0x08, 0x08, 0x08, 0x08, 0x08, 0x08, 0x08, 0x08, 0x08, 
0x08, 0x08, 0x08, 0x08, 0x08, 0x08, 0x08, 0x08, 0x08, 0x08, 0x08, 0x08, 0x08, 0x08, 0x08, 0x08, 
0x08, 0x08, 0x08, 0x08, 0x08, 0x08, 0x08, 0x08, 0x08, 0x08, 0x08, 0x08, 0x08, 0x08, 0x08, 0x08, 
0x08, 0x08, 0x08, 0x08, 0x08, 0x08, 0x08, 0x08, 0x08, 0x08, 0x08, 0x08, 0x08, 0x08, 0x08, 0x08, 
0x08, 0x08, 0x08, 0x08, 0x08, 0x08, 0x08, 0x08, 0x08, 0x04, 0x00, 0x00, 0x00, 0x04, 0x08, 0x08, 
0x08, 0x08, 0x08, 0x04, 0x00, 0x00, 0x00, 0x00, 0x00, 0x02, 0x00, 0x00, 0x08, 0x08, 0x08, 0x08, 
0x08, 0x08, 0x08, 0x08, 0x08, 0x08, 0x08, 0x0D, 0x1C, 0x1F, 0x22, 0x22, 0x1D, 0x0E, 0x0B, 0x08, 
0x08, 0x08, 0x08, 0x08, 0x08, 0x08, 0x08, 0x08, 0x08, 0x08, 0x08, 0x08, 0x08, 0x08, 0x08, 0x08, 
0x08, 0x08, 0x08, 0x08, 0x08, 0x08, 0x08, 0x08, 0x08, 0x08, 0x08, 0x08, 0x08, 0x08, 0x08, 0x08, 
0x08, 0x08, 0x08, 0x08, 0x08, 0x08, 0x08, 0x08, 0x08, 0x08, 0x08, 0x08, 0x08, 0x08, 0x08, 0x08, 
0x08, 0x08, 0x08, 0x08, 0x08, 0x08, 0x08, 0x08, 0x08, 0x08, 0x08, 0x08, 0x08, 0x08, 0x08, 0x08, 
0x08, 0x08, 0x08, 0x08, 0x08, 0x08, 0x08, 0x08, 0x08, 0x08, 0x08, 0x08, 0x08, 0x08, 0x08, 0x08, 
0x08, 0x08, 0x08, 0x08, 0x08, 0x08, 0x08, 0x08, 0x08, 0x08, 0x08, 0x08, 0x08, 0x08, 0x08, 0x08, 
0x08, 0x08, 0x08, 0x08, 0x08, 0x08, 0x08, 0x08, 0x08, 0x08, 0x08, 0x08, 0x08, 0x08, 0x08, 0x08, 
0x08, 0x08, 0x08, 0x08, 0x08, 0x08, 0x08, 0x08, 0x08, 0x08, 0x08, 0x08, 0x08, 0x08, 0x08, 0x08, 
0x08, 0x08, 0x08, 0x08, 0x08, 0x08, 0x08, 0x08, 0x08, 0x08, 0x08, 0x08, 0x08, 0x08, 0x08, 0x08, 
0x08, 0x08, 0x08, 0x08, 0x08, 0x08, 0x08, 0x08, 0x08, 0x08, 0x08, 0x08, 0x08, 0x08, 0x08, 0x08, 
0x08, 0x08, 0x08, 0x08, 0x08, 0x08, 0x08, 0x08, 0x08, 0x08, 0x08, 0x08, 0x08, 0x08, 0x08, 0x08, 
0x08, 0x08, 0x08, 0x08, 0x08, 0x08, 0x08, 0x08, 0x08, 0x08, 0x08, 0x08, 0x08, 0x08, 0x08, 0x08, 
0x08, 0x08, 0x08, 0x08, 0x08, 0x08, 0x08, 0x08, 0x08, 0x08, 0x08, 0x08, 0x08, 0x08, 0x08, 0x08, 
0x08, 0x08, 0x08, 0x08, 0x08, 0x08, 0x08, 0x08, 0x08, 0x08, 0x08, 0x08, 0x08, 0x08, 0x08, 0x08, 
0x08, 0x08, 0x08, 0x08, 0x08, 0x08, 0x08, 0x08, 0x08, 0x08, 0x08, 0x08, 0x08, 0x08, 0x08, 0x08, 
0x08, 0x08, 0x08, 0x08, 0x08, 0x08, 0x08, 0x08, 0x08, 0x08, 0x08, 0x08, 0x08, 0x08, 0x08, 0x08, 
0x08, 0x08, 0x08, 0x08, 0x08, 0x08, 0x08, 0x08, 0x08, 0x08, 0x08, 0x08, 0x08, 0x08, 0x08, 0x08, 
0x08, 0x08, 0x08, 0x08, 0x08, 0x08, 0x08, 0x08, 0x08, 0x08, 0x05, 0x00, 0x00, 0x00, 0x03, 0x06, 
0x08, 0x08, 0x08, 0x08, 0x05, 0x02, 0x00, 0x00, 0x00, 0x00, 0x00, 0x00, 0x08, 0x08, 0x08, 0x08, 
0x08, 0x08, 0x08, 0x08, 0x08, 0x08, 0x08, 0x08, 0x0B, 0x13, 0x1D, 0x22, 0x1F, 0x1F, 0x1C, 0x0E, 
0x0C, 0x08, 0x08, 0x08, 0x08, 0x08, 0x08, 0x08, 0x08, 0x08, 0x08, 0x08, 0x08, 0x08, 0x08, 0x08, 
0x08, 0x08, 0x08, 0x08, 0x08, 0x08, 0x08, 0x08, 0x08, 0x08, 0x08, 0x08, 0x08, 0x08, 0x08, 0x08, 
0x08, 0x08, 0x08, 0x08, 0x08, 0x08, 0x08, 0x08, 0x08, 0x08, 0x08, 0x08, 0x08, 0x08, 0x08, 0x08, 
0x08, 0x08, 0x08, 0x08, 0x08, 0x08, 0x08, 0x08, 0x08, 0x08, 0x08, 0x08, 0x08, 0x08, 0x08, 0x08, 
0x08, 0x08, 0x08, 0x08, 0x08, 0x08, 0x08, 0x08, 0x08, 0x08, 0x08, 0x08, 0x08, 0x08, 0x08, 0x08, 
0x08, 0x08, 0x08, 0x08, 0x08, 0x08, 0x08, 0x08, 0x08, 0x08, 0x08, 0x08, 0x08, 0x08, 0x08, 0x08, 
0x08, 0x08, 0x08, 0x08, 0x08, 0x08, 0x08, 0x08, 0x08, 0x08, 0x08, 0x08, 0x08, 0x08, 0x08, 0x08, 
0x08, 0x08, 0x08, 0x08, 0x08, 0x08, 0x08, 0x08, 0x08, 0x08, 0x08, 0x08, 0x08, 0x08, 0x08, 0x08, 
0x08, 0x08, 0x08, 0x08, 0x08, 0x08, 0x08, 0x08, 0x08, 0x08, 0x08, 0x08, 0x08, 0x08, 0x08, 0x08, 
0x08, 0x08, 0x08, 0x08, 0x08, 0x08, 0x08, 0x08, 0x08, 0x08, 0x08, 0x08, 0x08, 0x08, 0x08, 0x08, 
0x08, 0x08, 0x08, 0x08, 0x08, 0x08, 0x08, 0x08, 0x08, 0x08, 0x08, 0x08, 0x08, 0x08, 0x08, 0x08, 
0x08, 0x08, 0x08, 0x08, 0x08, 0x08, 0x08, 0x08, 0x08, 0x08, 0x08, 0x08, 0x08, 0x08, 0x08, 0x08, 
0x08, 0x08, 0x08, 0x08, 0x08, 0x08, 0x08, 0x08, 0x08, 0x08, 0x08, 0x08, 0x08, 0x08, 0x08, 0x08, 
0x08, 0x08, 0x08, 0x08, 0x08, 0x08, 0x08, 0x08, 0x08, 0x08, 0x08, 0x08, 0x08, 0x08, 0x08, 0x08, 
0x08, 0x08, 0x08, 0x08, 0x08, 0x08, 0x08, 0x08, 0x08, 0x08, 0x08, 0x08, 0x08, 0x08, 0x08, 0x08, 
0x08, 0x08, 0x08, 0x08, 0x08, 0x08, 0x08, 0x08, 0x08, 0x08, 0x08, 0x08, 0x08, 0x08, 0x08, 0x08, 
0x08, 0x08, 0x08, 0x08, 0x08, 0x08, 0x08, 0x08, 0x08, 0x08, 0x08, 0x08, 0x08, 0x08, 0x08, 0x08, 
0x08, 0x08, 0x08, 0x08, 0x08, 0x08, 0x08, 0x08, 0x08, 0x08, 0x08, 0x06, 0x02, 0x00, 0x00, 0x00, 
0x00, 0x02, 0x0B, 0x0E, 0x0E, 0x0E, 0x0E, 0x0D, 0x03, 0x03, 0x03, 0x03, 0x0B, 0x0C, 0x08, 0x08, 
0x08, 0x09, 0x0C, 0x09, 0x08, 0x08, 0x08, 0x08, 0x08, 0x08, 0x0B, 0x0E, 0x1C, 0x22, 0x22, 0x1D, 
0x14, 0x0D, 0x0C, 0x08, 0x08, 0x08, 0x08, 0x08, 0x08, 0x08, 0x08, 0x08, 0x08, 0x08, 0x08, 0x08, 
0x08, 0x08, 0x08, 0x08, 0x08, 0x08, 0x08, 0x08, 0x08, 0x08, 0x08, 0x08, 0x08, 0x08, 0x08, 0x08, 
0x08, 0x08, 0x08, 0x08, 0x08, 0x08, 0x08, 0x08, 0x08, 0x08, 0x08, 0x08, 0x08, 0x08, 0x08, 0x08, 
0x08, 0x08, 0x08, 0x08, 0x08, 0x08, 0x08, 0x08, 0x08, 0x08, 0x08, 0x08, 0x08, 0x08, 0x08, 0x08, 
0x08, 0x08, 0x08, 0x08, 0x08, 0x08, 0x08, 0x08, 0x08, 0x08, 0x08, 0x08, 0x08, 0x08, 0x08, 0x08, 
0x08, 0x08, 0x08, 0x08, 0x08, 0x08, 0x08, 0x08, 0x08, 0x08, 0x08, 0x08, 0x08, 0x08, 0x08, 0x08, 
0x08, 0x08, 0x08, 0x08, 0x08, 0x08, 0x08, 0x08, 0x08, 0x08, 0x08, 0x08, 0x08, 0x08, 0x08, 0x08, 
0x08, 0x08, 0x08, 0x08, 0x08, 0x08, 0x08, 0x08, 0x08, 0x08, 0x08, 0x08, 0x08, 0x08, 0x08, 0x08, 
0x08, 0x08, 0x08, 0x08, 0x08, 0x08, 0x08, 0x08, 0x08, 0x08, 0x08, 0x08, 0x08, 0x08, 0x08, 0x08, 
0x08, 0x08, 0x08, 0x08, 0x08, 0x08, 0x08, 0x08, 0x08, 0x08, 0x08, 0x08, 0x08, 0x08, 0x08, 0x08, 
0x08, 0x08, 0x08, 0x08, 0x08, 0x08, 0x08, 0x08, 0x08, 0x08, 0x08, 0x08, 0x08, 0x08, 0x08, 0x08, 
0x08, 0x08, 0x08, 0x08, 0x08, 0x08, 0x08, 0x08, 0x08, 0x08, 0x08, 0x08, 0x08, 0x08, 0x08, 0x08, 
0x08, 0x08, 0x08, 0x08, 0x08, 0x08, 0x08, 0x08, 0x08, 0x08, 0x08, 0x08, 0x08, 0x08, 0x08, 0x08, 
0x08, 0x08, 0x08, 0x08, 0x08, 0x08, 0x08, 0x08, 0x08, 0x08, 0x08, 0x08, 0x08, 0x08, 0x08, 0x08, 
0x08, 0x08, 0x08, 0x08, 0x08, 0x08, 0x08, 0x08, 0x08, 0x08, 0x08, 0x08, 0x08, 0x08, 0x08, 0x08, 
0x08, 0x08, 0x08, 0x08, 0x08, 0x08, 0x08, 0x08, 0x08, 0x08, 0x08, 0x08, 0x08, 0x08, 0x08, 0x08, 
0x08, 0x08, 0x08, 0x08, 0x08, 0x08, 0x08, 0x08, 0x08, 0x08, 0x08, 0x08, 0x08, 0x08, 0x08, 0x08, 
0x08, 0x08, 0x08, 0x08, 0x08, 0x08, 0x08, 0x08, 0x08, 0x08, 0x08, 0x0C, 0x0E, 0x13, 0x0E, 0x03, 
0x00, 0x01, 0x14, 0x1F, 0x1F, 0x1F, 0x1F, 0x1F, 0x21, 0x1F, 0x1F, 0x1F, 0x1C, 0x0D, 0x08, 0x08, 
0x0B, 0x14, 0x14, 0x14, 0x0D, 0x08, 0x08, 0x08, 0x08, 0x08, 0x08, 0x08, 0x0B, 0x13, 0x24, 0x20, 
0x20, 0x24, 0x13, 0x0D, 0x08, 0x08, 0x08, 0x08, 0x08, 0x08, 0x08, 0x08, 0x08, 0x08, 0x08, 0x08, 
0x08, 0x08, 0x08, 0x08, 0x08, 0x08, 0x08, 0x08, 0x08, 0x08, 0x08, 0x08, 0x08, 0x08, 0x08, 0x08, 
0x08, 0x08, 0x08, 0x08, 0x08, 0x08, 0x08, 0x08, 0x08, 0x08, 0x08, 0x08, 0x08, 0x08, 0x08, 0x08, 
0x08, 0x08, 0x08, 0x08, 0x08, 0x08, 0x08, 0x08, 0x08, 0x08, 0x08, 0x08, 0x08, 0x08, 0x08, 0x08, 
0x08, 0x08, 0x08, 0x08, 0x08, 0x08, 0x08, 0x08, 0x08, 0x08, 0x08, 0x08, 0x08, 0x08, 0x08, 0x08, 
0x08, 0x08, 0x08, 0x08, 0x08, 0x08, 0x08, 0x08, 0x08, 0x08, 0x08, 0x08, 0x08, 0x08, 0x08, 0x08, 
0x08, 0x08, 0x08, 0x08, 0x08, 0x08, 0x08, 0x08, 0x08, 0x08, 0x08, 0x08, 0x08, 0x08, 0x08, 0x08, 
0x08, 0x08, 0x08, 0x08, 0x08, 0x08, 0x08, 0x08, 0x08, 0x08, 0x08, 0x08, 0x08, 0x08, 0x08, 0x08, 
0x08, 0x08, 0x08, 0x08, 0x08, 0x08, 0x08, 0x08, 0x08, 0x08, 0x08, 0x08, 0x08, 0x08, 0x08, 0x08, 
0x08, 0x08, 0x08, 0x08, 0x08, 0x08, 0x08, 0x08, 0x08, 0x08, 0x08, 0x08, 0x08, 0x08, 0x08, 0x08, 
0x08, 0x08, 0x08, 0x08, 0x08, 0x08, 0x08, 0x08, 0x08, 0x08, 0x08, 0x08, 0x08, 0x08, 0x08, 0x08, 
0x08, 0x08, 0x08, 0x08, 0x08, 0x08, 0x08, 0x08, 0x08, 0x08, 0x08, 0x08, 0x08, 0x08, 0x08, 0x08, 
0x08, 0x08, 0x08, 0x08, 0x08, 0x08, 0x08, 0x08, 0x08, 0x08, 0x08, 0x08, 0x08, 0x08, 0x08, 0x08, 
0x08, 0x08, 0x08, 0x08, 0x08, 0x08, 0x08, 0x08, 0x08, 0x08, 0x08, 0x08, 0x08, 0x08, 0x08, 0x08, 
0x08, 0x08, 0x08, 0x08, 0x08, 0x08, 0x08, 0x08, 0x08, 0x08, 0x08, 0x08, 0x08, 0x08, 0x08, 0x08, 
0x08, 0x08, 0x08, 0x08, 0x08, 0x08, 0x08, 0x08, 0x08, 0x08, 0x08, 0x08, 0x08, 0x08, 0x08, 0x08, 
0x08, 0x08, 0x08, 0x08, 0x08, 0x08, 0x08, 0x08, 0x08, 0x08, 0x08, 0x08, 0x08, 0x08, 0x08, 0x08, 
0x08, 0x08, 0x08, 0x08, 0x08, 0x08, 0x08, 0x08, 0x08, 0x08, 0x0B, 0x13, 0x1E, 0x1F, 0x1F, 0x1D, 
0x1C, 0x1D, 0x1E, 0x1F, 0x21, 0x21, 0x21, 0x21, 0x21, 0x21, 0x21, 0x21, 0x24, 0x0E, 0x08, 0x08, 
0x0B, 0x1E, 0x21, 0x20, 0x1C, 0x0E, 0x0B, 0x08, 0x08, 0x08, 0x08, 0x08, 0x08, 0x0C, 0x0E, 0x14, 
0x24, 0x20, 0x1E, 0x1C, 0x0E, 0x0B, 0x08, 0x08, 0x08, 0x08, 0x08, 0x08, 0x08, 0x08, 0x08, 0x08, 
0x08, 0x08, 0x08, 0x08, 0x08, 0x08, 0x08, 0x08, 0x08, 0x08, 0x08, 0x08, 0x08, 0x08, 0x08, 0x08, 
0x08, 0x08, 0x08, 0x08, 0x08, 0x08, 0x08, 0x08, 0x08, 0x08, 0x08, 0x08, 0x08, 0x08, 0x08, 0x08, 
0x08, 0x08, 0x08, 0x08, 0x08, 0x08, 0x08, 0x08, 0x08, 0x08, 0x08, 0x08, 0x08, 0x08, 0x08, 0x08, 
0x08, 0x08, 0x08, 0x08, 0x08, 0x08, 0x08, 0x08, 0x08, 0x08, 0x08, 0x08, 0x08, 0x08, 0x08, 0x08, 
0x08, 0x08, 0x08, 0x08, 0x08, 0x08, 0x08, 0x08, 0x08, 0x08, 0x08, 0x08, 0x08, 0x08, 0x08, 0x08, 
0x08, 0x08, 0x08, 0x08, 0x08, 0x08, 0x08, 0x08, 0x08, 0x08, 0x08, 0x08, 0x08, 0x08, 0x08, 0x08, 
0x08, 0x08, 0x08, 0x08, 0x08, 0x08, 0x08, 0x08, 0x08, 0x08, 0x08, 0x08, 0x08, 0x08, 0x08, 0x08, 
0x08, 0x08, 0x08, 0x08, 0x08, 0x08, 0x08, 0x08, 0x08, 0x08, 0x08, 0x08, 0x08, 0x08, 0x08, 0x08, 
0x08, 0x08, 0x08, 0x08, 0x08, 0x08, 0x08, 0x08, 0x08, 0x08, 0x08, 0x08, 0x08, 0x08, 0x08, 0x08, 
0x08, 0x08, 0x08, 0x08, 0x08, 0x08, 0x08, 0x08, 0x08, 0x08, 0x08, 0x08, 0x08, 0x08, 0x08, 0x08, 
0x08, 0x08, 0x08, 0x08, 0x08, 0x08, 0x08, 0x08, 0x08, 0x08, 0x08, 0x08, 0x08, 0x08, 0x08, 0x08, 
0x08, 0x08, 0x08, 0x08, 0x08, 0x08, 0x08, 0x08, 0x08, 0x08, 0x08, 0x08, 0x08, 0x08, 0x08, 0x08, 
0x08, 0x08, 0x08, 0x08, 0x08, 0x08, 0x08, 0x08, 0x08, 0x08, 0x08, 0x08, 0x08, 0x08, 0x08, 0x08, 
0x08, 0x08, 0x08, 0x08, 0x08, 0x08, 0x08, 0x08, 0x08, 0x08, 0x08, 0x08, 0x08, 0x08, 0x08, 0x08, 
0x08, 0x08, 0x08, 0x08, 0x08, 0x08, 0x08, 0x08, 0x08, 0x08, 0x08, 0x08, 0x08, 0x08, 0x08, 0x08, 
0x08, 0x08, 0x08, 0x08, 0x08, 0x08, 0x08, 0x08, 0x08, 0x08, 0x08, 0x08, 0x08, 0x08, 0x08, 0x08, 
0x08, 0x08, 0x08, 0x08, 0x08, 0x08, 0x08, 0x08, 0x0C, 0x0E, 0x1C, 0x1F, 0x21, 0x21, 0x1F, 0x1E, 
0x1E, 0x1D, 0x24, 0x1D, 0x1D, 0x1E, 0x1F, 0x1F, 0x1E, 0x1F, 0x1F, 0x1F, 0x1E, 0x0E, 0x08, 0x08, 
0x0B, 0x1E, 0x22, 0x21, 0x1F, 0x22, 0x13, 0x0C, 0x08, 0x08, 0x08, 0x08, 0x08, 0x08, 0x08, 0x0C, 
0x0E, 0x14, 0x24, 0x20, 0x1E, 0x1C, 0x0E, 0x0C, 0x08, 0x08, 0x08, 0x08, 0x08, 0x08, 0x08, 0x08, 
0x08, 0x08, 0x08, 0x08, 0x08, 0x08, 0x08, 0x08, 0x08, 0x08, 0x08, 0x08, 0x08, 0x08, 0x08, 0x08, 
0x08, 0x08, 0x08, 0x08, 0x08, 0x08, 0x08, 0x08, 0x08, 0x08, 0x08, 0x08, 0x08, 0x08, 0x08, 0x08, 
0x08, 0x08, 0x08, 0x08, 0x08, 0x08, 0x08, 0x08, 0x08, 0x08, 0x08, 0x08, 0x08, 0x08, 0x08, 0x08, 
0x08, 0x08, 0x08, 0x08, 0x08, 0x08, 0x08, 0x08, 0x08, 0x08, 0x08, 0x08, 0x08, 0x08, 0x08, 0x08, 
0x08, 0x08, 0x08, 0x08, 0x08, 0x08, 0x08, 0x08, 0x08, 0x08, 0x08, 0x08, 0x08, 0x08, 0x08, 0x08, 
0x08, 0x08, 0x08, 0x08, 0x08, 0x08, 0x08, 0x08, 0x08, 0x08, 0x08, 0x08, 0x08, 0x08, 0x08, 0x08, 
0x08, 0x08, 0x08, 0x08, 0x08, 0x08, 0x08, 0x08, 0x08, 0x08, 0x08, 0x08, 0x08, 0x08, 0x08, 0x08, 
0x08, 0x08, 0x08, 0x08, 0x08, 0x08, 0x08, 0x08, 0x08, 0x08, 0x08, 0x08, 0x08, 0x08, 0x08, 0x08, 
0x08, 0x08, 0x08, 0x08, 0x08, 0x08, 0x08, 0x08, 0x08, 0x08, 0x08, 0x08, 0x08, 0x08, 0x08, 0x08, 
0x08, 0x08, 0x08, 0x08, 0x08, 0x08, 0x08, 0x08, 0x08, 0x08, 0x08, 0x08, 0x08, 0x08, 0x08, 0x08, 
0x08, 0x08, 0x08, 0x08, 0x08, 0x08, 0x08, 0x08, 0x08, 0x08, 0x08, 0x08, 0x08, 0x08, 0x08, 0x08, 
0x08, 0x08, 0x08, 0x08, 0x08, 0x08, 0x08, 0x08, 0x08, 0x08, 0x08, 0x08, 0x08, 0x08, 0x08, 0x08, 
0x08, 0x08, 0x08, 0x08, 0x08, 0x08, 0x08, 0x08, 0x08, 0x08, 0x08, 0x08, 0x08, 0x08, 0x08, 0x08, 
0x08, 0x08, 0x08, 0x08, 0x08, 0x08, 0x08, 0x08, 0x08, 0x08, 0x08, 0x08, 0x08, 0x08, 0x08, 0x08, 
0x08, 0x08, 0x08, 0x08, 0x08, 0x08, 0x08, 0x08, 0x08, 0x08, 0x08, 0x08, 0x08, 0x08, 0x08, 0x08, 
0x08, 0x08, 0x08, 0x08, 0x08, 0x08, 0x08, 0x08, 0x08, 0x08, 0x08, 0x08, 0x08, 0x08, 0x08, 0x08, 
0x08, 0x08, 0x08, 0x08, 0x08, 0x08, 0x0C, 0x0E, 0x14, 0x20, 0x21, 0x1F, 0x14, 0x0E, 0x0D, 0x0D, 
0x0D, 0x0D, 0x0D, 0x0D, 0x0D, 0x0D, 0x0D, 0x0D, 0x0D, 0x0D, 0x0D, 0x0D, 0x22, 0x0E, 0x08, 0x08, 
0x0D, 0x20, 0x22, 0x21, 0x21, 0x21, 0x14, 0x0C, 0x08, 0x08, 0x08, 0x08, 0x08, 0x08, 0x08, 0x08, 
0x08, 0x0C, 0x0E, 0x1C, 0x22, 0x22, 0x22, 0x1C, 0x0E, 0x0C, 0x08, 0x08, 0x08, 0x08, 0x08, 0x08, 
0x08, 0x08, 0x08, 0x08, 0x08, 0x08, 0x08, 0x08, 0x08, 0x08, 0x08, 0x08, 0x08, 0x08, 0x08, 0x08, 
0x08, 0x08, 0x08, 0x08, 0x08, 0x08, 0x08, 0x08, 0x08, 0x08, 0x08, 0x08, 0x08, 0x08, 0x08, 0x08, 
0x08, 0x08, 0x08, 0x08, 0x08, 0x08, 0x08, 0x08, 0x08, 0x08, 0x08, 0x08, 0x08, 0x08, 0x08, 0x08, 
0x08, 0x08, 0x08, 0x08, 0x08, 0x08, 0x08, 0x08, 0x08, 0x08, 0x08, 0x08, 0x08, 0x08, 0x08, 0x08, 
0x08, 0x08, 0x08, 0x08, 0x08, 0x08, 0x08, 0x08, 0x08, 0x08, 0x08, 0x08, 0x08, 0x08, 0x08, 0x08, 
0x08, 0x08, 0x08, 0x08, 0x08, 0x08, 0x08, 0x08, 0x08, 0x08, 0x08, 0x08, 0x08, 0x08, 0x08, 0x08, 
0x08, 0x08, 0x08, 0x08, 0x08, 0x08, 0x08, 0x08, 0x08, 0x08, 0x08, 0x08, 0x08, 0x08, 0x08, 0x08, 
0x08, 0x08, 0x08, 0x08, 0x08, 0x08, 0x08, 0x08, 0x08, 0x08, 0x08, 0x08, 0x08, 0x08, 0x08, 0x08, 
0x08, 0x08, 0x08, 0x08, 0x08, 0x08, 0x08, 0x08, 0x08, 0x08, 0x08, 0x08, 0x08, 0x08, 0x08, 0x08, 
0x08, 0x08, 0x08, 0x08, 0x08, 0x08, 0x08, 0x08, 0x08, 0x08, 0x08, 0x08, 0x08, 0x08, 0x08, 0x08, 
0x08, 0x08, 0x08, 0x08, 0x08, 0x08, 0x08, 0x08, 0x08, 0x08, 0x08, 0x08, 0x08, 0x08, 0x08, 0x08, 
0x08, 0x08, 0x08, 0x08, 0x08, 0x08, 0x08, 0x08, 0x08, 0x08, 0x08, 0x08, 0x08, 0x08, 0x08, 0x08, 
0x08, 0x08, 0x08, 0x08, 0x08, 0x08, 0x08, 0x08, 0x08, 0x08, 0x08, 0x08, 0x08, 0x08, 0x08, 0x08, 
0x08, 0x08, 0x08, 0x08, 0x08, 0x08, 0x08, 0x08, 0x08, 0x08, 0x08, 0x08, 0x08, 0x08, 0x08, 0x08, 
0x08, 0x08, 0x08, 0x08, 0x08, 0x08, 0x08, 0x08, 0x08, 0x08, 0x08, 0x08, 0x08, 0x08, 0x08, 0x08, 
0x08, 0x08, 0x08, 0x08, 0x08, 0x08, 0x08, 0x08, 0x08, 0x08, 0x08, 0x08, 0x08, 0x08, 0x08, 0x08, 
0x08, 0x08, 0x08, 0x08, 0x0C, 0x0E, 0x1C, 0x1F, 0x22, 0x21, 0x1C, 0x0E, 0x0C, 0x08, 0x08, 0x08, 
0x08, 0x08, 0x08, 0x08, 0x08, 0x08, 0x08, 0x08, 0x08, 0x08, 0x08, 0x08, 0x22, 0x0E, 0x08, 0x08, 
0x0D, 0x21, 0x21, 0x22, 0x21, 0x21, 0x14, 0x0C, 0x08, 0x08, 0x08, 0x08, 0x08, 0x08, 0x08, 0x08, 
0x08, 0x08, 0x08, 0x0B, 0x13, 0x1D, 0x21, 0x23, 0x1E, 0x13, 0x0B, 0x08, 0x08, 0x08, 0x08, 0x08, 
0x08, 0x08, 0x08, 0x08, 0x08, 0x08, 0x08, 0x08, 0x08, 0x08, 0x08, 0x08, 0x08, 0x08, 0x08, 0x08, 
0x08, 0x08, 0x08, 0x08, 0x08, 0x08, 0x08, 0x08, 0x08, 0x08, 0x08, 0x08, 0x08, 0x08, 0x08, 0x08, 
0x08, 0x08, 0x08, 0x08, 0x08, 0x08, 0x08, 0x08, 0x08, 0x08, 0x08, 0x08, 0x08, 0x08, 0x08, 0x08, 
0x08, 0x08, 0x08, 0x08, 0x08, 0x08, 0x08, 0x08, 0x08, 0x08, 0x08, 0x08, 0x08, 0x08, 0x08, 0x08, 
0x08, 0x08, 0x08, 0x08, 0x08, 0x08, 0x08, 0x08, 0x08, 0x08, 0x08, 0x08, 0x08, 0x08, 0x08, 0x08, 
0x08, 0x08, 0x08, 0x08, 0x08, 0x08, 0x08, 0x08, 0x08, 0x08, 0x08, 0x08, 0x08, 0x08, 0x08, 0x08, 
0x08, 0x08, 0x08, 0x08, 0x08, 0x08, 0x08, 0x08, 0x08, 0x08, 0x08, 0x08, 0x08, 0x08, 0x08, 0x08, 
0x08, 0x08, 0x08, 0x08, 0x08, 0x08, 0x08, 0x08, 0x08, 0x08, 0x08, 0x08, 0x08, 0x08, 0x08, 0x08, 
0x08, 0x08, 0x08, 0x08, 0x08, 0x08, 0x08, 0x08, 0x08, 0x08, 0x08, 0x08, 0x08, 0x08, 0x08, 0x08, 
0x08, 0x08, 0x08, 0x08, 0x08, 0x08, 0x08, 0x08, 0x08, 0x08, 0x08, 0x08, 0x08, 0x08, 0x08, 0x08, 
0x08, 0x08, 0x08, 0x08, 0x08, 0x08, 0x08, 0x08, 0x08, 0x08, 0x08, 0x08, 0x08, 0x08, 0x08, 0x08, 
0x08, 0x08, 0x08, 0x08, 0x08, 0x08, 0x08, 0x08, 0x08, 0x08, 0x08, 0x08, 0x08, 0x08, 0x08, 0x08, 
0x08, 0x08, 0x08, 0x08, 0x08, 0x08, 0x08, 0x08, 0x08, 0x08, 0x08, 0x08, 0x08, 0x08, 0x08, 0x08, 
0x08, 0x08, 0x08, 0x08, 0x08, 0x08, 0x08, 0x08, 0x08, 0x08, 0x08, 0x08, 0x08, 0x08, 0x08, 0x08, 
0x08, 0x08, 0x08, 0x08, 0x08, 0x08, 0x08, 0x08, 0x08, 0x08, 0x08, 0x08, 0x08, 0x08, 0x08, 0x08, 
0x08, 0x08, 0x08, 0x08, 0x08, 0x08, 0x08, 0x08, 0x08, 0x08, 0x08, 0x08, 0x08, 0x08, 0x08, 0x08, 
0x08, 0x08, 0x08, 0x0B, 0x13, 0x20, 0x21, 0x22, 0x20, 0x13, 0x0B, 0x08, 0x08, 0x08, 0x08, 0x08, 
0x08, 0x08, 0x08, 0x08, 0x08, 0x08, 0x08, 0x08, 0x08, 0x08, 0x08, 0x08, 0x20, 0x0E, 0x08, 0x08, 
0x0D, 0x22, 0x22, 0x21, 0x22, 0x22, 0x14, 0x07, 0x08, 0x09, 0x13, 0x13, 0x0D, 0x09, 0x08, 0x08, 
0x08, 0x08, 0x08, 0x08, 0x0C, 0x0D, 0x14, 0x20, 0x22, 0x21, 0x1D, 0x13, 0x0B, 0x08, 0x08, 0x08, 
0x08, 0x08, 0x08, 0x08, 0x08, 0x08, 0x08, 0x08, 0x08, 0x08, 0x08, 0x08, 0x08, 0x08, 0x08, 0x08, 
0x08, 0x08, 0x08, 0x08, 0x08, 0x08, 0x08, 0x08, 0x08, 0x08, 0x08, 0x08, 0x08, 0x08, 0x08, 0x08, 
0x08, 0x08, 0x08, 0x08, 0x08, 0x08, 0x08, 0x08, 0x08, 0x08, 0x08, 0x08, 0x08, 0x08, 0x08, 0x08, 
0x08, 0x08, 0x08, 0x08, 0x08, 0x08, 0x08, 0x08, 0x08, 0x08, 0x08, 0x08, 0x08, 0x08, 0x08, 0x08, 
0x08, 0x08, 0x08, 0x08, 0x08, 0x08, 0x08, 0x08, 0x08, 0x08, 0x08, 0x08, 0x08, 0x08, 0x08, 0x08, 
0x08, 0x08, 0x08, 0x08, 0x08, 0x08, 0x08, 0x08, 0x08, 0x08, 0x08, 0x08, 0x08, 0x08, 0x08, 0x08, 
0x08, 0x08, 0x08, 0x08, 0x08, 0x08, 0x08, 0x08, 0x08, 0x08, 0x08, 0x08, 0x08, 0x08, 0x08, 0x08, 
0x08, 0x08, 0x08, 0x08, 0x08, 0x08, 0x08, 0x08, 0x08, 0x08, 0x08, 0x08, 0x08, 0x08, 0x08, 0x08, 
0x08, 0x08, 0x08, 0x08, 0x08, 0x08, 0x08, 0x08, 0x08, 0x08, 0x08, 0x08, 0x08, 0x08, 0x08, 0x08, 
0x08, 0x08, 0x08, 0x08, 0x08, 0x08, 0x08, 0x08, 0x08, 0x08, 0x08, 0x08, 0x08, 0x08, 0x08, 0x08, 
0x08, 0x08, 0x08, 0x08, 0x08, 0x08, 0x08, 0x08, 0x08, 0x08, 0x08, 0x08, 0x08, 0x08, 0x08, 0x08, 
0x08, 0x08, 0x08, 0x08, 0x08, 0x08, 0x08, 0x08, 0x08, 0x08, 0x08, 0x08, 0x08, 0x08, 0x08, 0x08, 
0x08, 0x08, 0x08, 0x08, 0x08, 0x08, 0x08, 0x08, 0x08, 0x08, 0x08, 0x08, 0x08, 0x08, 0x08, 0x08, 
0x08, 0x08, 0x08, 0x08, 0x08, 0x08, 0x08, 0x08, 0x08, 0x08, 0x08, 0x08, 0x08, 0x08, 0x08, 0x08, 
0x08, 0x08, 0x08, 0x08, 0x08, 0x08, 0x08, 0x08, 0x08, 0x08, 0x08, 0x08, 0x08, 0x08, 0x08, 0x08, 
0x08, 0x08, 0x08, 0x08, 0x08, 0x08, 0x08, 0x08, 0x08, 0x08, 0x08, 0x08, 0x08, 0x08, 0x08, 0x08, 
0x08, 0x0B, 0x13, 0x24, 0x1F, 0x21, 0x1D, 0x14, 0x0E, 0x0C, 0x08, 0x08, 0x08, 0x08, 0x08, 0x0C, 
0x0B, 0x0D, 0x0D, 0x0D, 0x08, 0x08, 0x0C, 0x0D, 0x0E, 0x0E, 0x0E, 0x0E, 0x20, 0x0E, 0x08, 0x08, 
0x0D, 0x20, 0x21, 0x1F, 0x21, 0x21, 0x14, 0x0C, 0x08, 0x0C, 0x24, 0x23, 0x1D, 0x13, 0x0B, 0x08, 
0x08, 0x08, 0x08, 0x08, 0x08, 0x08, 0x0C, 0x0E, 0x1C, 0x20, 0x23, 0x21, 0x1C, 0x0E, 0x0C, 0x08, 
0x08, 0x08, 0x08, 0x08, 0x08, 0x08, 0x08, 0x08, 0x08, 0x08, 0x08, 0x08, 0x08, 0x08, 0x08, 0x08, 
0x08, 0x08, 0x08, 0x08, 0x08, 0x08, 0x08, 0x08, 0x08, 0x08, 0x08, 0x08, 0x08, 0x08, 0x08, 0x08, 
0x08, 0x08, 0x08, 0x08, 0x08, 0x08, 0x08, 0x08, 0x08, 0x08, 0x08, 0x08, 0x08, 0x08, 0x08, 0x08, 
0x08, 0x08, 0x08, 0x08, 0x08, 0x08, 0x08, 0x08, 0x08, 0x08, 0x08, 0x08, 0x08, 0x08, 0x08, 0x08, 
0x08, 0x08, 0x08, 0x08, 0x08, 0x08, 0x08, 0x08, 0x08, 0x08, 0x08, 0x08, 0x08, 0x08, 0x08, 0x08, 
0x08, 0x08, 0x08, 0x08, 0x08, 0x08, 0x08, 0x08, 0x08, 0x08, 0x08, 0x08, 0x08, 0x08, 0x08, 0x08, 
0x08, 0x08, 0x08, 0x08, 0x08, 0x08, 0x08, 0x08, 0x08, 0x08, 0x08, 0x08, 0x08, 0x08, 0x08, 0x08, 
0x08, 0x08, 0x08, 0x08, 0x08, 0x08, 0x08, 0x08, 0x08, 0x08, 0x08, 0x08, 0x08, 0x08, 0x08, 0x08, 
0x08, 0x08, 0x08, 0x08, 0x08, 0x08, 0x08, 0x08, 0x08, 0x08, 0x08, 0x08, 0x08, 0x08, 0x08, 0x08, 
0x08, 0x08, 0x08, 0x08, 0x08, 0x08, 0x08, 0x08, 0x08, 0x08, 0x08, 0x08, 0x08, 0x08, 0x08, 0x08, 
0x08, 0x08, 0x08, 0x08, 0x08, 0x08, 0x08, 0x08, 0x08, 0x08, 0x08, 0x08, 0x08, 0x08, 0x08, 0x08, 
0x08, 0x08, 0x08, 0x08, 0x08, 0x08, 0x08, 0x08, 0x08, 0x08, 0x08, 0x08, 0x08, 0x08, 0x08, 0x08, 
0x08, 0x08, 0x08, 0x08, 0x08, 0x08, 0x08, 0x08, 0x08, 0x08, 0x08, 0x08, 0x08, 0x08, 0x08, 0x08, 
0x08, 0x08, 0x08, 0x08, 0x08, 0x08, 0x08, 0x08, 0x08, 0x08, 0x08, 0x08, 0x08, 0x08, 0x08, 0x08, 
0x08, 0x08, 0x08, 0x08, 0x08, 0x08, 0x08, 0x08, 0x08, 0x08, 0x08, 0x08, 0x08, 0x08, 0x08, 0x08, 
0x08, 0x08, 0x08, 0x08, 0x08, 0x08, 0x08, 0x08, 0x08, 0x08, 0x08, 0x08, 0x08, 0x08, 0x08, 0x0B, 
0x0E, 0x1C, 0x22, 0x1F, 0x1D, 0x14, 0x0D, 0x09, 0x08, 0x08, 0x08, 0x08, 0x08, 0x08, 0x0D, 0x13, 
0x1D, 0x1E, 0x1E, 0x14, 0x0C, 0x08, 0x0C, 0x1C, 0x21, 0x21, 0x21, 0x21, 0x1E, 0x0E, 0x08, 0x08, 
0x0E, 0x1F, 0x22, 0x22, 0x23, 0x1F, 0x14, 0x0C, 0x08, 0x0C, 0x24, 0x23, 0x22, 0x22, 0x1C, 0x0E, 
0x0C, 0x08, 0x08, 0x08, 0x08, 0x08, 0x08, 0x08, 0x0C, 0x0E, 0x1C, 0x21, 0x23, 0x20, 0x14, 0x0E, 
0x0C, 0x08, 0x08, 0x08, 0x08, 0x08, 0x08, 0x08, 0x08, 0x08, 0x08, 0x08, 0x08, 0x08, 0x08, 0x08, 
0x08, 0x08, 0x08, 0x08, 0x08, 0x08, 0x08, 0x08, 0x08, 0x08, 0x08, 0x08, 0x08, 0x08, 0x08, 0x08, 
0x08, 0x08, 0x08, 0x08, 0x08, 0x08, 0x08, 0x08, 0x08, 0x08, 0x08, 0x08, 0x08, 0x08, 0x08, 0x08, 
0x08, 0x08, 0x08, 0x08, 0x08, 0x08, 0x08, 0x08, 0x08, 0x08, 0x08, 0x08, 0x08, 0x08, 0x08, 0x08, 
0x08, 0x08, 0x08, 0x08, 0x08, 0x08, 0x08, 0x08, 0x08, 0x08, 0x08, 0x08, 0x08, 0x08, 0x08, 0x08, 
0x08, 0x08, 0x08, 0x08, 0x08, 0x08, 0x08, 0x08, 0x08, 0x08, 0x08, 0x08, 0x08, 0x08, 0x08, 0x08, 
0x08, 0x08, 0x08, 0x08, 0x08, 0x08, 0x08, 0x08, 0x08, 0x08, 0x08, 0x08, 0x08, 0x08, 0x08, 0x08, 
0x08, 0x08, 0x08, 0x08, 0x08, 0x08, 0x08, 0x08, 0x08, 0x08, 0x08, 0x08, 0x08, 0x08, 0x08, 0x08, 
0x08, 0x08, 0x08, 0x08, 0x08, 0x08, 0x08, 0x08, 0x08, 0x08, 0x08, 0x08, 0x08, 0x08, 0x08, 0x08, 
0x08, 0x08, 0x08, 0x08, 0x08, 0x08, 0x08, 0x08, 0x08, 0x08, 0x08, 0x08, 0x08, 0x08, 0x08, 0x08, 
0x08, 0x08, 0x08, 0x08, 0x08, 0x08, 0x08, 0x08, 0x08, 0x08, 0x08, 0x08, 0x08, 0x08, 0x08, 0x08, 
0x08, 0x08, 0x08, 0x08, 0x08, 0x08, 0x08, 0x08, 0x08, 0x08, 0x08, 0x08, 0x08, 0x08, 0x08, 0x08, 
0x08, 0x08, 0x08, 0x08, 0x08, 0x08, 0x08, 0x08, 0x08, 0x08, 0x08, 0x08, 0x08, 0x08, 0x08, 0x08, 
0x08, 0x08, 0x08, 0x08, 0x08, 0x08, 0x08, 0x08, 0x08, 0x08, 0x08, 0x08, 0x08, 0x08, 0x08, 0x08, 
0x08, 0x08, 0x08, 0x08, 0x08, 0x08, 0x08, 0x08, 0x08, 0x08, 0x08, 0x08, 0x08, 0x08, 0x08, 0x08, 
0x08, 0x08, 0x08, 0x08, 0x08, 0x08, 0x08, 0x08, 0x08, 0x08, 0x08, 0x08, 0x08, 0x0C, 0x0E, 0x1C, 
0x1D, 0x21, 0x21, 0x1C, 0x0D, 0x0C, 0x08, 0x08, 0x08, 0x08, 0x08, 0x08, 0x08, 0x0C, 0x1C, 0x22, 
0x22, 0x21, 0x21, 0x14, 0x0C, 0x08, 0x0C, 0x14, 0x1F, 0x21, 0x21, 0x21, 0x1E, 0x0E, 0x08, 0x08, 
0x0E, 0x22, 0x21, 0x23, 0x21, 0x21, 0x14, 0x0C, 0x08, 0x0C, 0x1C, 0x22, 0x23, 0x23, 0x22, 0x1C, 
0x0B, 0x08, 0x08, 0x08, 0x08, 0x08, 0x08, 0x08, 0x08, 0x08, 0x0B, 0x13, 0x20, 0x21, 0x21, 0x20, 
0x13, 0x0B, 0x08, 0x08, 0x08, 0x08, 0x08, 0x08, 0x08, 0x08, 0x08, 0x08, 0x08, 0x08, 0x08, 0x08, 
0x08, 0x08, 0x08, 0x08, 0x08, 0x08, 0x08, 0x08, 0x08, 0x08, 0x08, 0x08, 0x08, 0x08, 0x08, 0x08, 
0x08, 0x08, 0x08, 0x08, 0x08, 0x08, 0x08, 0x08, 0x08, 0x08, 0x08, 0x08, 0x08, 0x08, 0x08, 0x08, 
0x08, 0x08, 0x08, 0x08, 0x08, 0x08, 0x08, 0x08, 0x08, 0x08, 0x08, 0x08, 0x08, 0x08, 0x08, 0x08, 
0x08, 0x08, 0x08, 0x08, 0x08, 0x08, 0x08, 0x08, 0x08, 0x08, 0x08, 0x08, 0x08, 0x08, 0x08, 0x08, 
0x08, 0x08, 0x08, 0x08, 0x08, 0x08, 0x08, 0x08, 0x08, 0x08, 0x08, 0x08, 0x08, 0x08, 0x08, 0x08, 
0x08, 0x08, 0x08, 0x08, 0x08, 0x08, 0x08, 0x08, 0x08, 0x08, 0x08, 0x08, 0x08, 0x08, 0x08, 0x08, 
0x08, 0x08, 0x08, 0x08, 0x08, 0x08, 0x08, 0x08, 0x08, 0x08, 0x08, 0x08, 0x08, 0x08, 0x08, 0x08, 
0x08, 0x08, 0x08, 0x08, 0x08, 0x08, 0x08, 0x08, 0x08, 0x08, 0x08, 0x08, 0x08, 0x08, 0x08, 0x08, 
0x08, 0x08, 0x08, 0x08, 0x08, 0x08, 0x08, 0x08, 0x08, 0x08, 0x08, 0x08, 0x08, 0x08, 0x08, 0x08, 
0x08, 0x08, 0x08, 0x08, 0x08, 0x08, 0x08, 0x08, 0x08, 0x08, 0x08, 0x08, 0x08, 0x08, 0x08, 0x08, 
0x08, 0x08, 0x08, 0x08, 0x08, 0x08, 0x08, 0x08, 0x08, 0x08, 0x08, 0x08, 0x08, 0x08, 0x08, 0x08, 
0x08, 0x08, 0x08, 0x08, 0x08, 0x08, 0x08, 0x08, 0x08, 0x08, 0x08, 0x08, 0x08, 0x08, 0x08, 0x08, 
0x08, 0x08, 0x08, 0x08, 0x08, 0x08, 0x08, 0x08, 0x08, 0x08, 0x08, 0x08, 0x08, 0x08, 0x08, 0x08, 
0x08, 0x08, 0x08, 0x08, 0x08, 0x08, 0x08, 0x08, 0x08, 0x08, 0x08, 0x08, 0x08, 0x08, 0x08, 0x08, 
0x08, 0x08, 0x08, 0x08, 0x08, 0x08, 0x08, 0x08, 0x08, 0x08, 0x08, 0x09, 0x0D, 0x14, 0x1F, 0x1F, 
0x1F, 0x1D, 0x13, 0x0B, 0x08, 0x08, 0x08, 0x08, 0x08, 0x08, 0x08, 0x08, 0x08, 0x0C, 0x1D, 0x21, 
0x22, 0x22, 0x23, 0x1C, 0x0C, 0x08, 0x0C, 0x1C, 0x21, 0x21, 0x21, 0x21, 0x24, 0x0E, 0x08, 0x08, 
0x0E, 0x22, 0x21, 0x22, 0x21, 0x22, 0x14, 0x0C, 0x08, 0x0C, 0x24, 0x23, 0x23, 0x23, 0x21, 0x1D, 
0x0D, 0x08, 0x08, 0x08, 0x0C, 0x09, 0x08, 0x08, 0x08, 0x08, 0x08, 0x09, 0x0D, 0x14, 0x1F, 0x21, 
0x22, 0x1D, 0x0E, 0x0C, 0x08, 0x08, 0x08, 0x08, 0x08, 0x08, 0x08, 0x08, 0x08, 0x08, 0x08, 0x08, 
0x08, 0x08, 0x08, 0x08, 0x08, 0x08, 0x08, 0x08, 0x08, 0x08, 0x08, 0x08, 0x08, 0x08, 0x08, 0x08, 
0x08, 0x08, 0x08, 0x08, 0x08, 0x08, 0x08, 0x08, 0x08, 0x08, 0x08, 0x08, 0x08, 0x08, 0x08, 0x08, 
0x08, 0x08, 0x08, 0x08, 0x08, 0x08, 0x08, 0x08, 0x08, 0x08, 0x08, 0x08, 0x08, 0x08, 0x08, 0x08, 
0x08, 0x08, 0x08, 0x08, 0x08, 0x08, 0x08, 0x08, 0x08, 0x08, 0x08, 0x08, 0x08, 0x08, 0x08, 0x08, 
0x08, 0x08, 0x08, 0x08, 0x08, 0x08, 0x08, 0x08, 0x08, 0x08, 0x08, 0x08, 0x08, 0x08, 0x08, 0x08, 
0x08, 0x08, 0x08, 0x08, 0x08, 0x08, 0x08, 0x08, 0x08, 0x08, 0x08, 0x08, 0x08, 0x08, 0x08, 0x08, 
0x08, 0x08, 0x08, 0x08, 0x08, 0x08, 0x08, 0x08, 0x08, 0x08, 0x08, 0x08, 0x08, 0x08, 0x08, 0x08, 
0x08, 0x08, 0x08, 0x08, 0x08, 0x08, 0x08, 0x08, 0x08, 0x08, 0x08, 0x08, 0x08, 0x08, 0x08, 0x08, 
0x08, 0x08, 0x08, 0x08, 0x08, 0x08, 0x08, 0x08, 0x08, 0x08, 0x08, 0x08, 0x08, 0x08, 0x08, 0x08, 
0x08, 0x08, 0x08, 0x08, 0x08, 0x08, 0x08, 0x08, 0x08, 0x08, 0x08, 0x08, 0x08, 0x08, 0x08, 0x08, 
0x08, 0x08, 0x08, 0x08, 0x08, 0x08, 0x08, 0x08, 0x08, 0x08, 0x08, 0x08, 0x08, 0x08, 0x08, 0x08, 
0x08, 0x08, 0x08, 0x08, 0x08, 0x08, 0x08, 0x08, 0x08, 0x08, 0x08, 0x08, 0x08, 0x08, 0x08, 0x08, 
0x08, 0x08, 0x08, 0x08, 0x08, 0x08, 0x08, 0x08, 0x08, 0x08, 0x08, 0x08, 0x08, 0x08, 0x08, 0x08, 
0x08, 0x08, 0x08, 0x08, 0x08, 0x08, 0x08, 0x08, 0x08, 0x08, 0x08, 0x08, 0x08, 0x08, 0x08, 0x08, 
0x08, 0x08, 0x08, 0x08, 0x08, 0x08, 0x08, 0x08, 0x08, 0x08, 0x0D, 0x13, 0x1E, 0x22, 0x22, 0x1D, 
0x13, 0x0B, 0x08, 0x08, 0x08, 0x08, 0x08, 0x08, 0x08, 0x08, 0x08, 0x08, 0x08, 0x0C, 0x1C, 0x21, 
0x22, 0x22, 0x22, 0x1C, 0x0C, 0x08, 0x0C, 0x1C, 0x21, 0x1F, 0x21, 0x21, 0x1C, 0x0E, 0x08, 0x08, 
0x0D, 0x24, 0x1F, 0x22, 0x21, 0x22, 0x14, 0x0C, 0x08, 0x0C, 0x1C, 0x23, 0x23, 0x22, 0x22, 0x1D, 
0x0B, 0x08, 0x08, 0x0B, 0x1C, 0x13, 0x0B, 0x08, 0x08, 0x08, 0x08, 0x08, 0x08, 0x0C, 0x0E, 0x14, 
0x20, 0x21, 0x20, 0x1C, 0x0E, 0x0B, 0x08, 0x08, 0x08, 0x08, 0x08, 0x08, 0x08, 0x08, 0x08, 0x08, 
0x08, 0x08, 0x08, 0x08, 0x08, 0x08, 0x08, 0x08, 0x08, 0x08, 0x08, 0x08, 0x08, 0x08, 0x08, 0x08, 
0x08, 0x08, 0x08, 0x08, 0x08, 0x08, 0x08, 0x08, 0x08, 0x08, 0x08, 0x08, 0x08, 0x08, 0x08, 0x08, 
0x08, 0x08, 0x08, 0x08, 0x08, 0x08, 0x08, 0x08, 0x08, 0x08, 0x08, 0x08, 0x08, 0x08, 0x08, 0x08, 
0x08, 0x08, 0x08, 0x08, 0x08, 0x08, 0x08, 0x08, 0x08, 0x08, 0x08, 0x08, 0x08, 0x08, 0x08, 0x08, 
0x08, 0x08, 0x08, 0x08, 0x08, 0x08, 0x08, 0x08, 0x08, 0x08, 0x08, 0x08, 0x08, 0x08, 0x08, 0x08, 
0x08, 0x08, 0x08, 0x08, 0x08, 0x08, 0x08, 0x08, 0x08, 0x08, 0x08, 0x08, 0x08, 0x08, 0x08, 0x08, 
0x08, 0x08, 0x08, 0x08, 0x08, 0x08, 0x08, 0x08, 0x08, 0x08, 0x08, 0x08, 0x08, 0x08, 0x08, 0x08, 
0x08, 0x08, 0x08, 0x08, 0x08, 0x08, 0x08, 0x08, 0x08, 0x08, 0x08, 0x08, 0x08, 0x08, 0x08, 0x08, 
0x08, 0x08, 0x08, 0x08, 0x08, 0x08, 0x08, 0x08, 0x08, 0x08, 0x08, 0x08, 0x08, 0x08, 0x08, 0x08, 
0x08, 0x08, 0x08, 0x08, 0x08, 0x08, 0x08, 0x08, 0x08, 0x08, 0x08, 0x08, 0x08, 0x08, 0x08, 0x08, 
0x08, 0x08, 0x08, 0x08, 0x08, 0x08, 0x08, 0x08, 0x08, 0x08, 0x08, 0x08, 0x08, 0x08, 0x08, 0x08, 
0x08, 0x08, 0x08, 0x08, 0x08, 0x08, 0x08, 0x08, 0x08, 0x08, 0x08, 0x08, 0x08, 0x08, 0x08, 0x08, 
0x08, 0x08, 0x08, 0x08, 0x08, 0x08, 0x08, 0x08, 0x08, 0x08, 0x08, 0x08, 0x08, 0x08, 0x08, 0x08, 
0x08, 0x08, 0x08, 0x08, 0x08, 0x08, 0x08, 0x08, 0x08, 0x08, 0x08, 0x08, 0x08, 0x08, 0x08, 0x08, 
0x08, 0x08, 0x08, 0x08, 0x08, 0x08, 0x08, 0x09, 0x0D, 0x13, 0x1E, 0x23, 0x23, 0x20, 0x14, 0x0D, 
0x09, 0x08, 0x08, 0x08, 0x08, 0x08, 0x08, 0x0C, 0x0D, 0x0E, 0x0B, 0x08, 0x08, 0x0C, 0x1C, 0x21, 
0x21, 0x22, 0x23, 0x1C, 0x0C, 0x08, 0x0C, 0x1C, 0x21, 0x21, 0x21, 0x21, 0x0B, 0x09, 0x08, 0x08, 
0x0C, 0x0B, 0x0D, 0x24, 0x1F, 0x1F, 0x14, 0x0C, 0x08, 0x0C, 0x24, 0x23, 0x23, 0x23, 0x23, 0x1C, 
0x0B, 0x08, 0x08, 0x0D, 0x21, 0x22, 0x24, 0x0D, 0x08, 0x08, 0x08, 0x08, 0x08, 0x08, 0x08, 0x0C, 
0x0D, 0x24, 0x21, 0x22, 0x23, 0x1C, 0x0D, 0x08, 0x08, 0x08, 0x08, 0x08, 0x08, 0x08, 0x08, 0x08, 
0x08, 0x08, 0x08, 0x08, 0x08, 0x08, 0x08, 0x08, 0x08, 0x08, 0x08, 0x08, 0x08, 0x08, 0x08, 0x08, 
0x08, 0x08, 0x08, 0x08, 0x08, 0x08, 0x08, 0x08, 0x08, 0x08, 0x08, 0x08, 0x08, 0x08, 0x08, 0x08, 
0x08, 0x08, 0x08, 0x08, 0x08, 0x08, 0x08, 0x08, 0x08, 0x08, 0x08, 0x08, 0x08, 0x08, 0x08, 0x08, 
0x08, 0x08, 0x08, 0x08, 0x08, 0x08, 0x08, 0x08, 0x08, 0x08, 0x08, 0x08, 0x08, 0x08, 0x08, 0x08, 
0x08, 0x08, 0x08, 0x08, 0x08, 0x08, 0x08, 0x08, 0x08, 0x08, 0x08, 0x08, 0x08, 0x08, 0x08, 0x08, 
0x08, 0x08, 0x08, 0x08, 0x08, 0x08, 0x08, 0x08, 0x08, 0x08, 0x08, 0x08, 0x08, 0x08, 0x08, 0x08, 
0x08, 0x08, 0x08, 0x08, 0x08, 0x08, 0x08, 0x08, 0x08, 0x08, 0x08, 0x08, 0x08, 0x08, 0x08, 0x08, 
0x08, 0x08, 0x08, 0x08, 0x08, 0x08, 0x08, 0x08, 0x08, 0x08, 0x08, 0x08, 0x08, 0x08, 0x08, 0x08, 
0x08, 0x08, 0x08, 0x08, 0x08, 0x08, 0x08, 0x08, 0x08, 0x08, 0x08, 0x08, 0x08, 0x08, 0x08, 0x08, 
0x08, 0x08, 0x08, 0x08, 0x08, 0x08, 0x08, 0x08, 0x08, 0x08, 0x08, 0x08, 0x08, 0x08, 0x08, 0x08, 
0x08, 0x08, 0x08, 0x08, 0x08, 0x08, 0x08, 0x08, 0x08, 0x08, 0x08, 0x08, 0x08, 0x08, 0x08, 0x08, 
0x08, 0x08, 0x08, 0x08, 0x08, 0x08, 0x08, 0x08, 0x08, 0x08, 0x08, 0x08, 0x08, 0x08, 0x08, 0x08, 
0x08, 0x08, 0x08, 0x08, 0x08, 0x08, 0x08, 0x08, 0x08, 0x08, 0x08, 0x08, 0x08, 0x08, 0x08, 0x08, 
0x08, 0x08, 0x08, 0x08, 0x08, 0x08, 0x08, 0x08, 0x08, 0x08, 0x08, 0x08, 0x08, 0x08, 0x08, 0x08, 
0x08, 0x08, 0x08, 0x08, 0x08, 0x08, 0x0C, 0x13, 0x1E, 0x23, 0x22, 0x22, 0x14, 0x0D, 0x0C, 0x08, 
0x08, 0x08, 0x08, 0x08, 0x08, 0x08, 0x0C, 0x14, 0x1E, 0x20, 0x0D, 0x08, 0x08, 0x0C, 0x1C, 0x22, 
0x21, 0x21, 0x21, 0x1C, 0x0C, 0x08, 0x0C, 0x14, 0x21, 0x21, 0x22, 0x21, 0x08, 0x08, 0x08, 0x08, 
0x08, 0x08, 0x08, 0x0B, 0x13, 0x14, 0x13, 0x0C, 0x08, 0x0C, 0x24, 0x23, 0x22, 0x22, 0x23, 0x1C, 
0x0B, 0x08, 0x08, 0x0D, 0x21, 0x21, 0x22, 0x24, 0x0E, 0x09, 0x08, 0x08, 0x08, 0x08, 0x08, 0x08, 
0x08, 0x0B, 0x13, 0x1E, 0x21, 0x1F, 0x1D, 0x13, 0x0B, 0x08, 0x08, 0x08, 0x08, 0x08, 0x08, 0x08, 
0x08, 0x08, 0x08, 0x08, 0x08, 0x08, 0x08, 0x08, 0x08, 0x08, 0x08, 0x08, 0x08, 0x08, 0x08, 0x08, 
0x08, 0x08, 0x08, 0x08, 0x08, 0x08, 0x08, 0x08, 0x08, 0x08, 0x08, 0x08, 0x08, 0x08, 0x08, 0x08, 
0x08, 0x08, 0x08, 0x08, 0x08, 0x08, 0x08, 0x08, 0x08, 0x08, 0x08, 0x08, 0x08, 0x08, 0x08, 0x08, 
0x08, 0x08, 0x08, 0x08, 0x08, 0x08, 0x08, 0x08, 0x08, 0x08, 0x08, 0x08, 0x08, 0x08, 0x08, 0x08, 
0x08, 0x08, 0x08, 0x08, 0x08, 0x08, 0x08, 0x08, 0x08, 0x08, 0x08, 0x08, 0x08, 0x08, 0x08, 0x08, 
0x08, 0x08, 0x08, 0x08, 0x08, 0x08, 0x08, 0x08, 0x08, 0x08, 0x08, 0x08, 0x08, 0x08, 0x08, 0x08, 
0x08, 0x08, 0x08, 0x08, 0x08, 0x08, 0x08, 0x08, 0x08, 0x08, 0x08, 0x08, 0x08, 0x08, 0x08, 0x08, 
0x08, 0x08, 0x08, 0x08, 0x08, 0x08, 0x08, 0x08, 0x08, 0x08, 0x08, 0x08, 0x08, 0x08, 0x08, 0x08, 
0x08, 0x08, 0x08, 0x08, 0x08, 0x08, 0x08, 0x08, 0x08, 0x08, 0x08, 0x08, 0x08, 0x08, 0x08, 0x08, 
0x08, 0x08, 0x08, 0x08, 0x08, 0x08, 0x08, 0x08, 0x08, 0x08, 0x08, 0x08, 0x08, 0x08, 0x08, 0x08, 
0x08, 0x08, 0x08, 0x08, 0x08, 0x08, 0x08, 0x08, 0x08, 0x08, 0x08, 0x08, 0x08, 0x08, 0x08, 0x08, 
0x08, 0x08, 0x08, 0x08, 0x08, 0x08, 0x08, 0x08, 0x08, 0x08, 0x08, 0x08, 0x08, 0x08, 0x08, 0x08, 
0x08, 0x08, 0x08, 0x08, 0x08, 0x08, 0x08, 0x08, 0x08, 0x08, 0x08, 0x08, 0x08, 0x08, 0x08, 0x08, 
0x08, 0x08, 0x08, 0x08, 0x08, 0x08, 0x08, 0x08, 0x08, 0x08, 0x08, 0x08, 0x08, 0x08, 0x08, 0x08, 
0x08, 0x08, 0x08, 0x08, 0x0C, 0x0D, 0x14, 0x22, 0x23, 0x22, 0x1C, 0x0E, 0x0C, 0x08, 0x08, 0x08, 
0x08, 0x08, 0x08, 0x08, 0x08, 0x0B, 0x14, 0x20, 0x22, 0x21, 0x0D, 0x08, 0x08, 0x0C, 0x1C, 0x22, 
0x22, 0x22, 0x21, 0x1C, 0x0C, 0x08, 0x0C, 0x1C, 0x21, 0x22, 0x22, 0x21, 0x08, 0x08, 0x08, 0x08, 
0x08, 0x08, 0x08, 0x08, 0x08, 0x08, 0x08, 0x08, 0x08, 0x0C, 0x1C, 0x22, 0x22, 0x22, 0x21, 0x14, 
0x0B, 0x08, 0x08, 0x0D, 0x21, 0x23, 0x23, 0x23, 0x1E, 0x0E, 0x08, 0x08, 0x08, 0x08, 0x08, 0x08, 
0x08, 0x08, 0x09, 0x0D, 0x13, 0x1D, 0x1F, 0x1F, 0x1C, 0x0E, 0x0B, 0x08, 0x08, 0x08, 0x08, 0x08, 
0x08, 0x08, 0x08, 0x08, 0x08, 0x08, 0x08, 0x08, 0x08, 0x08, 0x08, 0x08, 0x08, 0x08, 0x08, 0x08, 
0x08, 0x08, 0x08, 0x08, 0x08, 0x08, 0x08, 0x08, 0x08, 0x08, 0x08, 0x08, 0x08, 0x08, 0x08, 0x08, 
0x08, 0x08, 0x08, 0x08, 0x08, 0x08, 0x08, 0x08, 0x08, 0x08, 0x08, 0x08, 0x08, 0x08, 0x08, 0x08, 
0x08, 0x08, 0x08, 0x08, 0x08, 0x08, 0x08, 0x08, 0x08, 0x08, 0x08, 0x08, 0x08, 0x08, 0x08, 0x08, 
0x08, 0x08, 0x08, 0x08, 0x08, 0x08, 0x08, 0x08, 0x08, 0x08, 0x08, 0x08, 0x08, 0x08, 0x08, 0x08, 
0x08, 0x08, 0x08, 0x08, 0x08, 0x08, 0x08, 0x08, 0x08, 0x08, 0x08, 0x08, 0x08, 0x08, 0x08, 0x08, 
0x08, 0x08, 0x08, 0x08, 0x08, 0x08, 0x08, 0x08, 0x08, 0x08, 0x08, 0x08, 0x08, 0x08, 0x08, 0x08, 
0x08, 0x08, 0x08, 0x08, 0x08, 0x08, 0x08, 0x08, 0x08, 0x08, 0x08, 0x08, 0x08, 0x08, 0x08, 0x08, 
0x08, 0x08, 0x08, 0x08, 0x08, 0x08, 0x08, 0x08, 0x08, 0x08, 0x08, 0x08, 0x08, 0x08, 0x08, 0x08, 
0x08, 0x08, 0x08, 0x08, 0x08, 0x08, 0x08, 0x08, 0x08, 0x08, 0x08, 0x08, 0x08, 0x08, 0x08, 0x08, 
0x08, 0x08, 0x08, 0x08, 0x08, 0x08, 0x08, 0x08, 0x08, 0x08, 0x08, 0x08, 0x08, 0x08, 0x08, 0x08, 
0x08, 0x08, 0x08, 0x08, 0x08, 0x08, 0x08, 0x08, 0x08, 0x08, 0x08, 0x08, 0x08, 0x08, 0x08, 0x08, 
0x08, 0x08, 0x08, 0x08, 0x08, 0x08, 0x08, 0x08, 0x08, 0x08, 0x08, 0x08, 0x08, 0x08, 0x08, 0x08, 
0x08, 0x08, 0x08, 0x08, 0x08, 0x08, 0x08, 0x08, 0x08, 0x08, 0x08, 0x08, 0x08, 0x08, 0x08, 0x08, 
0x08, 0x08, 0x0C, 0x0D, 0x1C, 0x20, 0x22, 0x22, 0x1D, 0x13, 0x0B, 0x08, 0x08, 0x08, 0x08, 0x08, 
0x08, 0x08, 0x08, 0x08, 0x0B, 0x1D, 0x22, 0x23, 0x22, 0x22, 0x0D, 0x08, 0x08, 0x0C, 0x1C, 0x21, 
0x22, 0x21, 0x21, 0x1C, 0x0C, 0x08, 0x0C, 0x1C, 0x21, 0x22, 0x21, 0x22, 0x08, 0x08, 0x08, 0x08, 
0x08, 0x08, 0x08, 0x08, 0x08, 0x08, 0x08, 0x08, 0x08, 0x0C, 0x0D, 0x0D, 0x13, 0x1D, 0x21, 0x14, 
0x0C, 0x08, 0x08, 0x0E, 0x21, 0x23, 0x22, 0x22, 0x23, 0x13, 0x08, 0x08, 0x08, 0x0B, 0x0B, 0x08, 
0x08, 0x08, 0x08, 0x08, 0x08, 0x0D, 0x14, 0x1F, 0x21, 0x1F, 0x1C, 0x0E, 0x0C, 0x08, 0x08, 0x08, 
0x08, 0x08, 0x08, 0x08, 0x08, 0x08, 0x08, 0x08, 0x08, 0x08, 0x08, 0x08, 0x08, 0x08, 0x08, 0x08, 
0x08, 0x08, 0x08, 0x08, 0x08, 0x08, 0x08, 0x08, 0x08, 0x08, 0x08, 0x08, 0x08, 0x08, 0x08, 0x08, 
0x08, 0x08, 0x08, 0x08, 0x08, 0x08, 0x08, 0x08, 0x08, 0x08, 0x08, 0x08, 0x08, 0x08, 0x08, 0x08, 
0x08, 0x08, 0x08, 0x08, 0x08, 0x08, 0x08, 0x08, 0x08, 0x08, 0x08, 0x08, 0x08, 0x08, 0x08, 0x08, 
0x08, 0x08, 0x08, 0x08, 0x08, 0x08, 0x08, 0x08, 0x08, 0x08, 0x08, 0x08, 0x08, 0x08, 0x08, 0x08, 
0x08, 0x08, 0x08, 0x08, 0x08, 0x08, 0x08, 0x08, 0x08, 0x08, 0x08, 0x08, 0x08, 0x08, 0x08, 0x08, 
0x08, 0x08, 0x08, 0x08, 0x08, 0x08, 0x08, 0x08, 0x08, 0x08, 0x08, 0x08, 0x08, 0x08, 0x08, 0x08, 
0x08, 0x08, 0x08, 0x08, 0x08, 0x08, 0x08, 0x08, 0x08, 0x08, 0x08, 0x08, 0x08, 0x08, 0x08, 0x08, 
0x08, 0x08, 0x08, 0x08, 0x08, 0x08, 0x08, 0x08, 0x08, 0x08, 0x08, 0x08, 0x08, 0x08, 0x08, 0x08, 
0x08, 0x08, 0x08, 0x08, 0x08, 0x08, 0x08, 0x08, 0x08, 0x08, 0x08, 0x08, 0x08, 0x08, 0x08, 0x08, 
0x08, 0x08, 0x08, 0x08, 0x08, 0x08, 0x08, 0x08, 0x08, 0x08, 0x08, 0x08, 0x08, 0x08, 0x08, 0x08, 
0x08, 0x08, 0x08, 0x08, 0x08, 0x08, 0x08, 0x08, 0x08, 0x08, 0x08, 0x08, 0x08, 0x08, 0x08, 0x08, 
0x08, 0x08, 0x08, 0x08, 0x08, 0x08, 0x08, 0x08, 0x08, 0x08, 0x08, 0x08, 0x08, 0x08, 0x08, 0x08, 
0x08, 0x08, 0x08, 0x08, 0x08, 0x08, 0x08, 0x08, 0x08, 0x08, 0x08, 0x08, 0x08, 0x08, 0x08, 0x08, 
0x0C, 0x0E, 0x1C, 0x20, 0x22, 0x22, 0x1D, 0x0E, 0x0B, 0x08, 0x08, 0x08, 0x08, 0x08, 0x08, 0x0C, 
0x0C, 0x08, 0x08, 0x08, 0x0D, 0x22, 0x23, 0x23, 0x23, 0x21, 0x0D, 0x08, 0x08, 0x0C, 0x24, 0x21, 
0x1F, 0x21, 0x1F, 0x1C, 0x0C, 0x08, 0x09, 0x14, 0x21, 0x21, 0x1F, 0x21, 0x08, 0x08, 0x08, 0x08, 
0x08, 0x08, 0x08, 0x08, 0x08, 0x08, 0x08, 0x08, 0x08, 0x08, 0x08, 0x08, 0x08, 0x0E, 0x1C, 0x13, 
0x08, 0x08, 0x08, 0x0E, 0x21, 0x22, 0x22, 0x23, 0x23, 0x0E, 0x08, 0x08, 0x08, 0x14, 0x14, 0x0E, 
0x0C, 0x08, 0x08, 0x08, 0x08, 0x08, 0x0E, 0x1F, 0x21, 0x21, 0x21, 0x1F, 0x14, 0x0B, 0x08, 0x08, 
0x08, 0x08, 0x08, 0x08, 0x08, 0x08, 0x08, 0x08, 0x08, 0x08, 0x08, 0x08, 0x08, 0x08, 0x08, 0x08, 
0x08, 0x08, 0x08, 0x08, 0x08, 0x08, 0x08, 0x08, 0x08, 0x08, 0x08, 0x08, 0x08, 0x08, 0x08, 0x08, 
0x08, 0x08, 0x08, 0x08, 0x08, 0x08, 0x08, 0x08, 0x08, 0x08, 0x08, 0x08, 0x08, 0x08, 0x08, 0x08, 
0x08, 0x08, 0x08, 0x08, 0x08, 0x08, 0x08, 0x08, 0x08, 0x08, 0x08, 0x08, 0x08, 0x08, 0x08, 0x08, 
0x08, 0x08, 0x08, 0x08, 0x08, 0x08, 0x08, 0x08, 0x08, 0x08, 0x08, 0x08, 0x08, 0x08, 0x08, 0x08, 
0x08, 0x08, 0x08, 0x08, 0x08, 0x08, 0x08, 0x08, 0x08, 0x08, 0x08, 0x08, 0x08, 0x08, 0x08, 0x08, 
0x08, 0x08, 0x08, 0x08, 0x08, 0x08, 0x08, 0x08, 0x08, 0x08, 0x08, 0x08, 0x08, 0x08, 0x08, 0x08, 
0x08, 0x08, 0x08, 0x08, 0x08, 0x08, 0x08, 0x08, 0x08, 0x08, 0x08, 0x08, 0x08, 0x08, 0x08, 0x08, 
0x08, 0x08, 0x08, 0x08, 0x08, 0x08, 0x08, 0x08, 0x08, 0x08, 0x08, 0x08, 0x08, 0x08, 0x08, 0x08, 
0x08, 0x08, 0x08, 0x08, 0x08, 0x08, 0x08, 0x08, 0x08, 0x08, 0x08, 0x08, 0x08, 0x08, 0x08, 0x08, 
0x08, 0x08, 0x08, 0x08, 0x08, 0x08, 0x08, 0x08, 0x08, 0x08, 0x08, 0x08, 0x08, 0x08, 0x08, 0x08, 
0x08, 0x08, 0x08, 0x08, 0x08, 0x08, 0x08, 0x08, 0x08, 0x08, 0x08, 0x08, 0x08, 0x08, 0x08, 0x08, 
0x08, 0x08, 0x08, 0x08, 0x08, 0x08, 0x08, 0x08, 0x08, 0x08, 0x08, 0x08, 0x08, 0x08, 0x08, 0x08, 
0x08, 0x08, 0x08, 0x08, 0x08, 0x08, 0x08, 0x08, 0x08, 0x08, 0x08, 0x08, 0x08, 0x08, 0x08, 0x0B, 
0x13, 0x20, 0x22, 0x22, 0x1F, 0x14, 0x0B, 0x08, 0x08, 0x08, 0x08, 0x08, 0x08, 0x08, 0x0B, 0x14, 
0x14, 0x0C, 0x08, 0x08, 0x0D, 0x22, 0x23, 0x23, 0x22, 0x1E, 0x0D, 0x08, 0x08, 0x0C, 0x24, 0x1F, 
0x1E, 0x22, 0x22, 0x14, 0x0C, 0x08, 0x09, 0x1C, 0x21, 0x1F, 0x1F, 0x1F, 0x08, 0x08, 0x08, 0x08, 
0x08, 0x08, 0x08, 0x08, 0x08, 0x08, 0x08, 0x08, 0x08, 0x08, 0x08, 0x08, 0x08, 0x08, 0x0C, 0x0C, 
0x08, 0x08, 0x08, 0x0E, 0x22, 0x23, 0x23, 0x22, 0x22, 0x0E, 0x08, 0x08, 0x09, 0x1C, 0x21, 0x20, 
0x14, 0x0B, 0x08, 0x08, 0x08, 0x08, 0x0E, 0x21, 0x1F, 0x1D, 0x1C, 0x1F, 0x1F, 0x1D, 0x13, 0x0B, 
0x08, 0x08, 0x08, 0x08, 0x08, 0x08, 0x08, 0x08, 0x08, 0x08, 0x08, 0x08, 0x08, 0x08, 0x08, 0x08, 
0x08, 0x08, 0x08, 0x08, 0x08, 0x08, 0x08, 0x08, 0x08, 0x08, 0x08, 0x08, 0x08, 0x08, 0x08, 0x08, 
0x08, 0x08, 0x08, 0x08, 0x08, 0x08, 0x08, 0x08, 0x08, 0x08, 0x08, 0x08, 0x08, 0x08, 0x08, 0x08, 
0x08, 0x08, 0x08, 0x08, 0x08, 0x08, 0x08, 0x08, 0x08, 0x08, 0x08, 0x08, 0x08, 0x08, 0x08, 0x08, 
0x08, 0x08, 0x08, 0x08, 0x08, 0x08, 0x08, 0x08, 0x08, 0x08, 0x08, 0x08, 0x08, 0x08, 0x08, 0x08, 
0x08, 0x08, 0x08, 0x08, 0x08, 0x08, 0x08, 0x08, 0x08, 0x08, 0x08, 0x08, 0x08, 0x08, 0x08, 0x08, 
0x08, 0x08, 0x08, 0x08, 0x08, 0x08, 0x08, 0x08, 0x08, 0x08, 0x08, 0x08, 0x08, 0x08, 0x08, 0x08, 
0x08, 0x08, 0x08, 0x08, 0x08, 0x08, 0x08, 0x08, 0x08, 0x08, 0x08, 0x08, 0x08, 0x08, 0x08, 0x08, 
0x08, 0x08, 0x08, 0x08, 0x08, 0x08, 0x08, 0x08, 0x08, 0x08, 0x08, 0x08, 0x08, 0x08, 0x08, 0x08, 
0x08, 0x08, 0x08, 0x08, 0x08, 0x08, 0x08, 0x08, 0x08, 0x08, 0x08, 0x08, 0x08, 0x08, 0x08, 0x08, 
0x08, 0x08, 0x08, 0x08, 0x08, 0x08, 0x08, 0x08, 0x08, 0x08, 0x08, 0x08, 0x08, 0x08, 0x08, 0x08, 
0x08, 0x08, 0x08, 0x08, 0x08, 0x08, 0x08, 0x08, 0x08, 0x08, 0x08, 0x08, 0x08, 0x08, 0x08, 0x08, 
0x08, 0x08, 0x08, 0x08, 0x08, 0x08, 0x08, 0x08, 0x08, 0x08, 0x08, 0x08, 0x08, 0x08, 0x08, 0x08, 
0x08, 0x08, 0x08, 0x08, 0x08, 0x08, 0x08, 0x08, 0x08, 0x08, 0x08, 0x08, 0x08, 0x0B, 0x0E, 0x24, 
0x21, 0x21, 0x21, 0x1C, 0x0E, 0x0C, 0x08, 0x08, 0x08, 0x08, 0x08, 0x08, 0x0C, 0x0E, 0x1C, 0x22, 
0x24, 0x0C, 0x08, 0x08, 0x0D, 0x22, 0x23, 0x23, 0x22, 0x20, 0x0D, 0x08, 0x08, 0x0C, 0x1C, 0x1F, 
0x21, 0x1E, 0x14, 0x0E, 0x08, 0x08, 0x09, 0x13, 0x14, 0x14, 0x14, 0x14, 0x09, 0x08, 0x08, 0x08, 
0x08, 0x0F, 0x11, 0x11, 0x10, 0x09, 0x08, 0x08, 0x08, 0x08, 0x08, 0x08, 0x08, 0x08, 0x08, 0x08, 
0x08, 0x08, 0x08, 0x0D, 0x20, 0x23, 0x23, 0x23, 0x23, 0x0E, 0x08, 0x08, 0x0C, 0x1C, 0x22, 0x23, 
0x22, 0x1C, 0x0D, 0x08, 0x08, 0x08, 0x0E, 0x1F, 0x1F, 0x0E, 0x0C, 0x0E, 0x24, 0x21, 0x21, 0x1D, 
0x13, 0x0B, 0x08, 0x08, 0x08, 0x08, 0x08, 0x08, 0x08, 0x08, 0x08, 0x08, 0x08, 0x08, 0x08, 0x08, 
0x08, 0x08, 0x08, 0x08, 0x08, 0x08, 0x08, 0x08, 0x08, 0x08, 0x08, 0x08, 0x08, 0x08, 0x08, 0x08, 
0x08, 0x08, 0x08, 0x08, 0x08, 0x08, 0x08, 0x08, 0x08, 0x08, 0x08, 0x08, 0x08, 0x08, 0x08, 0x08, 
0x08, 0x08, 0x08, 0x08, 0x08, 0x08, 0x08, 0x08, 0x08, 0x08, 0x08, 0x08, 0x08, 0x08, 0x08, 0x08, 
0x08, 0x08, 0x08, 0x08, 0x08, 0x08, 0x08, 0x08, 0x08, 0x08, 0x08, 0x08, 0x08, 0x08, 0x08, 0x08, 
0x08, 0x08, 0x08, 0x08, 0x08, 0x08, 0x08, 0x08, 0x08, 0x08, 0x08, 0x08, 0x08, 0x08, 0x08, 0x08, 
0x08, 0x08, 0x08, 0x08, 0x08, 0x08, 0x08, 0x08, 0x08, 0x08, 0x08, 0x08, 0x08, 0x08, 0x08, 0x08, 
0x08, 0x08, 0x08, 0x08, 0x08, 0x08, 0x08, 0x08, 0x08, 0x08, 0x08, 0x08, 0x08, 0x08, 0x08, 0x08, 
0x08, 0x08, 0x08, 0x08, 0x08, 0x08, 0x08, 0x08, 0x08, 0x08, 0x08, 0x08, 0x08, 0x08, 0x08, 0x08, 
0x08, 0x08, 0x08, 0x08, 0x08, 0x08, 0x08, 0x08, 0x08, 0x08, 0x08, 0x08, 0x08, 0x08, 0x08, 0x08, 
0x08, 0x08, 0x08, 0x08, 0x08, 0x08, 0x08, 0x08, 0x08, 0x08, 0x08, 0x08, 0x08, 0x08, 0x08, 0x08, 
0x08, 0x08, 0x08, 0x08, 0x08, 0x08, 0x08, 0x08, 0x08, 0x08, 0x08, 0x08, 0x08, 0x08, 0x08, 0x08, 
0x08, 0x08, 0x08, 0x08, 0x08, 0x08, 0x08, 0x08, 0x08, 0x08, 0x08, 0x08, 0x08, 0x08, 0x08, 0x08, 
0x08, 0x08, 0x08, 0x08, 0x08, 0x08, 0x08, 0x08, 0x08, 0x08, 0x08, 0x0B, 0x13, 0x1D, 0x21, 0x21, 
0x1F, 0x14, 0x0E, 0x0C, 0x08, 0x08, 0x08, 0x08, 0x08, 0x08, 0x08, 0x0B, 0x14, 0x21, 0x22, 0x22, 
0x1D, 0x0C, 0x08, 0x08, 0x0D, 0x22, 0x23, 0x22, 0x22, 0x1F, 0x0D, 0x08, 0x08, 0x0C, 0x13, 0x14, 
0x13, 0x0D, 0x0C, 0x08, 0x08, 0x08, 0x08, 0x0C, 0x0C, 0x0C, 0x0C, 0x0C, 0x12, 0x0C, 0x08, 0x0F, 
0x12, 0x19, 0x1A, 0x28, 0x18, 0x16, 0x10, 0x08, 0x08, 0x08, 0x08, 0x08, 0x08, 0x08, 0x08, 0x08, 
0x08, 0x08, 0x08, 0x09, 0x0D, 0x14, 0x20, 0x22, 0x22, 0x0E, 0x08, 0x08, 0x0C, 0x1C, 0x23, 0x23, 
0x23, 0x23, 0x14, 0x0C, 0x08, 0x08, 0x0E, 0x1F, 0x1F, 0x0B, 0x08, 0x08, 0x0B, 0x13, 0x20, 0x22, 
0x21, 0x24, 0x0E, 0x08, 0x08, 0x08, 0x08, 0x08, 0x08, 0x08, 0x08, 0x08, 0x08, 0x08, 0x08, 0x08, 
0x08, 0x08, 0x08, 0x08, 0x08, 0x08, 0x08, 0x08, 0x08, 0x08, 0x08, 0x08, 0x08, 0x08, 0x08, 0x08, 
0x08, 0x08, 0x08, 0x08, 0x08, 0x08, 0x08, 0x08, 0x08, 0x08, 0x08, 0x08, 0x08, 0x08, 0x08, 0x08, 
0x08, 0x08, 0x08, 0x08, 0x08, 0x08, 0x08, 0x08, 0x08, 0x08, 0x08, 0x08, 0x08, 0x08, 0x08, 0x08, 
0x08, 0x08, 0x08, 0x08, 0x08, 0x08, 0x08, 0x08, 0x08, 0x08, 0x08, 0x08, 0x08, 0x08, 0x08, 0x08, 
0x08, 0x08, 0x08, 0x08, 0x08, 0x08, 0x08, 0x08, 0x08, 0x08, 0x08, 0x08, 0x08, 0x08, 0x08, 0x08, 
0x08, 0x08, 0x08, 0x08, 0x08, 0x08, 0x08, 0x08, 0x08, 0x08, 0x08, 0x08, 0x08, 0x08, 0x08, 0x08, 
0x08, 0x08, 0x08, 0x08, 0x08, 0x08, 0x08, 0x08, 0x08, 0x08, 0x08, 0x08, 0x08, 0x08, 0x08, 0x08, 
0x08, 0x08, 0x08, 0x08, 0x08, 0x08, 0x08, 0x08, 0x08, 0x08, 0x08, 0x08, 0x08, 0x08, 0x08, 0x08, 
0x08, 0x08, 0x08, 0x08, 0x08, 0x08, 0x08, 0x08, 0x08, 0x08, 0x08, 0x08, 0x08, 0x08, 0x08, 0x08, 
0x08, 0x08, 0x08, 0x08, 0x08, 0x08, 0x08, 0x08, 0x08, 0x08, 0x08, 0x08, 0x08, 0x08, 0x08, 0x08, 
0x08, 0x08, 0x08, 0x08, 0x08, 0x08, 0x08, 0x08, 0x08, 0x08, 0x08, 0x08, 0x08, 0x08, 0x08, 0x08, 
0x08, 0x08, 0x08, 0x08, 0x08, 0x08, 0x08, 0x08, 0x08, 0x08, 0x08, 0x08, 0x08, 0x08, 0x08, 0x08, 
0x08, 0x08, 0x08, 0x08, 0x08, 0x08, 0x08, 0x08, 0x08, 0x09, 0x0E, 0x24, 0x23, 0x23, 0x22, 0x1D, 
0x0E, 0x0C, 0x08, 0x08, 0x08, 0x08, 0x08, 0x08, 0x08, 0x08, 0x08, 0x13, 0x22, 0x21, 0x22, 0x23, 
0x24, 0x0C, 0x08, 0x08, 0x0D, 0x22, 0x22, 0x22, 0x23, 0x1E, 0x0D, 0x08, 0x08, 0x08, 0x08, 0x08, 
0x08, 0x08, 0x08, 0x08, 0x08, 0x08, 0x08, 0x08, 0x08, 0x08, 0x08, 0x08, 0x1A, 0x17, 0x16, 0x18, 
0x26, 0x29, 0x28, 0x2D, 0x2D, 0x26, 0x16, 0x11, 0x08, 0x09, 0x0F, 0x10, 0x11, 0x11, 0x0F, 0x08, 
0x08, 0x08, 0x08, 0x08, 0x08, 0x0B, 0x13, 0x1D, 0x20, 0x0E, 0x08, 0x08, 0x0C, 0x24, 0x23, 0x23, 
0x23, 0x22, 0x1C, 0x0C, 0x08, 0x08, 0x0E, 0x1F, 0x1F, 0x0B, 0x08, 0x08, 0x08, 0x0C, 0x0E, 0x14, 
0x1F, 0x22, 0x1D, 0x13, 0x0D, 0x08, 0x08, 0x08, 0x08, 0x08, 0x08, 0x08, 0x08, 0x08, 0x08, 0x08, 
0x08, 0x08, 0x08, 0x08, 0x08, 0x08, 0x08, 0x08, 0x08, 0x08, 0x08, 0x08, 0x08, 0x08, 0x08, 0x08, 
0x08, 0x08, 0x08, 0x08, 0x08, 0x08, 0x08, 0x08, 0x08, 0x08, 0x08, 0x08, 0x08, 0x08, 0x08, 0x08, 
0x08, 0x08, 0x08, 0x08, 0x08, 0x08, 0x08, 0x08, 0x08, 0x08, 0x08, 0x08, 0x08, 0x08, 0x08, 0x08, 
0x08, 0x08, 0x08, 0x08, 0x08, 0x08, 0x08, 0x08, 0x08, 0x08, 0x08, 0x08, 0x08, 0x08, 0x08, 0x08, 
0x08, 0x08, 0x08, 0x08, 0x08, 0x08, 0x08, 0x08, 0x08, 0x08, 0x08, 0x08, 0x08, 0x08, 0x08, 0x08, 
0x08, 0x08, 0x08, 0x08, 0x08, 0x08, 0x08, 0x08, 0x08, 0x08, 0x08, 0x08, 0x08, 0x08, 0x08, 0x08, 
0x08, 0x08, 0x08, 0x08, 0x08, 0x08, 0x08, 0x08, 0x08, 0x08, 0x08, 0x08, 0x08, 0x08, 0x08, 0x08, 
0x08, 0x08, 0x08, 0x08, 0x08, 0x08, 0x08, 0x08, 0x08, 0x08, 0x08, 0x08, 0x08, 0x08, 0x08, 0x08, 
0x08, 0x08, 0x08, 0x08, 0x08, 0x08, 0x08, 0x08, 0x08, 0x08, 0x08, 0x08, 0x08, 0x08, 0x08, 0x08, 
0x08, 0x08, 0x08, 0x08, 0x08, 0x08, 0x08, 0x08, 0x08, 0x08, 0x08, 0x08, 0x08, 0x08, 0x08, 0x08, 
0x08, 0x08, 0x08, 0x08, 0x08, 0x08, 0x08, 0x08, 0x08, 0x08, 0x08, 0x08, 0x08, 0x08, 0x08, 0x08, 
0x08, 0x08, 0x08, 0x08, 0x08, 0x08, 0x08, 0x08, 0x08, 0x08, 0x08, 0x08, 0x08, 0x08, 0x08, 0x08, 
0x08, 0x08, 0x08, 0x08, 0x08, 0x08, 0x08, 0x0C, 0x0D, 0x13, 0x1E, 0x23, 0x23, 0x23, 0x1C, 0x0D, 
0x08, 0x08, 0x08, 0x08, 0x08, 0x08, 0x0C, 0x0C, 0x08, 0x08, 0x08, 0x14, 0x22, 0x21, 0x22, 0x23, 
0x1D, 0x0C, 0x08, 0x08, 0x0B, 0x20, 0x21, 0x1D, 0x13, 0x0D, 0x0C, 0x08, 0x08, 0x08, 0x08, 0x08, 
0x08, 0x08, 0x08, 0x08, 0x08, 0x08, 0x08, 0x08, 0x08, 0x08, 0x08, 0x08, 0x2F, 0x30, 0x2F, 0x29, 
0x2D, 0x2B, 0x2D, 0x2F, 0x2F, 0x2F, 0x29, 0x19, 0x12, 0x16, 0x26, 0x26, 0x29, 0x26, 0x16, 0x0F, 
0x08, 0x08, 0x08, 0x08, 0x08, 0x08, 0x0C, 0x0D, 0x0E, 0x0D, 0x08, 0x08, 0x0C, 0x24, 0x23, 0x23, 
0x23, 0x23, 0x1C, 0x09, 0x08, 0x08, 0x0E, 0x21, 0x20, 0x0D, 0x08, 0x08, 0x08, 0x08, 0x08, 0x0C, 
0x0E, 0x1C, 0x1F, 0x1F, 0x1D, 0x13, 0x0B, 0x08, 0x08, 0x08, 0x08, 0x08, 0x08, 0x08, 0x08, 0x08, 
0x08, 0x08, 0x08, 0x08, 0x08, 0x08, 0x08, 0x08, 0x08, 0x08, 0x08, 0x08, 0x08, 0x08, 0x08, 0x08, 
0x08, 0x08, 0x08, 0x08, 0x08, 0x08, 0x08, 0x08, 0x08, 0x08, 0x08, 0x08, 0x08, 0x08, 0x08, 0x08, 
0x08, 0x08, 0x08, 0x08, 0x08, 0x08, 0x08, 0x08, 0x08, 0x08, 0x08, 0x08, 0x08, 0x08, 0x08, 0x08, 
0x08, 0x08, 0x08, 0x08, 0x08, 0x08, 0x08, 0x08, 0x08, 0x08, 0x08, 0x08, 0x08, 0x08, 0x08, 0x08, 
0x08, 0x08, 0x08, 0x08, 0x08, 0x08, 0x08, 0x08, 0x08, 0x08, 0x08, 0x08, 0x08, 0x08, 0x08, 0x08, 
0x08, 0x08, 0x08, 0x08, 0x08, 0x08, 0x08, 0x08, 0x08, 0x08, 0x08, 0x08, 0x08, 0x08, 0x08, 0x08, 
0x08, 0x08, 0x08, 0x08, 0x08, 0x08, 0x08, 0x08, 0x08, 0x08, 0x08, 0x08, 0x08, 0x08, 0x08, 0x08, 
0x08, 0x08, 0x08, 0x08, 0x08, 0x08, 0x08, 0x08, 0x08, 0x08, 0x08, 0x08, 0x08, 0x08, 0x08, 0x08, 
0x08, 0x08, 0x08, 0x08, 0x08, 0x08, 0x08, 0x08, 0x08, 0x08, 0x08, 0x08, 0x08, 0x08, 0x08, 0x08, 
0x08, 0x08, 0x08, 0x08, 0x08, 0x08, 0x08, 0x08, 0x08, 0x08, 0x08, 0x08, 0x08, 0x08, 0x08, 0x08, 
0x08, 0x08, 0x08, 0x08, 0x08, 0x08, 0x08, 0x08, 0x08, 0x08, 0x08, 0x08, 0x08, 0x08, 0x08, 0x08, 
0x08, 0x08, 0x08, 0x08, 0x08, 0x08, 0x08, 0x08, 0x08, 0x08, 0x08, 0x08, 0x08, 0x08, 0x08, 0x08, 
0x08, 0x08, 0x08, 0x08, 0x08, 0x08, 0x0B, 0x14, 0x20, 0x23, 0x23, 0x23, 0x23, 0x21, 0x0E, 0x08, 
0x08, 0x08, 0x08, 0x08, 0x0C, 0x13, 0x1D, 0x13, 0x08, 0x08, 0x09, 0x14, 0x23, 0x22, 0x22, 0x22, 
0x1D, 0x0C, 0x08, 0x08, 0x0B, 0x1C, 0x13, 0x0B, 0x09, 0x08, 0x08, 0x08, 0x08, 0x08, 0x08, 0x08, 
0x08, 0x0F, 0x10, 0x11, 0x12, 0x10, 0x08, 0x08, 0x08, 0x08, 0x08, 0x08, 0x2F, 0x2D, 0x2F, 0x2F, 
0x29, 0x2D, 0x2F, 0x2F, 0x2D, 0x29, 0x29, 0x28, 0x2E, 0x2E, 0x28, 0x28, 0x28, 0x2B, 0x2D, 0x12, 
0x08, 0x08, 0x08, 0x08, 0x08, 0x08, 0x08, 0x08, 0x08, 0x08, 0x08, 0x08, 0x0C, 0x24, 0x23, 0x23, 
0x23, 0x23, 0x1C, 0x09, 0x08, 0x08, 0x0E, 0x21, 0x1F, 0x0D, 0x08, 0x08, 0x08, 0x08, 0x08, 0x08, 
0x08, 0x0C, 0x0E, 0x24, 0x1F, 0x1F, 0x1C, 0x0B, 0x08, 0x08, 0x08, 0x08, 0x08, 0x08, 0x08, 0x08, 
0x08, 0x08, 0x08, 0x08, 0x08, 0x08, 0x08, 0x08, 0x08, 0x08, 0x08, 0x08, 0x08, 0x08, 0x08, 0x08, 
0x08, 0x08, 0x08, 0x08, 0x08, 0x08, 0x08, 0x08, 0x08, 0x08, 0x08, 0x08, 0x08, 0x08, 0x08, 0x08, 
0x08, 0x08, 0x08, 0x08, 0x08, 0x08, 0x08, 0x08, 0x08, 0x08, 0x08, 0x08, 0x08, 0x08, 0x08, 0x08, 
0x08, 0x08, 0x08, 0x08, 0x08, 0x08, 0x08, 0x08, 0x08, 0x08, 0x08, 0x08, 0x08, 0x08, 0x08, 0x08, 
0x08, 0x08, 0x08, 0x08, 0x08, 0x08, 0x08, 0x08, 0x08, 0x08, 0x08, 0x08, 0x08, 0x08, 0x08, 0x08, 
0x08, 0x08, 0x08, 0x08, 0x08, 0x08, 0x08, 0x08, 0x08, 0x08, 0x08, 0x08, 0x08, 0x08, 0x08, 0x08, 
0x08, 0x08, 0x08, 0x08, 0x08, 0x08, 0x08, 0x08, 0x08, 0x08, 0x08, 0x08, 0x08, 0x08, 0x08, 0x08, 
0x08, 0x08, 0x08, 0x08, 0x08, 0x08, 0x08, 0x08, 0x08, 0x08, 0x08, 0x08, 0x08, 0x08, 0x08, 0x08, 
0x08, 0x08, 0x08, 0x08, 0x08, 0x08, 0x08, 0x08, 0x08, 0x08, 0x08, 0x08, 0x08, 0x08, 0x08, 0x08, 
0x08, 0x08, 0x08, 0x08, 0x08, 0x08, 0x08, 0x08, 0x08, 0x08, 0x08, 0x08, 0x08, 0x08, 0x08, 0x08, 
0x08, 0x08, 0x08, 0x08, 0x08, 0x08, 0x08, 0x08, 0x08, 0x08, 0x08, 0x08, 0x08, 0x08, 0x08, 0x08, 
0x08, 0x08, 0x08, 0x08, 0x08, 0x08, 0x08, 0x08, 0x08, 0x08, 0x08, 0x08, 0x08, 0x08, 0x08, 0x08, 
0x08, 0x08, 0x08, 0x08, 0x0B, 0x13, 0x1D, 0x22, 0x22, 0x20, 0x14, 0x14, 0x21, 0x22, 0x0E, 0x08, 
0x08, 0x08, 0x0C, 0x0D, 0x1C, 0x22, 0x21, 0x13, 0x08, 0x08, 0x09, 0x1C, 0x23, 0x21, 0x22, 0x23, 
0x24, 0x0C, 0x08, 0x08, 0x0C, 0x0C, 0x08, 0x08, 0x08, 0x08, 0x08, 0x08, 0x08, 0x08, 0x08, 0x10, 
0x12, 0x17, 0x17, 0x18, 0x18, 0x16, 0x11, 0x10, 0x0F, 0x10, 0x11, 0x11, 0x2B, 0x2F, 0x2F, 0x30, 
0x2D, 0x29, 0x2C, 0x2D, 0x2F, 0x2D, 0x26, 0x26, 0x28, 0x2D, 0x27, 0x2C, 0x28, 0x2E, 0x2B, 0x16, 
0x0A, 0x08, 0x0A, 0x10, 0x10, 0x0F, 0x08, 0x08, 0x08, 0x08, 0x08, 0x08, 0x0C, 0x13, 0x14, 0x21, 
0x22, 0x23, 0x14, 0x09, 0x08, 0x08, 0x0E, 0x1F, 0x1F, 0x0D, 0x08, 0x08, 0x08, 0x08, 0x08, 0x08, 
0x08, 0x08, 0x08, 0x0B, 0x13, 0x1F, 0x14, 0x0C, 0x08, 0x08, 0x08, 0x08, 0x08, 0x08, 0x08, 0x08, 
0x08, 0x08, 0x08, 0x08, 0x08, 0x08, 0x08, 0x08, 0x08, 0x08, 0x08, 0x08, 0x08, 0x08, 0x08, 0x08, 
0x08, 0x08, 0x08, 0x08, 0x08, 0x08, 0x08, 0x08, 0x08, 0x08, 0x08, 0x08, 0x08, 0x08, 0x08, 0x08, 
0x08, 0x08, 0x08, 0x08, 0x08, 0x08, 0x08, 0x08, 0x08, 0x08, 0x08, 0x08, 0x08, 0x08, 0x08, 0x08, 
0x08, 0x08, 0x08, 0x08, 0x08, 0x08, 0x08, 0x08, 0x08, 0x08, 0x08, 0x08, 0x08, 0x08, 0x08, 0x08, 
0x08, 0x08, 0x08, 0x08, 0x08, 0x08, 0x08, 0x08, 0x08, 0x08, 0x08, 0x08, 0x08, 0x08, 0x08, 0x08, 
0x08, 0x08, 0x08, 0x08, 0x08, 0x08, 0x08, 0x08, 0x08, 0x08, 0x08, 0x08, 0x08, 0x08, 0x08, 0x08, 
0x08, 0x08, 0x08, 0x08, 0x08, 0x08, 0x08, 0x08, 0x08, 0x08, 0x08, 0x08, 0x08, 0x08, 0x08, 0x08, 
0x08, 0x08, 0x08, 0x08, 0x08, 0x08, 0x08, 0x08, 0x08, 0x08, 0x08, 0x08, 0x08, 0x08, 0x08, 0x08, 
0x08, 0x08, 0x08, 0x08, 0x08, 0x08, 0x08, 0x08, 0x08, 0x08, 0x08, 0x08, 0x08, 0x08, 0x08, 0x08, 
0x08, 0x08, 0x08, 0x08, 0x08, 0x08, 0x08, 0x08, 0x08, 0x08, 0x08, 0x08, 0x08, 0x08, 0x08, 0x08, 
0x08, 0x08, 0x08, 0x08, 0x08, 0x08, 0x08, 0x08, 0x08, 0x08, 0x08, 0x08, 0x08, 0x08, 0x08, 0x08, 
0x08, 0x08, 0x08, 0x08, 0x08, 0x08, 0x08, 0x08, 0x08, 0x08, 0x08, 0x08, 0x08, 0x08, 0x08, 0x08, 
0x08, 0x08, 0x0C, 0x0E, 0x1C, 0x23, 0x22, 0x21, 0x24, 0x0D, 0x09, 0x13, 0x22, 0x22, 0x0E, 0x08, 
0x08, 0x0C, 0x13, 0x1D, 0x23, 0x21, 0x21, 0x13, 0x08, 0x08, 0x09, 0x14, 0x22, 0x22, 0x23, 0x20, 
0x14, 0x0C, 0x08, 0x08, 0x08, 0x08, 0x08, 0x0A, 0x10, 0x11, 0x12, 0x11, 0x0F, 0x09, 0x11, 0x17, 
0x1A, 0x2D, 0x29, 0x29, 0x1A, 0x18, 0x17, 0x16, 0x16, 0x16, 0x16, 0x18, 0x2B, 0x2D, 0x2D, 0x2F, 
0x2F, 0x2E, 0x2E, 0x2C, 0x2D, 0x27, 0x1A, 0x26, 0x27, 0x2A, 0x1B, 0x2D, 0x29, 0x2A, 0x2A, 0x2B, 
0x16, 0x12, 0x17, 0x26, 0x26, 0x16, 0x11, 0x08, 0x08, 0x08, 0x08, 0x08, 0x08, 0x08, 0x0C, 0x13, 
0x20, 0x21, 0x14, 0x09, 0x08, 0x08, 0x0E, 0x23, 0x20, 0x0D, 0x08, 0x08, 0x08, 0x08, 0x08, 0x08, 
0x08, 0x08, 0x08, 0x08, 0x0C, 0x0D, 0x0D, 0x08, 0x08, 0x08, 0x08, 0x08, 0x08, 0x08, 0x08, 0x08, 
0x08, 0x08, 0x08, 0x08, 0x08, 0x08, 0x08, 0x08, 0x08, 0x08, 0x08, 0x08, 0x08, 0x08, 0x08, 0x08, 
0x08, 0x08, 0x08, 0x08, 0x08, 0x08, 0x08, 0x08, 0x08, 0x08, 0x08, 0x08, 0x08, 0x08, 0x08, 0x08, 
0x08, 0x08, 0x08, 0x08, 0x08, 0x08, 0x08, 0x08, 0x08, 0x08, 0x08, 0x08, 0x08, 0x08, 0x08, 0x08, 
0x08, 0x08, 0x08, 0x08, 0x08, 0x08, 0x08, 0x08, 0x08, 0x08, 0x08, 0x08, 0x08, 0x08, 0x08, 0x08, 
0x08, 0x08, 0x08, 0x08, 0x08, 0x08, 0x08, 0x08, 0x08, 0x08, 0x08, 0x08, 0x08, 0x08, 0x08, 0x08, 
0x08, 0x08, 0x08, 0x08, 0x08, 0x08, 0x08, 0x08, 0x08, 0x08, 0x08, 0x08, 0x08, 0x08, 0x08, 0x08, 
0x08, 0x08, 0x08, 0x08, 0x08, 0x08, 0x08, 0x08, 0x08, 0x08, 0x08, 0x08, 0x08, 0x08, 0x08, 0x08, 
0x08, 0x08, 0x08, 0x08, 0x08, 0x08, 0x08, 0x08, 0x08, 0x08, 0x08, 0x08, 0x08, 0x08, 0x08, 0x08, 
0x08, 0x08, 0x08, 0x08, 0x08, 0x08, 0x08, 0x08, 0x08, 0x08, 0x08, 0x08, 0x08, 0x08, 0x08, 0x08, 
0x08, 0x08, 0x08, 0x08, 0x08, 0x08, 0x08, 0x08, 0x08, 0x08, 0x08, 0x08, 0x08, 0x08, 0x08, 0x08, 
0x08, 0x08, 0x08, 0x08, 0x08, 0x08, 0x08, 0x08, 0x08, 0x08, 0x08, 0x08, 0x08, 0x08, 0x08, 0x08, 
0x08, 0x08, 0x08, 0x08, 0x08, 0x08, 0x08, 0x08, 0x08, 0x08, 0x08, 0x08, 0x08, 0x08, 0x08, 0x08, 
0x0C, 0x0E, 0x1C, 0x22, 0x23, 0x22, 0x1C, 0x0E, 0x0C, 0x08, 0x08, 0x13, 0x22, 0x23, 0x0E, 0x08, 
0x08, 0x0E, 0x1F, 0x21, 0x21, 0x22, 0x21, 0x13, 0x08, 0x08, 0x09, 0x1C, 0x22, 0x22, 0x14, 0x0D, 
0x0C, 0x08, 0x08, 0x08, 0x08, 0x08, 0x10, 0x16, 0x18, 0x26, 0x1A, 0x1A, 0x17, 0x16, 0x19, 0x1A, 
0x1A, 0x26, 0x19, 0x29, 0x26, 0x26, 0x18, 0x17, 0x18, 0x1A, 0x19, 0x26, 0x2B, 0x2D, 0x2D, 0x2D, 
0x2F, 0x2E, 0x2D, 0x28, 0x26, 0x2D, 0x2A, 0x29, 0x27, 0x2B, 0x2E, 0x2F, 0x30, 0x30, 0x2E, 0x2F, 
0x29, 0x2D, 0x2F, 0x2E, 0x30, 0x29, 0x18, 0x11, 0x08, 0x08, 0x08, 0x08, 0x08, 0x08, 0x08, 0x0C, 
0x0E, 0x20, 0x14, 0x09, 0x08, 0x08, 0x0E, 0x21, 0x20, 0x0D, 0x08, 0x08, 0x08, 0x08, 0x08, 0x08, 
0x08, 0x08, 0x08, 0x08, 0x08, 0x08, 0x08, 0x08, 0x08, 0x08, 0x08, 0x08, 0x08, 0x08, 0x08, 0x08, 
0x08, 0x08, 0x08, 0x08, 0x08, 0x08, 0x08, 0x08, 0x08, 0x08, 0x08, 0x08, 0x08, 0x08, 0x08, 0x08, 
0x08, 0x08, 0x08, 0x08, 0x08, 0x08, 0x08, 0x08, 0x08, 0x08, 0x08, 0x08, 0x08, 0x08, 0x08, 0x08, 
0x08, 0x08, 0x08, 0x08, 0x08, 0x08, 0x08, 0x08, 0x08, 0x08, 0x08, 0x08, 0x08, 0x08, 0x08, 0x08, 
0x08, 0x08, 0x08, 0x08, 0x08, 0x08, 0x08, 0x08, 0x08, 0x08, 0x08, 0x08, 0x08, 0x08, 0x08, 0x08, 
0x08, 0x08, 0x08, 0x08, 0x08, 0x08, 0x08, 0x08, 0x08, 0x08, 0x08, 0x08, 0x08, 0x08, 0x08, 0x08, 
0x08, 0x08, 0x08, 0x08, 0x08, 0x08, 0x08, 0x08, 0x08, 0x08, 0x08, 0x08, 0x08, 0x08, 0x08, 0x08, 
0x08, 0x08, 0x08, 0x08, 0x08, 0x08, 0x08, 0x08, 0x08, 0x08, 0x08, 0x08, 0x08, 0x08, 0x08, 0x08, 
0x08, 0x08, 0x08, 0x08, 0x08, 0x08, 0x08, 0x08, 0x08, 0x08, 0x08, 0x08, 0x08, 0x08, 0x08, 0x08, 
0x08, 0x08, 0x08, 0x08, 0x08, 0x08, 0x08, 0x08, 0x08, 0x08, 0x08, 0x08, 0x08, 0x08, 0x08, 0x08, 
0x08, 0x08, 0x08, 0x08, 0x08, 0x08, 0x08, 0x08, 0x08, 0x08, 0x08, 0x08, 0x08, 0x08, 0x08, 0x08, 
0x08, 0x08, 0x08, 0x08, 0x08, 0x08, 0x08, 0x08, 0x08, 0x08, 0x08, 0x08, 0x08, 0x08, 0x08, 0x08, 
0x08, 0x08, 0x08, 0x08, 0x08, 0x08, 0x08, 0x08, 0x08, 0x08, 0x08, 0x08, 0x08, 0x08, 0x0C, 0x0D, 
0x14, 0x20, 0x23, 0x22, 0x24, 0x13, 0x0B, 0x08, 0x08, 0x08, 0x08, 0x13, 0x23, 0x22, 0x0E, 0x08, 
0x08, 0x0E, 0x21, 0x21, 0x21, 0x21, 0x21, 0x13, 0x08, 0x08, 0x09, 0x14, 0x20, 0x13, 0x0B, 0x08, 
0x08, 0x08, 0x08, 0x08, 0x08, 0x08, 0x16, 0x28, 0x26, 0x1A, 0x26, 0x26, 0x1A, 0x1A, 0x1A, 0x1A, 
0x1A, 0x1A, 0x26, 0x26, 0x28, 0x26, 0x1A, 0x1A, 0x26, 0x1A, 0x26, 0x26, 0x1A, 0x2E, 0x2B, 0x2B, 
0x2E, 0x2F, 0x2F, 0x2B, 0x27, 0x27, 0x2C, 0x2A, 0x27, 0x28, 0x2C, 0x2E, 0x2B, 0x2C, 0x2F, 0x30, 
0x30, 0x2F, 0x30, 0x30, 0x30, 0x29, 0x26, 0x11, 0x08, 0x08, 0x08, 0x08, 0x08, 0x08, 0x08, 0x08, 
0x0C, 0x0D, 0x0D, 0x08, 0x08, 0x08, 0x0E, 0x21, 0x20, 0x0D, 0x08, 0x08, 0x08, 0x08, 0x08, 0x08, 
0x08, 0x08, 0x08, 0x08, 0x08, 0x08, 0x08, 0x08, 0x08, 0x08, 0x08, 0x08, 0x08, 0x08, 0x08, 0x08, 
0x08, 0x08, 0x08, 0x08, 0x08, 0x08, 0x08, 0x08, 0x08, 0x08, 0x08, 0x08, 0x08, 0x08, 0x08, 0x08, 
0x08, 0x08, 0x08, 0x08, 0x08, 0x08, 0x08, 0x08, 0x08, 0x08, 0x08, 0x08, 0x08, 0x08, 0x08, 0x08, 
0x08, 0x08, 0x08, 0x08, 0x08, 0x08, 0x08, 0x08, 0x08, 0x08, 0x08, 0x08, 0x08, 0x08, 0x08, 0x08, 
0x08, 0x08, 0x08, 0x08, 0x08, 0x08, 0x08, 0x08, 0x08, 0x08, 0x08, 0x08, 0x08, 0x08, 0x08, 0x08, 
0x08, 0x08, 0x08, 0x08, 0x08, 0x08, 0x08, 0x08, 0x08, 0x08, 0x08, 0x08, 0x08, 0x08, 0x08, 0x08, 
0x08, 0x08, 0x08, 0x08, 0x08, 0x08, 0x08, 0x08, 0x08, 0x08, 0x08, 0x08, 0x08, 0x08, 0x08, 0x08, 
0x08, 0x08, 0x08, 0x08, 0x08, 0x08, 0x08, 0x08, 0x08, 0x08, 0x08, 0x08, 0x08, 0x08, 0x08, 0x08, 
0x08, 0x08, 0x08, 0x08, 0x08, 0x08, 0x08, 0x08, 0x08, 0x08, 0x08, 0x08, 0x08, 0x08, 0x08, 0x08, 
0x08, 0x08, 0x08, 0x08, 0x08, 0x08, 0x08, 0x08, 0x08, 0x08, 0x08, 0x08, 0x08, 0x08, 0x08, 0x08, 
0x08, 0x08, 0x08, 0x08, 0x08, 0x08, 0x08, 0x08, 0x08, 0x08, 0x08, 0x08, 0x08, 0x08, 0x08, 0x08, 
0x08, 0x08, 0x08, 0x08, 0x08, 0x08, 0x08, 0x08, 0x08, 0x08, 0x08, 0x08, 0x08, 0x08, 0x08, 0x08, 
0x08, 0x08, 0x08, 0x08, 0x08, 0x08, 0x08, 0x08, 0x08, 0x08, 0x08, 0x08, 0x08, 0x0B, 0x13, 0x24, 
0x20, 0x22, 0x24, 0x0E, 0x0B, 0x08, 0x08, 0x08, 0x08, 0x08, 0x08, 0x13, 0x23, 0x22, 0x0E, 0x08, 
0x08, 0x0E, 0x22, 0x22, 0x22, 0x21, 0x23, 0x13, 0x08, 0x08, 0x09, 0x0E, 0x0E, 0x0C, 0x08, 0x08, 
0x0F, 0x11, 0x12, 0x12, 0x10, 0x10, 0x1A, 0x28, 0x28, 0x18, 0x29, 0x2D, 0x1B, 0x19, 0x1A, 0x1A, 
0x28, 0x1A, 0x26, 0x1A, 0x26, 0x26, 0x19, 0x2D, 0x29, 0x19, 0x26, 0x29, 0x26, 0x30, 0x2D, 0x28, 
0x2F, 0x2F, 0x2D, 0x2B, 0x2B, 0x2A, 0x2C, 0x2C, 0x2B, 0x2B, 0x2C, 0x2E, 0x2D, 0x2E, 0x30, 0x2F, 
0x30, 0x30, 0x2F, 0x30, 0x29, 0x17, 0x12, 0x0F, 0x08, 0x08, 0x08, 0x08, 0x08, 0x08, 0x08, 0x08, 
0x08, 0x08, 0x08, 0x08, 0x08, 0x08, 0x0E, 0x21, 0x20, 0x0D, 0x08, 0x08, 0x08, 0x08, 0x08, 0x08, 
0x08, 0x08, 0x08, 0x08, 0x08, 0x08, 0x08, 0x08, 0x08, 0x08, 0x08, 0x08, 0x08, 0x08, 0x08, 0x08, 
0x08, 0x08, 0x08, 0x08, 0x08, 0x08, 0x08, 0x08, 0x08, 0x08, 0x08, 0x08, 0x08, 0x08, 0x08, 0x08, 
0x08, 0x08, 0x08, 0x08, 0x08, 0x08, 0x08, 0x08, 0x08, 0x08, 0x08, 0x08, 0x08, 0x08, 0x08, 0x08, 
0x08, 0x08, 0x08, 0x08, 0x08, 0x08, 0x08, 0x08, 0x08, 0x08, 0x08, 0x08, 0x08, 0x08, 0x08, 0x08, 
0x08, 0x08, 0x08, 0x08, 0x08, 0x08, 0x08, 0x08, 0x08, 0x08, 0x08, 0x08, 0x08, 0x08, 0x08, 0x08, 
0x08, 0x08, 0x08, 0x08, 0x08, 0x08, 0x08, 0x08, 0x08, 0x08, 0x08, 0x08, 0x08, 0x08, 0x08, 0x08, 
0x08, 0x08, 0x08, 0x08, 0x08, 0x08, 0x08, 0x08, 0x08, 0x08, 0x08, 0x08, 0x08, 0x08, 0x08, 0x08, 
0x08, 0x08, 0x08, 0x08, 0x08, 0x08, 0x08, 0x08, 0x08, 0x08, 0x08, 0x08, 0x08, 0x08, 0x08, 0x08, 
0x08, 0x08, 0x08, 0x08, 0x08, 0x08, 0x08, 0x08, 0x08, 0x08, 0x08, 0x08, 0x08, 0x08, 0x08, 0x08, 
0x08, 0x08, 0x08, 0x08, 0x08, 0x08, 0x08, 0x08, 0x08, 0x08, 0x08, 0x08, 0x08, 0x08, 0x08, 0x08, 
0x08, 0x08, 0x08, 0x08, 0x08, 0x08, 0x08, 0x08, 0x08, 0x08, 0x08, 0x08, 0x08, 0x08, 0x08, 0x08, 
0x08, 0x08, 0x08, 0x08, 0x08, 0x08, 0x08, 0x08, 0x08, 0x08, 0x08, 0x08, 0x08, 0x08, 0x08, 0x08, 
0x08, 0x08, 0x08, 0x08, 0x08, 0x08, 0x08, 0x08, 0x08, 0x08, 0x08, 0x08, 0x08, 0x0C, 0x1C, 0x1F, 
0x1F, 0x14, 0x0D, 0x08, 0x08, 0x08, 0x08, 0x08, 0x08, 0x08, 0x08, 0x13, 0x22, 0x22, 0x0E, 0x08, 
0x08, 0x0E, 0x22, 0x21, 0x23, 0x23, 0x21, 0x13, 0x08, 0x08, 0x08, 0x08, 0x08, 0x08, 0x08, 0x11, 
0x16, 0x26, 0x29, 0x17, 0x16, 0x16, 0x26, 0x26, 0x26, 0x26, 0x26, 0x29, 0x27, 0x19, 0x1B, 0x1A, 
0x1A, 0x1A, 0x1A, 0x26, 0x28, 0x1A, 0x19, 0x29, 0x26, 0x17, 0x1A, 0x1A, 0x29, 0x26, 0x28, 0x2C, 
0x2F, 0x2D, 0x2F, 0x2B, 0x2C, 0x27, 0x1B, 0x27, 0x2C, 0x2A, 0x2E, 0x29, 0x2D, 0x2E, 0x2E, 0x2B, 
0x2C, 0x2E, 0x30, 0x2D, 0x12, 0x0F, 0x08, 0x08, 0x08, 0x08, 0x08, 0x08, 0x10, 0x11, 0x12, 0x11, 
0x09, 0x08, 0x08, 0x08, 0x08, 0x08, 0x0E, 0x21, 0x20, 0x0D, 0x08, 0x08, 0x08, 0x08, 0x08, 0x08, 
0x08, 0x08, 0x08, 0x08, 0x08, 0x08, 0x08, 0x08, 0x08, 0x08, 0x08, 0x08, 0x08, 0x08, 0x08, 0x08, 
0x08, 0x08, 0x08, 0x08, 0x08, 0x08, 0x08, 0x08, 0x08, 0x08, 0x08, 0x08, 0x08, 0x08, 0x08, 0x08, 
0x08, 0x08, 0x08, 0x08, 0x08, 0x08, 0x08, 0x08, 0x08, 0x08, 0x08, 0x08, 0x08, 0x08, 0x08, 0x08, 
0x08, 0x08, 0x08, 0x08, 0x08, 0x08, 0x08, 0x08, 0x08, 0x08, 0x08, 0x08, 0x08, 0x08, 0x08, 0x08, 
0x08, 0x08, 0x08, 0x08, 0x08, 0x08, 0x08, 0x08, 0x08, 0x08, 0x08, 0x08, 0x08, 0x08, 0x08, 0x08, 
0x08, 0x08, 0x08, 0x08, 0x08, 0x08, 0x08, 0x08, 0x08, 0x08, 0x08, 0x08, 0x08, 0x08, 0x08, 0x08, 
0x08, 0x08, 0x08, 0x08, 0x08, 0x08, 0x08, 0x08, 0x08, 0x08, 0x08, 0x08, 0x08, 0x08, 0x08, 0x08, 
0x08, 0x08, 0x08, 0x08, 0x08, 0x08, 0x08, 0x08, 0x08, 0x08, 0x08, 0x08, 0x08, 0x08, 0x08, 0x08, 
0x08, 0x08, 0x08, 0x08, 0x08, 0x08, 0x08, 0x08, 0x08, 0x08, 0x08, 0x08, 0x08, 0x08, 0x08, 0x08, 
0x08, 0x08, 0x08, 0x08, 0x08, 0x08, 0x08, 0x08, 0x08, 0x08, 0x08, 0x08, 0x08, 0x08, 0x08, 0x08, 
0x08, 0x08, 0x08, 0x08, 0x08, 0x08, 0x08, 0x08, 0x08, 0x08, 0x08, 0x08, 0x08, 0x08, 0x08, 0x08, 
0x08, 0x08, 0x08, 0x08, 0x08, 0x08, 0x08, 0x08, 0x08, 0x08, 0x08, 0x08, 0x08, 0x08, 0x08, 0x08, 
0x08, 0x08, 0x08, 0x08, 0x08, 0x08, 0x08, 0x08, 0x08, 0x08, 0x08, 0x08, 0x08, 0x08, 0x0D, 0x14, 
0x0D, 0x0C, 0x08, 0x08, 0x08, 0x08, 0x08, 0x08, 0x08, 0x08, 0x08, 0x13, 0x23, 0x22, 0x0E, 0x08, 
0x08, 0x0E, 0x23, 0x23, 0x23, 0x1D, 0x0E, 0x0B, 0x08, 0x08, 0x08, 0x08, 0x08, 0x08, 0x10, 0x18, 
0x28, 0x2D, 0x26, 0x26, 0x27, 0x1A, 0x28, 0x29, 0x1A, 0x29, 0x26, 0x26, 0x27, 0x26, 0x27, 0x1A, 
0x19, 0x1A, 0x1A, 0x26, 0x29, 0x1A, 0x1A, 0x26, 0x28, 0x1A, 0x26, 0x26, 0x26, 0x2D, 0x2D, 0x2F, 
0x29, 0x2E, 0x29, 0x2C, 0x2C, 0x27, 0x2A, 0x1A, 0x2B, 0x27, 0x2A, 0x2C, 0x2F, 0x2E, 0x2E, 0x2E, 
0x2E, 0x2E, 0x2F, 0x12, 0x08, 0x08, 0x08, 0x0A, 0x08, 0x08, 0x0F, 0x12, 0x1B, 0x2B, 0x2E, 0x1A, 
0x11, 0x08, 0x08, 0x08, 0x08, 0x08, 0x0E, 0x21, 0x1E, 0x0B, 0x08, 0x08, 0x08, 0x08, 0x08, 0x08, 
0x08, 0x08, 0x08, 0x08, 0x08, 0x08, 0x08, 0x08, 0x08, 0x08, 0x08, 0x08, 0x08, 0x08, 0x08, 0x08, 
0x08, 0x08, 0x08, 0x08, 0x08, 0x08, 0x08, 0x08, 0x08, 0x08, 0x08, 0x08, 0x08, 0x08, 0x08, 0x08, 
0x08, 0x08, 0x08, 0x08, 0x08, 0x08, 0x08, 0x08, 0x08, 0x08, 0x08, 0x08, 0x08, 0x08, 0x08, 0x08, 
0x08, 0x08, 0x08, 0x08, 0x08, 0x08, 0x08, 0x08, 0x08, 0x08, 0x08, 0x08, 0x08, 0x08, 0x08, 0x08, 
0x08, 0x08, 0x08, 0x08, 0x08, 0x08, 0x08, 0x08, 0x08, 0x08, 0x08, 0x08, 0x08, 0x08, 0x08, 0x08, 
0x08, 0x08, 0x08, 0x08, 0x08, 0x08, 0x08, 0x08, 0x08, 0x08, 0x08, 0x08, 0x08, 0x08, 0x08, 0x08, 
0x08, 0x08, 0x08, 0x08, 0x08, 0x08, 0x08, 0x08, 0x08, 0x08, 0x08, 0x08, 0x08, 0x08, 0x08, 0x08, 
0x08, 0x08, 0x08, 0x08, 0x08, 0x08, 0x08, 0x08, 0x08, 0x08, 0x08, 0x08, 0x08, 0x08, 0x08, 0x08, 
0x08, 0x08, 0x08, 0x08, 0x08, 0x08, 0x08, 0x08, 0x08, 0x08, 0x08, 0x08, 0x08, 0x08, 0x08, 0x08, 
0x08, 0x08, 0x08, 0x08, 0x08, 0x08, 0x08, 0x08, 0x08, 0x08, 0x08, 0x08, 0x08, 0x08, 0x08, 0x08, 
0x08, 0x08, 0x08, 0x08, 0x08, 0x08, 0x08, 0x08, 0x08, 0x08, 0x08, 0x08, 0x08, 0x08, 0x08, 0x08, 
0x08, 0x08, 0x08, 0x08, 0x08, 0x08, 0x08, 0x08, 0x08, 0x08, 0x08, 0x08, 0x08, 0x08, 0x08, 0x08, 
0x08, 0x08, 0x08, 0x08, 0x08, 0x08, 0x08, 0x08, 0x08, 0x08, 0x08, 0x08, 0x08, 0x08, 0x08, 0x0C, 
0x08, 0x08, 0x08, 0x08, 0x08, 0x08, 0x08, 0x08, 0x08, 0x08, 0x08, 0x13, 0x23, 0x22, 0x0E, 0x08, 
0x08, 0x0E, 0x23, 0x23, 0x1C, 0x0D, 0x08, 0x08, 0x08, 0x08, 0x08, 0x08, 0x08, 0x08, 0x10, 0x18, 
0x26, 0x2D, 0x26, 0x26, 0x26, 0x18, 0x26, 0x1A, 0x26, 0x29, 0x26, 0x26, 0x2B, 0x28, 0x26, 0x1A, 
0x1A, 0x19, 0x19, 0x1A, 0x28, 0x26, 0x26, 0x1A, 0x2D, 0x26, 0x1A, 0x1A, 0x1A, 0x2D, 0x30, 0x2F, 
0x2E, 0x2F, 0x2F, 0x2C, 0x2B, 0x2A, 0x2A, 0x2A, 0x2C, 0x2A, 0x27, 0x2E, 0x2F, 0x2C, 0x2C, 0x2E, 
0x2F, 0x2E, 0x19, 0x0F, 0x08, 0x0A, 0x12, 0x17, 0x16, 0x16, 0x17, 0x2D, 0x29, 0x2B, 0x30, 0x30, 
0x16, 0x08, 0x08, 0x08, 0x08, 0x08, 0x0E, 0x22, 0x20, 0x0B, 0x08, 0x08, 0x08, 0x08, 0x08, 0x08, 
0x08, 0x08, 0x08, 0x08, 0x08, 0x08, 0x08, 0x08, 0x08, 0x08, 0x08, 0x08, 0x08, 0x08, 0x08, 0x08, 
0x08, 0x08, 0x08, 0x08, 0x08, 0x08, 0x08, 0x08, 0x08, 0x08, 0x08, 0x08, 0x08, 0x08, 0x08, 0x08, 
0x08, 0x08, 0x08, 0x08, 0x08, 0x08, 0x08, 0x08, 0x08, 0x08, 0x08, 0x08, 0x08, 0x08, 0x08, 0x08, 
0x08, 0x08, 0x08, 0x08, 0x08, 0x08, 0x08, 0x08, 0x08, 0x08, 0x08, 0x08, 0x08, 0x08, 0x08, 0x08, 
0x08, 0x08, 0x08, 0x08, 0x08, 0x08, 0x08, 0x08, 0x08, 0x08, 0x08, 0x08, 0x08, 0x08, 0x08, 0x08, 
0x08, 0x08, 0x08, 0x08, 0x08, 0x08, 0x08, 0x08, 0x08, 0x08, 0x08, 0x08, 0x08, 0x08, 0x08, 0x08, 
0x08, 0x08, 0x08, 0x08, 0x08, 0x08, 0x08, 0x08, 0x08, 0x08, 0x08, 0x08, 0x08, 0x08, 0x08, 0x08, 
0x08, 0x08, 0x08, 0x08, 0x08, 0x08, 0x08, 0x08, 0x08, 0x08, 0x08, 0x08, 0x08, 0x08, 0x08, 0x08, 
0x08, 0x08, 0x08, 0x08, 0x08, 0x08, 0x08, 0x08, 0x08, 0x08, 0x08, 0x08, 0x08, 0x08, 0x08, 0x08, 
0x08, 0x08, 0x08, 0x08, 0x08, 0x08, 0x08, 0x08, 0x08, 0x08, 0x08, 0x08, 0x08, 0x08, 0x08, 0x08, 
0x08, 0x08, 0x08, 0x08, 0x08, 0x08, 0x08, 0x08, 0x08, 0x08, 0x08, 0x08, 0x08, 0x08, 0x08, 0x08, 
0x08, 0x08, 0x08, 0x08, 0x08, 0x08, 0x08, 0x08, 0x08, 0x08, 0x08, 0x08, 0x08, 0x08, 0x08, 0x08, 
0x08, 0x08, 0x08, 0x08, 0x08, 0x08, 0x08, 0x08, 0x08, 0x08, 0x08, 0x08, 0x08, 0x08, 0x08, 0x08, 
0x08, 0x08, 0x08, 0x08, 0x08, 0x08, 0x08, 0x08, 0x08, 0x08, 0x08, 0x13, 0x23, 0x22, 0x0E, 0x08, 
0x08, 0x0E, 0x21, 0x1C, 0x0B, 0x08, 0x08, 0x08, 0x08, 0x08, 0x08, 0x08, 0x08, 0x08, 0x08, 0x0F, 
0x11, 0x16, 0x1B, 0x26, 0x1A, 0x1A, 0x28, 0x26, 0x26, 0x26, 0x29, 0x26, 0x1A, 0x26, 0x2A, 0x28, 
0x1A, 0x1A, 0x1A, 0x28, 0x26, 0x26, 0x28, 0x18, 0x1A, 0x19, 0x1A, 0x1B, 0x1A, 0x2D, 0x2F, 0x2D, 
0x26, 0x2B, 0x2B, 0x2C, 0x2E, 0x2E, 0x2A, 0x2A, 0x2B, 0x2C, 0x2A, 0x2C, 0x2C, 0x2E, 0x2F, 0x2F, 
0x2E, 0x28, 0x12, 0x08, 0x08, 0x11, 0x2F, 0x2D, 0x2B, 0x2D, 0x2F, 0x2B, 0x2B, 0x2A, 0x2D, 0x2F, 
0x16, 0x08, 0x08, 0x08, 0x08, 0x08, 0x0E, 0x1F, 0x20, 0x0B, 0x08, 0x08, 0x08, 0x08, 0x08, 0x08, 
0x08, 0x08, 0x08, 0x08, 0x08, 0x08, 0x08, 0x08, 0x08, 0x08, 0x08, 0x08, 0x08, 0x08, 0x08, 0x08, 
0x08, 0x08, 0x08, 0x08, 0x08, 0x08, 0x08, 0x08, 0x08, 0x08, 0x08, 0x08, 0x08, 0x08, 0x08, 0x08, 
0x08, 0x08, 0x08, 0x08, 0x08, 0x08, 0x08, 0x08, 0x08, 0x08, 0x08, 0x08, 0x08, 0x08, 0x08, 0x08, 
0x08, 0x08, 0x08, 0x08, 0x08, 0x08, 0x08, 0x08, 0x08, 0x08, 0x08, 0x08, 0x08, 0x08, 0x08, 0x08, 
0x08, 0x08, 0x08, 0x08, 0x08, 0x08, 0x08, 0x08, 0x08, 0x08, 0x08, 0x08, 0x08, 0x08, 0x08, 0x08, 
0x08, 0x08, 0x08, 0x08, 0x08, 0x08, 0x08, 0x08, 0x08, 0x08, 0x08, 0x08, 0x08, 0x08, 0x08, 0x08, 
0x08, 0x08, 0x08, 0x08, 0x08, 0x08, 0x08, 0x08, 0x08, 0x08, 0x08, 0x08, 0x08, 0x08, 0x08, 0x08, 
0x08, 0x08, 0x08, 0x08, 0x08, 0x08, 0x08, 0x08, 0x08, 0x08, 0x08, 0x08, 0x08, 0x08, 0x08, 0x08, 
0x08, 0x08, 0x08, 0x08, 0x08, 0x08, 0x08, 0x08, 0x08, 0x08, 0x08, 0x08, 0x08, 0x08, 0x08, 0x08, 
0x08, 0x08, 0x08, 0x08, 0x08, 0x08, 0x08, 0x08, 0x08, 0x08, 0x08, 0x08, 0x08, 0x08, 0x08, 0x08, 
0x08, 0x08, 0x08, 0x08, 0x08, 0x08, 0x08, 0x08, 0x08, 0x08, 0x08, 0x08, 0x08, 0x08, 0x08, 0x08, 
0x08, 0x08, 0x08, 0x08, 0x08, 0x08, 0x08, 0x08, 0x08, 0x08, 0x08, 0x08, 0x08, 0x08, 0x08, 0x08, 
0x08, 0x08, 0x08, 0x08, 0x08, 0x08, 0x08, 0x08, 0x08, 0x08, 0x08, 0x08, 0x08, 0x08, 0x08, 0x08, 
0x08, 0x08, 0x08, 0x08, 0x08, 0x08, 0x08, 0x08, 0x08, 0x08, 0x08, 0x13, 0x23, 0x23, 0x0E, 0x08, 
0x08, 0x0D, 0x13, 0x0D, 0x08, 0x08, 0x0F, 0x11, 0x11, 0x10, 0x09, 0x08, 0x08, 0x08, 0x08, 0x08, 
0x08, 0x10, 0x17, 0x18, 0x1A, 0x27, 0x28, 0x2D, 0x1A, 0x19, 0x1B, 0x2A, 0x1A, 0x1A, 0x26, 0x26, 
0x26, 0x26, 0x26, 0x1A, 0x26, 0x1A, 0x26, 0x26, 0x1A, 0x18, 0x26, 0x1A, 0x2D, 0x2F, 0x2E, 0x27, 
0x27, 0x27, 0x27, 0x2A, 0x2B, 0x27, 0x1B, 0x27, 0x2B, 0x2C, 0x1A, 0x1B, 0x2A, 0x2C, 0x2E, 0x2B, 
0x16, 0x10, 0x08, 0x08, 0x08, 0x11, 0x2E, 0x2D, 0x2B, 0x2B, 0x2B, 0x2B, 0x28, 0x28, 0x29, 0x2E, 
0x18, 0x10, 0x08, 0x08, 0x08, 0x08, 0x0E, 0x1F, 0x1E, 0x0B, 0x08, 0x08, 0x08, 0x08, 0x08, 0x08, 
0x08, 0x08, 0x08, 0x08, 0x08, 0x08, 0x08, 0x08, 0x08, 0x08, 0x08, 0x08, 0x08, 0x08, 0x08, 0x08, 
0x08, 0x08, 0x08, 0x08, 0x08, 0x08, 0x08, 0x08, 0x08, 0x08, 0x08, 0x08, 0x08, 0x08, 0x08, 0x08, 
0x08, 0x08, 0x08, 0x08, 0x08, 0x08, 0x08, 0x08, 0x08, 0x08, 0x08, 0x08, 0x08, 0x08, 0x08, 0x08, 
0x08, 0x08, 0x08, 0x08, 0x08, 0x08, 0x08, 0x08, 0x08, 0x08, 0x08, 0x08, 0x08, 0x08, 0x08, 0x08, 
0x08, 0x08, 0x08, 0x08, 0x08, 0x08, 0x08, 0x08, 0x08, 0x08, 0x08, 0x08, 0x08, 0x08, 0x08, 0x08, 
0x08, 0x08, 0x08, 0x08, 0x08, 0x08, 0x08, 0x08, 0x08, 0x08, 0x08, 0x08, 0x08, 0x08, 0x08, 0x08, 
0x08, 0x08, 0x08, 0x08, 0x08, 0x08, 0x08, 0x08, 0x08, 0x08, 0x08, 0x08, 0x08, 0x08, 0x08, 0x08, 
0x08, 0x08, 0x08, 0x08, 0x08, 0x08, 0x08, 0x08, 0x08, 0x08, 0x08, 0x08, 0x08, 0x08, 0x08, 0x08, 
0x08, 0x08, 0x08, 0x08, 0x08, 0x08, 0x08, 0x08, 0x08, 0x08, 0x08, 0x08, 0x08, 0x08, 0x08, 0x08, 
0x08, 0x08, 0x08, 0x08, 0x08, 0x08, 0x08, 0x08, 0x08, 0x08, 0x08, 0x08, 0x08, 0x08, 0x08, 0x08, 
0x08, 0x08, 0x08, 0x08, 0x08, 0x08, 0x08, 0x08, 0x08, 0x08, 0x08, 0x08, 0x08, 0x08, 0x08, 0x08, 
0x08, 0x08, 0x08, 0x08, 0x08, 0x08, 0x08, 0x08, 0x08, 0x08, 0x08, 0x08, 0x08, 0x08, 0x08, 0x08, 
0x08, 0x08, 0x08, 0x08, 0x08, 0x08, 0x08, 0x08, 0x08, 0x08, 0x08, 0x08, 0x08, 0x08, 0x08, 0x08, 
0x08, 0x08, 0x08, 0x08, 0x08, 0x08, 0x08, 0x08, 0x08, 0x08, 0x08, 0x13, 0x23, 0x22, 0x0E, 0x08, 
0x08, 0x08, 0x08, 0x08, 0x08, 0x10, 0x17, 0x2D, 0x2F, 0x2D, 0x16, 0x10, 0x08, 0x0A, 0x0F, 0x09, 
0x08, 0x08, 0x10, 0x16, 0x26, 0x26, 0x28, 0x29, 0x26, 0x28, 0x26, 0x2B, 0x2A, 0x1A, 0x26, 0x1A, 
0x28, 0x28, 0x29, 0x1A, 0x26, 0x26, 0x26, 0x28, 0x1A, 0x1A, 0x26, 0x1A, 0x2F, 0x2D, 0x2D, 0x28, 
0x2E, 0x2A, 0x2A, 0x2B, 0x2A, 0x2A, 0x27, 0x1B, 0x2B, 0x2E, 0x1B, 0x27, 0x1B, 0x2C, 0x2E, 0x12, 
0x09, 0x08, 0x08, 0x08, 0x08, 0x0F, 0x19, 0x2B, 0x29, 0x28, 0x29, 0x2B, 0x2A, 0x2B, 0x28, 0x29, 
0x2B, 0x19, 0x12, 0x08, 0x08, 0x08, 0x0E, 0x1F, 0x24, 0x0B, 0x08, 0x08, 0x08, 0x08, 0x08, 0x08, 
0x08, 0x08, 0x08, 0x08, 0x08, 0x08, 0x08, 0x08, 0x08, 0x08, 0x08, 0x08, 0x08, 0x08, 0x08, 0x08, 
0x08, 0x08, 0x08, 0x08, 0x08, 0x08, 0x08, 0x08, 0x08, 0x08, 0x08, 0x08, 0x08, 0x08, 0x08, 0x08, 
0x08, 0x08, 0x08, 0x08, 0x08, 0x08, 0x08, 0x08, 0x08, 0x08, 0x08, 0x08, 0x08, 0x08, 0x08, 0x08, 
0x08, 0x08, 0x08, 0x08, 0x08, 0x08, 0x08, 0x08, 0x08, 0x08, 0x08, 0x08, 0x08, 0x08, 0x08, 0x08, 
0x08, 0x08, 0x08, 0x08, 0x08, 0x08, 0x08, 0x08, 0x08, 0x08, 0x08, 0x08, 0x08, 0x08, 0x08, 0x08, 
0x08, 0x08, 0x08, 0x08, 0x08, 0x08, 0x08, 0x08, 0x08, 0x08, 0x08, 0x08, 0x08, 0x08, 0x08, 0x08, 
0x08, 0x08, 0x08, 0x08, 0x08, 0x08, 0x08, 0x08, 0x08, 0x08, 0x08, 0x08, 0x08, 0x08, 0x08, 0x08, 
0x08, 0x08, 0x08, 0x08, 0x08, 0x08, 0x08, 0x08, 0x08, 0x08, 0x08, 0x08, 0x08, 0x08, 0x08, 0x08, 
0x08, 0x08, 0x08, 0x08, 0x08, 0x08, 0x08, 0x08, 0x08, 0x08, 0x08, 0x08, 0x08, 0x08, 0x08, 0x08, 
0x08, 0x08, 0x08, 0x08, 0x08, 0x08, 0x08, 0x08, 0x08, 0x08, 0x08, 0x08, 0x08, 0x08, 0x08, 0x08, 
0x08, 0x08, 0x08, 0x08, 0x08, 0x08, 0x08, 0x08, 0x08, 0x08, 0x08, 0x08, 0x08, 0x08, 0x08, 0x08, 
0x08, 0x08, 0x08, 0x08, 0x08, 0x08, 0x08, 0x08, 0x08, 0x08, 0x08, 0x08, 0x08, 0x08, 0x08, 0x08, 
0x08, 0x08, 0x08, 0x08, 0x08, 0x08, 0x08, 0x08, 0x08, 0x08, 0x08, 0x08, 0x08, 0x08, 0x08, 0x08, 
0x08, 0x08, 0x08, 0x08, 0x08, 0x08, 0x08, 0x08, 0x08, 0x08, 0x08, 0x13, 0x22, 0x22, 0x0E, 0x08, 
0x08, 0x08, 0x08, 0x08, 0x08, 0x11, 0x2D, 0x2D, 0x2D, 0x2F, 0x26, 0x19, 0x17, 0x17, 0x1A, 0x12, 
0x08, 0x08, 0x08, 0x12, 0x28, 0x26, 0x2C, 0x29, 0x26, 0x2D, 0x29, 0x29, 0x1A, 0x1A, 0x1A, 0x1A, 
0x28, 0x26, 0x28, 0x29, 0x26, 0x26, 0x1A, 0x19, 0x26, 0x28, 0x1A, 0x1A, 0x29, 0x2D, 0x1B, 0x27, 
0x2A, 0x2C, 0x2A, 0x27, 0x2C, 0x2F, 0x2B, 0x27, 0x2B, 0x2C, 0x27, 0x2A, 0x1A, 0x2A, 0x17, 0x0F, 
0x08, 0x08, 0x08, 0x08, 0x08, 0x10, 0x1B, 0x27, 0x2B, 0x29, 0x2B, 0x2A, 0x27, 0x29, 0x27, 0x29, 
0x2D, 0x2B, 0x28, 0x10, 0x08, 0x08, 0x0E, 0x1F, 0x24, 0x0B, 0x08, 0x08, 0x08, 0x08, 0x08, 0x08, 
0x08, 0x08, 0x08, 0x08, 0x08, 0x08, 0x08, 0x08, 0x08, 0x08, 0x08, 0x08, 0x08, 0x08, 0x08, 0x08, 
0x08, 0x08, 0x08, 0x08, 0x08, 0x08, 0x08, 0x08, 0x08, 0x08, 0x08, 0x08, 0x08, 0x08, 0x08, 0x08, 
0x08, 0x08, 0x08, 0x08, 0x08, 0x08, 0x08, 0x08, 0x08, 0x08, 0x08, 0x08, 0x08, 0x08, 0x08, 0x08, 
0x08, 0x08, 0x08, 0x08, 0x08, 0x08, 0x08, 0x08, 0x08, 0x08, 0x08, 0x08, 0x08, 0x08, 0x08, 0x08, 
0x08, 0x08, 0x08, 0x08, 0x08, 0x08, 0x08, 0x08, 0x08, 0x08, 0x08, 0x08, 0x08, 0x08, 0x08, 0x08, 
0x08, 0x08, 0x08, 0x08, 0x08, 0x08, 0x08, 0x08, 0x08, 0x08, 0x08, 0x08, 0x08, 0x08, 0x08, 0x08, 
0x08, 0x08, 0x08, 0x08, 0x08, 0x08, 0x08, 0x08, 0x08, 0x08, 0x08, 0x08, 0x08, 0x08, 0x08, 0x08, 
0x08, 0x08, 0x08, 0x08, 0x08, 0x08, 0x08, 0x08, 0x08, 0x08, 0x08, 0x08, 0x08, 0x08, 0x08, 0x08, 
0x08, 0x08, 0x08, 0x08, 0x08, 0x08, 0x08, 0x08, 0x08, 0x08, 0x08, 0x08, 0x08, 0x08, 0x08, 0x08, 
0x08, 0x08, 0x08, 0x08, 0x08, 0x08, 0x08, 0x08, 0x08, 0x08, 0x08, 0x08, 0x08, 0x08, 0x08, 0x08, 
0x08, 0x08, 0x08, 0x08, 0x08, 0x08, 0x08, 0x08, 0x08, 0x08, 0x08, 0x08, 0x08, 0x08, 0x08, 0x08, 
0x08, 0x08, 0x08, 0x08, 0x08, 0x08, 0x08, 0x08, 0x08, 0x08, 0x08, 0x08, 0x08, 0x08, 0x08, 0x08, 
0x08, 0x08, 0x08, 0x08, 0x08, 0x08, 0x08, 0x08, 0x08, 0x08, 0x08, 0x08, 0x08, 0x08, 0x08, 0x08, 
0x08, 0x08, 0x08, 0x08, 0x08, 0x08, 0x08, 0x08, 0x08, 0x08, 0x08, 0x13, 0x23, 0x23, 0x0E, 0x08, 
0x08, 0x08, 0x08, 0x08, 0x08, 0x12, 0x29, 0x2D, 0x2F, 0x2F, 0x2F, 0x29, 0x2D, 0x29, 0x2D, 0x1A, 
0x0F, 0x08, 0x08, 0x0A, 0x12, 0x17, 0x2B, 0x29, 0x29, 0x28, 0x2D, 0x29, 0x1A, 0x17, 0x17, 0x1A, 
0x26, 0x1A, 0x26, 0x26, 0x26, 0x26, 0x18, 0x19, 0x18, 0x29, 0x26, 0x1A, 0x28, 0x2D, 0x1B, 0x19, 
0x1B, 0x2C, 0x27, 0x27, 0x2E, 0x2C, 0x2B, 0x2A, 0x2B, 0x2E, 0x2E, 0x2C, 0x1B, 0x19, 0x11, 0x08, 
0x08, 0x08, 0x08, 0x0F, 0x12, 0x18, 0x2D, 0x2B, 0x29, 0x2D, 0x28, 0x27, 0x1A, 0x29, 0x2A, 0x29, 
0x29, 0x29, 0x2D, 0x16, 0x08, 0x08, 0x13, 0x1F, 0x24, 0x0B, 0x08, 0x08, 0x08, 0x08, 0x08, 0x08, 
0x08, 0x08, 0x08, 0x08, 0x08, 0x08, 0x08, 0x08, 0x08, 0x08, 0x08, 0x08, 0x08, 0x08, 0x08, 0x08, 
0x08, 0x08, 0x08, 0x08, 0x08, 0x08, 0x08, 0x08, 0x08, 0x08, 0x08, 0x08, 0x08, 0x08, 0x08, 0x08, 
0x08, 0x08, 0x08, 0x08, 0x08, 0x08, 0x08, 0x08, 0x08, 0x08, 0x08, 0x08, 0x08, 0x08, 0x08, 0x08, 
0x08, 0x08, 0x08, 0x08, 0x08, 0x08, 0x08, 0x08, 0x08, 0x08, 0x08, 0x08, 0x08, 0x08, 0x08, 0x08, 
0x08, 0x08, 0x08, 0x08, 0x08, 0x08, 0x08, 0x08, 0x08, 0x08, 0x08, 0x08, 0x08, 0x08, 0x08, 0x08, 
0x08, 0x08, 0x08, 0x08, 0x08, 0x08, 0x08, 0x08, 0x08, 0x08, 0x08, 0x08, 0x08, 0x08, 0x08, 0x08, 
0x08, 0x08, 0x08, 0x08, 0x08, 0x08, 0x08, 0x08, 0x08, 0x08, 0x08, 0x08, 0x08, 0x08, 0x08, 0x08, 
0x08, 0x08, 0x08, 0x08, 0x08, 0x08, 0x08, 0x08, 0x08, 0x08, 0x08, 0x08, 0x08, 0x08, 0x08, 0x08, 
0x08, 0x08, 0x08, 0x08, 0x08, 0x08, 0x08, 0x08, 0x08, 0x08, 0x08, 0x08, 0x08, 0x08, 0x08, 0x08, 
0x08, 0x08, 0x08, 0x08, 0x08, 0x08, 0x08, 0x08, 0x08, 0x08, 0x08, 0x08, 0x08, 0x08, 0x08, 0x08, 
0x08, 0x08, 0x08, 0x08, 0x08, 0x08, 0x08, 0x08, 0x08, 0x08, 0x08, 0x08, 0x08, 0x08, 0x08, 0x08, 
0x08, 0x08, 0x08, 0x08, 0x08, 0x08, 0x08, 0x08, 0x08, 0x08, 0x08, 0x08, 0x08, 0x08, 0x08, 0x08, 
0x08, 0x08, 0x08, 0x08, 0x08, 0x08, 0x08, 0x08, 0x08, 0x08, 0x08, 0x08, 0x08, 0x08, 0x08, 0x08, 
0x08, 0x08, 0x08, 0x08, 0x08, 0x08, 0x08, 0x08, 0x08, 0x08, 0x08, 0x13, 0x23, 0x20, 0x0D, 0x08, 
0x08, 0x08, 0x08, 0x08, 0x0F, 0x16, 0x26, 0x2D, 0x2D, 0x2F, 0x2F, 0x2F, 0x2F, 0x30, 0x2D, 0x29, 
0x11, 0x08, 0x08, 0x08, 0x08, 0x10, 0x16, 0x2E, 0x1B, 0x28, 0x29, 0x26, 0x18, 0x17, 0x18, 0x18, 
0x29, 0x29, 0x26, 0x29, 0x1A, 0x26, 0x17, 0x18, 0x19, 0x28, 0x26, 0x26, 0x29, 0x26, 0x27, 0x19, 
0x1B, 0x19, 0x1B, 0x1B, 0x27, 0x2A, 0x2B, 0x2C, 0x27, 0x2C, 0x2B, 0x2A, 0x1B, 0x12, 0x09, 0x08, 
0x08, 0x08, 0x11, 0x1A, 0x2B, 0x29, 0x2B, 0x2A, 0x2B, 0x28, 0x28, 0x28, 0x27, 0x27, 0x2A, 0x2B, 
0x2B, 0x28, 0x29, 0x16, 0x08, 0x08, 0x0B, 0x0D, 0x0D, 0x0C, 0x08, 0x08, 0x08, 0x08, 0x08, 0x08, 
0x08, 0x08, 0x08, 0x08, 0x08, 0x08, 0x08, 0x08, 0x08, 0x08, 0x08, 0x08, 0x08, 0x08, 0x08, 0x08, 
0x08, 0x08, 0x08, 0x08, 0x08, 0x08, 0x08, 0x08, 0x08, 0x08, 0x08, 0x08, 0x08, 0x08, 0x08, 0x08, 
0x08, 0x08, 0x08, 0x08, 0x08, 0x08, 0x08, 0x08, 0x08, 0x08, 0x08, 0x08, 0x08, 0x08, 0x08, 0x08, 
0x08, 0x08, 0x08, 0x08, 0x08, 0x08, 0x08, 0x08, 0x08, 0x08, 0x08, 0x08, 0x08, 0x08, 0x08, 0x08, 
0x08, 0x08, 0x08, 0x08, 0x08, 0x08, 0x08, 0x08, 0x08, 0x08, 0x08, 0x08, 0x08, 0x08, 0x08, 0x08, 
0x08, 0x08, 0x08, 0x08, 0x08, 0x08, 0x08, 0x08, 0x08, 0x08, 0x08, 0x08, 0x08, 0x08, 0x08, 0x08, 
0x08, 0x08, 0x08, 0x08, 0x08, 0x08, 0x08, 0x08, 0x08, 0x08, 0x08, 0x08, 0x08, 0x08, 0x08, 0x08, 
0x08, 0x08, 0x08, 0x08, 0x08, 0x08, 0x08, 0x08, 0x08, 0x08, 0x08, 0x08, 0x08, 0x08, 0x08, 0x08, 
0x08, 0x08, 0x08, 0x08, 0x08, 0x08, 0x08, 0x08, 0x08, 0x08, 0x08, 0x08, 0x08, 0x08, 0x08, 0x08, 
0x08, 0x08, 0x08, 0x08, 0x08, 0x08, 0x08, 0x08, 0x08, 0x08, 0x08, 0x08, 0x08, 0x08, 0x08, 0x08, 
0x08, 0x08, 0x08, 0x08, 0x08, 0x08, 0x08, 0x08, 0x08, 0x08, 0x08, 0x08, 0x08, 0x08, 0x08, 0x08, 
0x08, 0x08, 0x08, 0x08, 0x08, 0x08, 0x08, 0x08, 0x08, 0x08, 0x08, 0x08, 0x08, 0x08, 0x08, 0x08, 
0x08, 0x08, 0x08, 0x08, 0x08, 0x08, 0x08, 0x08, 0x08, 0x08, 0x08, 0x08, 0x08, 0x08, 0x08, 0x08, 
0x08, 0x08, 0x08, 0x08, 0x08, 0x08, 0x08, 0x08, 0x08, 0x08, 0x08, 0x13, 0x22, 0x1E, 0x0D, 0x08, 
0x08, 0x08, 0x0A, 0x11, 0x17, 0x29, 0x2D, 0x2F, 0x2F, 0x29, 0x29, 0x2F, 0x2F, 0x30, 0x2F, 0x1A, 
0x10, 0x08, 0x08, 0x08, 0x08, 0x08, 0x0F, 0x17, 0x2A, 0x28, 0x28, 0x28, 0x19, 0x19, 0x19, 0x18, 
0x26, 0x1A, 0x1A, 0x1A, 0x18, 0x26, 0x1A, 0x18, 0x19, 0x28, 0x1A, 0x18, 0x26, 0x29, 0x2A, 0x19, 
0x19, 0x1B, 0x1B, 0x1B, 0x2B, 0x27, 0x2A, 0x2A, 0x2A, 0x2C, 0x2B, 0x2B, 0x1A, 0x11, 0x08, 0x08, 
0x08, 0x08, 0x16, 0x28, 0x2B, 0x2C, 0x27, 0x28, 0x27, 0x29, 0x28, 0x2A, 0x27, 0x2B, 0x27, 0x2D, 
0x29, 0x27, 0x2D, 0x12, 0x08, 0x08, 0x08, 0x08, 0x08, 0x08, 0x08, 0x08, 0x08, 0x08, 0x08, 0x08, 
0x08, 0x08, 0x08, 0x08, 0x08, 0x08, 0x08, 0x08, 0x08, 0x08, 0x08, 0x08, 0x08, 0x08, 0x08, 0x08, 
0x08, 0x08, 0x08, 0x08, 0x08, 0x08, 0x08, 0x08, 0x08, 0x08, 0x08, 0x08, 0x08, 0x08, 0x08, 0x08, 
0x08, 0x08, 0x08, 0x08, 0x08, 0x08, 0x08, 0x08, 0x08, 0x08, 0x08, 0x08, 0x08, 0x08, 0x08, 0x08, 
0x08, 0x08, 0x08, 0x08, 0x08, 0x08, 0x08, 0x08, 0x08, 0x08, 0x08, 0x08, 0x08, 0x08, 0x08, 0x08, 
0x08, 0x08, 0x08, 0x08, 0x08, 0x08, 0x08, 0x08, 0x08, 0x08, 0x08, 0x08, 0x08, 0x08, 0x08, 0x08, 
0x08, 0x08, 0x08, 0x08, 0x08, 0x08, 0x08, 0x08, 0x08, 0x08, 0x08, 0x08, 0x08, 0x08, 0x08, 0x08, 
0x08, 0x08, 0x08, 0x08, 0x08, 0x08, 0x08, 0x08, 0x08, 0x08, 0x08, 0x08, 0x08, 0x08, 0x08, 0x08, 
0x08, 0x08, 0x08, 0x08, 0x08, 0x08, 0x08, 0x08, 0x08, 0x08, 0x08, 0x08, 0x08, 0x08, 0x08, 0x08, 
0x08, 0x08, 0x08, 0x08, 0x08, 0x08, 0x08, 0x08, 0x08, 0x08, 0x08, 0x08, 0x08, 0x08, 0x08, 0x08, 
0x08, 0x08, 0x08, 0x08, 0x08, 0x08, 0x08, 0x08, 0x08, 0x08, 0x08, 0x08, 0x08, 0x08, 0x08, 0x08, 
0x08, 0x08, 0x08, 0x08, 0x08, 0x08, 0x08, 0x08, 0x08, 0x08, 0x08, 0x08, 0x08, 0x08, 0x08, 0x08, 
0x08, 0x08, 0x08, 0x08, 0x08, 0x08, 0x08, 0x08, 0x08, 0x08, 0x08, 0x08, 0x08, 0x08, 0x08, 0x08, 
0x08, 0x08, 0x08, 0x08, 0x08, 0x08, 0x08, 0x08, 0x08, 0x08, 0x08, 0x08, 0x08, 0x08, 0x08, 0x08, 
0x08, 0x08, 0x08, 0x08, 0x08, 0x08, 0x08, 0x08, 0x08, 0x08, 0x08, 0x13, 0x21, 0x24, 0x0D, 0x08, 
0x08, 0x08, 0x12, 0x1A, 0x26, 0x2D, 0x30, 0x30, 0x30, 0x30, 0x28, 0x2D, 0x30, 0x30, 0x2F, 0x1A, 
0x16, 0x11, 0x0F, 0x08, 0x08, 0x08, 0x08, 0x10, 0x18, 0x29, 0x29, 0x2D, 0x29, 0x1B, 0x18, 0x18, 
0x1A, 0x1A, 0x26, 0x28, 0x18, 0x19, 0x2B, 0x1A, 0x26, 0x26, 0x1A, 0x1A, 0x28, 0x1A, 0x1B, 0x1A, 
0x1B, 0x19, 0x1B, 0x2C, 0x2A, 0x2B, 0x2A, 0x2E, 0x2A, 0x2B, 0x2A, 0x2A, 0x27, 0x16, 0x08, 0x08, 
0x08, 0x08, 0x17, 0x28, 0x28, 0x29, 0x1A, 0x1B, 0x1B, 0x27, 0x28, 0x27, 0x27, 0x2B, 0x27, 0x27, 
0x28, 0x28, 0x18, 0x10, 0x08, 0x08, 0x08, 0x08, 0x08, 0x08, 0x08, 0x08, 0x08, 0x08, 0x08, 0x08, 
0x08, 0x08, 0x08, 0x08, 0x08, 0x08, 0x08, 0x08, 0x08, 0x08, 0x08, 0x08, 0x08, 0x08, 0x08, 0x08, 
0x08, 0x08, 0x08, 0x08, 0x08, 0x08, 0x08, 0x08, 0x08, 0x08, 0x08, 0x08, 0x08, 0x08, 0x08, 0x08, 
0x08, 0x08, 0x08, 0x08, 0x08, 0x08, 0x08, 0x08, 0x08, 0x08, 0x08, 0x08, 0x08, 0x08, 0x08, 0x08, 
0x08, 0x08, 0x08, 0x08, 0x08, 0x08, 0x08, 0x08, 0x08, 0x08, 0x08, 0x08, 0x08, 0x08, 0x08, 0x08, 
0x08, 0x08, 0x08, 0x08, 0x08, 0x08, 0x08, 0x08, 0x08, 0x08, 0x08, 0x08, 0x08, 0x08, 0x08, 0x08, 
0x08, 0x08, 0x08, 0x08, 0x08, 0x08, 0x08, 0x08, 0x08, 0x08, 0x08, 0x08, 0x08, 0x08, 0x08, 0x08, 
0x08, 0x08, 0x08, 0x08, 0x08, 0x08, 0x08, 0x08, 0x08, 0x08, 0x08, 0x08, 0x08, 0x08, 0x08, 0x08, 
0x08, 0x08, 0x08, 0x08, 0x08, 0x08, 0x08, 0x08, 0x08, 0x08, 0x08, 0x08, 0x08, 0x08, 0x08, 0x08, 
0x08, 0x08, 0x08, 0x08, 0x08, 0x08, 0x08, 0x08, 0x08, 0x08, 0x08, 0x08, 0x08, 0x08, 0x08, 0x08, 
0x08, 0x08, 0x08, 0x08, 0x08, 0x08, 0x08, 0x08, 0x08, 0x08, 0x08, 0x08, 0x08, 0x08, 0x08, 0x08, 
0x08, 0x08, 0x08, 0x08, 0x08, 0x08, 0x08, 0x08, 0x08, 0x08, 0x08, 0x08, 0x08, 0x08, 0x08, 0x08, 
0x08, 0x08, 0x08, 0x08, 0x08, 0x08, 0x08, 0x08, 0x08, 0x08, 0x08, 0x08, 0x08, 0x08, 0x08, 0x08, 
0x08, 0x08, 0x08, 0x08, 0x08, 0x08, 0x08, 0x08, 0x08, 0x08, 0x08, 0x08, 0x08, 0x08, 0x08, 0x08, 
0x08, 0x08, 0x08, 0x08, 0x08, 0x08, 0x08, 0x08, 0x08, 0x08, 0x08, 0x13, 0x1F, 0x20, 0x0D, 0x08, 
0x08, 0x08, 0x16, 0x2F, 0x2F, 0x2F, 0x30, 0x30, 0x2D, 0x2F, 0x28, 0x2F, 0x2D, 0x30, 0x29, 0x18, 
0x1A, 0x1A, 0x18, 0x12, 0x08, 0x08, 0x08, 0x08, 0x16, 0x28, 0x29, 0x2D, 0x28, 0x19, 0x19, 0x1A, 
0x26, 0x1A, 0x26, 0x19, 0x1A, 0x1A, 0x26, 0x1A, 0x1A, 0x26, 0x19, 0x19, 0x2D, 0x26, 0x28, 0x27, 
0x2A, 0x27, 0x19, 0x27, 0x1B, 0x27, 0x2A, 0x2F, 0x2E, 0x2C, 0x2A, 0x2A, 0x2A, 0x18, 0x10, 0x08, 
0x08, 0x08, 0x12, 0x26, 0x27, 0x2B, 0x2A, 0x28, 0x27, 0x1B, 0x27, 0x28, 0x2B, 0x2B, 0x28, 0x27, 
0x29, 0x17, 0x10, 0x08, 0x08, 0x08, 0x08, 0x08, 0x08, 0x08, 0x08, 0x08, 0x08, 0x08, 0x08, 0x08, 
0x08, 0x08, 0x08, 0x08, 0x08, 0x08, 0x08, 0x08, 0x08, 0x08, 0x08, 0x08, 0x08, 0x08, 0x08, 0x08, 
0x08, 0x08, 0x08, 0x08, 0x08, 0x08, 0x08, 0x08, 0x08, 0x08, 0x08, 0x08, 0x08, 0x08, 0x08, 0x08, 
0x08, 0x08, 0x08, 0x08, 0x08, 0x08, 0x08, 0x08, 0x08, 0x08, 0x08, 0x08, 0x08, 0x08, 0x08, 0x08, 
0x08, 0x08, 0x08, 0x08, 0x08, 0x08, 0x08, 0x08, 0x08, 0x08, 0x08, 0x08, 0x08, 0x08, 0x08, 0x08, 
0x08, 0x08, 0x08, 0x08, 0x08, 0x08, 0x08, 0x08, 0x08, 0x08, 0x08, 0x08, 0x08, 0x08, 0x08, 0x08, 
0x08, 0x08, 0x08, 0x08, 0x08, 0x08, 0x08, 0x08, 0x08, 0x08, 0x08, 0x08, 0x08, 0x08, 0x08, 0x08, 
0x08, 0x08, 0x08, 0x08, 0x08, 0x08, 0x08, 0x08, 0x08, 0x08, 0x08, 0x08, 0x08, 0x08, 0x08, 0x08, 
0x08, 0x08, 0x08, 0x08, 0x08, 0x08, 0x08, 0x08, 0x08, 0x08, 0x08, 0x08, 0x08, 0x08, 0x08, 0x08, 
0x08, 0x08, 0x08, 0x08, 0x08, 0x08, 0x08, 0x08, 0x08, 0x08, 0x08, 0x08, 0x08, 0x08, 0x08, 0x08, 
0x08, 0x08, 0x08, 0x08, 0x08, 0x08, 0x08, 0x08, 0x08, 0x08, 0x08, 0x08, 0x08, 0x08, 0x08, 0x08, 
0x08, 0x08, 0x08, 0x08, 0x08, 0x08, 0x08, 0x08, 0x08, 0x08, 0x08, 0x08, 0x08, 0x08, 0x08, 0x08, 
0x08, 0x08, 0x08, 0x08, 0x08, 0x08, 0x08, 0x08, 0x08, 0x08, 0x08, 0x08, 0x08, 0x08, 0x08, 0x08, 
0x08, 0x08, 0x08, 0x08, 0x08, 0x08, 0x08, 0x08, 0x08, 0x08, 0x08, 0x08, 0x08, 0x08, 0x08, 0x08, 
0x08, 0x08, 0x08, 0x08, 0x08, 0x08, 0x08, 0x08, 0x08, 0x08, 0x08, 0x13, 0x21, 0x22, 0x0D, 0x08, 
0x08, 0x08, 0x16, 0x2E, 0x2F, 0x30, 0x2E, 0x30, 0x30, 0x30, 0x26, 0x2F, 0x2D, 0x2F, 0x29, 0x1A, 
0x26, 0x2D, 0x1A, 0x17, 0x0F, 0x08, 0x08, 0x08, 0x12, 0x2D, 0x26, 0x2C, 0x2B, 0x1A, 0x1A, 0x18, 
0x29, 0x26, 0x17, 0x1A, 0x26, 0x1A, 0x1A, 0x26, 0x1A, 0x1A, 0x18, 0x26, 0x29, 0x27, 0x27, 0x1B, 
0x1A, 0x2B, 0x27, 0x27, 0x27, 0x2A, 0x2C, 0x2E, 0x2B, 0x2A, 0x27, 0x2E, 0x2A, 0x1A, 0x16, 0x08, 
0x08, 0x08, 0x11, 0x19, 0x27, 0x27, 0x1B, 0x27, 0x28, 0x29, 0x29, 0x2E, 0x28, 0x2A, 0x27, 0x2B, 
0x29, 0x11, 0x08, 0x08, 0x08, 0x08, 0x08, 0x08, 0x08, 0x08, 0x08, 0x08, 0x08, 0x08, 0x08, 0x08, 
0x08, 0x08, 0x08, 0x08, 0x08, 0x08, 0x08, 0x08, 0x08, 0x08, 0x08, 0x08, 0x08, 0x08, 0x08, 0x08, 
0x08, 0x08, 0x08, 0x08, 0x08, 0x08, 0x08, 0x08, 0x08, 0x08, 0x08, 0x08, 0x08, 0x08, 0x08, 0x08, 
0x08, 0x08, 0x08, 0x08, 0x08, 0x08, 0x08, 0x08, 0x08, 0x08, 0x08, 0x08, 0x08, 0x08, 0x08, 0x08, 
0x08, 0x08, 0x08, 0x08, 0x08, 0x08, 0x08, 0x08, 0x08, 0x08, 0x08, 0x08, 0x08, 0x08, 0x08, 0x08, 
0x08, 0x08, 0x08, 0x08, 0x08, 0x08, 0x08, 0x08, 0x08, 0x08, 0x08, 0x08, 0x08, 0x08, 0x08, 0x08, 
0x08, 0x08, 0x08, 0x08, 0x08, 0x08, 0x08, 0x08, 0x08, 0x08, 0x08, 0x08, 0x08, 0x08, 0x08, 0x08, 
0x08, 0x08, 0x08, 0x08, 0x08, 0x08, 0x08, 0x08, 0x08, 0x08, 0x08, 0x08, 0x08, 0x08, 0x08, 0x08, 
0x08, 0x08, 0x08, 0x08, 0x08, 0x08, 0x08, 0x08, 0x08, 0x08, 0x08, 0x08, 0x08, 0x08, 0x08, 0x08, 
0x08, 0x08, 0x08, 0x08, 0x08, 0x08, 0x08, 0x08, 0x08, 0x08, 0x08, 0x08, 0x08, 0x08, 0x08, 0x08, 
0x08, 0x08, 0x08, 0x08, 0x08, 0x08, 0x08, 0x08, 0x08, 0x08, 0x08, 0x08, 0x08, 0x08, 0x08, 0x08, 
0x08, 0x08, 0x08, 0x08, 0x08, 0x08, 0x08, 0x08, 0x08, 0x08, 0x08, 0x08, 0x08, 0x08, 0x08, 0x08, 
0x08, 0x08, 0x08, 0x08, 0x08, 0x08, 0x08, 0x08, 0x08, 0x08, 0x08, 0x08, 0x08, 0x08, 0x08, 0x08, 
0x08, 0x08, 0x08, 0x08, 0x08, 0x08, 0x08, 0x08, 0x08, 0x08, 0x08, 0x08, 0x08, 0x08, 0x08, 0x08, 
0x08, 0x08, 0x08, 0x08, 0x08, 0x08, 0x08, 0x08, 0x08, 0x08, 0x08, 0x0E, 0x24, 0x24, 0x0D, 0x08, 
0x08, 0x08, 0x12, 0x2A, 0x2D, 0x2B, 0x2F, 0x30, 0x2E, 0x2D, 0x28, 0x2D, 0x2D, 0x29, 0x2D, 0x28, 
0x2D, 0x26, 0x18, 0x19, 0x0F, 0x08, 0x08, 0x08, 0x12, 0x2D, 0x27, 0x1B, 0x2A, 0x26, 0x18, 0x18, 
0x26, 0x26, 0x1A, 0x26, 0x1A, 0x26, 0x1A, 0x1A, 0x1A, 0x26, 0x18, 0x1A, 0x27, 0x1A, 0x1B, 0x1A, 
0x27, 0x2A, 0x1B, 0x27, 0x2A, 0x2F, 0x2B, 0x2B, 0x27, 0x18, 0x2A, 0x2A, 0x27, 0x1B, 0x19, 0x0F, 
0x08, 0x08, 0x08, 0x10, 0x10, 0x10, 0x0F, 0x11, 0x19, 0x2C, 0x2A, 0x2A, 0x2A, 0x2A, 0x28, 0x2B, 
0x1A, 0x0F, 0x08, 0x08, 0x08, 0x08, 0x08, 0x08, 0x08, 0x08, 0x08, 0x08, 0x08, 0x08, 0x08, 0x08, 
0x08, 0x08, 0x08, 0x08, 0x08, 0x08, 0x08, 0x08, 0x08, 0x08, 0x08, 0x08, 0x08, 0x08, 0x08, 0x08, 
0x08, 0x08, 0x08, 0x08, 0x08, 0x08, 0x08, 0x08, 0x08, 0x08, 0x08, 0x08, 0x08, 0x08, 0x08, 0x08, 
0x08, 0x08, 0x08, 0x08, 0x08, 0x08, 0x08, 0x08, 0x08, 0x08, 0x08, 0x08, 0x08, 0x08, 0x08, 0x08, 
0x08, 0x08, 0x08, 0x08, 0x08, 0x08, 0x08, 0x08, 0x08, 0x08, 0x08, 0x08, 0x08, 0x08, 0x08, 0x08, 
0x08, 0x08, 0x08, 0x08, 0x08, 0x08, 0x08, 0x08, 0x08, 0x08, 0x08, 0x08, 0x08, 0x08, 0x08, 0x08, 
0x08, 0x08, 0x08, 0x08, 0x08, 0x08, 0x08, 0x08, 0x08, 0x08, 0x08, 0x08, 0x08, 0x08, 0x08, 0x08, 
0x08, 0x08, 0x08, 0x08, 0x08, 0x08, 0x08, 0x08, 0x08, 0x08, 0x08, 0x08, 0x08, 0x08, 0x08, 0x08, 
0x08, 0x08, 0x08, 0x08, 0x08, 0x08, 0x08, 0x08, 0x08, 0x08, 0x08, 0x08, 0x08, 0x08, 0x08, 0x08, 
0x08, 0x08, 0x08, 0x08, 0x08, 0x08, 0x08, 0x08, 0x08, 0x08, 0x08, 0x08, 0x08, 0x08, 0x08, 0x08, 
0x08, 0x08, 0x08, 0x08, 0x08, 0x08, 0x08, 0x08, 0x08, 0x08, 0x08, 0x08, 0x08, 0x08, 0x08, 0x08, 
0x08, 0x08, 0x08, 0x08, 0x08, 0x08, 0x08, 0x08, 0x08, 0x08, 0x08, 0x08, 0x08, 0x08, 0x08, 0x08, 
0x08, 0x08, 0x08, 0x08, 0x08, 0x08, 0x08, 0x08, 0x08, 0x08, 0x08, 0x08, 0x08, 0x08, 0x08, 0x08, 
0x08, 0x08, 0x08, 0x08, 0x08, 0x08, 0x08, 0x08, 0x08, 0x08, 0x08, 0x08, 0x08, 0x08, 0x08, 0x08, 
0x08, 0x08, 0x08, 0x08, 0x08, 0x08, 0x08, 0x08, 0x08, 0x08, 0x08, 0x0C, 0x0C, 0x0B, 0x0C, 0x08, 
0x08, 0x08, 0x0F, 0x16, 0x2C, 0x2D, 0x2F, 0x30, 0x30, 0x2F, 0x29, 0x2F, 0x28, 0x19, 0x2D, 0x27, 
0x2D, 0x28, 0x18, 0x19, 0x0F, 0x08, 0x08, 0x08, 0x16, 0x2A, 0x27, 0x2D, 0x27, 0x1A, 0x26, 0x1A, 
0x26, 0x2F, 0x1A, 0x1A, 0x17, 0x18, 0x1A, 0x18, 0x19, 0x19, 0x1A, 0x26, 0x17, 0x17, 0x17, 0x27, 
0x27, 0x1B, 0x2A, 0x2D, 0x30, 0x2F, 0x2B, 0x27, 0x27, 0x19, 0x27, 0x2A, 0x2C, 0x1B, 0x19, 0x12, 
0x08, 0x08, 0x08, 0x08, 0x08, 0x08, 0x08, 0x08, 0x11, 0x17, 0x28, 0x1A, 0x1B, 0x19, 0x18, 0x12, 
0x10, 0x08, 0x08, 0x08, 0x08, 0x08, 0x08, 0x08, 0x08, 0x08, 0x08, 0x08, 0x08, 0x08, 0x08, 0x08, 
0x08, 0x08, 0x08, 0x08, 0x08, 0x08, 0x08, 0x08, 0x08, 0x08, 0x08, 0x08, 0x08, 0x08, 0x08, 0x08, 
0x08, 0x08, 0x08, 0x08, 0x08, 0x08, 0x08, 0x08, 0x08, 0x08, 0x08, 0x08, 0x08, 0x08, 0x08, 0x08, 
0x08, 0x08, 0x08, 0x08, 0x08, 0x08, 0x08, 0x08, 0x08, 0x08, 0x08, 0x08, 0x08, 0x08, 0x08, 0x08, 
0x08, 0x08, 0x08, 0x08, 0x08, 0x08, 0x08, 0x08, 0x08, 0x08, 0x08, 0x08, 0x08, 0x08, 0x08, 0x08, 
0x08, 0x08, 0x08, 0x08, 0x08, 0x08, 0x08, 0x08, 0x08, 0x08, 0x08, 0x08, 0x08, 0x08, 0x08, 0x08, 
0x08, 0x08, 0x08, 0x08, 0x08, 0x08, 0x08, 0x08, 0x08, 0x08, 0x08, 0x08, 0x08, 0x08, 0x08, 0x08, 
0x08, 0x08, 0x08, 0x08, 0x08, 0x08, 0x08, 0x08, 0x08, 0x08, 0x08, 0x08, 0x08, 0x08, 0x08, 0x08, 
0x08, 0x08, 0x08, 0x08, 0x08, 0x08, 0x08, 0x08, 0x08, 0x08, 0x08, 0x08, 0x08, 0x08, 0x08, 0x08, 
0x08, 0x08, 0x08, 0x08, 0x08, 0x08, 0x08, 0x08, 0x08, 0x08, 0x08, 0x08, 0x08, 0x08, 0x08, 0x08, 
0x08, 0x08, 0x08, 0x08, 0x08, 0x08, 0x08, 0x08, 0x08, 0x08, 0x08, 0x08, 0x08, 0x08, 0x08, 0x08, 
0x08, 0x08, 0x08, 0x08, 0x08, 0x08, 0x08, 0x08, 0x08, 0x08, 0x08, 0x08, 0x08, 0x08, 0x08, 0x08, 
0x08, 0x08, 0x08, 0x08, 0x08, 0x08, 0x08, 0x08, 0x08, 0x08, 0x08, 0x08, 0x08, 0x08, 0x08, 0x08, 
0x08, 0x08, 0x08, 0x08, 0x08, 0x08, 0x08, 0x08, 0x08, 0x08, 0x08, 0x08, 0x08, 0x08, 0x08, 0x08, 
0x08, 0x08, 0x08, 0x08, 0x08, 0x08, 0x08, 0x08, 0x08, 0x08, 0x08, 0x08, 0x08, 0x08, 0x08, 0x08, 
0x08, 0x08, 0x08, 0x10, 0x1B, 0x2F, 0x30, 0x30, 0x30, 0x2F, 0x2F, 0x2E, 0x28, 0x26, 0x2D, 0x29, 
0x29, 0x1A, 0x1A, 0x16, 0x09, 0x08, 0x08, 0x11, 0x19, 0x29, 0x2D, 0x2B, 0x27, 0x1A, 0x26, 0x1A, 
0x1A, 0x26, 0x26, 0x1A, 0x1A, 0x18, 0x18, 0x1A, 0x1A, 0x1A, 0x1A, 0x26, 0x16, 0x11, 0x10, 0x12, 
0x17, 0x1B, 0x2E, 0x2D, 0x28, 0x2A, 0x19, 0x12, 0x11, 0x11, 0x12, 0x17, 0x2A, 0x27, 0x27, 0x16, 
0x10, 0x08, 0x08, 0x08, 0x08, 0x08, 0x08, 0x08, 0x08, 0x0F, 0x12, 0x16, 0x11, 0x0F, 0x0F, 0x08, 
0x08, 0x08, 0x08, 0x08, 0x08, 0x08, 0x08, 0x08, 0x08, 0x08, 0x08, 0x08, 0x08, 0x08, 0x08, 0x08, 
0x08, 0x08, 0x08, 0x08, 0x08, 0x08, 0x08, 0x08, 0x08, 0x08, 0x08, 0x08, 0x08, 0x08, 0x08, 0x08, 
0x08, 0x08, 0x08, 0x08, 0x08, 0x08, 0x08, 0x08, 0x08, 0x08, 0x08, 0x08, 0x08, 0x08, 0x08, 0x08, 
0x08, 0x08, 0x08, 0x08, 0x08, 0x08, 0x08, 0x08, 0x08, 0x08, 0x08, 0x08, 0x08, 0x08, 0x08, 0x08, 
0x08, 0x08, 0x08, 0x08, 0x08, 0x08, 0x08, 0x08, 0x08, 0x08, 0x08, 0x08, 0x08, 0x08, 0x08, 0x08, 
0x08, 0x08, 0x08, 0x08, 0x08, 0x08, 0x08, 0x08, 0x08, 0x08, 0x08, 0x08, 0x08, 0x08, 0x08, 0x08, 
0x08, 0x08, 0x08, 0x08, 0x08, 0x08, 0x08, 0x08, 0x08, 0x08, 0x08, 0x08, 0x08, 0x08, 0x08, 0x08, 
0x08, 0x08, 0x08, 0x08, 0x08, 0x08, 0x08, 0x08, 0x08, 0x08, 0x08, 0x08, 0x08, 0x08, 0x08, 0x08, 
0x08, 0x08, 0x08, 0x08, 0x08, 0x08, 0x08, 0x08, 0x08, 0x08, 0x08, 0x08, 0x08, 0x08, 0x08, 0x08, 
0x08, 0x08, 0x08, 0x08, 0x08, 0x08, 0x08, 0x08, 0x08, 0x08, 0x08, 0x08, 0x08, 0x08, 0x08, 0x08, 
0x08, 0x08, 0x08, 0x08, 0x08, 0x08, 0x08, 0x08, 0x08, 0x08, 0x08, 0x08, 0x08, 0x08, 0x08, 0x08, 
0x08, 0x08, 0x08, 0x08, 0x08, 0x08, 0x08, 0x08, 0x08, 0x08, 0x08, 0x08, 0x08, 0x08, 0x08, 0x08, 
0x08, 0x08, 0x08, 0x08, 0x08, 0x08, 0x08, 0x08, 0x08, 0x08, 0x08, 0x08, 0x08, 0x08, 0x08, 0x08, 
0x08, 0x08, 0x08, 0x08, 0x08, 0x08, 0x08, 0x08, 0x08, 0x08, 0x08, 0x08, 0x08, 0x08, 0x08, 0x08, 
0x08, 0x08, 0x08, 0x08, 0x08, 0x08, 0x08, 0x08, 0x08, 0x08, 0x08, 0x08, 0x08, 0x08, 0x08, 0x08, 
0x08, 0x08, 0x08, 0x08, 0x12, 0x29, 0x2F, 0x30, 0x30, 0x2F, 0x2F, 0x2A, 0x18, 0x1A, 0x28, 0x28, 
0x29, 0x19, 0x17, 0x11, 0x08, 0x08, 0x0F, 0x17, 0x19, 0x2B, 0x29, 0x2D, 0x28, 0x26, 0x28, 0x1A, 
0x1A, 0x1A, 0x26, 0x26, 0x1A, 0x27, 0x1A, 0x29, 0x18, 0x1A, 0x18, 0x19, 0x0A, 0x08, 0x08, 0x08, 
0x0F, 0x11, 0x16, 0x16, 0x16, 0x12, 0x10, 0x08, 0x08, 0x08, 0x08, 0x10, 0x12, 0x12, 0x10, 0x0A, 
0x08, 0x08, 0x08, 0x08, 0x08, 0x08, 0x08, 0x08, 0x08, 0x08, 0x08, 0x08, 0x08, 0x08, 0x08, 0x08, 
0x08, 0x08, 0x08, 0x08, 0x08, 0x08, 0x08, 0x08, 0x08, 0x08, 0x08, 0x08, 0x08, 0x08, 0x08, 0x08, 
0x08, 0x08, 0x08, 0x08, 0x08, 0x08, 0x08, 0x08, 0x08, 0x08, 0x08, 0x08, 0x08, 0x08, 0x08, 0x08, 
0x08, 0x08, 0x08, 0x08, 0x08, 0x08, 0x08, 0x08, 0x08, 0x08, 0x08, 0x08, 0x08, 0x08, 0x08, 0x08, 
0x08, 0x08, 0x08, 0x08, 0x08, 0x08, 0x08, 0x08, 0x08, 0x08, 0x08, 0x08, 0x08, 0x08, 0x08, 0x08, 
0x08, 0x08, 0x08, 0x08, 0x08, 0x08, 0x08, 0x08, 0x08, 0x08, 0x08, 0x08, 0x08, 0x08, 0x08, 0x08, 
0x08, 0x08, 0x08, 0x08, 0x08, 0x08, 0x08, 0x08, 0x08, 0x08, 0x08, 0x08, 0x08, 0x08, 0x08, 0x08, 
0x08, 0x08, 0x08, 0x08, 0x08, 0x08, 0x08, 0x08, 0x08, 0x08, 0x08, 0x08, 0x08, 0x08, 0x08, 0x08, 
0x08, 0x08, 0x08, 0x08, 0x08, 0x08, 0x08, 0x08, 0x08, 0x08, 0x08, 0x08, 0x08, 0x08, 0x08, 0x08, 
0x08, 0x08, 0x08, 0x08, 0x08, 0x08, 0x08, 0x08, 0x08, 0x08, 0x08, 0x08, 0x08, 0x08, 0x08, 0x08, 
0x08, 0x08, 0x08, 0x08, 0x08, 0x08, 0x08, 0x08, 0x08, 0x08, 0x08, 0x08, 0x08, 0x08, 0x08, 0x08, 
0x08, 0x08, 0x08, 0x08, 0x08, 0x08, 0x08, 0x08, 0x08, 0x08, 0x08, 0x08, 0x08, 0x08, 0x08, 0x08, 
0x08, 0x08, 0x08, 0x08, 0x08, 0x08, 0x08, 0x08, 0x08, 0x08, 0x08, 0x08, 0x08, 0x08, 0x08, 0x08, 
0x08, 0x08, 0x08, 0x08, 0x08, 0x08, 0x08, 0x08, 0x08, 0x08, 0x08, 0x08, 0x08, 0x08, 0x08, 0x08, 
0x08, 0x06, 0x08, 0x08, 0x08, 0x08, 0x08, 0x08, 0x08, 0x08, 0x08, 0x08, 0x08, 0x08, 0x08, 0x08, 
0x08, 0x08, 0x08, 0x08, 0x08, 0x08, 0x08, 0x08, 0x08, 0x08, 0x08, 0x08, 0x08, 0x08, 0x08, 0x08, 
0x08, 0x08, 0x08, 0x08, 0x0F, 0x17, 0x2B, 0x2F, 0x2D, 0x29, 0x2D, 0x28, 0x1A, 0x27, 0x12, 0x11, 
0x11, 0x11, 0x0F, 0x08, 0x08, 0x08, 0x12, 0x26, 0x19, 0x2D, 0x2B, 0x2B, 0x29, 0x29, 0x26, 0x26, 
0x26, 0x1A, 0x26, 0x29, 0x1B, 0x19, 0x18, 0x28, 0x19, 0x18, 0x19, 0x1A, 0x08, 0x08, 0x08, 0x08, 
0x08, 0x08, 0x09, 0x0F, 0x08, 0x08, 0x08, 0x08, 0x08, 0x08, 0x08, 0x08, 0x08, 0x08, 0x08, 0x08, 
0x08, 0x08, 0x08, 0x08, 0x08, 0x08, 0x08, 0x08, 0x08, 0x08, 0x08, 0x08, 0x08, 0x08, 0x08, 0x08, 
0x08, 0x08, 0x08, 0x08, 0x08, 0x08, 0x08, 0x08, 0x08, 0x08, 0x08, 0x08, 0x08, 0x08, 0x08, 0x08, 
0x08, 0x08, 0x08, 0x08, 0x08, 0x08, 0x08, 0x08, 0x08, 0x08, 0x08, 0x08, 0x08, 0x08, 0x08, 0x08, 
0x08, 0x08, 0x08, 0x08, 0x08, 0x08, 0x08, 0x08, 0x08, 0x08, 0x08, 0x08, 0x08, 0x08, 0x08, 0x08, 
0x08, 0x08, 0x08, 0x08, 0x08, 0x08, 0x08, 0x08, 0x08, 0x08, 0x08, 0x08, 0x08, 0x08, 0x08, 0x08, 
0x08, 0x08, 0x08, 0x08, 0x08, 0x08, 0x08, 0x08, 0x08, 0x08, 0x08, 0x08, 0x08, 0x08, 0x08, 0x08, 
0x08, 0x08, 0x08, 0x08, 0x08, 0x08, 0x08, 0x08, 0x08, 0x08, 0x08, 0x08, 0x08, 0x08, 0x08, 0x08, 
0x08, 0x08, 0x08, 0x08, 0x08, 0x08, 0x08, 0x08, 0x08, 0x08, 0x08, 0x08, 0x08, 0x08, 0x08, 0x08, 
0x08, 0x08, 0x08, 0x08, 0x08, 0x08, 0x08, 0x08, 0x08, 0x08, 0x08, 0x08, 0x08, 0x08, 0x08, 0x08, 
0x08, 0x08, 0x08, 0x08, 0x08, 0x08, 0x08, 0x08, 0x08, 0x08, 0x08, 0x08, 0x08, 0x08, 0x08, 0x08, 
0x08, 0x08, 0x08, 0x08, 0x08, 0x08, 0x08, 0x08, 0x08, 0x08, 0x08, 0x08, 0x08, 0x08, 0x08, 0x08, 
0x08, 0x08, 0x08, 0x08, 0x08, 0x08, 0x08, 0x08, 0x08, 0x08, 0x08, 0x08, 0x08, 0x08, 0x08, 0x08, 
0x08, 0x08, 0x08, 0x08, 0x08, 0x08, 0x08, 0x08, 0x08, 0x08, 0x08, 0x08, 0x08, 0x08, 0x08, 0x08, 
0x08, 0x08, 0x08, 0x08, 0x08, 0x08, 0x08, 0x08, 0x08, 0x08, 0x08, 0x08, 0x08, 0x08, 0x08, 0x08, 
0x08, 0x08, 0x08, 0x08, 0x08, 0x08, 0x08, 0x08, 0x08, 0x08, 0x08, 0x08, 0x08, 0x08, 0x08, 0x08, 
0x08, 0x08, 0x08, 0x08, 0x08, 0x08, 0x08, 0x08, 0x08, 0x08, 0x08, 0x08, 0x08, 0x08, 0x08, 0x08, 
0x08, 0x08, 0x08, 0x08, 0x08, 0x12, 0x1A, 0x2B, 0x2B, 0x2D, 0x2B, 0x1A, 0x16, 0x11, 0x08, 0x08, 
0x08, 0x08, 0x08, 0x08, 0x08, 0x10, 0x18, 0x29, 0x29, 0x2B, 0x29, 0x28, 0x18, 0x16, 0x19, 0x29, 
0x29, 0x26, 0x26, 0x26, 0x19, 0x1B, 0x16, 0x16, 0x17, 0x19, 0x26, 0x26, 0x08, 0x08, 0x08, 0x08, 
0x08, 0x08, 0x08, 0x08, 0x08, 0x08, 0x08, 0x08, 0x08, 0x08, 0x08, 0x08, 0x08, 0x08, 0x08, 0x08, 
0x08, 0x08, 0x08, 0x08, 0x08, 0x08, 0x08, 0x08, 0x08, 0x08, 0x08, 0x08, 0x08, 0x08, 0x08, 0x08, 
0x08, 0x08, 0x08, 0x08, 0x08, 0x08, 0x08, 0x08, 0x08, 0x08, 0x08, 0x08, 0x08, 0x08, 0x08, 0x08, 
0x08, 0x08, 0x08, 0x08, 0x08, 0x08, 0x08, 0x08, 0x08, 0x08, 0x08, 0x08, 0x08, 0x08, 0x08, 0x08, 
0x08, 0x08, 0x08, 0x08, 0x08, 0x08, 0x08, 0x08, 0x08, 0x08, 0x08, 0x08, 0x08, 0x08, 0x08, 0x08, 
0x08, 0x08, 0x08, 0x08, 0x08, 0x08, 0x08, 0x08, 0x08, 0x08, 0x08, 0x08, 0x08, 0x08, 0x08, 0x08, 
0x08, 0x08, 0x08, 0x08, 0x08, 0x08, 0x08, 0x08, 0x08, 0x08, 0x08, 0x08, 0x08, 0x08, 0x08, 0x08, 
0x08, 0x08, 0x08, 0x08, 0x08, 0x08, 0x08, 0x08, 0x08, 0x08, 0x08, 0x08, 0x08, 0x08, 0x08, 0x08, 
0x08, 0x08, 0x08, 0x08, 0x08, 0x08, 0x08, 0x08, 0x08, 0x08, 0x08, 0x08, 0x08, 0x08, 0x08, 0x08, 
0x08, 0x08, 0x08, 0x08, 0x08, 0x08, 0x08, 0x08, 0x08, 0x08, 0x08, 0x08, 0x08, 0x08, 0x08, 0x08, 
0x08, 0x08, 0x08, 0x08, 0x08, 0x08, 0x08, 0x08, 0x08, 0x08, 0x08, 0x08, 0x08, 0x08, 0x08, 0x08, 
0x08, 0x08, 0x08, 0x08, 0x08, 0x08, 0x08, 0x08, 0x08, 0x08, 0x08, 0x08, 0x08, 0x08, 0x08, 0x08, 
0x08, 0x08, 0x08, 0x08, 0x08, 0x08, 0x08, 0x08, 0x08, 0x08, 0x08, 0x08, 0x08, 0x08, 0x08, 0x08, 
0x08, 0x08, 0x08, 0x08, 0x08, 0x08, 0x08, 0x08, 0x08, 0x08, 0x08, 0x08, 0x08, 0x08, 0x08, 0x08, 
0x08, 0x08, 0x08, 0x08, 0x08, 0x08, 0x08, 0x08, 0x08, 0x08, 0x08, 0x08, 0x08, 0x08, 0x08, 0x08, 
0x08, 0x08, 0x08, 0x08, 0x08, 0x08, 0x08, 0x08, 0x08, 0x08, 0x08, 0x08, 0x08, 0x08, 0x08, 0x08, 
0x08, 0x08, 0x08, 0x08, 0x08, 0x08, 0x08, 0x08, 0x08, 0x08, 0x08, 0x08, 0x08, 0x08, 0x08, 0x08, 
0x08, 0x08, 0x08, 0x08, 0x08, 0x08, 0x10, 0x12, 0x12, 0x12, 0x12, 0x11, 0x0F, 0x08, 0x08, 0x08, 
0x08, 0x08, 0x08, 0x08, 0x08, 0x11, 0x18, 0x26, 0x26, 0x26, 0x17, 0x12, 0x0F, 0x0F, 0x12, 0x17, 
0x1A, 0x1A, 0x27, 0x19, 0x17, 0x12, 0x0F, 0x08, 0x10, 0x16, 0x1A, 0x1A, 0x08, 0x08, 0x08, 0x08, 
0x08, 0x08, 0x08, 0x08, 0x08, 0x08, 0x08, 0x08, 0x08, 0x08, 0x08, 0x08, 0x08, 0x08, 0x08, 0x08, 
0x08, 0x08, 0x08, 0x08, 0x08, 0x08, 0x08, 0x08, 0x08, 0x08, 0x08, 0x08, 0x08, 0x08, 0x08, 0x08, 
0x08, 0x08, 0x08, 0x08, 0x08, 0x08, 0x08, 0x08, 0x08, 0x08, 0x08, 0x08, 0x08, 0x08, 0x08, 0x08, 
0x08, 0x08, 0x08, 0x08, 0x08, 0x08, 0x08, 0x08, 0x08, 0x08, 0x08, 0x08, 0x08, 0x08, 0x08, 0x08, 
0x08, 0x08, 0x08, 0x08, 0x08, 0x08, 0x08, 0x08, 0x08, 0x08, 0x08, 0x08, 0x08, 0x08, 0x08, 0x08, 
0x08, 0x08, 0x08, 0x08, 0x08, 0x08, 0x08, 0x08, 0x08, 0x08, 0x08, 0x08, 0x08, 0x08, 0x08, 0x08, 
0x08, 0x08, 0x08, 0x08, 0x08, 0x08, 0x08, 0x08, 0x08, 0x08, 0x08, 0x08, 0x08, 0x08, 0x08, 0x08, 
0x08, 0x08, 0x08, 0x08, 0x08, 0x08, 0x08, 0x08, 0x08, 0x08, 0x08, 0x08, 0x08, 0x08, 0x08, 0x08, 
0x08, 0x08, 0x08, 0x08, 0x08, 0x08, 0x08, 0x08, 0x08, 0x08, 0x08, 0x08, 0x08, 0x08, 0x08, 0x08, 
0x08, 0x08, 0x08, 0x08, 0x08, 0x08, 0x08, 0x08, 0x08, 0x08, 0x08, 0x08, 0x08, 0x08, 0x08, 0x08, 
0x08, 0x08, 0x08, 0x08, 0x08, 0x08, 0x08, 0x08, 0x08, 0x08, 0x08, 0x08, 0x08, 0x08, 0x08, 0x08, 
0x08, 0x08, 0x08, 0x08, 0x08, 0x08, 0x08, 0x08, 0x08, 0x08, 0x08, 0x08, 0x08, 0x08, 0x08, 0x08, 
0x08, 0x08, 0x08, 0x08, 0x08, 0x08, 0x08, 0x08, 0x08, 0x08, 0x08, 0x08, 0x08, 0x08, 0x08, 0x08, 
0x08, 0x08, 0x08, 0x08, 0x08, 0x08, 0x08, 0x08, 0x08, 0x08, 0x08, 0x08, 0x08, 0x08, 0x08, 0x08, 
0x08, 0x08, 0x08, 0x08, 0x08, 0x08, 0x08, 0x08, 0x08, 0x08, 0x08, 0x08, 0x08, 0x08, 0x08, 0x08, 
0x08, 0x08, 0x08, 0x08, 0x08, 0x08, 0x08, 0x08, 0x08, 0x08, 0x08, 0x08, 0x08, 0x08, 0x08, 0x08, 
0x08, 0x08, 0x08, 0x08, 0x08, 0x08, 0x08, 0x08, 0x08, 0x08, 0x08, 0x08, 0x08, 0x08, 0x08, 0x08, 
0x08, 0x08, 0x08, 0x08, 0x08, 0x08, 0x08, 0x08, 0x08, 0x08, 0x08, 0x08, 0x08, 0x08, 0x08, 0x08, 
0x08, 0x08, 0x08, 0x08, 0x08, 0x08, 0x10, 0x11, 0x12, 0x11, 0x0F, 0x08, 0x08, 0x08, 0x08, 0x0F, 
0x10, 0x10, 0x11, 0x11, 0x0F, 0x08, 0x08, 0x08, 0x08, 0x0A, 0x11, 0x12, 0x08, 0x08, 0x08, 0x08, 
0x08, 0x08, 0x08, 0x08, 0x08, 0x08, 0x08, 0x08, 0x08, 0x08, 0x08, 0x08, 0x08, 0x08, 0x08, 0x08, 
0x08, 0x08, 0x08, 0x08, 0x08, 0x08, 0x08, 0x08, 0x08, 0x08, 0x08, 0x08, 0x08, 0x08, 0x08, 0x08, 
0x08, 0x08, 0x08, 0x08, 0x08, 0x08, 0x08, 0x08, 0x08, 0x08, 0x08, 0x08, 0x08, 0x08, 0x08, 0x08, 
0x08, 0x08, 0x08, 0x08, 0x08, 0x08, 0x08, 0x08, 0x08, 0x08, 0x08, 0x08, 0x08, 0x08, 0x08, 0x08, 
0x08, 0x08, 0x08, 0x08, 0x08, 0x08, 0x08, 0x08, 0x08, 0x08, 0x08, 0x08, 0x08, 0x08, 0x08, 0x08, 
0x08, 0x08, 0x08, 0x08, 0x08, 0x08, 0x08, 0x08, 0x08, 0x08, 0x08, 0x08, 0x08, 0x08, 0x08, 0x08, 
0x08, 0x08, 0x08, 0x08, 0x08, 0x08, 0x08, 0x08, 0x08, 0x08, 0x08, 0x08, 0x08, 0x08, 0x08, 0x08, 
0x08, 0x08, 0x08, 0x08, 0x08, 0x08, 0x08, 0x08, 0x08, 0x08, 0x08, 0x08, 0x08, 0x08, 0x08, 0x08, 
0x08, 0x08, 0x08, 0x08, 0x08, 0x08, 0x08, 0x08, 0x08, 0x08, 0x08, 0x08, 0x08, 0x08, 0x08, 0x08, 
0x08, 0x08, 0x08, 0x08, 0x08, 0x08, 0x08, 0x08, 0x08, 0x08, 0x08, 0x08, 0x08, 0x08, 0x08, 0x08, 
0x08, 0x08, 0x08, 0x08, 0x08, 0x08, 0x08, 0x08, 0x08, 0x08, 0x08, 0x08, 0x08, 0x08, 0x08, 0x08, 
0x08, 0x08, 0x08, 0x08, 0x08, 0x08, 0x08, 0x08, 0x08, 0x08, 0x08, 0x08, 0x08, 0x08, 0x08, 0x08, 
0x08, 0x08, 0x08, 0x08, 0x08, 0x08, 0x08, 0x08, 0x08, 0x08, 0x08, 0x08, 0x08, 0x08, 0x08, 0x08, 
0x08, 0x08, 0x08, 0x08, 0x08, 0x08, 0x08, 0x08, 0x08, 0x08, 0x08, 0x08, 0x08, 0x08, 0x08, 0x08, 
0x08, 0x08, 0x08, 0x08, 0x08, 0x08, 0x08, 0x08, 0x08, 0x08, 0x08, 0x08, 0x08, 0x08, 0x08, 0x08, 
0x08, 0x08, 0x08, 0x08, 0x08, 0x08, 0x08, 0x08, 0x08, 0x08, 0x08, 0x08, 0x08, 0x08, 0x08, 0x08, 
0x08, 0x08, 0x08, 0x08, 0x08, 0x08, 0x08, 0x08, 0x08, 0x08, 0x08, 0x08, 0x08, 0x08, 0x08, 0x08, 
0x08, 0x08, 0x08, 0x08, 0x08, 0x08, 0x08, 0x08, 0x08, 0x08, 0x08, 0x08, 0x08, 0x08, 0x08, 0x08, 
0x08, 0x08, 0x08, 0x08, 0x08, 0x08, 0x08, 0x08, 0x08, 0x08, 0x08, 0x08, 0x08, 0x08, 0x08, 0x08, 
0x08, 0x08, 0x08, 0x08, 0x08, 0x08, 0x08, 0x08, 0x08, 0x08, 0x08, 0x08, 0x08, 0x08, 0x08, 0x08, 
0x08, 0x08, 0x08, 0x08, 0x08, 0x08, 0x08, 0x08, 0x08, 0x08, 0x08, 0x08, 0x08, 0x08, 0x08, 0x08, 
0x08, 0x08, 0x08, 0x08, 0x08, 0x08, 0x08, 0x08, 0x08, 0x08, 0x08, 0x08, 0x08, 0x08, 0x08, 0x08, 
0x08, 0x08, 0x08, 0x08, 0x08, 0x08, 0x08, 0x08, 0x08, 0x08, 0x08, 0x08, 0x08, 0x08, 0x08, 0x08, 
0x08, 0x08, 0x08, 0x08, 0x08, 0x08, 0x08, 0x08, 0x08, 0x08, 0x08, 0x08, 0x08, 0x08, 0x08, 0x08, 
0x08, 0x08, 0x08, 0x08, 0x08, 0x08, 0x08, 0x08, 0x08, 0x08, 0x08, 0x08, 0x08, 0x08, 0x08, 0x08, 
0x08, 0x08, 0x08, 0x08, 0x08, 0x08, 0x08, 0x08, 0x08, 0x08, 0x08, 0x08, 0x08, 0x08, 0x08, 0x08, 
0x08, 0x08, 0x08, 0x08, 0x08, 0x08, 0x08, 0x08, 0x08, 0x08, 0x08, 0x08, 0x08, 0x08, 0x08, 0x08, 
0x08, 0x08, 0x08, 0x08, 0x08, 0x08, 0x08, 0x08, 0x08, 0x08, 0x08, 0x08, 0x08, 0x08, 0x08, 0x08, 
0x08, 0x08, 0x08, 0x08, 0x08, 0x08, 0x08, 0x08, 0x08, 0x08, 0x08, 0x08, 0x08, 0x08, 0x08, 0x08, 
0x08, 0x08, 0x08, 0x08, 0x08, 0x08, 0x08, 0x08, 0x08, 0x08, 0x08, 0x08, 0x08, 0x08, 0x08, 0x08, 
0x08, 0x08, 0x08, 0x08, 0x08, 0x08, 0x08, 0x08, 0x08, 0x08, 0x08, 0x08, 0x08, 0x08, 0x08, 0x08, 
0x08, 0x08, 0x08, 0x08, 0x08, 0x08, 0x08, 0x08, 0x08, 0x08, 0x08, 0x08, 0x08, 0x08, 0x08, 0x08, 
0x08, 0x08, 0x08, 0x08, 0x08, 0x08, 0x08, 0x08, 0x08, 0x08, 0x08, 0x08, 0x08, 0x08, 0x08, 0x08, 
0x08, 0x08, 0x08, 0x08, 0x08, 0x08, 0x08, 0x08, 0x08, 0x08, 0x08, 0x08, 0x08, 0x08, 0x08, 0x08, 
0x08, 0x08, 0x08, 0x08, 0x08, 0x08, 0x08, 0x08, 0x08, 0x08, 0x08, 0x08, 0x08, 0x08, 0x08, 0x08, 
0x08, 0x08, 0x08, 0x08, 0x08, 0x08, 0x08, 0x08, 0x08, 0x08, 0x08, 0x08, 0x08, 0x08, 0x08, 0x08, 
0x08, 0x08, 0x08, 0x08, 0x08, 0x08, 0x08, 0x08, 0x08, 0x08, 0x08, 0x08, 0x08, 0x08, 0x08, 0x08, 
0x08, 0x08, 0x08, 0x08, 0x08, 0x08, 0x08, 0x08, 0x08, 0x08, 0x08, 0x08, 0x08, 0x08, 0x08, 0x08, 
0x08, 0x08, 0x08, 0x08, 0x08, 0x08, 0x08, 0x08, 0x08, 0x08, 0x08, 0x08, 0x08, 0x08, 0x08, 0x08, 
0x08, 0x08, 0x08, 0x08, 0x08, 0x08, 0x08, 0x08, 0x08, 0x08, 0x08, 0x08, 0x08, 0x08, 0x08, 0x08, 
0x08, 0x08, 0x08, 0x08, 0x08, 0x08, 0x08, 0x08, 0x08, 0x08, 0x08, 0x08, 0x08, 0x08, 0x08, 0x08, 
0x08, 0x08, 0x08, 0x08, 0x08, 0x08, 0x08, 0x08, 0x08, 0x08, 0x08, 0x08, 0x08, 0x08, 0x08, 0x08, 
0x08, 0x08, 0x08, 0x08, 0x08, 0x08, 0x08, 0x08, 0x08, 0x08, 0x08, 0x08, 0x08, 0x08, 0x08, 0x08, 
0x08, 0x08, 0x08, 0x08, 0x08, 0x08, 0x08, 0x08, 0x08, 0x08, 0x08, 0x08, 0x08, 0x08, 0x08, 0x08, 
0x08, 0x08, 0x08, 0x08, 0x08, 0x08, 0x08, 0x08, 0x08, 0x08, 0x08, 0x08, 0x08, 0x08, 0x08, 0x08, 
0x08, 0x08, 0x08, 0x08, 0x08, 0x08, 0x08, 0x08, 0x08, 0x08, 0x08, 0x08, 0x08, 0x08, 0x08, 0x08, 
0x08, 0x08, 0x08, 0x08, 0x08, 0x08, 0x08, 0x08, 0x08, 0x08, 0x08, 0x08, 0x08, 0x08, 0x08, 0x08, 
0x08, 0x08, 0x08, 0x08, 0x08, 0x08, 0x08, 0x08, 0x08, 0x08, 0x08, 0x08, 0x08, 0x08, 0x08, 0x08, 
0x08, 0x08, 0x08, 0x08, 0x08, 0x08, 0x08, 0x08, 0x08, 0x08, 0x08, 0x08, 0x08, 0x08, 0x08, 0x08, 
0x08, 0x08, 0x08, 0x08, 0x08, 0x08, 0x08, 0x08, 0x08, 0x08, 0x08, 0x08, 0x08, 0x08, 0x08, 0x08, 
0x08, 0x08, 0x08, 0x08, 0x08, 0x08, 0x08, 0x08, 0x08, 0x08, 0x08, 0x08, 0x08, 0x08, 0x08, 0x08, 
0x08, 0x08, 0x08, 0x08, 0x08, 0x08, 0x08, 0x08, 0x08, 0x08, 0x08, 0x08, 0x08, 0x08, 0x08, 0x08, 
0x08, 0x08, 0x08, 0x08, 0x08, 0x08, 0x08, 0x08, 0x08, 0x08, 0x08, 0x08, 0x08, 0x08, 0x08, 0x08, 
0x08, 0x08, 0x08, 0x08, 0x08, 0x08, 0x08, 0x08, 0x08, 0x08, 0x08, 0x08, 0x08, 0x08, 0x08, 0x08, 
0x08, 0x08, 0x08, 0x08, 0x08, 0x08, 0x08, 0x08, 0x08, 0x08, 0x08, 0x08, 0x08, 0x08, 0x08, 0x08, 
0x08, 0x08, 0x08, 0x08, 0x08, 0x08, 0x08, 0x08, 0x08, 0x08, 0x08, 0x08, 0x08, 0x08, 0x08, 0x08, 
0x08, 0x08, 0x08, 0x08, 0x08, 0x08, 0x08, 0x08, 0x08, 0x08, 0x08, 0x08, 0x08, 0x08, 0x08, 0x08, 
0x08, 0x08, 0x08, 0x08, 0x08, 0x08, 0x08, 0x08, 0x08, 0x08, 0x08, 0x08, 0x08, 0x08, 0x08, 0x08, 
0x08, 0x08, 0x08, 0x08, 0x08, 0x08, 0x08, 0x08, 0x08, 0x08, 0x08, 0x08, 0x08, 0x08, 0x08, 0x08, 
0x08, 0x08, 0x08, 0x08, 0x08, 0x08, 0x08, 0x08, 0x08, 0x08, 0x08, 0x08, 0x08, 0x08, 0x08, 0x08, 
0x08, 0x08, 0x08, 0x08, 0x08, 0x08, 0x08, 0x08, 0x08, 0x08, 0x08, 0x08, 0x08, 0x08, 0x08, 0x08, 
0x08, 0x08, 0x08, 0x08, 0x08, 0x08, 0x08, 0x08, 0x08, 0x08, 0x08, 0x08, 0x08, 0x08, 0x08, 0x08, 
0x08, 0x08, 0x08, 0x08, 0x08, 0x08, 0x08, 0x08, 0x08, 0x08, 0x08, 0x08, 0x08, 0x08, 0x08, 0x08, 
0x08, 0x08, 0x08, 0x08, 0x08, 0x08, 0x08, 0x08, 0x08, 0x08, 0x08, 0x08, 0x08, 0x08, 0x08, 0x08, 
0x08, 0x08, 0x08, 0x08, 0x08, 0x08, 0x08, 0x08, 0x08, 0x08, 0x08, 0x08, 0x08, 0x08, 0x08, 0x08, 
0x08, 0x08, 0x08, 0x08, 0x08, 0x08, 0x08, 0x08, 0x08, 0x08, 0x08, 0x08, 0x08, 0x08, 0x08, 0x08, 
0x08, 0x08, 0x08, 0x08, 0x08, 0x08, 0x08, 0x08, 0x08, 0x08, 0x08, 0x08, 0x08, 0x08, 0x08, 0x08, 
0x08, 0x08, 0x08, 0x08, 0x08, 0x08, 0x08, 0x08, 0x08, 0x08, 0x08, 0x08, 0x08, 0x08, 0x08, 0x08, 
0x08, 0x08, 0x08, 0x08, 0x08, 0x08, 0x08, 0x08, 0x08, 0x08, 0x08, 0x08, 0x08, 0x08, 0x08, 0x08, 
0x08, 0x08, 0x08, 0x08, 0x08, 0x08, 0x08, 0x08, 0x08, 0x08, 0x08, 0x08, 0x08, 0x08, 0x08, 0x08, 
0x08, 0x08, 0x08, 0x08, 0x08, 0x08, 0x08, 0x08, 0x08, 0x08, 0x08, 0x08, 0x08, 0x08, 0x08, 0x08, 
0x08, 0x08, 0x08, 0x08, 0x08, 0x08, 0x08, 0x08, 0x08, 0x08, 0x08, 0x08, 0x08, 0x08, 0x08, 0x08, 
0x08, 0x08, 0x08, 0x08, 0x08, 0x08, 0x08, 0x08, 0x08, 0x08, 0x08, 0x08, 0x08, 0x08, 0x08, 0x08, 
0x08, 0x08, 0x08, 0x08, 0x08, 0x08, 0x08, 0x08, 0x08, 0x08, 0x08, 0x08, 0x08, 0x08, 0x08, 0x08, 
0x08, 0x08, 0x08, 0x08, 0x08, 0x08, 0x08, 0x08, 0x08, 0x08, 0x08, 0x08, 0x08, 0x08, 0x08, 0x08, 
0x08, 0x08, 0x08, 0x08, 0x08, 0x08, 0x08, 0x08, 0x08, 0x08, 0x08, 0x08, 0x08, 0x08, 0x08, 0x08, 
0x08, 0x08, 0x08, 0x08, 0x08, 0x08, 0x08, 0x08, 0x08, 0x08, 0x08, 0x08, 0x08, 0x08, 0x08, 0x08, 
0x08, 0x08, 0x08, 0x08, 0x08, 0x08, 0x08, 0x08, 0x08, 0x08, 0x08, 0x08, 0x08, 0x08, 0x08, 0x08, 
0x08, 0x08, 0x08, 0x08, 0x08, 0x08, 0x08, 0x08, 0x08, 0x08, 0x08, 0x08, 0x08, 0x08, 0x08, 0x08, 
0x08, 0x08, 0x08, 0x08, 0x08, 0x08, 0x08, 0x08, 0x08, 0x08, 0x08, 0x08, 0x08, 0x08, 0x08, 0x08, 
0x08, 0x08, 0x08, 0x08, 0x08, 0x08, 0x08, 0x08, 0x08, 0x08, 0x08, 0x08, 0x08, 0x08, 0x08, 0x08, 
0x08, 0x08, 0x08, 0x08, 0x08, 0x08, 0x08, 0x08, 0x08, 0x08, 0x08, 0x08, 0x08, 0x08, 0x08, 0x08, 
0x08, 0x08, 0x08, 0x08, 0x08, 0x08, 0x08, 0x08, 0x08, 0x08, 0x08, 0x08, 0x08, 0x08, 0x08, 0x08, 
0x08, 0x08, 0x08, 0x08, 0x08, 0x08, 0x08, 0x08, 0x08, 0x08, 0x08, 0x08, 0x08, 0x08, 0x08, 0x08, 
0x08, 0x08, 0x08, 0x08, 0x08, 0x08, 0x08, 0x08, 0x08, 0x08, 0x08, 0x08, 0x08, 0x08, 0x08, 0x08, 
0x08, 0x08, 0x08, 0x08, 0x08, 0x08, 0x08, 0x08, 0x08, 0x08, 0x08, 0x08, 0x08, 0x08, 0x08, 0x08, 
0x08, 0x08, 0x08, 0x08, 0x08, 0x08, 0x08, 0x08, 0x08, 0x08, 0x08, 0x08, 0x08, 0x08, 0x08, 0x08, 
0x08, 0x08, 0x08, 0x08, 0x08, 0x08, 0x08, 0x08, 0x08, 0x08, 0x08, 0x08, 0x08, 0x08, 0x08, 0x08, 
0x08, 0x08, 0x08, 0x08, 0x08, 0x08, 0x08, 0x08, 0x08, 0x08, 0x08, 0x08, 0x08, 0x08, 0x08, 0x08, 
0x08, 0x08, 0x08, 0x08, 0x08, 0x08, 0x08, 0x08, 0x08, 0x08, 0x08, 0x08, 0x08, 0x08, 0x08, 0x08, 
0x08, 0x08, 0x08, 0x08, 0x08, 0x08, 0x08, 0x08, 0x08, 0x08, 0x08, 0x08, 0x08, 0x08, 0x08, 0x08, 
0x08, 0x08, 0x08, 0x08, 0x08, 0x08, 0x08, 0x08, 0x08, 0x08, 0x08, 0x08, 0x08, 0x08, 0x08, 0x08, 
0x08, 0x08, 0x08, 0x08, 0x08, 0x08, 0x08, 0x08, 0x08, 0x08, 0x08, 0x08, 0x08, 0x08, 0x08, 0x08, 
0x08, 0x08, 0x08, 0x08, 0x08, 0x08, 0x08, 0x08, 0x08, 0x08, 0x08, 0x08, 0x08, 0x08, 0x08, 0x08, 
0x08, 0x08, 0x08, 0x08, 0x08, 0x08, 0x08, 0x08, 0x08, 0x08, 0x08, 0x08, 0x08, 0x08, 0x08, 0x08, 
0x08, 0x08, 0x08, 0x08, 0x08, 0x08, 0x08, 0x08, 0x08, 0x08, 0x08, 0x08, 0x08, 0x08, 0x08, 0x08, 
0x08, 0x08, 0x08, 0x08, 0x08, 0x08, 0x08, 0x08, 0x08, 0x08, 0x08, 0x08, 0x08, 0x08, 0x08, 0x08, 
0x08, 0x08, 0x08, 0x08, 0x08, 0x08, 0x08, 0x08, 0x08, 0x08, 0x08, 0x08, 0x08, 0x08, 0x08, 0x08, 
0x08, 0x08, 0x08, 0x08, 0x08, 0x08, 0x08, 0x08, 0x08, 0x08, 0x08, 0x08, 0x08, 0x08, 0x08, 0x08, 
0x08, 0x08, 0x08, 0x08, 0x08, 0x08, 0x08, 0x08, 0x08, 0x08, 0x08, 0x08, 0x08, 0x08, 0x08, 0x08, 
0x08, 0x08, 0x08, 0x08, 0x08, 0x08, 0x08, 0x08, 0x08, 0x08, 0x08, 0x08, 0x08, 0x08, 0x08, 0x08, 
0x08, 0x08, 0x08, 0x08, 0x08, 0x08, 0x08, 0x08, 0x08, 0x08, 0x08, 0x08, 0x08, 0x08, 0x08, 0x08, 
0x08, 0x08, 0x08, 0x08, 0x08, 0x08, 0x08, 0x08, 0x08, 0x08, 0x08, 0x08, 0x08, 0x08, 0x08, 0x08, 
0x08, 0x08, 0x08, 0x08, 0x08, 0x08, 0x08, 0x08, 0x08, 0x08, 0x08, 0x08, 0x08, 0x08, 0x08, 0x08, 
0x08, 0x08, 0x08, 0x08, 0x08, 0x08, 0x08, 0x08, 0x08, 0x08, 0x08, 0x08, 0x08, 0x08, 0x08, 0x08, 
0x08, 0x08, 0x08, 0x08, 0x08, 0x08, 0x08, 0x08, 0x08, 0x08, 0x08, 0x08, 0x08, 0x08, 0x08, 0x08, 
0x08, 0x08, 0x08, 0x08, 0x08, 0x08, 0x08, 0x08, 0x08, 0x08, 0x08, 0x08, 0x08, 0x08, 0x08, 0x08, 
0x08, 0x08, 0x08, 0x08, 0x08, 0x08, 0x08, 0x08, 0x08, 0x08, 0x08, 0x08, 0x08, 0x08, 0x08, 0x08, 
0x08, 0x08, 0x08, 0x08, 0x08, 0x08, 0x08, 0x08, 0x08, 0x08, 0x08, 0x08, 0x08, 0x08, 0x08, 0x08, 
0x08, 0x08, 0x08, 0x08, 0x08, 0x08, 0x08, 0x08, 0x08, 0x08, 0x08, 0x08, 0x08, 0x08, 0x08, 0x08, 
0x08, 0x08, 0x08, 0x08, 0x08, 0x08, 0x08, 0x08, 0x08, 0x08, 0x08, 0x08, 0x08, 0x08, 0x08, 0x08, 
0x08, 0x08, 0x08, 0x08, 0x08, 0x08, 0x08, 0x08, 0x08, 0x08, 0x08, 0x08, 0x08, 0x08, 0x08, 0x08, 
0x08, 0x08, 0x08, 0x08, 0x08, 0x08, 0x08, 0x08, 0x08, 0x08, 0x08, 0x08, 0x08, 0x08, 0x08, 0x08, 
0x08, 0x08, 0x08, 0x08, 0x08, 0x08, 0x08, 0x08, 0x08, 0x08, 0x08, 0x08, 0x08, 0x08, 0x08, 0x08, 
0x08, 0x08, 0x08, 0x08, 0x08, 0x08, 0x08, 0x08, 0x08, 0x08, 0x08, 0x08, 0x08, 0x08, 0x08, 0x08, 
0x08, 0x08, 0x08, 0x08, 0x08, 0x08, 0x08, 0x08, 0x08, 0x08, 0x08, 0x08, 0x08, 0x08, 0x08, 0x08, 
0x08, 0x08, 0x08, 0x08, 0x08, 0x08, 0x08, 0x08, 0x08, 0x08, 0x08, 0x08, 0x08, 0x08, 0x08, 0x08, 
0x08, 0x08, 0x08, 0x08, 0x08, 0x08, 0x08, 0x08, 0x08, 0x08, 0x08, 0x08, 0x08, 0x08, 0x08, 0x08, 
0x08, 0x08, 0x08, 0x08, 0x08, 0x08, 0x08, 0x08, 0x08, 0x08, 0x08, 0x08, 0x08, 0x08, 0x08, 0x08, 
0x08, 0x08, 0x08, 0x08, 0x08, 0x08, 0x08, 0x08, 0x08, 0x08, 0x08, 0x08, 0x08, 0x08, 0x08, 0x08, 
0x08, 0x08, 0x08, 0x08, 0x08, 0x08, 0x08, 0x08, 0x08, 0x08, 0x08, 0x08, 0x08, 0x08, 0x08, 0x08, 
0x08, 0x08, 0x08, 0x08, 0x08, 0x08, 0x08, 0x08, 0x08, 0x08, 0x08, 0x08, 0x08, 0x08, 0x08, 0x08, 
0x08, 0x08, 0x08, 0x08, 0x08, 0x08, 0x08, 0x08, 0x08, 0x08, 0x08, 0x08, 0x08, 0x08, 0x08, 0x08, 
0x08, 0x08, 0x08, 0x08, 0x08, 0x08, 0x08, 0x08, 0x08, 0x08, 0x08, 0x08, 0x08, 0x08, 0x08, 0x08, 
0x08, 0x08, 0x08, 0x08, 0x08, 0x08, 0x08, 0x08, 0x08, 0x08, 0x08, 0x08, 0x08, 0x08, 0x08, 0x08, 
0x08, 0x08, 0x08, 0x08, 0x08, 0x08, 0x08, 0x08, 0x08, 0x08, 0x08, 0x08, 0x08, 0x08, 0x08, 0x08, 
0x08, 0x08, 0x08, 0x08, 0x08, 0x08, 0x08, 0x08, 0x08, 0x08, 0x08, 0x08, 0x08, 0x08, 0x08, 0x08, 
0x08, 0x08, 0x08, 0x08, 0x08, 0x08, 0x08, 0x08, 0x08, 0x08, 0x08, 0x08, 0x08, 0x08, 0x08, 0x08, 
0x08, 0x08, 0x08, 0x08, 0x08, 0x08, 0x08, 0x08, 0x08, 0x08, 0x08, 0x08, 0x08, 0x08, 0x08, 0x08, 
0x08, 0x08, 0x08, 0x08, 0x08, 0x08, 0x08, 0x08, 0x08, 0x08, 0x08, 0x08, 0x08, 0x08, 0x08, 0x08, 
0x08, 0x08, 0x08, 0x08, 0x08, 0x08, 0x08, 0x08, 0x08, 0x08, 0x08, 0x08, 0x08, 0x08, 0x08, 0x08, 
0x08, 0x08, 0x08, 0x08, 0x08, 0x08, 0x08, 0x08, 0x08, 0x08, 0x08, 0x08, 0x08, 0x08, 0x08, 0x08, 
0x08, 0x08, 0x08, 0x08, 0x08, 0x08, 0x08, 0x08, 0x08, 0x08, 0x08, 0x08, 0x08, 0x08, 0x08, 0x08, 
0x08, 0x08, 0x08, 0x08, 0x08, 0x08, 0x08, 0x08, 0x08, 0x08, 0x08, 0x08, 0x08, 0x08, 0x08, 0x08, 
0x08, 0x08, 0x08, 0x08, 0x08, 0x08, 0x08, 0x08, 0x08, 0x08, 0x08, 0x08, 0x08, 0x08, 0x08, 0x08, 
0x08, 0x08, 0x08, 0x08, 0x08, 0x08, 0x08, 0x08, 0x08, 0x08, 0x08, 0x08, 0x08, 0x08, 0x08, 0x08, 
0x08, 0x08, 0x08, 0x08, 0x08, 0x08, 0x08, 0x08, 0x08, 0x08, 0x08, 0x08, 0x08, 0x08, 0x08, 0x08, 
0x08, 0x08, 0x08, 0x08, 0x08, 0x08, 0x08, 0x08, 0x08, 0x08, 0x08, 0x08, 0x08, 0x08, 0x08, 0x08, 
0x08, 0x08, 0x08, 0x08, 0x08, 0x08, 0x08, 0x08, 0x08, 0x08, 0x08, 0x08, 0x08, 0x08, 0x08, 0x08, 
0x08, 0x08, 0x08, 0x08, 0x08, 0x08, 0x08, 0x08, 0x08, 0x08, 0x08, 0x08, 0x08, 0x08, 0x08, 0x08, 
0x08, 0x08, 0x08, 0x08, 0x08, 0x08, 0x08, 0x08, 0x08, 0x08, 0x08, 0x08, 0x08, 0x08, 0x08, 0x08, 
0x08, 0x08, 0x08, 0x08, 0x08, 0x08, 0x08, 0x08, 0x08, 0x08, 0x08, 0x08, 0x08, 0x08, 0x08, 0x08, 
0x08, 0x08, 0x08, 0x08, 0x08, 0x08, 0x08, 0x08, 0x08, 0x08, 0x08, 0x08, 0x08, 0x08, 0x08, 0x08, 
0x08, 0x08, 0x08, 0x08, 0x08, 0x08, 0x08, 0x08, 0x08, 0x08, 0x08, 0x08, 0x08, 0x08, 0x08, 0x08, 
0x08, 0x08, 0x08, 0x08, 0x08, 0x08, 0x08, 0x08, 0x08, 0x08, 0x08, 0x08, 0x08, 0x08, 0x08, 0x08, 
0x08, 0x08, 0x08, 0x08, 0x08, 0x08, 0x08, 0x08, 0x08, 0x08, 0x08, 0x08, 0x08, 0x08, 0x08, 0x08, 
0x08, 0x08, 0x08, 0x08, 0x08, 0x08, 0x08, 0x08, 0x08, 0x08, 0x08, 0x08, 0x08, 0x08, 0x08, 0x08, 
0x08, 0x08, 0x08, 0x08, 0x08, 0x08, 0x08, 0x08, 0x08, 0x08, 0x08, 0x08, 0x08, 0x08, 0x08, 0x08, 
0x08, 0x08, 0x08, 0x08, 0x08, 0x08, 0x08, 0x08, 0x08, 0x08, 0x08, 0x08, 0x08, 0x08, 0x08, 0x08, 
0x08, 0x08, 0x08, 0x08, 0x08, 0x08, 0x08, 0x08, 0x08, 0x08, 0x08, 0x08, 0x08, 0x08, 0x08, 0x08, 
0x08, 0x08, 0x08, 0x08, 0x08, 0x08, 0x08, 0x08, 0x08, 0x08, 0x08, 0x08, 0x08, 0x08, 0x08, 0x08, 
0x08, 0x08, 0x08, 0x08, 0x08, 0x08, 0x08, 0x08, 0x08, 0x08, 0x08, 0x08, 0x08, 0x08, 0x08, 0x08, 
0x08, 0x08, 0x08, 0x08, 0x08, 0x08, 0x08, 0x08, 0x08, 0x08, 0x08, 0x08, 0x08, 0x08, 0x08, 0x08, 
0x08, 0x08, 0x08, 0x08, 0x08, 0x08, 0x08, 0x08, 0x08, 0x08, 0x08, 0x08, 0x08, 0x08, 0x08, 0x08, 
0x08, 0x08, 0x08, 0x08, 0x08, 0x08, 0x08, 0x08, 0x08, 0x08, 0x08, 0x08, 0x08, 0x08, 0x08, 0x08, 
0x08, 0x08, 0x08, 0x08, 0x08, 0x08, 0x08, 0x08, 0x08, 0x08, 0x08, 0x08, 0x08, 0x08, 0x08, 0x08, 
0x08, 0x08, 0x08, 0x08, 0x08, 0x08, 0x08, 0x08, 0x08, 0x08, 0x08, 0x08, 0x08, 0x08, 0x08, 0x08, 
0x08, 0x08, 0x08, 0x08, 0x08, 0x08, 0x08, 0x08, 0x08, 0x08, 0x08, 0x08, 0x08, 0x08, 0x08, 0x08, 
0x08, 0x08, 0x08, 0x08, 0x08, 0x08, 0x08, 0x08, 0x08, 0x08, 0x08, 0x08, 0x08, 0x08, 0x08, 0x08, 
0x08, 0x08, 0x08, 0x08, 0x08, 0x08, 0x08, 0x08, 0x08, 0x08, 0x08, 0x08, 0x08, 0x08, 0x08, 0x08, 
0x08, 0x08, 0x08, 0x08, 0x08, 0x08, 0x08, 0x08, 0x08, 0x08, 0x08, 0x08, 0x08, 0x08, 0x08, 0x08, 
0x08, 0x08, 0x08, 0x08, 0x08, 0x08, 0x08, 0x08, 0x08, 0x08, 0x08, 0x08, 0x08, 0x08, 0x08, 0x08, 
0x08, 0x08, 0x08, 0x08, 0x08, 0x08, 0x08, 0x08, 0x08, 0x08, 0x08, 0x08, 0x08, 0x08, 0x08, 0x08, 
0x08, 0x08, 0x08, 0x08, 0x08, 0x08, 0x08, 0x08, 0x08, 0x08, 0x08, 0x08, 0x08, 0x08, 0x08, 0x08, 
0x08, 0x08, 0x08, 0x08, 0x08, 0x08, 0x08, 0x08, 0x08, 0x08, 0x08, 0x08, 0x08, 0x08, 0x08, 0x08, 
0x08, 0x08, 0x08, 0x08, 0x08, 0x08, 0x08, 0x08, 0x08, 0x08, 0x08, 0x08, 0x08, 0x08, 0x08, 0x08, 
0x08, 0x08, 0x08, 0x08, 0x08, 0x08, 0x08, 0x08, 0x08, 0x08, 0x08, 0x08, 0x08, 0x08, 0x08, 0x08, 
0x08, 0x08, 0x08, 0x08, 0x08, 0x08, 0x08, 0x08, 0x08, 0x08, 0x08, 0x08, 0x08, 0x08, 0x08, 0x08, 
0x08, 0x08, 0x08, 0x08, 0x08, 0x08, 0x08, 0x08, 0x08, 0x08, 0x08, 0x08, 0x08, 0x08, 0x08, 0x08, 
0x08, 0x08, 0x08, 0x08, 0x08, 0x08, 0x08, 0x08, 0x08, 0x08, 0x08, 0x08, 0x08, 0x08, 0x08, 0x08, 
0x08, 0x08, 0x08, 0x08, 0x08, 0x08, 0x08, 0x08, 0x08, 0x08, 0x08, 0x08, 0x08, 0x08, 0x08, 0x08, 
0x08, 0x08, 0x08, 0x08, 0x08, 0x08, 0x08, 0x08, 0x08, 0x08, 0x08, 0x08, 0x08, 0x08, 0x08, 0x08, 
0x08, 0x08, 0x08, 0x08, 0x08, 0x08, 0x08, 0x08, 0x08, 0x08, 0x08, 0x08, 0x08, 0x08, 0x08, 0x08, 
0x08, 0x08, 0x08, 0x08, 0x08, 0x08, 0x08, 0x08, 0x08, 0x08, 0x08, 0x08, 0x08, 0x08, 0x08, 0x08, 
0x08, 0x08, 0x08, 0x08, 0x08, 0x08, 0x08, 0x08, 0x08, 0x08, 0x08, 0x08, 0x08, 0x08, 0x08, 0x08, 
0x08, 0x08, 0x08, 0x08, 0x08, 0x08, 0x08, 0x08, 0x08, 0x08, 0x08, 0x08, 0x08, 0x08, 0x08, 0x08, 
0x08, 0x08, 0x08, 0x08, 0x08, 0x08, 0x08, 0x08, 0x08, 0x08, 0x08, 0x08, 0x08, 0x08, 0x08, 0x08, 
0x08, 0x08, 0x08, 0x08, 0x08, 0x08, 0x08, 0x08, 0x08, 0x08, 0x08, 0x08, 0x08, 0x08, 0x08, 0x08, 
0x08, 0x08, 0x08, 0x08, 0x08, 0x08, 0x08, 0x08, 0x08, 0x08, 0x08, 0x08, 0x08, 0x08, 0x08, 0x08, 
0x08, 0x08, 0x08, 0x08, 0x08, 0x08, 0x08, 0x08, 0x08, 0x08, 0x08, 0x08, 0x08, 0x08, 0x08, 0x08, 
0x08, 0x08, 0x08, 0x08, 0x08, 0x08, 0x08, 0x08, 0x08, 0x08, 0x08, 0x08, 0x08, 0x08, 0x08, 0x08, 
0x08, 0x08, 0x08, 0x08, 0x08, 0x08, 0x08, 0x08, 0x08, 0x08, 0x08, 0x08, 0x08, 0x08, 0x08, 0x08, 
0x08, 0x08, 0x08, 0x08, 0x08, 0x08, 0x08, 0x08, 0x08, 0x08, 0x08, 0x08, 0x08, 0x08, 0x08, 0x08, 
0x08, 0x08, 0x08, 0x08, 0x08, 0x08, 0x08, 0x08, 0x08, 0x08, 0x08, 0x08, 0x08, 0x08, 0x08, 0x08, 
0x08, 0x08, 0x08, 0x08, 0x08, 0x08, 0x08, 0x08, 0x08, 0x08, 0x08, 0x08, 0x08, 0x08, 0x08, 0x08, 
0x08, 0x08, 0x08, 0x08, 0x08, 0x08, 0x08, 0x08, 0x08, 0x08, 0x08, 0x08, 0x08, 0x08, 0x08, 0x08, 
0x08, 0x08, 0x08, 0x08, 0x08, 0x08, 0x08, 0x08, 0x08, 0x08, 0x08, 0x08, 0x08, 0x08, 0x08, 0x08, 
0x08, 0x08, 0x08, 0x08, 0x08, 0x08, 0x08, 0x08, 0x08, 0x08, 0x08, 0x08, 0x08, 0x08, 0x08, 0x08, 
0x08, 0x08, 0x08, 0x08, 0x08, 0x08, 0x08, 0x08, 0x08, 0x08, 0x08, 0x08, 0x08, 0x08, 0x08, 0x08, 
0x08, 0x08, 0x08, 0x08, 0x08, 0x08, 0x08, 0x08, 0x08, 0x08, 0x08, 0x08, 0x08, 0x08, 0x08, 0x08, 
0x08, 0x08, 0x08, 0x08, 0x08, 0x08, 0x08, 0x08, 0x08, 0x08, 0x08, 0x08, 0x08, 0x08, 0x08, 0x08, 
0x08, 0x08, 0x08, 0x08, 0x08, 0x08, 0x08, 0x08, 0x08, 0x08, 0x08, 0x08, 0x08, 0x08, 0x08, 0x08, 
0x08, 0x08, 0x08, 0x08, 0x08, 0x08, 0x08, 0x08, 0x08, 0x08, 0x08, 0x08, 0x08, 0x08, 0x08, 0x08, 
0x08, 0x08, 0x08, 0x08, 0x08, 0x08, 0x08, 0x08, 0x08, 0x08, 0x08, 0x08, 0x08, 0x08, 0x08, 0x08, 
0x08, 0x08, 0x08, 0x08, 0x08, 0x08, 0x08, 0x08, 0x08, 0x08, 0x08, 0x08, 0x08, 0x08, 0x08, 0x08, 
0x08, 0x08, 0x08, 0x08, 0x08, 0x08, 0x08, 0x08, 0x08, 0x08, 0x08, 0x08, 0x08, 0x08, 0x08, 0x08, 
0x08, 0x08, 0x08, 0x08, 0x08, 0x08, 0x08, 0x08, 0x08, 0x08, 0x08, 0x08, 0x08, 0x08, 0x08, 0x08, 
0x08, 0x08, 0x08, 0x08, 0x08, 0x08, 0x08, 0x08, 0x08, 0x08, 0x08, 0x08, 0x08, 0x08, 0x08, 0x08, 
0x08, 0x08, 0x08, 0x08, 0x08, 0x08, 0x08, 0x08, 0x08, 0x08, 0x08, 0x08, 0x08, 0x08, 0x08, 0x08, 
0x08, 0x08, 0x08, 0x08, 0x08, 0x08, 0x08, 0x08, 0x08, 0x08, 0x08, 0x08, 0x08, 0x08, 0x08, 0x08, 
0x08, 0x08, 0x08, 0x08, 0x08, 0x08, 0x08, 0x08, 0x08, 0x08, 0x08, 0x08, 0x08, 0x08, 0x08, 0x08, 
0x08, 0x08, 0x08, 0x08, 0x08, 0x08, 0x08, 0x08, 0x08, 0x08, 0x08, 0x08, 0x08, 0x08, 0x08, 0x08, 
0x08, 0x08, 0x08, 0x08, 0x08, 0x08, 0x08, 0x08, 0x08, 0x08, 0x08, 0x08, 0x08, 0x08, 0x08, 0x08, 
0x08, 0x08, 0x08, 0x08, 0x08, 0x08, 0x08, 0x08, 0x08, 0x08, 0x08, 0x08, 0x08, 0x08, 0x08, 0x08, 
0x08, 0x08, 0x08, 0x08, 0x08, 0x08, 0x08, 0x08, 0x08, 0x08, 0x08, 0x08, 0x08, 0x08, 0x08, 0x08, 
0x08, 0x08, 0x08, 0x08, 0x08, 0x08, 0x08, 0x08, 0x08, 0x08, 0x08, 0x08, 0x08, 0x08, 0x08, 0x08, 
0x08, 0x08, 0x08, 0x08, 0x08, 0x08, 0x08, 0x08, 0x08, 0x08, 0x08, 0x08, 0x08, 0x08, 0x08, 0x08, 
0x08, 0x08, 0x08, 0x08, 0x08, 0x08, 0x08, 0x08, 0x08, 0x08, 0x08, 0x08, 0x08, 0x08, 0x08, 0x08, 
0x08, 0x08, 0x08, 0x08, 0x08, 0x08, 0x08, 0x08, 0x08, 0x08, 0x08, 0x08, 0x08, 0x08, 0x08, 0x08, 
0x08, 0x08, 0x08, 0x08, 0x08, 0x08, 0x08, 0x08, 0x08, 0x08, 0x08, 0x08, 0x08, 0x08, 0x08, 0x08, 
0x08, 0x08, 0x08, 0x08, 0x08, 0x08, 0x08, 0x08, 0x08, 0x08, 0x08, 0x08, 0x08, 0x08, 0x08, 0x08, 
0x08, 0x08, 0x08, 0x08, 0x08, 0x08, 0x08, 0x08, 0x08, 0x08, 0x08, 0x08, 0x08, 0x08, 0x08, 0x08, 
0x08, 0x08, 0x08, 0x08, 0x08, 0x08, 0x08, 0x08, 0x08, 0x08, 0x08, 0x08, 0x08, 0x08, 0x08, 0x08, 
0x08, 0x08, 0x08, 0x08, 0x08, 0x08, 0x08, 0x08, 0x08, 0x08, 0x08, 0x08, 0x08, 0x08, 0x08, 0x08, 
0x08, 0x08, 0x08, 0x08, 0x08, 0x08, 0x08, 0x08, 0x08, 0x08, 0x08, 0x08, 0x08, 0x08, 0x08, 0x08, 
0x08, 0x08, 0x08, 0x08, 0x08, 0x08, 0x08, 0x08, 0x08, 0x08, 0x08, 0x08, 0x08, 0x08, 0x08, 0x08, 
0x08, 0x08, 0x08, 0x08, 0x08, 0x08, 0x08, 0x08, 0x08, 0x08, 0x08, 0x08, 0x08, 0x08, 0x08, 0x08, 
0x08, 0x08, 0x08, 0x08, 0x08, 0x08, 0x08, 0x08, 0x08, 0x08, 0x08, 0x08, 0x08, 0x08, 0x08, 0x08, 
0x08, 0x08, 0x08, 0x08, 0x08, 0x08, 0x08, 0x08, 0x08, 0x08, 0x08, 0x08, 0x08, 0x08, 0x08, 0x08, 
0x08, 0x08, 0x08, 0x08, 0x08, 0x08, 0x08, 0x08, 0x08, 0x08, 0x08, 0x08, 0x08, 0x08, 0x08, 0x08, 
0x08, 0x08, 0x08, 0x08, 0x08, 0x08, 0x08, 0x08, 0x08, 0x08, 0x08, 0x08, 0x08, 0x08, 0x08, 0x08, 
0x08, 0x08, 0x08, 0x08, 0x08, 0x08, 0x08, 0x08, 0x08, 0x08, 0x08, 0x08, 0x08, 0x08, 0x08, 0x08, 
0x08, 0x08, 0x08, 0x08, 0x08, 0x08, 0x08, 0x08, 0x08, 0x08, 0x08, 0x08, 0x08, 0x08, 0x08, 0x08, 
0x08, 0x08, 0x08, 0x08, 0x08, 0x08, 0x08, 0x08, 0x08, 0x08, 0x08, 0x08, 0x08, 0x08, 0x08, 0x08, 
0x08, 0x08, 0x08, 0x08, 0x08, 0x08, 0x08, 0x08, 0x08, 0x08, 0x08, 0x08, 0x08, 0x08, 0x08, 0x08, 
0x08, 0x08, 0x08, 0x08, 0x08, 0x08, 0x08, 0x08, 0x08, 0x08, 0x08, 0x08, 0x08, 0x08, 0x08, 0x08, 
0x08, 0x08, 0x08, 0x08, 0x08, 0x08, 0x08, 0x08, 0x08, 0x08, 0x08, 0x08, 0x08, 0x08, 0x08, 0x08, 
0x08, 0x08, 0x08, 0x08, 0x08, 0x08, 0x08, 0x08, 0x08, 0x08, 0x08, 0x08, 0x08, 0x08, 0x08, 0x08, 
0x08, 0x08, 0x08, 0x08, 0x08, 0x08, 0x08, 0x08, 0x08, 0x08, 0x08, 0x08, 0x08, 0x08, 0x08, 0x08, 
0x08, 0x08, 0x08, 0x08, 0x08, 0x08, 0x08, 0x08, 0x08, 0x08, 0x08, 0x08, 0x08, 0x08, 0x08, 0x08, 
0x08, 0x08, 0x08, 0x08, 0x08, 0x08, 0x08, 0x08, 0x08, 0x08, 0x08, 0x08, 0x08, 0x08, 0x08, 0x08, 
0x08, 0x08, 0x08, 0x08, 0x08, 0x08, 0x08, 0x08, 0x08, 0x08, 0x08, 0x08, 0x08, 0x08, 0x08, 0x08, 
0x08, 0x08, 0x08, 0x08, 0x08, 0x08, 0x08, 0x08, 0x08, 0x08, 0x08, 0x08, 0x08, 0x08, 0x08, 0x08, 
0x08, 0x08, 0x08, 0x08, 0x08, 0x08, 0x08, 0x08, 0x08, 0x08, 0x08, 0x08, 0x08, 0x08, 0x08, 0x08, 
0x08, 0x08, 0x08, 0x08, 0x08, 0x08, 0x08, 0x08, 0x08, 0x08, 0x08, 0x08, 0x08, 0x08, 0x08, 0x08, 
0x08, 0x08, 0x08, 0x08, 0x08, 0x08, 0x08, 0x08, 0x08, 0x08, 0x08, 0x08, 0x08, 0x08, 0x08, 0x08, 
0x08, 0x08, 0x08, 0x08, 0x08, 0x08, 0x08, 0x08, 0x08, 0x08, 0x08, 0x08, 0x08, 0x08, 0x08, 0x08, 
0x08, 0x08, 0x08, 0x08, 0x08, 0x08, 0x08, 0x08, 0x08, 0x08, 0x08, 0x08, 0x08, 0x08, 0x08, 0x08, 
0x08, 0x08, 0x08, 0x08, 0x08, 0x08, 0x08, 0x08, 0x08, 0x08, 0x08, 0x08, 0x08, 0x08, 0x08, 0x08, 
0x08, 0x08, 0x08, 0x08, 0x08, 0x08, 0x08, 0x08, 0x08, 0x08, 0x08, 0x08, 0x08, 0x08, 0x08, 0x08, 
0x08, 0x08, 0x08, 0x08, 0x08, 0x08, 0x08, 0x08, 0x08, 0x08, 0x08, 0x08, 0x08, 0x08, 0x08, 0x08, 
0x08, 0x08, 0x08, 0x08, 0x08, 0x08, 0x08, 0x08, 0x08, 0x08, 0x08, 0x08, 0x08, 0x08, 0x08, 0x08, 
0x08, 0x08, 0x08, 0x08, 0x08, 0x08, 0x08, 0x08, 0x08, 0x08, 0x08, 0x08, 0x08, 0x08, 0x08, 0x08, 
0x08, 0x08, 0x08, 0x08, 0x08, 0x08, 0x08, 0x08, 0x08, 0x08, 0x08, 0x08, 0x08, 0x08, 0x08, 0x08, 
0x08, 0x08, 0x08, 0x08, 0x08, 0x08, 0x08, 0x08, 0x08, 0x08, 0x08, 0x08, 0x08, 0x08, 0x08, 0x08, 
0x08, 0x08, 0x08, 0x08, 0x08, 0x08, 0x08, 0x08, 0x08, 0x08, 0x08, 0x08, 0x08, 0x08, 0x08, 0x08, 
0x08, 0x08, 0x08, 0x08, 0x08, 0x08, 0x08, 0x08, 0x08, 0x08, 0x08, 0x08, 0x08, 0x08, 0x08, 0x08, 
0x08, 0x08, 0x08, 0x08, 0x08, 0x08, 0x08, 0x08, 0x08, 0x08, 0x08, 0x08, 0x08, 0x08, 0x08, 0x08, 
0x08, 0x08, 0x08, 0x08, 0x08, 0x08, 0x08, 0x08, 0x08, 0x08, 0x08, 0x08, 0x08, 0x08, 0x08, 0x08, 
0x08, 0x08, 0x08, 0x08, 0x08, 0x08, 0x08, 0x08, 0x08, 0x08, 0x08, 0x08, 0x08, 0x08, 0x08, 0x08, 
0x08, 0x08, 0x08, 0x08, 0x08, 0x08, 0x08, 0x08, 0x08, 0x08, 0x08, 0x08, 0x08, 0x08, 0x08, 0x08, 
0x08, 0x08, 0x08, 0x08, 0x08, 0x08, 0x08, 0x08, 0x08, 0x08, 0x08, 0x08, 0x08, 0x08, 0x08, 0x08, 
0x08, 0x08, 0x08, 0x08, 0x08, 0x08, 0x08, 0x08, 0x08, 0x08, 0x08, 0x08, 0x08, 0x08, 0x08, 0x08, 
0x08, 0x08, 0x08, 0x08, 0x08, 0x08, 0x08, 0x08, 0x08, 0x08, 0x08, 0x08, 0x08, 0x08, 0x08, 0x08, 
0x08, 0x08, 0x08, 0x08, 0x08, 0x08, 0x08, 0x08, 0x08, 0x08, 0x08, 0x08, 0x08, 0x08, 0x08, 0x08, 
0x08, 0x08, 0x08, 0x08, 0x08, 0x08, 0x08, 0x08, 0x08, 0x08, 0x08, 0x08, 0x08, 0x08, 0x08, 0x08, 
0x08, 0x08, 0x08, 0x08, 0x08, 0x08, 0x08, 0x08, 0x08, 0x08, 0x08, 0x08, 0x08, 0x08, 0x08, 0x08, 
0x08, 0x08, 0x08, 0x08, 0x08, 0x08, 0x08, 0x08, 0x08, 0x08, 0x08, 0x08, 0x08, 0x08, 0x08, 0x08, 
0x08, 0x08, 0x08, 0x08, 0x08, 0x08, 0x08, 0x08, 0x08, 0x08, 0x08, 0x08, 0x08, 0x08, 0x08, 0x08, 
0x08, 0x08, 0x08, 0x08, 0x08, 0x08, 0x08, 0x08, 0x08, 0x08, 0x08, 0x08, 0x08, 0x08, 0x08, 0x08, 
0x08, 0x08, 0x08, 0x08, 0x08, 0x08, 0x08, 0x08, 0x08, 0x08, 0x08, 0x08, 0x08, 0x08, 0x08, 0x08, 
0x08, 0x08, 0x08, 0x08, 0x08, 0x08, 0x08, 0x08, 0x08, 0x08, 0x08, 0x08, 0x08, 0x08, 0x08, 0x08, 
0x08, 0x08, 0x08, 0x08, 0x08, 0x08, 0x08, 0x08, 0x08, 0x08, 0x08, 0x08, 0x08, 0x08, 0x08, 0x08, 
0x08, 0x08, 0x08, 0x08, 0x08, 0x08, 0x08, 0x08, 0x08, 0x08, 0x08, 0x08, 0x08, 0x08, 0x08, 0x08, 
0x08, 0x08, 0x08, 0x08, 0x08, 0x08, 0x08, 0x08, 0x08, 0x08, 0x08, 0x08, 0x08, 0x08, 0x08, 0x08, 
0x08, 0x08, 0x08, 0x08, 0x08, 0x08, 0x08, 0x08, 0x08, 0x08, 0x08, 0x08, 0x08, 0x08, 0x08, 0x08, 
0x08, 0x08, 0x08, 0x08, 0x08, 0x08, 0x08, 0x08, 0x08, 0x08, 0x08, 0x08, 0x08, 0x08, 0x08, 0x08, 
0x08, 0x08, 0x08, 0x08, 0x08, 0x08, 0x08, 0x08, 0x08, 0x08, 0x08, 0x08, 0x08, 0x08, 0x08, 0x08, 
0x08, 0x08, 0x08, 0x08, 0x08, 0x08, 0x08, 0x08, 0x08, 0x08, 0x08, 0x08, 0x08, 0x08, 0x08, 0x08, 
0x08, 0x08, 0x08, 0x08, 0x08, 0x08, 0x08, 0x08, 0x08, 0x08, 0x08, 0x08, 0x08, 0x08, 0x08, 0x08, 
0x08, 0x08, 0x08, 0x08, 0x08, 0x08, 0x08, 0x08, 0x08, 0x08, 0x08, 0x08, 0x08, 0x08, 0x08, 0x08, 
0x08, 0x08, 0x08, 0x08, 0x08, 0x08, 0x08, 0x08, 0x08, 0x08, 0x08, 0x08, 0x08, 0x08, 0x08, 0x08, 
0x08, 0x08, 0x08, 0x08, 0x08, 0x08, 0x08, 0x08, 0x08, 0x08, 0x08, 0x08, 0x08, 0x08, 0x08, 0x08, 
0x08, 0x08, 0x08, 0x08, 0x08, 0x08, 0x08, 0x08, 0x08, 0x08, 0x08, 0x08, 0x08, 0x08, 0x08, 0x08, 
0x08, 0x08, 0x08, 0x08, 0x08, 0x08, 0x08, 0x08, 0x08, 0x08, 0x08, 0x08, 0x08, 0x08, 0x08, 0x08, 
0x08, 0x08, 0x08, 0x08, 0x08, 0x08, 0x08, 0x08, 0x08, 0x08, 0x08, 0x08, 0x08, 0x08, 0x08, 0x08, 
0x08, 0x08, 0x08, 0x08, 0x08, 0x08, 0x08, 0x08, 0x08, 0x08, 0x08, 0x08, 0x08, 0x08, 0x08, 0x08, 
0x08, 0x08, 0x08, 0x08, 0x08, 0x08, 0x08, 0x08, 0x08, 0x08, 0x08, 0x08, 0x08, 0x08, 0x08, 0x08, 
0x08, 0x08, 0x08, 0x08, 0x08, 0x08, 0x08, 0x08, 0x08, 0x08, 0x08, 0x08, 0x08, 0x08, 0x08, 0x08, 
0x08, 0x08, 0x08, 0x08, 0x08, 0x08, 0x08, 0x08, 0x08, 0x08, 0x08, 0x08, 0x08, 0x08, 0x08, 0x08, 
0x08, 0x08, 0x08, 0x08, 0x08, 0x08, 0x08, 0x08, 0x08, 0x08, 0x08, 0x08, 0x08, 0x08, 0x08, 0x08, 
0x08, 0x08, 0x08, 0x08, 0x08, 0x08, 0x08, 0x08, 0x08, 0x08, 0x08, 0x08, 0x08, 0x08, 0x08, 0x08, 
0x08, 0x08, 0x08, 0x08, 0x08, 0x08, 0x08, 0x08, 0x08, 0x08, 0x08, 0x08, 0x08, 0x08, 0x08, 0x08, 
0x08, 0x08, 0x08, 0x08, 0x08, 0x08, 0x08, 0x08, 0x08, 0x08, 0x08, 0x08, 0x08, 0x08, 0x08, 0x08, 
0x08, 0x08, 0x08, 0x08, 0x08, 0x08, 0x08, 0x08, 0x08, 0x08, 0x08, 0x08, 0x08, 0x08, 0x08, 0x08, 
0x08, 0x08, 0x08, 0x08, 0x08, 0x08, 0x08, 0x08, 0x08, 0x08, 0x08, 0x08, 0x08, 0x08, 0x08, 0x08, 
0x08, 0x08, 0x08, 0x08, 0x08, 0x08, 0x08, 0x08, 0x08, 0x08, 0x08, 0x08, 0x08, 0x08, 0x08, 0x08, 
0x08, 0x08, 0x08, 0x08, 0x08, 0x08, 0x08, 0x10, 0x08, 0x08, 0x08, 0x08, 0x08, 0x08, 0x08, 0x08, 
0x08, 0x08, 0x08, 0x08, 0x08, 0x08, 0x08, 0x08, 0x08, 0x08, 0x08, 0x08, 0x08, 0x08, 0x08, 0x08, 
0x08, 0x08, 0x08, 0x08, 0x08, 0x08, 0x08, 0x08, 0x08, 0x08, 0x08, 0x08, 0x08, 0x08, 0x08, 0x08, 
0x08, 0x08, 0x08, 0x08, 0x08, 0x08, 0x08, 0x08, 0x08, 0x08, 0x08, 0x08, 0x08, 0x08, 0x08, 0x08, 
0x08, 0x08, 0x08, 0x08, 0x08, 0x08, 0x08, 0x08, 0x08, 0x08, 0x08, 0x08, 0x08, 0x08, 0x08, 0x08, 
0x08, 0x08, 0x08, 0x08, 0x08, 0x08, 0x08, 0x08, 0x08, 0x08, 0x08, 0x08, 0x08, 0x08, 0x08, 0x08, 
0x0F, 0x08, 0x08, 0x08, 0x08, 0x08, 0x08, 0x08, 0x08, 0x08, 0x08, 0x08, 0x08, 0x08, 0x08, 0x08, 
0x08, 0x08, 0x08, 0x08, 0x08, 0x08, 0x08, 0x08, 0x08, 0x08, 0x08, 0x08, 0x08, 0x08, 0x08, 0x08, 
0x08, 0x08, 0x08, 0x08, 0x08, 0x08, 0x08, 0x08, 0x08, 0x08, 0x08, 0x08, 0x08, 0x08, 0x08, 0x08, 
0x08, 0x08, 0x08, 0x08, 0x08, 0x08, 0x08, 0x08, 0x08, 0x08, 0x08, 0x08, 0x08, 0x08, 0x08, 0x08, 
0x08, 0x08, 0x08, 0x08, 0x08, 0x08, 0x08, 0x08, 0x08, 0x08, 0x08, 0x08, 0x08, 0x08, 0x08, 0x08, 
0x08, 0x08, 0x08, 0x08, 0x08, 0x08, 0x08, 0x08, 0x08, 0x08, 0x08, 0x08, 0x08, 0x08, 0x08, 0x08, 
0x08, 0x08, 0x08, 0x08, 0x08, 0x08, 0x08, 0x08, 0x08, 0x08, 0x08, 0x08, 0x08, 0x08, 0x08, 0x08, 
0x08, 0x08, 0x08, 0x08, 0x08, 0x08, 0x08, 0x08, 0x08, 0x08, 0x08, 0x08, 0x08, 0x08, 0x08, 0x08, 
0x08, 0x08, 0x08, 0x08, 0x08, 0x08, 0x08, 0x08, 0x08, 0x08, 0x08, 0x08, 0x08, 0x08, 0x08, 0x08, 
0x08, 0x08, 0x08, 0x08, 0x08, 0x08, 0x08, 0x08, 0x08, 0x08, 0x08, 0x08, 0x08, 0x08, 0x08, 0x08, 
0x08, 0x08, 0x08, 0x08, 0x08, 0x08, 0x08, 0x08, 0x08, 0x08, 0x08, 0x08, 0x08, 0x08, 0x08, 0x08, 
0x08, 0x08, 0x08, 0x08, 0x08, 0x08, 0x08, 0x08, 0x08, 0x08, 0x08, 0x08, 0x08, 0x08, 0x08, 0x08, 
0x08, 0x08, 0x08, 0x08, 0x08, 0x08, 0x08, 0x08, 0x08, 0x08, 0x08, 0x08, 0x08, 0x08, 0x08, 0x08, 
0x08, 0x08, 0x08, 0x10, 0x12, 0x11, 0x12, 0x16, 0x0F, 0x08, 0x11, 0x11, 0x08, 0x08, 0x08, 0x08, 
0x11, 0x11, 0x08, 0x08, 0x08, 0x08, 0x10, 0x16, 0x0F, 0x08, 0x08, 0x08, 0x08, 0x08, 0x08, 0x08, 
0x08, 0x08, 0x0A, 0x11, 0x12, 0x0F, 0x08, 0x08, 0x08, 0x08, 0x08, 0x08, 0x08, 0x08, 0x08, 0x08, 
0x08, 0x08, 0x08, 0x08, 0x08, 0x08, 0x08, 0x08, 0x08, 0x08, 0x08, 0x08, 0x08, 0x08, 0x08, 0x08, 
0x08, 0x08, 0x08, 0x08, 0x08, 0x08, 0x08, 0x08, 0x08, 0x08, 0x08, 0x08, 0x08, 0x08, 0x10, 0x12, 
0x0F, 0x08, 0x08, 0x08, 0x08, 0x08, 0x08, 0x08, 0x08, 0x08, 0x08, 0x0F, 0x12, 0x09, 0x08, 0x08, 
0x08, 0x08, 0x11, 0x11, 0x08, 0x08, 0x08, 0x08, 0x11, 0x0F, 0x08, 0x0F, 0x15, 0x10, 0x10, 0x16, 
0x12, 0x08, 0x08, 0x08, 0x08, 0x08, 0x08, 0x08, 0x08, 0x08, 0x08, 0x08, 0x08, 0x08, 0x08, 0x08, 
0x08, 0x08, 0x08, 0x08, 0x08, 0x08, 0x08, 0x08, 0x08, 0x08, 0x08, 0x08, 0x08, 0x08, 0x08, 0x08, 
0x08, 0x08, 0x08, 0x08, 0x08, 0x08, 0x08, 0x08, 0x08, 0x08, 0x08, 0x08, 0x08, 0x08, 0x08, 0x08, 
0x08, 0x08, 0x08, 0x08, 0x08, 0x08, 0x08, 0x08, 0x08, 0x08, 0x08, 0x08, 0x08, 0x08, 0x08, 0x08, 
0x08, 0x08, 0x08, 0x08, 0x08, 0x08, 0x08, 0x08, 0x08, 0x08, 0x08, 0x08, 0x08, 0x08, 0x08, 0x08, 
0x08, 0x08, 0x08, 0x08, 0x08, 0x08, 0x08, 0x08, 0x08, 0x08, 0x08, 0x08, 0x08, 0x08, 0x08, 0x08, 
0x08, 0x08, 0x08, 0x08, 0x08, 0x08, 0x08, 0x08, 0x08, 0x08, 0x08, 0x08, 0x08, 0x08, 0x08, 0x08, 
0x08, 0x08, 0x08, 0x08, 0x08, 0x08, 0x08, 0x08, 0x08, 0x08, 0x08, 0x08, 0x08, 0x08, 0x08, 0x08, 
0x08, 0x08, 0x08, 0x08, 0x08, 0x08, 0x08, 0x08, 0x08, 0x08, 0x08, 0x08, 0x08, 0x08, 0x08, 0x08, 
0x08, 0x08, 0x08, 0x08, 0x08, 0x08, 0x08, 0x08, 0x08, 0x08, 0x08, 0x08, 0x08, 0x08, 0x08, 0x08, 
0x08, 0x08, 0x08, 0x08, 0x08, 0x08, 0x08, 0x08, 0x08, 0x08, 0x08, 0x08, 0x08, 0x08, 0x08, 0x08, 
0x08, 0x08, 0x08, 0x08, 0x08, 0x08, 0x08, 0x08, 0x08, 0x08, 0x08, 0x08, 0x08, 0x08, 0x08, 0x08, 
0x08, 0x08, 0x08, 0x08, 0x08, 0x08, 0x08, 0x08, 0x08, 0x08, 0x08, 0x08, 0x08, 0x08, 0x08, 0x08, 
0x08, 0x08, 0x08, 0x0A, 0x16, 0x2A, 0x27, 0x2A, 0x16, 0x11, 0x19, 0x16, 0x0F, 0x08, 0x10, 0x10, 
0x16, 0x18, 0x11, 0x11, 0x10, 0x11, 0x18, 0x2E, 0x11, 0x08, 0x08, 0x10, 0x0F, 0x08, 0x0F, 0x11, 
0x08, 0x10, 0x16, 0x1B, 0x16, 0x08, 0x08, 0x08, 0x08, 0x08, 0x08, 0x08, 0x08, 0x08, 0x08, 0x08, 
0x08, 0x08, 0x08, 0x08, 0x08, 0x08, 0x08, 0x08, 0x08, 0x08, 0x08, 0x08, 0x08, 0x08, 0x08, 0x08, 
0x08, 0x08, 0x08, 0x08, 0x08, 0x08, 0x08, 0x08, 0x08, 0x08, 0x08, 0x08, 0x08, 0x08, 0x0A, 0x17, 
0x17, 0x12, 0x0F, 0x0A, 0x10, 0x0A, 0x08, 0x10, 0x08, 0x08, 0x08, 0x11, 0x27, 0x16, 0x0A, 0x0F, 
0x0F, 0x0F, 0x18, 0x16, 0x08, 0x08, 0x08, 0x0F, 0x18, 0x12, 0x08, 0x12, 0x2B, 0x1B, 0x1B, 0x12, 
0x0F, 0x08, 0x08, 0x08, 0x08, 0x08, 0x08, 0x08, 0x08, 0x08, 0x08, 0x08, 0x08, 0x08, 0x08, 0x08, 
0x08, 0x08, 0x08, 0x08, 0x08, 0x08, 0x08, 0x08, 0x08, 0x08, 0x08, 0x08, 0x08, 0x08, 0x08, 0x08, 
0x08, 0x08, 0x08, 0x08, 0x08, 0x08, 0x08, 0x08, 0x08, 0x08, 0x08, 0x08, 0x08, 0x08, 0x08, 0x08, 
0x08, 0x08, 0x08, 0x08, 0x08, 0x08, 0x08, 0x08, 0x08, 0x08, 0x08, 0x08, 0x08, 0x08, 0x08, 0x08, 
0x08, 0x08, 0x08, 0x08, 0x08, 0x08, 0x08, 0x08, 0x08, 0x08, 0x08, 0x08, 0x08, 0x08, 0x08, 0x08, 
0x08, 0x08, 0x08, 0x08, 0x08, 0x08, 0x08, 0x08, 0x08, 0x08, 0x08, 0x08, 0x08, 0x08, 0x08, 0x08, 
0x08, 0x08, 0x08, 0x08, 0x08, 0x08, 0x08, 0x08, 0x08, 0x08, 0x08, 0x08, 0x08, 0x08, 0x08, 0x08, 
0x08, 0x08, 0x08, 0x08, 0x08, 0x08, 0x08, 0x08, 0x08, 0x08, 0x08, 0x08, 0x08, 0x08, 0x08, 0x08, 
0x08, 0x08, 0x08, 0x08, 0x08, 0x08, 0x08, 0x08, 0x08, 0x08, 0x08, 0x08, 0x08, 0x08, 0x08, 0x08, 
0x08, 0x08, 0x08, 0x08, 0x08, 0x08, 0x08, 0x08, 0x08, 0x08, 0x08, 0x08, 0x08, 0x08, 0x08, 0x08, 
0x08, 0x08, 0x08, 0x08, 0x08, 0x08, 0x08, 0x08, 0x08, 0x08, 0x08, 0x08, 0x08, 0x08, 0x08, 0x08, 
0x08, 0x08, 0x08, 0x08, 0x08, 0x08, 0x08, 0x08, 0x08, 0x08, 0x08, 0x08, 0x08, 0x08, 0x08, 0x08, 
0x08, 0x08, 0x08, 0x08, 0x08, 0x08, 0x08, 0x08, 0x08, 0x08, 0x08, 0x08, 0x08, 0x08, 0x08, 0x08, 
0x08, 0x08, 0x08, 0x08, 0x16, 0x2E, 0x2C, 0x2E, 0x2E, 0x2B, 0x2A, 0x1B, 0x16, 0x16, 0x19, 0x27, 
0x2F, 0x30, 0x27, 0x2B, 0x17, 0x1B, 0x2E, 0x2F, 0x19, 0x16, 0x16, 0x19, 0x1B, 0x16, 0x19, 0x1B, 
0x16, 0x19, 0x2E, 0x2E, 0x12, 0x08, 0x08, 0x08, 0x08, 0x08, 0x08, 0x08, 0x08, 0x08, 0x08, 0x08, 
0x08, 0x08, 0x08, 0x08, 0x08, 0x08, 0x08, 0x08, 0x08, 0x08, 0x08, 0x08, 0x08, 0x08, 0x08, 0x08, 
0x08, 0x08, 0x08, 0x08, 0x08, 0x08, 0x08, 0x08, 0x08, 0x08, 0x08, 0x08, 0x08, 0x08, 0x08, 0x12, 
0x2A, 0x2E, 0x18, 0x16, 0x2B, 0x17, 0x16, 0x1B, 0x16, 0x12, 0x16, 0x1B, 0x2F, 0x2C, 0x16, 0x18, 
0x1B, 0x18, 0x2D, 0x2B, 0x16, 0x16, 0x12, 0x16, 0x2C, 0x26, 0x16, 0x19, 0x2C, 0x2E, 0x27, 0x11, 
0x08, 0x08, 0x08, 0x08, 0x08, 0x08, 0x08, 0x08, 0x08, 0x08, 0x08, 0x08, 0x08, 0x08, 0x08, 0x08, 
0x08, 0x08, 0x08, 0x08, 0x08, 0x08, 0x08, 0x08, 0x08, 0x08, 0x08, 0x08, 0x08, 0x08, 0x08, 0x08, 
0x08, 0x08, 0x08, 0x08, 0x08, 0x08, 0x08, 0x08, 0x08, 0x08, 0x08, 0x08, 0x08, 0x08, 0x08, 0x08, 
0x08, 0x08, 0x08, 0x08, 0x08, 0x08, 0x08, 0x08, 0x08, 0x08, 0x08, 0x08, 0x08, 0x08, 0x08, 0x08, 
0x08, 0x08, 0x08, 0x08, 0x08, 0x08, 0x08, 0x08, 0x08, 0x08, 0x08, 0x08, 0x08, 0x08, 0x08, 0x08, 
0x08, 0x08, 0x08, 0x08, 0x08, 0x08, 0x08, 0x08, 0x08, 0x08, 0x08, 0x08, 0x08, 0x08, 0x08, 0x08, 
0x08, 0x08, 0x08, 0x08, 0x08, 0x08, 0x08, 0x08, 0x08, 0x08, 0x08, 0x08, 0x08, 0x08, 0x08, 0x08, 
0x08, 0x08, 0x08, 0x08, 0x08, 0x08, 0x08, 0x08, 0x08, 0x08, 0x08, 0x08, 0x08, 0x08, 0x08, 0x08, 
0x08, 0x08, 0x08, 0x08, 0x08, 0x08, 0x08, 0x08, 0x08, 0x08, 0x08, 0x08, 0x08, 0x08, 0x08, 0x08, 
0x08, 0x08, 0x08, 0x08, 0x08, 0x08, 0x08, 0x08, 0x08, 0x08, 0x08, 0x08, 0x08, 0x08, 0x08, 0x08, 
0x08, 0x08, 0x08, 0x08, 0x08, 0x08, 0x08, 0x08, 0x08, 0x08, 0x08, 0x08, 0x08, 0x08, 0x08, 0x08, 
0x08, 0x08, 0x08, 0x08, 0x08, 0x08, 0x08, 0x08, 0x08, 0x08, 0x08, 0x08, 0x08, 0x08, 0x08, 0x08, 
0x08, 0x08, 0x08, 0x08, 0x08, 0x08, 0x08, 0x08, 0x08, 0x08, 0x08, 0x08, 0x08, 0x08, 0x08, 0x08, 
0x08, 0x08, 0x08, 0x0F, 0x19, 0x2E, 0x2E, 0x2B, 0x2E, 0x2A, 0x2B, 0x1B, 0x2F, 0x2D, 0x2B, 0x2F, 
0x30, 0x30, 0x30, 0x2F, 0x2B, 0x2F, 0x2B, 0x2B, 0x2E, 0x2C, 0x2C, 0x2E, 0x2C, 0x30, 0x2F, 0x2E, 
0x2F, 0x2C, 0x2B, 0x2C, 0x12, 0x08, 0x08, 0x08, 0x08, 0x08, 0x08, 0x08, 0x08, 0x08, 0x08, 0x08, 
0x08, 0x08, 0x08, 0x08, 0x08, 0x08, 0x08, 0x08, 0x08, 0x08, 0x08, 0x08, 0x08, 0x08, 0x08, 0x08, 
0x08, 0x08, 0x08, 0x08, 0x08, 0x08, 0x08, 0x08, 0x08, 0x08, 0x08, 0x08, 0x08, 0x08, 0x08, 0x12, 
0x27, 0x2E, 0x2E, 0x2F, 0x2F, 0x2F, 0x2F, 0x2F, 0x30, 0x30, 0x2F, 0x2F, 0x2F, 0x2E, 0x30, 0x30, 
0x30, 0x30, 0x30, 0x30, 0x2E, 0x2C, 0x2A, 0x30, 0x2E, 0x30, 0x29, 0x2C, 0x2E, 0x2B, 0x1A, 0x12, 
0x09, 0x08, 0x08, 0x08, 0x08, 0x08, 0x08, 0x08, 0x08, 0x08, 0x08, 0x08, 0x08, 0x08, 0x08, 0x08, 
0x08, 0x08, 0x08, 0x08, 0x08, 0x08, 0x08, 0x08, 0x08, 0x08, 0x08, 0x08, 0x08, 0x08, 0x08, 0x08, 
0x08, 0x08, 0x08, 0x08, 0x08, 0x08, 0x08, 0x08, 0x08, 0x08, 0x08, 0x08, 0x08, 0x08, 0x08, 0x08, 
0x08, 0x08, 0x08, 0x08, 0x08, 0x08, 0x08, 0x08, 0x08, 0x08, 0x08, 0x08, 0x08, 0x08, 0x08, 0x08, 
0x08, 0x08, 0x08, 0x08, 0x08, 0x08, 0x08, 0x08, 0x08, 0x08, 0x08, 0x08, 0x08, 0x08, 0x08, 0x08, 
0x08, 0x08, 0x08, 0x08, 0x08, 0x08, 0x08, 0x08, 0x08, 0x08, 0x08, 0x08, 0x08, 0x08, 0x08, 0x08, 
0x08, 0x08, 0x08, 0x08, 0x08, 0x08, 0x08, 0x08, 0x08, 0x08, 0x08, 0x08, 0x08, 0x08, 0x08, 0x08, 
0x08, 0x08, 0x08, 0x08, 0x08, 0x08, 0x08, 0x08, 0x0F, 0x08, 0x08, 0x08, 0x08, 0x08, 0x08, 0x08, 
0x08, 0x08, 0x08, 0x08, 0x08, 0x08, 0x08, 0x08, 0x08, 0x08, 0x08, 0x08, 0x08, 0x08, 0x08, 0x08, 
0x08, 0x08, 0x08, 0x08, 0x08, 0x08, 0x08, 0x08, 0x08, 0x08, 0x08, 0x08, 0x08, 0x11, 0x10, 0x08, 
0x08, 0x08, 0x08, 0x08, 0x08, 0x08, 0x08, 0x08, 0x08, 0x08, 0x08, 0x08, 0x08, 0x08, 0x08, 0x08, 
0x08, 0x08, 0x08, 0x08, 0x08, 0x08, 0x08, 0x08, 0x08, 0x08, 0x08, 0x08, 0x08, 0x08, 0x08, 0x08, 
0x08, 0x08, 0x08, 0x08, 0x08, 0x08, 0x08, 0x08, 0x08, 0x08, 0x08, 0x08, 0x08, 0x08, 0x08, 0x08, 
0x08, 0x08, 0x08, 0x0A, 0x16, 0x2A, 0x2A, 0x2C, 0x2A, 0x16, 0x12, 0x16, 0x2A, 0x27, 0x18, 0x2E, 
0x30, 0x2E, 0x27, 0x17, 0x16, 0x16, 0x27, 0x2E, 0x2A, 0x2C, 0x2A, 0x2C, 0x2A, 0x2A, 0x2A, 0x1B, 
0x2C, 0x2B, 0x2B, 0x2E, 0x17, 0x0A, 0x08, 0x08, 0x08, 0x08, 0x08, 0x08, 0x08, 0x08, 0x08, 0x08, 
0x08, 0x08, 0x08, 0x08, 0x08, 0x08, 0x08, 0x08, 0x08, 0x08, 0x08, 0x08, 0x08, 0x08, 0x08, 0x08, 
0x08, 0x08, 0x08, 0x08, 0x08, 0x08, 0x08, 0x08, 0x08, 0x08, 0x08, 0x08, 0x08, 0x08, 0x0A, 0x16, 
0x2A, 0x2E, 0x2F, 0x2E, 0x2E, 0x30, 0x30, 0x2F, 0x30, 0x30, 0x2C, 0x2E, 0x30, 0x2C, 0x18, 0x16, 
0x2E, 0x30, 0x30, 0x30, 0x30, 0x30, 0x30, 0x30, 0x17, 0x1B, 0x29, 0x2A, 0x2B, 0x2A, 0x19, 0x16, 
0x10, 0x08, 0x08, 0x08, 0x08, 0x08, 0x08, 0x08, 0x08, 0x08, 0x08, 0x08, 0x08, 0x08, 0x08, 0x08, 
0x08, 0x08, 0x08, 0x08, 0x08, 0x08, 0x08, 0x08, 0x08, 0x08, 0x08, 0x08, 0x08, 0x08, 0x08, 0x08, 
0x08, 0x08, 0x08, 0x08, 0x08, 0x08, 0x08, 0x08, 0x08, 0x08, 0x08, 0x08, 0x08, 0x08, 0x08, 0x08, 
0x08, 0x08, 0x08, 0x08, 0x08, 0x08, 0x08, 0x08, 0x08, 0x0A, 0x08, 0x08, 0x08, 0x08, 0x08, 0x08, 
0x08, 0x08, 0x08, 0x08, 0x08, 0x08, 0x08, 0x08, 0x08, 0x08, 0x08, 0x08, 0x08, 0x08, 0x08, 0x08, 
0x08, 0x08, 0x08, 0x08, 0x08, 0x08, 0x08, 0x08, 0x08, 0x08, 0x08, 0x08, 0x08, 0x08, 0x08, 0x08, 
0x08, 0x08, 0x08, 0x08, 0x08, 0x08, 0x08, 0x08, 0x08, 0x08, 0x08, 0x08, 0x08, 0x08, 0x08, 0x08, 
0x08, 0x08, 0x08, 0x08, 0x08, 0x08, 0x08, 0x08, 0x11, 0x0F, 0x08, 0x08, 0x08, 0x08, 0x08, 0x08, 
0x08, 0x08, 0x0F, 0x08, 0x08, 0x0A, 0x08, 0x08, 0x08, 0x08, 0x08, 0x08, 0x08, 0x08, 0x11, 0x10, 
0x08, 0x08, 0x08, 0x08, 0x08, 0x08, 0x0F, 0x0A, 0x08, 0x0A, 0x10, 0x0F, 0x12, 0x16, 0x0F, 0x08, 
0x08, 0x08, 0x08, 0x08, 0x08, 0x08, 0x08, 0x08, 0x08, 0x08, 0x08, 0x08, 0x08, 0x08, 0x08, 0x08, 
0x08, 0x08, 0x08, 0x08, 0x08, 0x08, 0x08, 0x08, 0x08, 0x08, 0x08, 0x08, 0x08, 0x08, 0x08, 0x08, 
0x08, 0x08, 0x08, 0x08, 0x08, 0x08, 0x08, 0x08, 0x08, 0x08, 0x08, 0x08, 0x08, 0x08, 0x08, 0x08, 
0x08, 0x08, 0x08, 0x08, 0x0F, 0x11, 0x12, 0x12, 0x10, 0x0A, 0x08, 0x0F, 0x12, 0x12, 0x12, 0x11, 
0x11, 0x10, 0x0F, 0x0A, 0x08, 0x0A, 0x11, 0x11, 0x11, 0x11, 0x11, 0x10, 0x10, 0x10, 0x11, 0x11, 
0x12, 0x12, 0x16, 0x16, 0x10, 0x08, 0x08, 0x08, 0x08, 0x08, 0x08, 0x08, 0x08, 0x08, 0x08, 0x08, 
0x08, 0x08, 0x08, 0x08, 0x08, 0x08, 0x08, 0x08, 0x08, 0x08, 0x08, 0x08, 0x08, 0x08, 0x08, 0x08, 
0x08, 0x08, 0x08, 0x08, 0x08, 0x08, 0x08, 0x08, 0x08, 0x08, 0x08, 0x08, 0x08, 0x08, 0x08, 0x11, 
0x12, 0x12, 0x12, 0x16, 0x16, 0x16, 0x18, 0x19, 0x17, 0x17, 0x19, 0x17, 0x16, 0x11, 0x0F, 0x08, 
0x11, 0x18, 0x1B, 0x19, 0x1B, 0x1B, 0x1B, 0x12, 0x0A, 0x10, 0x12, 0x16, 0x17, 0x16, 0x11, 0x09, 
0x08, 0x08, 0x08, 0x08, 0x08, 0x08, 0x08, 0x08, 0x08, 0x08, 0x08, 0x08, 0x08, 0x08, 0x08, 0x08, 
0x08, 0x08, 0x08, 0x08, 0x08, 0x08, 0x08, 0x08, 0x08, 0x08, 0x08, 0x08, 0x08, 0x08, 0x08, 0x08, 
0x08, 0x08, 0x08, 0x08, 0x08, 0x08, 0x08, 0x08, 0x08, 0x08, 0x08, 0x08, 0x08, 0x08, 0x08, 0x08, 
0x08, 0x08, 0x08, 0x08, 0x08, 0x08, 0x08, 0x08, 0x0A, 0x16, 0x12, 0x11, 0x11, 0x08, 0x0F, 0x12, 
0x0A, 0x08, 0x08, 0x08, 0x08, 0x08, 0x08, 0x11, 0x0F, 0x08, 0x08, 0x08, 0x08, 0x08, 0x08, 0x08, 
0x0F, 0x08, 0x08, 0x10, 0x0F, 0x08, 0x08, 0x08, 0x08, 0x08, 0x08, 0x08, 0x10, 0x11, 0x08, 0x08, 
0x08, 0x11, 0x0F, 0x08, 0x08, 0x08, 0x0F, 0x08, 0x08, 0x08, 0x08, 0x08, 0x08, 0x08, 0x10, 0x16, 
0x12, 0x08, 0x08, 0x0A, 0x16, 0x11, 0x08, 0x08, 0x16, 0x11, 0x08, 0x08, 0x08, 0x08, 0x08, 0x08, 
0x08, 0x10, 0x16, 0x0F, 0x08, 0x12, 0x11, 0x08, 0x08, 0x08, 0x08, 0x08, 0x08, 0x11, 0x18, 0x16, 
0x08, 0x08, 0x08, 0x08, 0x09, 0x0F, 0x16, 0x12, 0x0F, 0x12, 0x19, 0x17, 0x1B, 0x11, 0x08, 0x08, 
0x08, 0x08, 0x08, 0x08, 0x08, 0x08, 0x08, 0x08, 0x08, 0x08, 0x08, 0x08, 0x08, 0x08, 0x08, 0x08, 
0x08, 0x08, 0x08, 0x08, 0x08, 0x08, 0x08, 0x08, 0x08, 0x08, 0x08, 0x08, 0x08, 0x08, 0x08, 0x08, 
0x08, 0x08, 0x08, 0x08, 0x08, 0x08, 0x08, 0x08, 0x08, 0x08, 0x08, 0x08, 0x08, 0x08, 0x08, 0x08, 
0x08, 0x08, 0x08, 0x08, 0x08, 0x08, 0x08, 0x08, 0x08, 0x08, 0x08, 0x08, 0x08, 0x08, 0x08, 0x08, 
0x08, 0x08, 0x08, 0x08, 0x08, 0x08, 0x08, 0x08, 0x08, 0x08, 0x08, 0x08, 0x08, 0x08, 0x08, 0x08, 
0x08, 0x08, 0x08, 0x08, 0x08, 0x08, 0x08, 0x08, 0x08, 0x08, 0x08, 0x08, 0x08, 0x08, 0x08, 0x08, 
0x08, 0x08, 0x08, 0x08, 0x08, 0x08, 0x08, 0x08, 0x08, 0x08, 0x08, 0x08, 0x08, 0x08, 0x08, 0x08, 
0x08, 0x08, 0x08, 0x08, 0x08, 0x08, 0x08, 0x08, 0x08, 0x08, 0x08, 0x08, 0x08, 0x08, 0x08, 0x08, 
0x08, 0x08, 0x08, 0x08, 0x08, 0x08, 0x09, 0x0A, 0x09, 0x09, 0x0A, 0x0A, 0x08, 0x08, 0x08, 0x08, 
0x08, 0x0F, 0x0F, 0x0A, 0x0A, 0x0A, 0x0F, 0x08, 0x08, 0x08, 0x08, 0x09, 0x09, 0x08, 0x08, 0x08, 
0x08, 0x08, 0x08, 0x08, 0x08, 0x08, 0x08, 0x08, 0x08, 0x08, 0x08, 0x08, 0x08, 0x08, 0x08, 0x08, 
0x08, 0x08, 0x08, 0x08, 0x08, 0x08, 0x08, 0x08, 0x08, 0x08, 0x08, 0x08, 0x08, 0x08, 0x08, 0x08, 
0x08, 0x08, 0x08, 0x08, 0x08, 0x08, 0x08, 0x08, 0x08, 0x08, 0x08, 0x08, 0x08, 0x08, 0x08, 0x08, 
0x08, 0x08, 0x08, 0x08, 0x08, 0x08, 0x08, 0x08, 0x08, 0x16, 0x18, 0x18, 0x16, 0x0A, 0x11, 0x17, 
0x10, 0x0A, 0x09, 0x08, 0x08, 0x08, 0x10, 0x18, 0x16, 0x0F, 0x08, 0x08, 0x08, 0x08, 0x08, 0x0F, 
0x12, 0x0F, 0x0A, 0x16, 0x16, 0x10, 0x08, 0x08, 0x08, 0x08, 0x08, 0x08, 0x12, 0x16, 0x10, 0x08, 
0x11, 0x16, 0x11, 0x08, 0x08, 0x10, 0x16, 0x11, 0x08, 0x08, 0x08, 0x08, 0x08, 0x08, 0x12, 0x19, 
0x16, 0x0F, 0x08, 0x0F, 0x18, 0x16, 0x0F, 0x0F, 0x18, 0x16, 0x10, 0x08, 0x08, 0x08, 0x0A, 0x12, 
0x12, 0x17, 0x1B, 0x11, 0x11, 0x18, 0x11, 0x08, 0x10, 0x0F, 0x10, 0x0F, 0x0F, 0x16, 0x2B, 0x17, 
0x10, 0x10, 0x11, 0x10, 0x16, 0x16, 0x1B, 0x1B, 0x18, 0x1B, 0x2B, 0x1B, 0x16, 0x0F, 0x08, 0x08, 
0x08, 0x08, 0x08, 0x08, 0x08, 0x08, 0x08, 0x08, 0x08, 0x08, 0x08, 0x08, 0x08, 0x08, 0x08, 0x08, 
0x08, 0x08, 0x08, 0x08, 0x08, 0x08, 0x08, 0x08, 0x08, 0x08, 0x08, 0x08, 0x08, 0x08, 0x08, 0x08, 
0x08, 0x08, 0x08, 0x08, 0x08, 0x08, 0x08, 0x08, 0x08, 0x08, 0x08, 0x08, 0x08, 0x08, 0x08, 0x08, 
0x08, 0x08, 0x08, 0x08, 0x08, 0x08, 0x08, 0x08, 0x08, 0x08, 0x08, 0x08, 0x08, 0x08, 0x08, 0x08, 
0x08, 0x08, 0x08, 0x08, 0x08, 0x08, 0x08, 0x08, 0x08, 0x08, 0x08, 0x08, 0x08, 0x08, 0x08, 0x08, 
0x08, 0x08, 0x08, 0x08, 0x08, 0x08, 0x08, 0x08, 0x08, 0x08, 0x08, 0x08, 0x08, 0x08, 0x08, 0x08, 
0x08, 0x08, 0x08, 0x08, 0x08, 0x08, 0x08, 0x08, 0x08, 0x08, 0x08, 0x08, 0x08, 0x08, 0x08, 0x08, 
0x08, 0x08, 0x08, 0x08, 0x08, 0x08, 0x08, 0x08, 0x08, 0x08, 0x08, 0x08, 0x08, 0x08, 0x08, 0x08, 
0x08, 0x08, 0x08, 0x08, 0x08, 0x08, 0x08, 0x08, 0x08, 0x08, 0x08, 0x08, 0x08, 0x08, 0x08, 0x08, 
0x08, 0x08, 0x08, 0x08, 0x08, 0x08, 0x08, 0x08, 0x08, 0x08, 0x08, 0x08, 0x08, 0x08, 0x08, 0x08, 
0x08, 0x08, 0x08, 0x08, 0x08, 0x08, 0x08, 0x08, 0x08, 0x08, 0x08, 0x08, 0x08, 0x08, 0x08, 0x08, 
0x08, 0x08, 0x08, 0x08, 0x08, 0x08, 0x08, 0x08, 0x08, 0x08, 0x08, 0x08, 0x08, 0x08, 0x08, 0x08, 
0x08, 0x08, 0x08, 0x08, 0x08, 0x08, 0x08, 0x08, 0x08, 0x08, 0x08, 0x08, 0x08, 0x08, 0x08, 0x08, 
0x08, 0x08, 0x08, 0x08, 0x08, 0x08, 0x08, 0x08, 0x08, 0x11, 0x18, 0x1A, 0x19, 0x12, 0x16, 0x19, 
0x12, 0x16, 0x11, 0x0F, 0x12, 0x10, 0x16, 0x26, 0x1A, 0x12, 0x0F, 0x11, 0x11, 0x12, 0x10, 0x10, 
0x17, 0x12, 0x12, 0x1A, 0x1A, 0x16, 0x0F, 0x0F, 0x08, 0x0F, 0x10, 0x0F, 0x16, 0x19, 0x12, 0x11, 
0x16, 0x17, 0x16, 0x11, 0x0F, 0x12, 0x16, 0x17, 0x12, 0x12, 0x0F, 0x09, 0x08, 0x08, 0x16, 0x1A, 
0x29, 0x17, 0x12, 0x16, 0x1B, 0x19, 0x16, 0x16, 0x2E, 0x1B, 0x26, 0x16, 0x11, 0x10, 0x16, 0x2C, 
0x2E, 0x30, 0x2C, 0x19, 0x1B, 0x2C, 0x11, 0x12, 0x19, 0x18, 0x2B, 0x16, 0x17, 0x2E, 0x2B, 0x27, 
0x17, 0x18, 0x1B, 0x17, 0x2B, 0x2A, 0x1B, 0x29, 0x2D, 0x2E, 0x2C, 0x19, 0x11, 0x08, 0x08, 0x08, 
0x08, 0x08, 0x08, 0x08, 0x08, 0x08, 0x08, 0x08, 0x08, 0x08, 0x08, 0x08, 0x08, 0x08, 0x08, 0x08, 
0x08, 0x08, 0x08, 0x08, 0x08, 0x08, 0x08, 0x08, 0x08, 0x08, 0x08, 0x08, 0x08, 0x08, 0x08, 0x08, 
0x08, 0x08, 0x08, 0x08, 0x08, 0x08, 0x08, 0x08, 0x08, 0x08, 0x08, 0x08, 0x08, 0x08, 0x08, 0x08, 
0x08, 0x08, 0x08, 0x08, 0x08, 0x08, 0x08, 0x08, 0x08, 0x08, 0x08, 0x08, 0x08, 0x08, 0x08, 0x08, 
0x08, 0x08, 0x08, 0x08, 0x08, 0x08, 0x08, 0x08, 0x08, 0x08, 0x08, 0x08, 0x08, 0x08, 0x08, 0x08, 
0x08, 0x08, 0x08, 0x08, 0x08, 0x08, 0x08, 0x08, 0x08, 0x08, 0x08, 0x08, 0x08, 0x08, 0x08, 0x08, 
0x08, 0x08, 0x08, 0x08, 0x08, 0x08, 0x08, 0x08, 0x08, 0x08, 0x08, 0x08, 0x08, 0x08, 0x08, 0x08, 
0x08, 0x08, 0x08, 0x08, 0x08, 0x08, 0x08, 0x08, 0x08, 0x08, 0x08, 0x08, 0x08, 0x08, 0x08, 0x08, 
0x08, 0x08, 0x08, 0x08, 0x08, 0x08, 0x08, 0x08, 0x08, 0x08, 0x08, 0x08, 0x08, 0x08, 0x08, 0x08, 
0x08, 0x08, 0x08, 0x08, 0x08, 0x08, 0x08, 0x08, 0x08, 0x08, 0x08, 0x08, 0x08, 0x08, 0x08, 0x08, 
0x08, 0x08, 0x08, 0x08, 0x08, 0x08, 0x08, 0x08, 0x08, 0x08, 0x08, 0x08, 0x08, 0x08, 0x08, 0x08, 
0x08, 0x08, 0x08, 0x08, 0x08, 0x08, 0x08, 0x08, 0x08, 0x08, 0x08, 0x08, 0x08, 0x08, 0x08, 0x08, 
0x08, 0x08, 0x08, 0x08, 0x08, 0x08, 0x08, 0x08, 0x08, 0x08, 0x08, 0x08, 0x08, 0x08, 0x08, 0x08, 
0x08, 0x08, 0x08, 0x08, 0x08, 0x08, 0x08, 0x08, 0x08, 0x0F, 0x17, 0x29, 0x29, 0x1A, 0x1B, 0x26, 
0x1B, 0x19, 0x17, 0x16, 0x26, 0x1B, 0x2B, 0x28, 0x26, 0x26, 0x18, 0x26, 0x27, 0x1A, 0x18, 0x16, 
0x1B, 0x17, 0x1B, 0x28, 0x26, 0x1A, 0x16, 0x16, 0x16, 0x17, 0x17, 0x17, 0x19, 0x18, 0x1A, 0x19, 
0x1A, 0x17, 0x16, 0x18, 0x17, 0x17, 0x18, 0x1A, 0x18, 0x16, 0x16, 0x12, 0x16, 0x16, 0x17, 0x1B, 
0x27, 0x2C, 0x1B, 0x2C, 0x28, 0x19, 0x1B, 0x2E, 0x2C, 0x1B, 0x2E, 0x2C, 0x2B, 0x2B, 0x2E, 0x30, 
0x2E, 0x2C, 0x2A, 0x27, 0x2F, 0x30, 0x12, 0x27, 0x2F, 0x2C, 0x2E, 0x2F, 0x2C, 0x2C, 0x2B, 0x27, 
0x2A, 0x27, 0x2E, 0x2B, 0x2C, 0x2B, 0x2C, 0x28, 0x29, 0x2E, 0x28, 0x1B, 0x17, 0x0F, 0x08, 0x08, 
0x08, 0x08, 0x08, 0x08, 0x08, 0x08, 0x08, 0x08, 0x08, 0x08, 0x08, 0x08, 0x08, 0x08, 0x08, 0x08, 
0x08, 0x08, 0x08, 0x08, 0x08, 0x08, 0x08, 0x08, 0x08, 0x08, 0x08, 0x08, 0x08, 0x08, 0x08, 0x08, 
0x08, 0x08, 0x08, 0x08, 0x08, 0x08, 0x08, 0x08, 0x08, 0x08, 0x08, 0x08, 0x08, 0x08, 0x08, 0x08, 
0x08, 0x08, 0x08, 0x08, 0x08, 0x08, 0x08, 0x08, 0x08, 0x08, 0x08, 0x08, 0x08, 0x08, 0x08, 0x0A, 
0x12, 0x0F, 0x09, 0x10, 0x10, 0x08, 0x0A, 0x11, 0x0F, 0x08, 0x08, 0x08, 0x08, 0x10, 0x09, 0x08, 
0x08, 0x08, 0x08, 0x0F, 0x10, 0x08, 0x08, 0x08, 0x08, 0x08, 0x08, 0x08, 0x08, 0x08, 0x08, 0x08, 
0x11, 0x12, 0x0F, 0x08, 0x08, 0x08, 0x08, 0x08, 0x08, 0x08, 0x08, 0x11, 0x12, 0x10, 0x08, 0x08, 
0x08, 0x08, 0x08, 0x08, 0x08, 0x08, 0x08, 0x08, 0x08, 0x10, 0x08, 0x08, 0x08, 0x08, 0x08, 0x10, 
0x10, 0x08, 0x08, 0x08, 0x08, 0x08, 0x08, 0x08, 0x08, 0x10, 0x0A, 0x08, 0x10, 0x0F, 0x08, 0x08, 
0x08, 0x08, 0x08, 0x08, 0x08, 0x08, 0x08, 0x08, 0x08, 0x08, 0x08, 0x08, 0x08, 0x08, 0x08, 0x08, 
0x08, 0x08, 0x08, 0x08, 0x08, 0x08, 0x08, 0x08, 0x08, 0x08, 0x08, 0x08, 0x08, 0x08, 0x08, 0x08, 
0x08, 0x08, 0x08, 0x08, 0x08, 0x08, 0x08, 0x08, 0x08, 0x08, 0x08, 0x08, 0x08, 0x08, 0x08, 0x08, 
0x08, 0x08, 0x08, 0x08, 0x08, 0x08, 0x08, 0x08, 0x08, 0x08, 0x08, 0x08, 0x08, 0x08, 0x08, 0x08, 
0x08, 0x08, 0x08, 0x08, 0x08, 0x08, 0x08, 0x08, 0x08, 0x12, 0x19, 0x28, 0x1A, 0x26, 0x1A, 0x26, 
0x19, 0x1B, 0x27, 0x27, 0x1A, 0x1B, 0x1B, 0x27, 0x26, 0x26, 0x26, 0x26, 0x27, 0x1A, 0x27, 0x1B, 
0x1A, 0x27, 0x1B, 0x19, 0x19, 0x1A, 0x17, 0x17, 0x1A, 0x18, 0x1B, 0x19, 0x19, 0x19, 0x19, 0x1A, 
0x19, 0x17, 0x16, 0x18, 0x17, 0x16, 0x17, 0x19, 0x18, 0x17, 0x17, 0x17, 0x19, 0x1B, 0x1B, 0x27, 
0x2A, 0x2A, 0x2D, 0x2E, 0x2A, 0x18, 0x28, 0x2E, 0x2C, 0x27, 0x27, 0x2D, 0x2D, 0x2C, 0x2E, 0x30, 
0x2E, 0x1B, 0x1B, 0x2E, 0x2C, 0x30, 0x2C, 0x2E, 0x2E, 0x2E, 0x2F, 0x2A, 0x27, 0x1B, 0x2C, 0x19, 
0x2C, 0x1B, 0x2C, 0x28, 0x2B, 0x2C, 0x28, 0x28, 0x1B, 0x2B, 0x1B, 0x2A, 0x1B, 0x10, 0x08, 0x08, 
0x08, 0x08, 0x08, 0x08, 0x08, 0x08, 0x08, 0x08, 0x08, 0x08, 0x08, 0x08, 0x08, 0x08, 0x08, 0x08, 
0x08, 0x08, 0x08, 0x08, 0x08, 0x08, 0x08, 0x08, 0x08, 0x08, 0x08, 0x08, 0x08, 0x08, 0x08, 0x08, 
0x08, 0x08, 0x08, 0x08, 0x08, 0x08, 0x08, 0x08, 0x08, 0x08, 0x08, 0x08, 0x08, 0x08, 0x08, 0x08, 
0x08, 0x08, 0x08, 0x08, 0x08, 0x08, 0x08, 0x08, 0x08, 0x08, 0x08, 0x08, 0x08, 0x08, 0x08, 0x08, 
0x16, 0x17, 0x16, 0x1B, 0x16, 0x08, 0x12, 0x1B, 0x11, 0x08, 0x08, 0x08, 0x0F, 0x17, 0x10, 0x08, 
0x08, 0x08, 0x0F, 0x16, 0x12, 0x08, 0x08, 0x08, 0x08, 0x08, 0x08, 0x08, 0x08, 0x08, 0x09, 0x12, 
0x28, 0x18, 0x0F, 0x08, 0x08, 0x08, 0x08, 0x08, 0x08, 0x08, 0x08, 0x10, 0x18, 0x19, 0x11, 0x08, 
0x08, 0x08, 0x08, 0x08, 0x09, 0x09, 0x08, 0x08, 0x10, 0x18, 0x11, 0x08, 0x08, 0x08, 0x0A, 0x17, 
0x16, 0x0F, 0x08, 0x08, 0x08, 0x11, 0x12, 0x08, 0x0F, 0x19, 0x12, 0x11, 0x17, 0x0F, 0x08, 0x08, 
0x08, 0x08, 0x08, 0x08, 0x08, 0x08, 0x08, 0x08, 0x08, 0x08, 0x08, 0x08, 0x08, 0x08, 0x08, 0x08, 
0x08, 0x08, 0x08, 0x08, 0x08, 0x08, 0x08, 0x08, 0x08, 0x08, 0x08, 0x08, 0x08, 0x08, 0x08, 0x08, 
0x08, 0x08, 0x08, 0x08, 0x08, 0x08, 0x08, 0x08, 0x08, 0x08, 0x08, 0x08, 0x08, 0x08, 0x08, 0x08, 
0x08, 0x08, 0x08, 0x08, 0x08, 0x08, 0x08, 0x08, 0x08, 0x08, 0x08, 0x08, 0x08, 0x08, 0x08, 0x08, 
0x08, 0x08, 0x08, 0x08, 0x08, 0x08, 0x08, 0x08, 0x08, 0x10, 0x17, 0x19, 0x16, 0x16, 0x17, 0x19, 
0x1A, 0x19, 0x19, 0x1B, 0x27, 0x1A, 0x19, 0x1A, 0x19, 0x1A, 0x1B, 0x27, 0x19, 0x19, 0x1B, 0x19, 
0x18, 0x18, 0x18, 0x17, 0x18, 0x19, 0x17, 0x17, 0x18, 0x18, 0x18, 0x19, 0x18, 0x1A, 0x18, 0x18, 
0x1B, 0x18, 0x17, 0x17, 0x18, 0x17, 0x18, 0x1A, 0x18, 0x19, 0x19, 0x17, 0x18, 0x18, 0x17, 0x16, 
0x17, 0x18, 0x28, 0x2B, 0x19, 0x16, 0x17, 0x18, 0x19, 0x17, 0x17, 0x1B, 0x18, 0x19, 0x19, 0x17, 
0x18, 0x17, 0x16, 0x17, 0x16, 0x16, 0x17, 0x17, 0x17, 0x17, 0x16, 0x12, 0x11, 0x12, 0x16, 0x16, 
0x16, 0x16, 0x16, 0x16, 0x16, 0x16, 0x16, 0x12, 0x12, 0x16, 0x16, 0x16, 0x11, 0x08, 0x08, 0x08, 
0x08, 0x08, 0x08, 0x08, 0x08, 0x08, 0x08, 0x08, 0x08, 0x08, 0x08, 0x08, 0x08, 0x08, 0x08, 0x08, 
0x08, 0x08, 0x08, 0x08, 0x08, 0x08, 0x08, 0x08, 0x08, 0x08, 0x08, 0x08, 0x08, 0x08, 0x08, 0x08, 
0x08, 0x08, 0x08, 0x08, 0x08, 0x08, 0x08, 0x08, 0x08, 0x08, 0x08, 0x08, 0x08, 0x08, 0x08, 0x08, 
0x08, 0x08, 0x08, 0x08, 0x08, 0x08, 0x08, 0x08, 0x08, 0x08, 0x08, 0x08, 0x08, 0x08, 0x08, 0x08, 
0x12, 0x2C, 0x2F, 0x30, 0x2C, 0x16, 0x1B, 0x2F, 0x16, 0x10, 0x10, 0x12, 0x12, 0x30, 0x17, 0x11, 
0x12, 0x11, 0x16, 0x2F, 0x28, 0x11, 0x0F, 0x10, 0x16, 0x12, 0x10, 0x16, 0x12, 0x10, 0x16, 0x2E, 
0x2C, 0x12, 0x08, 0x08, 0x08, 0x08, 0x08, 0x08, 0x08, 0x08, 0x08, 0x08, 0x12, 0x2B, 0x18, 0x11, 
0x10, 0x11, 0x11, 0x0F, 0x16, 0x12, 0x0F, 0x10, 0x12, 0x2F, 0x19, 0x11, 0x11, 0x16, 0x12, 0x2E, 
0x2E, 0x16, 0x11, 0x0F, 0x10, 0x17, 0x2B, 0x12, 0x16, 0x2E, 0x2F, 0x2A, 0x12, 0x08, 0x08, 0x08, 
0x08, 0x08, 0x08, 0x08, 0x08, 0x08, 0x08, 0x08, 0x08, 0x08, 0x08, 0x08, 0x08, 0x08, 0x08, 0x08, 
0x08, 0x08, 0x08, 0x08, 0x08, 0x08, 0x08, 0x08, 0x08, 0x08, 0x08, 0x08, 0x08, 0x08, 0x08, 0x08, 
0x08, 0x08, 0x08, 0x08, 0x08, 0x08, 0x08, 0x08, 0x08, 0x08, 0x08, 0x08, 0x08, 0x08, 0x08, 0x08, 
0x08, 0x08, 0x08, 0x08, 0x08, 0x08, 0x08, 0x08, 0x08, 0x08, 0x08, 0x08, 0x08, 0x08, 0x08, 0x08, 
0x08, 0x08, 0x08, 0x08, 0x08, 0x08, 0x08, 0x08, 0x08, 0x08, 0x10, 0x0F, 0x0F, 0x0F, 0x0F, 0x10, 
0x10, 0x10, 0x11, 0x11, 0x11, 0x11, 0x11, 0x11, 0x11, 0x11, 0x11, 0x11, 0x11, 0x11, 0x11, 0x11, 
0x11, 0x11, 0x11, 0x11, 0x11, 0x11, 0x11, 0x11, 0x11, 0x12, 0x11, 0x12, 0x12, 0x12, 0x12, 0x12, 
0x12, 0x12, 0x12, 0x12, 0x12, 0x12, 0x12, 0x12, 0x12, 0x16, 0x16, 0x16, 0x10, 0x0F, 0x0F, 0x09, 
0x0A, 0x0F, 0x11, 0x11, 0x10, 0x09, 0x0A, 0x0F, 0x0F, 0x0A, 0x0A, 0x0F, 0x0F, 0x0F, 0x0F, 0x0F, 
0x0A, 0x0A, 0x09, 0x09, 0x08, 0x09, 0x09, 0x09, 0x09, 0x09, 0x08, 0x08, 0x08, 0x08, 0x08, 0x08, 
0x08, 0x08, 0x08, 0x08, 0x08, 0x08, 0x08, 0x08, 0x08, 0x08, 0x08, 0x08, 0x08, 0x08, 0x08, 0x08, 
0x08, 0x08, 0x08, 0x08, 0x08, 0x08, 0x08, 0x08, 0x08, 0x08, 0x08, 0x08, 0x08, 0x08, 0x08, 0x08, 
0x08, 0x08, 0x08, 0x08, 0x08, 0x08, 0x08, 0x08, 0x08, 0x08, 0x08, 0x08, 0x08, 0x08, 0x08, 0x08, 
0x08, 0x08, 0x08, 0x08, 0x08, 0x08, 0x08, 0x08, 0x08, 0x08, 0x08, 0x08, 0x08, 0x08, 0x08, 0x08, 
0x08, 0x08, 0x08, 0x08, 0x08, 0x08, 0x08, 0x08, 0x08, 0x08, 0x08, 0x08, 0x08, 0x08, 0x08, 0x08, 
0x11, 0x2C, 0x2C, 0x30, 0x30, 0x30, 0x30, 0x2F, 0x2E, 0x2A, 0x2A, 0x30, 0x2C, 0x30, 0x30, 0x2F, 
0x2E, 0x2F, 0x2E, 0x2F, 0x2F, 0x1B, 0x19, 0x1B, 0x2E, 0x2C, 0x1B, 0x2C, 0x2C, 0x27, 0x2F, 0x2E, 
0x17, 0x0F, 0x08, 0x08, 0x08, 0x08, 0x08, 0x08, 0x08, 0x08, 0x08, 0x08, 0x11, 0x1B, 0x2B, 0x1B, 
0x1B, 0x2A, 0x1B, 0x19, 0x2F, 0x2C, 0x19, 0x2B, 0x2C, 0x30, 0x2F, 0x2C, 0x2E, 0x2F, 0x30, 0x2F, 
0x2F, 0x30, 0x2E, 0x19, 0x19, 0x2F, 0x30, 0x2C, 0x2A, 0x2F, 0x30, 0x2B, 0x12, 0x08, 0x08, 0x08, 
0x08, 0x08, 0x08, 0x08, 0x08, 0x08, 0x08, 0x08, 0x08, 0x08, 0x08, 0x08, 0x08, 0x08, 0x08, 0x08, 
0x08, 0x08, 0x08, 0x08, 0x08, 0x08, 0x08, 0x08, 0x08, 0x08, 0x08, 0x08, 0x08, 0x08, 0x08, 0x08, 
0x08, 0x08, 0x08, 0x08, 0x08, 0x08, 0x08, 0x08, 0x08, 0x08, 0x08, 0x08, 0x08, 0x08, 0x08, 0x08, 
0x08, 0x08, 0x08, 0x08, 0x08, 0x08, 0x08, 0x08, 0x08, 0x08, 0x08, 0x08, 0x08, 0x08, 0x08, 0x08, 
0x08, 0x08, 0x08, 0x08, 0x08, 0x08, 0x08, 0x08, 0x08, 0x08, 0x08, 0x08, 0x08, 0x08, 0x08, 0x08, 
0x08, 0x08, 0x08, 0x08, 0x08, 0x08, 0x08, 0x08, 0x08, 0x08, 0x08, 0x08, 0x08, 0x08, 0x08, 0x08, 
0x08, 0x08, 0x08, 0x08, 0x08, 0x08, 0x08, 0x08, 0x08, 0x08, 0x08, 0x08, 0x08, 0x08, 0x08, 0x08, 
0x08, 0x08, 0x08, 0x08, 0x08, 0x08, 0x08, 0x08, 0x08, 0x08, 0x08, 0x08, 0x08, 0x08, 0x08, 0x08, 
0x08, 0x08, 0x08, 0x08, 0x08, 0x08, 0x08, 0x08, 0x08, 0x08, 0x08, 0x08, 0x08, 0x08, 0x08, 0x08, 
0x08, 0x08, 0x08, 0x08, 0x08, 0x08, 0x08, 0x08, 0x08, 0x08, 0x08, 0x08, 0x08, 0x08, 0x08, 0x08, 
0x08, 0x08, 0x08, 0x08, 0x08, 0x08, 0x08, 0x08, 0x08, 0x08, 0x08, 0x08, 0x08, 0x08, 0x08, 0x08, 
0x08, 0x08, 0x08, 0x08, 0x08, 0x08, 0x08, 0x08, 0x08, 0x08, 0x08, 0x08, 0x08, 0x08, 0x08, 0x08, 
0x08, 0x08, 0x08, 0x08, 0x08, 0x08, 0x08, 0x08, 0x08, 0x08, 0x08, 0x08, 0x08, 0x08, 0x08, 0x08, 
0x08, 0x08, 0x08, 0x08, 0x08, 0x08, 0x08, 0x08, 0x08, 0x08, 0x08, 0x08, 0x08, 0x08, 0x08, 0x08, 
0x08, 0x08, 0x08, 0x08, 0x08, 0x08, 0x08, 0x08, 0x08, 0x08, 0x08, 0x08, 0x08, 0x08, 0x08, 0x08, 
0x11, 0x2A, 0x2E, 0x2B, 0x2C, 0x2E, 0x2B, 0x19, 0x2B, 0x2C, 0x2C, 0x2E, 0x30, 0x2A, 0x2C, 0x2F, 
0x2F, 0x2C, 0x2C, 0x2B, 0x2C, 0x2C, 0x2D, 0x2D, 0x2E, 0x2C, 0x2E, 0x2F, 0x30, 0x2F, 0x2C, 0x2C, 
0x1B, 0x16, 0x08, 0x08, 0x08, 0x08, 0x08, 0x08, 0x08, 0x08, 0x08, 0x0A, 0x16, 0x2A, 0x2B, 0x2B, 
0x2A, 0x2C, 0x1B, 0x2A, 0x2F, 0x2E, 0x2A, 0x2E, 0x2E, 0x2F, 0x30, 0x2B, 0x2C, 0x2F, 0x30, 0x30, 
0x30, 0x30, 0x2F, 0x2E, 0x30, 0x2E, 0x2F, 0x2F, 0x2E, 0x2F, 0x2E, 0x2F, 0x1B, 0x11, 0x08, 0x08, 
0x08, 0x08, 0x08, 0x08, 0x08, 0x08, 0x08, 0x08, 0x08, 0x08, 0x08, 0x08, 0x08, 0x08, 0x08, 0x08, 
0x08, 0x08, 0x08, 0x08, 0x08, 0x08, 0x08, 0x08, 0x08, 0x08, 0x08, 0x08, 0x08, 0x08, 0x08, 0x08, 
0x08, 0x08, 0x08, 0x08, 0x08, 0x08, 0x08, 0x08, 0x08, 0x08, 0x08, 0x08, 0x08, 0x08, 0x08, 0x08, 
0x08, 0x08, 0x08, 0x08, 0x08, 0x08, 0x08, 0x08, 0x08, 0x08, 0x08, 0x08, 0x08, 0x08, 0x08, 0x08, 
0x08, 0x08, 0x08, 0x08, 0x08, 0x08, 0x08, 0x08, 0x08, 0x08, 0x08, 0x08, 0x08, 0x08, 0x08, 0x08, 
0x08, 0x08, 0x08, 0x08, 0x08, 0x08, 0x08, 0x08, 0x08, 0x08, 0x08, 0x08, 0x08, 0x08, 0x08, 0x08, 
0x08, 0x08, 0x08, 0x08, 0x08, 0x08, 0x08, 0x08, 0x08, 0x08, 0x08, 0x08, 0x08, 0x08, 0x08, 0x08, 
0x08, 0x08, 0x08, 0x08, 0x08, 0x08, 0x08, 0x08, 0x08, 0x08, 0x08, 0x08, 0x08, 0x08, 0x08, 0x08, 
0x08, 0x08, 0x08, 0x08, 0x08, 0x08, 0x08, 0x08, 0x08, 0x08, 0x08, 0x08, 0x08, 0x08, 0x08, 0x08, 
0x08, 0x08, 0x08, 0x08, 0x08, 0x08, 0x08, 0x08, 0x08, 0x08, 0x08, 0x08, 0x08, 0x08, 0x08, 0x08, 
0x08, 0x08, 0x08, 0x08, 0x08, 0x08, 0x08, 0x08, 0x08, 0x08, 0x08, 0x08, 0x08, 0x08, 0x08, 0x08, 
0x08, 0x08, 0x08, 0x08, 0x08, 0x08, 0x08, 0x08, 0x08, 0x08, 0x08, 0x08, 0x08, 0x08, 0x08, 0x08, 
0x08, 0x08, 0x08, 0x08, 0x08, 0x08, 0x08, 0x08, 0x08, 0x08, 0x08, 0x08, 0x08, 0x08, 0x08, 0x08, 
0x08, 0x08, 0x08, 0x08, 0x08, 0x08, 0x08, 0x08, 0x08, 0x08, 0x08, 0x08, 0x08, 0x08, 0x08, 0x08, 
0x08, 0x08, 0x08, 0x08, 0x08, 0x08, 0x08, 0x08, 0x08, 0x08, 0x08, 0x08, 0x08, 0x08, 0x08, 0x08, 
0x0F, 0x16, 0x16, 0x1B, 0x1B, 0x16, 0x11, 0x11, 0x18, 0x2E, 0x2F, 0x2E, 0x2B, 0x2A, 0x2B, 0x19, 
0x16, 0x12, 0x12, 0x16, 0x2C, 0x1B, 0x2D, 0x2D, 0x2E, 0x2C, 0x2C, 0x2E, 0x2F, 0x2E, 0x2B, 0x1B, 
0x17, 0x12, 0x08, 0x08, 0x08, 0x08, 0x08, 0x08, 0x08, 0x08, 0x08, 0x08, 0x11, 0x19, 0x2A, 0x2A, 
0x2C, 0x2B, 0x19, 0x18, 0x1B, 0x19, 0x1B, 0x1B, 0x1B, 0x1B, 0x19, 0x16, 0x12, 0x18, 0x2C, 0x2C, 
0x30, 0x2C, 0x2C, 0x2C, 0x2C, 0x16, 0x12, 0x1A, 0x2E, 0x2C, 0x2A, 0x2A, 0x16, 0x10, 0x08, 0x08, 
0x08, 0x08, 0x08, 0x08, 0x08, 0x08, 0x08, 0x08, 0x08, 0x08, 0x08, 0x08, 0x08, 0x08, 0x08, 0x08, 
0x08, 0x08, 0x08, 0x08, 0x08, 0x08, 0x08, 0x08, 0x08, 0x08, 0x08, 0x08, 0x08, 0x08, 0x08, 0x08, 
0x08, 0x08, 0x08, 0x08, 0x08, 0x08, 0x08, 0x08, 0x08, 0x08, 0x08, 0x08, 0x08, 0x08, 0x08, 0x08, 
0x08, 0x08, 0x08, 0x08, 0x08, 0x08, 0x08, 0x08, 0x08, 0x08, 0x08, 0x08, 0x08, 0x08, 0x08, 0x08, 
0x08, 0x08, 0x08, 0x08, 0x08, 0x08, 0x08, 0x08, 0x08, 0x08, 0x08, 0x08, 0x08, 0x08, 0x08, 0x08, 
0x08, 0x08, 0x08, 0x08, 0x08, 0x08, 0x08, 0x08, 0x08, 0x08, 0x08, 0x08, 0x08, 0x08, 0x08, 0x08, 
0x08, 0x08, 0x08, 0x08, 0x08, 0x08, 0x08, 0x08, 0x08, 0x08, 0x08, 0x08, 0x08, 0x08, 0x08, 0x08, 
0x08, 0x08, 0x08, 0x08, 0x08, 0x08, 0x08, 0x08, 0x08, 0x08, 0x08, 0x08, 0x08, 0x08, 0x08, 0x08, 
0x08, 0x08, 0x08, 0x08, 0x08, 0x08, 0x08, 0x08, 0x08, 0x08, 0x08, 0x08, 0x08, 0x08, 0x08, 0x08, 
0x08, 0x08, 0x08, 0x08, 0x08, 0x08, 0x08, 0x08, 0x08, 0x08, 0x08, 0x08, 0x08, 0x08, 0x08, 0x08, 
0x08, 0x08, 0x08, 0x08, 0x08, 0x08, 0x08, 0x08, 0x08, 0x08, 0x08, 0x08, 0x08, 0x08, 0x08, 0x08, 
0x08, 0x08, 0x08, 0x08, 0x08, 0x08, 0x08, 0x08, 0x08, 0x08, 0x08, 0x08, 0x08, 0x08, 0x08, 0x08, 
0x08, 0x08, 0x08, 0x08, 0x08, 0x08, 0x08, 0x08, 0x08, 0x08, 0x08, 0x08, 0x08, 0x08, 0x08, 0x08, 
0x08, 0x08, 0x08, 0x08, 0x08, 0x08, 0x08, 0x08, 0x08, 0x08, 0x08, 0x08, 0x08, 0x08, 0x08, 0x08, 
0x08, 0x08, 0x08, 0x08, 0x08, 0x08, 0x08, 0x08, 0x08, 0x08, 0x08, 0x08, 0x08, 0x08, 0x08, 0x08, 
0x08, 0x08, 0x09, 0x0F, 0x10, 0x09, 0x08, 0x08, 0x0F, 0x11, 0x11, 0x11, 0x11, 0x11, 0x11, 0x0F, 
0x08, 0x08, 0x08, 0x08, 0x10, 0x12, 0x12, 0x12, 0x11, 0x11, 0x12, 0x12, 0x12, 0x12, 0x12, 0x12, 
0x10, 0x08, 0x08, 0x08, 0x08, 0x08, 0x08, 0x08, 0x08, 0x08, 0x08, 0x08, 0x08, 0x10, 0x11, 0x11, 
0x11, 0x11, 0x10, 0x10, 0x10, 0x0F, 0x0F, 0x0F, 0x0F, 0x0F, 0x0F, 0x09, 0x08, 0x0A, 0x10, 0x11, 
0x11, 0x11, 0x11, 0x11, 0x11, 0x0A, 0x08, 0x10, 0x11, 0x11, 0x11, 0x10, 0x09, 0x08, 0x08, 0x08, 
0x08, 0x08, 0x08, 0x08, 0x08, 0x08, 0x08, 0x08, 0x08, 0x08, 0x08, 0x08, 0x08, 0x08, 0x08, 0x08, 
0x08, 0x08, 0x08, 0x08, 0x08, 0x08, 0x08, 0x08, 0x08, 0x08, 0x08, 0x08, 0x08, 0x08, 0x08, 0x08, 
0x08, 0x08, 0x08, 0x08, 0x08, 0x08, 0x08, 0x08, 0x08, 0x08, 0x08, 0x08, 0x08, 0x08, 0x08, 0x08, 
0x08, 0x08, 0x08, 0x08, 0x08, 0x08, 0x08, 0x08, 0x08, 0x08, 0x08, 0x08, 0x08, 0x08, 0x08, 0x08, 
0x08, 0x08, 0x08, 0x08, 0x08, 0x08, 0x08, 0x08, 0x08, 0x08, 0x08, 0x08, 0x08, 0x08, 0x08, 0x08, 
0x08, 0x08, 0x08, 0x08, 0x08, 0x08, 0x08, 0x08, 0x08, 0x08, 0x08, 0x08, 0x08, 0x08, 0x08, 0x08, 
0x08, 0x08, 0x08, 0x08, 0x08, 0x08, 0x08, 0x08, 0x08, 0x08, 0x08, 0x08, 0x08, 0x08, 0x08, 0x08, 
0x08, 0x08, 0x08, 0x08, 0x08, 0x08, 0x08, 0x08, 0x08, 0x08, 0x08, 0x08, 0x08, 0x08, 0x08, 0x08, 
0x08, 0x08, 0x08, 0x08, 0x08, 0x08, 0x08, 0x08, 0x08, 0x08, 0x08, 0x08, 0x08, 0x08, 0x08, 0x08, 
0x08, 0x08, 0x08, 0x08, 0x08, 0x08, 0x08, 0x08, 0x08, 0x08, 0x08, 0x08, 0x08, 0x08, 0x08, 0x08, 
0x08, 0x08, 0x08, 0x08, 0x08, 0x08, 0x08, 0x08, 0x08, 0x08, 0x08, 0x08, 0x08, 0x08, 0x08, 0x08, 
0x08, 0x08, 0x08, 0x08, 0x08, 0x08, 0x08, 0x08, 0x08, 0x08, 0x08, 0x08, 0x08, 0x08, 0x08, 0x08, 
0x08, 0x08, 0x08, 0x08, 0x08, 0x08, 0x08, 0x08, 0x08, 0x08, 0x08, 0x08, 0x08, 0x08, 0x08, 0x08, 
0x08, 0x08, 0x08, 0x08, 0x08, 0x08, 0x08, 0x08, 0x08, 0x08, 0x08, 0x08, 0x08, 0x08, 0x08, 0x08, 
0x08, 0x08, 0x08, 0x08, 0x08, 0x08, 0x08, 0x08, 0x08, 0x08, 0x08, 0x08, 0x08, 0x08, 0x08, 0x08, 
0x08, 0x08, 0x08, 0x08, 0x08, 0x08, 0x08, 0x08, 0x08, 0x08, 0x08, 0x08, 0x08, 0x08, 0x08, 0x08, 
0x08, 0x08, 0x08, 0x08, 0x08, 0x08, 0x08, 0x08, 0x08, 0x08, 0x08, 0x08, 0x08, 0x08, 0x08, 0x08, 
0x08, 0x08, 0x08, 0x08, 0x08, 0x08, 0x08, 0x08, 0x08, 0x08, 0x08, 0x08, 0x08, 0x08, 0x08, 0x08, 
0x08, 0x08, 0x08, 0x08, 0x08, 0x08, 0x08, 0x08, 0x08, 0x08, 0x08, 0x08, 0x08, 0x08, 0x08, 0x08, 
0x08, 0x08, 0x08, 0x08, 0x08, 0x08, 0x08, 0x08, 0x08, 0x08, 0x08, 0x08, 0x08, 0x08, 0x08, 0x08, 
0x08, 0x08, 0x08, 0x08, 0x08, 0x08, 0x08, 0x08, 0x08, 0x08, 0x08, 0x08, 0x08, 0x08, 0x08, 0x08, 
0x08, 0x08, 0x08, 0x08, 0x08, 0x08, 0x08, 0x08, 0x08, 0x08, 0x08, 0x08, 0x08, 0x08, 0x08, 0x08, 
0x08, 0x08, 0x08, 0x08, 0x08, 0x08, 0x08, 0x08, 0x08, 0x08, 0x08, 0x08, 0x08, 0x08, 0x08, 0x08, 
0x08, 0x08, 0x08, 0x08, 0x08, 0x08, 0x08, 0x08, 0x08, 0x08, 0x08, 0x08, 0x08, 0x08, 0x08, 0x08, 
0x08, 0x08, 0x08, 0x08, 0x08, 0x08, 0x08, 0x08, 0x08, 0x08, 0x08, 0x08, 0x08, 0x08, 0x08, 0x08, 
0x08, 0x08, 0x08, 0x08, 0x08, 0x08, 0x08, 0x08, 0x08, 0x08, 0x08, 0x08, 0x08, 0x08, 0x08, 0x08, 
0x08, 0x08, 0x08, 0x08, 0x08, 0x08, 0x08, 0x08, 0x08, 0x08, 0x08, 0x08, 0x08, 0x08, 0x08, 0x08, 
0x08, 0x08, 0x08, 0x08, 0x08, 0x08, 0x08, 0x08, 0x08, 0x08, 0x08, 0x08, 0x08, 0x08, 0x08, 0x08, 
0x08, 0x08, 0x08, 0x08, 0x08, 0x08, 0x08, 0x08, 0x08, 0x08, 0x08, 0x08, 0x08, 0x08, 0x08, 0x08, 
0x08, 0x08, 0x08, 0x08, 0x08, 0x08, 0x08, 0x08, 0x08, 0x08, 0x08, 0x08, 0x08, 0x08, 0x08, 0x08, 
0x08, 0x08, 0x08, 0x08, 0x08, 0x08, 0x08, 0x08, 0x08, 0x08, 0x08, 0x08, 0x08, 0x08, 0x08, 0x08, 
0x08, 0x08, 0x08, 0x08, 0x08, 0x08, 0x08, 0x08, 0x08, 0x08, 0x08, 0x08, 0x08, 0x08, 0x08, 0x08, 
0x08, 0x08, 0x08, 0x08, 0x08, 0x08, 0x08, 0x08, 0x08, 0x08, 0x08, 0x08, 0x08, 0x08, 0x08, 0x08, 
0x08, 0x08, 0x08, 0x08, 0x08, 0x08, 0x08, 0x08, 0x08, 0x08, 0x08, 0x08, 0x08, 0x08, 0x08, 0x08, 
0x08, 0x08, 0x08, 0x08, 0x08, 0x08, 0x08, 0x08, 0x08, 0x08, 0x08, 0x08, 0x08, 0x08, 0x08, 0x08, 
0x08, 0x08, 0x08, 0x08, 0x08, 0x08, 0x08, 0x08, 0x08, 0x08, 0x08, 0x08, 0x08, 0x08, 0x08, 0x08, 
0x08, 0x08, 0x08, 0x08, 0x08, 0x08, 0x08, 0x08, 0x08, 0x08, 0x08, 0x08, 0x08, 0x08, 0x08, 0x08, 
0x08, 0x08, 0x08, 0x08, 0x08, 0x08, 0x08, 0x08, 0x08, 0x08, 0x08, 0x08, 0x08, 0x08, 0x08, 0x08, 
0x08, 0x08, 0x08, 0x08, 0x08, 0x08, 0x08, 0x08, 0x08, 0x08, 0x08, 0x08, 0x08, 0x08, 0x08, 0x08, 
0x08, 0x08, 0x08, 0x08, 0x08, 0x08, 0x08, 0x08, 0x08, 0x08, 0x08, 0x08, 0x08, 0x08, 0x08, 0x08, 
0x08, 0x08, 0x08, 0x08, 0x08, 0x08, 0x08, 0x08, 0x08, 0x08, 0x08, 0x08, 0x08, 0x08, 0x08, 0x08, 
0x08, 0x08, 0x08, 0x08, 0x08, 0x08, 0x08, 0x08, 0x08, 0x08, 0x08, 0x08, 0x08, 0x08, 0x08, 0x08, 
0x08, 0x08, 0x08, 0x08, 0x08, 0x08, 0x08, 0x08, 0x08, 0x08, 0x08, 0x08, 0x08, 0x08, 0x08, 0x08, 
0x08, 0x08, 0x08, 0x08, 0x08, 0x08, 0x08, 0x08, 0x08, 0x08, 0x08, 0x08, 0x08, 0x08, 0x08, 0x08, 
0x08, 0x08, 0x08, 0x08, 0x08, 0x08, 0x08, 0x08, 0x08, 0x08, 0x08, 0x08, 0x08, 0x08, 0x08, 0x08, 
0x08, 0x08, 0x08, 0x08, 0x08, 0x08, 0x08, 0x08, 0x08, 0x08, 0x08, 0x08, 0x08, 0x08, 0x08, 0x08, 
0x08, 0x08, 0x08, 0x08, 0x08, 0x08, 0x08, 0x08, 0x08, 0x08, 0x08, 0x08, 0x08, 0x08, 0x08, 0x08, 
0x08, 0x08, 0x08, 0x08, 0x08, 0x08, 0x08, 0x08, 0x08, 0x08, 0x08, 0x08, 0x08, 0x08, 0x08, 0x08, 
0x08, 0x08, 0x08, 0x08, 0x08, 0x08, 0x08, 0x08, 0x08, 0x08, 0x08, 0x08, 0x08, 0x08, 0x08, 0x08, 
0x08, 0x08, 0x08, 0x08, 0x08, 0x08, 0x08, 0x08, 0x08, 0x08, 0x08, 0x08, 0x08, 0x08, 0x08, 0x08, 
0x08, 0x08, 0x08, 0x08, 0x08, 0x08, 0x08, 0x08, 0x08, 0x08, 0x08, 0x08, 0x08, 0x08, 0x08, 0x08, 
0x08, 0x08, 0x08, 0x08, 0x08, 0x08, 0x08, 0x08, 0x08, 0x08, 0x08, 0x08, 0x08, 0x08, 0x08, 0x08, 
0x08, 0x08, 0x08, 0x08, 0x08, 0x08, 0x08, 0x08, 0x08, 0x08, 0x08, 0x08, 0x08, 0x08, 0x08, 0x08, 
0x08, 0x08, 0x08, 0x08, 0x08, 0x08, 0x08, 0x08, 0x08, 0x08, 0x08, 0x08, 0x08, 0x08, 0x08, 0x08, 
0x08, 0x08, 0x08, 0x08, 0x08, 0x08, 0x08, 0x08, 0x08, 0x08, 0x08, 0x08, 0x08, 0x08, 0x08, 0x08, 
0x08, 0x08, 0x08, 0x08, 0x08, 0x08, 0x08, 0x08, 0x08, 0x08, 0x08, 0x08, 0x08, 0x08, 0x08, 0x08, 
0x08, 0x08, 0x08, 0x08, 0x08, 0x08, 0x08, 0x08, 0x08, 0x08, 0x08, 0x08, 0x08, 0x08, 0x08, 0x08, 
0x08, 0x08, 0x08, 0x08, 0x08, 0x08, 0x08, 0x08, 0x08, 0x08, 0x08, 0x08, 0x08, 0x08, 0x08, 0x08, 
0x08, 0x08, 0x08, 0x08, 0x08, 0x08, 0x08, 0x08, 0x08, 0x08, 0x08, 0x08, 0x08, 0x08, 0x08, 0x08, 
0x08, 0x08, 0x08, 0x08, 0x08, 0x08, 0x08, 0x08, 0x08, 0x08, 0x08, 0x08, 0x08, 0x08, 0x08, 0x08, 
0x08, 0x08, 0x08, 0x08, 0x08, 0x08, 0x08, 0x08, 0x08, 0x08, 0x08, 0x08, 0x08, 0x08, 0x08, 0x08, 
0x08, 0x08, 0x08, 0x08, 0x08, 0x08, 0x08, 0x08, 0x08, 0x08, 0x08, 0x08, 0x08, 0x08, 0x08, 0x08, 
0x08, 0x08, 0x08, 0x08, 0x08, 0x08, 0x08, 0x08, 0x08, 0x08, 0x08, 0x08, 0x08, 0x08, 0x08, 0x08, 
0x08, 0x08, 0x08, 0x08, 0x08, 0x08, 0x08, 0x08, 0x08, 0x08, 0x08, 0x08, 0x08, 0x08, 0x08, 0x08, 
0x08, 0x08, 0x08, 0x08, 0x08, 0x08, 0x08, 0x08, 0x08, 0x08, 0x08, 0x08, 0x08, 0x08, 0x08, 0x08, 
0x08, 0x08, 0x08, 0x08, 0x08, 0x08, 0x08, 0x08, 0x08, 0x08, 0x08, 0x08, 0x08, 0x08, 0x08, 0x08, 
0x08, 0x08, 0x08, 0x08, 0x08, 0x08, 0x08, 0x08, 0x08, 0x08, 0x08, 0x08, 0x08, 0x08, 0x08, 0x08, 
0x08, 0x08, 0x08, 0x08, 0x08, 0x08, 0x08, 0x08, 0x08, 0x08, 0x08, 0x08, 0x08, 0x08, 0x08, 0x08, 
0x08, 0x08, 0x08, 0x08, 0x08, 0x08, 0x08, 0x08, 0x08, 0x08, 0x08, 0x08, 0x08, 0x08, 0x08, 0x08, 
0x08, 0x08, 0x08, 0x08, 0x08, 0x08, 0x08, 0x08, 0x08, 0x08, 0x08, 0x08, 0x08, 0x08, 0x08, 0x08, 
0x08, 0x08, 0x08, 0x08, 0x08, 0x08, 0x08, 0x08, 0x08, 0x08, 0x08, 0x08, 0x08, 0x08, 0x08, 0x08, 
0x08, 0x08, 0x08, 0x08, 0x08, 0x08, 0x08, 0x08, 0x08, 0x08, 0x08, 0x08, 0x08, 0x08, 0x08, 0x08, 
0x08, 0x08, 0x08, 0x08, 0x08, 0x08, 0x08, 0x08, 0x08, 0x08, 0x08, 0x08, 0x08, 0x08, 0x08, 0x08, 
0x08, 0x08, 0x08, 0x08, 0x08, 0x08, 0x08, 0x08, 0x08, 0x08, 0x08, 0x08, 0x08, 0x08, 0x08, 0x08, 
0x08, 0x08, 0x08, 0x08, 0x08, 0x08, 0x08, 0x08, 0x08, 0x08, 0x08, 0x08, 0x08, 0x08, 0x08, 0x08, 
0x08, 0x08, 0x08, 0x08, 0x08, 0x08, 0x08, 0x08, 0x08, 0x08, 0x08, 0x08, 0x08, 0x08, 0x08, 0x08, 
0x08, 0x08, 0x08, 0x08, 0x08, 0x08, 0x08, 0x08, 0x08, 0x08, 0x08, 0x08, 0x08, 0x08, 0x08, 0x08, 
0x08, 0x08, 0x08, 0x08, 0x08, 0x08, 0x08, 0x08, 0x08, 0x08, 0x08, 0x08, 0x08, 0x08, 0x08, 0x08, 
0x08, 0x08, 0x08, 0x08, 0x08, 0x08, 0x08, 0x08, 0x08, 0x08, 0x08, 0x08, 0x08, 0x08, 0x08, 0x08, 
0x08, 0x08, 0x08, 0x08, 0x08, 0x08, 0x08, 0x08, 0x08, 0x08, 0x08, 0x08, 0x08, 0x08, 0x08, 0x08, 
0x08, 0x08, 0x08, 0x08, 0x08, 0x08, 0x08, 0x08, 0x08, 0x08, 0x08, 0x08, 0x08, 0x08, 0x08, 0x08, 
0x08, 0x08, 0x08, 0x08, 0x08, 0x08, 0x08, 0x08, 0x08, 0x08, 0x08, 0x08, 0x08, 0x08, 0x08, 0x08, 
0x08, 0x08, 0x08, 0x08, 0x08, 0x08, 0x08, 0x08, 0x08, 0x08, 0x08, 0x08, 0x08, 0x08, 0x08, 0x08, 
0x08, 0x08, 0x08, 0x08, 0x08, 0x08, 0x08, 0x08, 0x08, 0x08, 0x08, 0x08, 0x08, 0x08, 0x08, 0x08, 
0x08, 0x08, 0x08, 0x08, 0x08, 0x08, 0x08, 0x08, 0x08, 0x08, 0x08, 0x08, 0x08, 0x08, 0x08, 0x08, 
0x08, 0x08, 0x08, 0x08, 0x08, 0x08, 0x08, 0x08, 0x08, 0x08, 0x08, 0x08, 0x08, 0x08, 0x08, 0x08, 
0x08, 0x08, 0x08, 0x08, 0x08, 0x08, 0x08, 0x08, 0x08, 0x08, 0x08, 0x08, 0x08, 0x08, 0x08, 0x08, 
0x08, 0x08, 0x08, 0x08, 0x08, 0x08, 0x08, 0x08, 0x08, 0x08, 0x08, 0x08, 0x08, 0x08, 0x08, 0x08, 
0x08, 0x08, 0x08, 0x08, 0x08, 0x08, 0x08, 0x08, 0x08, 0x08, 0x08, 0x08, 0x08, 0x08, 0x08, 0x08, 
0x08, 0x08, 0x08, 0x08, 0x08, 0x08, 0x08, 0x08, 0x08, 0x08, 0x08, 0x08, 0x08, 0x08, 0x08, 0x08, 
0x08, 0x08, 0x08, 0x08, 0x08, 0x08, 0x08, 0x08, 0x08, 0x08, 0x08, 0x08, 0x08, 0x08, 0x08, 0x08, 
0x08, 0x08, 0x08, 0x08, 0x08, 0x08, 0x08, 0x08, 0x08, 0x08, 0x08, 0x08, 0x08, 0x08, 0x08, 0x08, 
0x08, 0x08, 0x08, 0x08, 0x08, 0x08, 0x08, 0x08, 0x08, 0x08, 0x08, 0x08, 0x08, 0x08, 0x08, 0x08, 
0x08, 0x08, 0x08, 0x08, 0x08, 0x08, 0x08, 0x08, 0x08, 0x08, 0x08, 0x08, 0x08, 0x08, 0x08, 0x08, 
0x08, 0x08, 0x08, 0x08, 0x08, 0x08, 0x08, 0x08, 0x08, 0x08, 0x08, 0x08, 0x08, 0x08, 0x08, 0x08, 
0x08, 0x08, 0x08, 0x08, 0x08, 0x08, 0x08, 0x08, 0x08, 0x08, 0x08, 0x08, 0x08, 0x08, 0x08, 0x08, 
0x08, 0x08, 0x08, 0x08, 0x08, 0x08, 0x08, 0x08, 0x08, 0x08, 0x08, 0x08, 0x08, 0x08, 0x08, 0x08, 
0x08, 0x08, 0x08, 0x08, 0x08, 0x08, 0x08, 0x08, 0x08, 0x08, 0x08, 0x08, 0x08, 0x08, 0x08, 0x08, 
0x08, 0x08, 0x08, 0x08, 0x08, 0x08, 0x08, 0x08, 0x08, 0x08, 0x08, 0x08, 0x08, 0x08, 0x08, 0x08, 
0x08, 0x08, 0x08, 0x08, 0x08, 0x08, 0x08, 0x08, 0x08, 0x08, 0x08, 0x08, 0x08, 0x08, 0x08, 0x08, 
0x08, 0x08, 0x08, 0x08, 0x08, 0x08, 0x08, 0x08, 0x08, 0x08, 0x08, 0x08, 0x08, 0x08, 0x08, 0x08, 
0x08, 0x08, 0x08, 0x08, 0x08, 0x08, 0x08, 0x08, 0x08, 0x08, 0x08, 0x08, 0x08, 0x08, 0x08, 0x08, 
0x08, 0x08, 0x08, 0x08, 0x08, 0x08, 0x08, 0x08, 0x08, 0x08, 0x08, 0x08, 0x08, 0x08, 0x08, 0x08, 
0x08, 0x08, 0x08, 0x08, 0x08, 0x08, 0x08, 0x08, 0x08, 0x08, 0x08, 0x08, 0x08, 0x08, 0x08, 0x08, 
0x08, 0x08, 0x08, 0x08, 0x08, 0x08, 0x08, 0x08, 0x08, 0x08, 0x08, 0x08, 0x08, 0x08, 0x08, 0x08, 
0x08, 0x08, 0x08, 0x08, 0x08, 0x08, 0x08, 0x08, 0x08, 0x08, 0x08, 0x08, 0x08, 0x08, 0x08, 0x08, 
0x08, 0x08, 0x08, 0x08, 0x08, 0x08, 0x08, 0x08, 0x08, 0x08, 0x08, 0x08, 0x08, 0x08, 0x08, 0x08, 
0x08, 0x08, 0x08, 0x08, 0x08, 0x08, 0x08, 0x08, 0x08, 0x08, 0x08, 0x08, 0x08, 0x08, 0x08, 0x08, 
0x08, 0x08, 0x08, 0x08, 0x08, 0x08, 0x08, 0x08, 0x08, 0x08, 0x08, 0x08, 0x08, 0x08, 0x08, 0x08, 
0x08, 0x08, 0x08, 0x08, 0x08, 0x08, 0x08, 0x08, 0x08, 0x08, 0x08, 0x08, 0x08, 0x08, 0x08, 0x08, 
0x08, 0x08, 0x08, 0x08, 0x08, 0x08, 0x08, 0x08, 0x08, 0x08, 0x08, 0x08, 0x08, 0x08, 0x08, 0x08, 
0x08, 0x08, 0x08, 0x08, 0x08, 0x08, 0x08, 0x08, 0x08, 0x08, 0x08, 0x08, 0x08, 0x08, 0x08, 0x08, 
0x08, 0x08, 0x08, 0x08, 0x08, 0x08, 0x08, 0x08, 0x08, 0x08, 0x08, 0x08, 0x08, 0x08, 0x08, 0x08, 
0x08, 0x08, 0x08, 0x08, 0x08, 0x08, 0x08, 0x08, 0x08, 0x08, 0x08, 0x08, 0x08, 0x08, 0x08, 0x08, 
0x08, 0x08, 0x08, 0x08, 0x08, 0x08, 0x08, 0x08, 0x08, 0x08, 0x08, 0x08, 0x08, 0x08, 0x08, 0x08, 
0x08, 0x08, 0x08, 0x08, 0x08, 0x08, 0x08, 0x08, 0x08, 0x08, 0x08, 0x08, 0x08, 0x08, 0x08, 0x08, 
0x08, 0x08, 0x08, 0x08, 0x08, 0x08, 0x08, 0x08, 0x08, 0x08, 0x08, 0x08, 0x08, 0x08, 0x08, 0x08, 
0x08, 0x08, 0x08, 0x08, 0x08, 0x08, 0x08, 0x08, 0x08, 0x08, 0x08, 0x08, 0x08, 0x08, 0x08, 0x08, 
0x08, 0x08, 0x08, 0x08, 0x08, 0x08, 0x08, 0x08, 0x08, 0x08, 0x08, 0x08, 0x08, 0x08, 0x08, 0x08, 
0x08, 0x08, 0x08, 0x08, 0x08, 0x08, 0x08, 0x08, 0x08, 0x08, 0x08, 0x08, 0x08, 0x08, 0x08, 0x08, 
0x08, 0x08, 0x08, 0x08, 0x08, 0x08, 0x08, 0x08, 0x08, 0x08, 0x08, 0x08, 0x08, 0x08, 0x08, 0x08, 
0x08, 0x08, 0x08, 0x08, 0x08, 0x08, 0x08, 0x08, 0x08, 0x08, 0x08, 0x08, 0x08, 0x08, 0x08, 0x08, 
0x08, 0x08, 0x08, 0x08, 0x08, 0x08, 0x08, 0x08, 0x08, 0x08, 0x08, 0x08, 0x08, 0x08, 0x08, 0x08, 
0x08, 0x08, 0x08, 0x08, 0x08, 0x08, 0x08, 0x08, 0x08, 0x08, 0x08, 0x08, 0x08, 0x08, 0x08, 0x08, 
0x08, 0x08, 0x08, 0x08, 0x08, 0x08, 0x08, 0x08, 0x08, 0x08, 0x08, 0x08, 0x08, 0x08, 0x08, 0x08, 
0x08, 0x08, 0x08, 0x08, 0x08, 0x08, 0x08, 0x08, 0x08, 0x08, 0x08, 0x08, 0x08, 0x08, 0x08, 0x08, 
0x08, 0x08, 0x08, 0x08, 0x08, 0x08, 0x08, 0x08, 0x08, 0x08, 0x08, 0x08, 0x08, 0x08, 0x08, 0x08, 
0x08, 0x08, 0x08, 0x08, 0x08, 0x08, 0x08, 0x08, 0x08, 0x08, 0x08, 0x08, 0x08, 0x08, 0x08, 0x08, 
0x08, 0x08, 0x08, 0x08, 0x08, 0x08, 0x08, 0x08, 0x08, 0x08, 0x08, 0x08, 0x08, 0x08, 0x08, 0x08, 
0x08, 0x08, 0x08, 0x08, 0x08, 0x08, 0x08, 0x08, 0x08, 0x08, 0x08, 0x08, 0x08, 0x08, 0x08, 0x08, 
0x08, 0x08, 0x08, 0x08, 0x08, 0x08, 0x08, 0x08, 0x08, 0x08, 0x08, 0x08, 0x08, 0x08, 0x08, 0x08, 
0x08, 0x08, 0x08, 0x08, 0x08, 0x08, 0x08, 0x08, 0x08, 0x08, 0x08, 0x08, 0x08, 0x08, 0x08, 0x08, 
0x08, 0x08, 0x08, 0x08, 0x08, 0x08, 0x08, 0x08, 0x08, 0x08, 0x08, 0x08, 0x08, 0x08, 0x08, 0x08, 
0x08, 0x08, 0x08, 0x08, 0x08, 0x08, 0x08, 0x08, 0x08, 0x08, 0x08, 0x08, 0x08, 0x08, 0x08, 0x08, 
0x08, 0x08, 0x08, 0x08, 0x08, 0x08, 0x08, 0x08, 0x08, 0x08, 0x08, 0x08, 0x08, 0x08, 0x08, 0x08, 
0x08, 0x08, 0x08, 0x08, 0x08, 0x08, 0x08, 0x08, 0x08, 0x08, 0x08, 0x08, 0x08, 0x08, 0x08, 0x08, 
0x08, 0x08, 0x08, 0x08, 0x08, 0x08, 0x08, 0x08, 0x08, 0x08, 0x08, 0x08, 0x08, 0x08, 0x08, 0x08, 
0x08, 0x08, 0x08, 0x08, 0x08, 0x08, 0x08, 0x08, 0x08, 0x08, 0x08, 0x08, 0x08, 0x08, 0x08, 0x08, 
0x08, 0x08, 0x08, 0x08, 0x08, 0x08, 0x08, 0x08, 0x08, 0x08, 0x08, 0x08, 0x08, 0x08, 0x08, 0x08, 
0x08, 0x08, 0x08, 0x08, 0x08, 0x08, 0x08, 0x08, 0x08, 0x08, 0x08, 0x08, 0x08, 0x08, 0x08, 0x08, 
0x08, 0x08, 0x08, 0x08, 0x08, 0x08, 0x08, 0x08, 0x08, 0x08, 0x08, 0x08, 0x08, 0x08, 0x08, 0x08, 
0x08, 0x08, 0x08, 0x08, 0x08, 0x08, 0x08, 0x08, 0x08, 0x08, 0x08, 0x08, 0x08, 0x08, 0x08, 0x08, 
0x08, 0x08, 0x08, 0x08, 0x08, 0x08, 0x08, 0x08, 0x08, 0x08, 0x08, 0x08, 0x08, 0x08, 0x08, 0x08, 
0x08, 0x08, 0x08, 0x08, 0x08, 0x08, 0x08, 0x08, 0x08, 0x08, 0x08, 0x08, 0x08, 0x08, 0x08, 0x08, 
0x08, 0x08, 0x08, 0x08, 0x08, 0x08, 0x08, 0x08, 0x08, 0x08, 0x08, 0x08, 0x08, 0x08, 0x08, 0x08, 
0x08, 0x08, 0x08, 0x08, 0x08, 0x08, 0x08, 0x08, 0x08, 0x08, 0x08, 0x08, 0x08, 0x08, 0x08, 0x08, 
0x08, 0x08, 0x08, 0x08, 0x08, 0x08, 0x08, 0x08, 0x08, 0x08, 0x08, 0x08, 0x08, 0x08, 0x08, 0x08, 
0x08, 0x08, 0x08, 0x08, 0x08, 0x08, 0x08, 0x08, 0x08, 0x08, 0x08, 0x08, 0x08, 0x08, 0x08, 0x08, 
0x08, 0x08, 0x08, 0x08, 0x08, 0x08, 0x08, 0x08, 0x08, 0x08, 0x08, 0x08, 0x08, 0x08, 0x08, 0x08, 
0x08, 0x08, 0x08, 0x08, 0x08, 0x08, 0x08, 0x08, 0x08, 0x08, 0x08, 0x08, 0x08, 0x08, 0x08, 0x08, 
0x08, 0x08, 0x08, 0x08, 0x08, 0x08, 0x08, 0x08, 0x08, 0x08, 0x08, 0x08, 0x08, 0x08, 0x08, 0x08, 
0x08, 0x08, 0x08, 0x08, 0x08, 0x08, 0x08, 0x08, 0x08, 0x08, 0x08, 0x08, 0x08, 0x08, 0x08, 0x08, 
0x08, 0x08, 0x08, 0x08, 0x08, 0x08, 0x08, 0x08, 0x08, 0x08, 0x08, 0x08, 0x08, 0x08, 0x08, 0x08, 
0x08, 0x08, 0x08, 0x08, 0x08, 0x08, 0x08, 0x08, 0x08, 0x08, 0x08, 0x08, 0x08, 0x08, 0x08, 0x08, 
0x08, 0x08, 0x08, 0x08, 0x08, 0x08, 0x08, 0x08, 0x08, 0x08, 0x08, 0x08, 0x08, 0x08, 0x08, 0x08, 
0x08, 0x08, 0x08, 0x08, 0x08, 0x08, 0x08, 0x08, 0x08, 0x08, 0x08, 0x08, 0x08, 0x08, 0x08, 0x08, 
0x08, 0x08, 0x08, 0x08, 0x08, 0x08, 0x08, 0x08, 0x08, 0x08, 0x08, 0x08, 0x08, 0x08, 0x08, 0x08, 
0x08, 0x08, 0x08, 0x08, 0x08, 0x08, 0x08, 0x08, 0x08, 0x08, 0x08, 0x08, 0x08, 0x08, 0x08, 0x08, 
0x08, 0x08, 0x08, 0x08, 0x08, 0x08, 0x08, 0x08, 0x08, 0x08, 0x08, 0x08, 0x08, 0x08, 0x08, 0x08, 
0x08, 0x08, 0x08, 0x08, 0x08, 0x08, 0x08, 0x08, 0x08, 0x08, 0x08, 0x08, 0x08, 0x08, 0x08, 0x08, 
0x08, 0x08, 0x08, 0x08, 0x08, 0x08, 0x08, 0x08, 0x08, 0x08, 0x08, 0x08, 0x08, 0x08, 0x08, 0x08, 
0x08, 0x08, 0x08, 0x08, 0x08, 0x08, 0x08, 0x08, 0x08, 0x08, 0x08, 0x08, 0x08, 0x08, 0x08, 0x08, 
0x08, 0x08, 0x08, 0x08, 0x08, 0x08, 0x08, 0x08, 0x08, 0x08, 0x08, 0x08, 0x08, 0x08, 0x08, 0x08, 
0x08, 0x08, 0x08, 0x08, 0x08, 0x08, 0x08, 0x08, 0x08, 0x08, 0x08, 0x08, 0x08, 0x08, 0x08, 0x08, 
0x08, 0x08, 0x08, 0x08, 0x08, 0x08, 0x08, 0x08, 0x08, 0x08, 0x08, 0x08, 0x08, 0x08, 0x08, 0x08, 
0x08, 0x08, 0x08, 0x08, 0x08, 0x08, 0x08, 0x08, 0x08, 0x08, 0x08, 0x08, 0x08, 0x08, 0x08, 0x08, 
0x08, 0x08, 0x08, 0x08, 0x08, 0x08, 0x08, 0x08, 0x08, 0x08, 0x08, 0x08, 0x08, 0x08, 0x08, 0x08, 
0x08, 0x08, 0x08, 0x08, 0x08, 0x08, 0x08, 0x08, 0x08, 0x08, 0x08, 0x08, 0x08, 0x08, 0x08, 0x08, 
0x08, 0x08, 0x08, 0x08, 0x08, 0x08, 0x08, 0x08, 0x08, 0x08, 0x08, 0x08, 0x08, 0x08, 0x08, 0x08, 
0x08, 0x08, 0x08, 0x08, 0x08, 0x08, 0x08, 0x08, 0x08, 0x08, 0x08, 0x08, 0x08, 0x08, 0x08, 0x08, 
0x08, 0x08, 0x08, 0x08, 0x08, 0x08, 0x08, 0x08, 0x08, 0x08, 0x08, 0x08, 0x08, 0x08, 0x08, 0x08, 
0x08, 0x08, 0x08, 0x08, 0x08, 0x08, 0x08, 0x08, 0x08, 0x08, 0x08, 0x08, 0x08, 0x08, 0x08, 0x08, 
0x08, 0x08, 0x08, 0x08, 0x08, 0x08, 0x08, 0x08, 0x08, 0x08, 0x08, 0x08, 0x08, 0x08, 0x08, 0x08, 
0x08, 0x08, 0x08, 0x08, 0x08, 0x08, 0x08, 0x08, 0x08, 0x08, 0x08, 0x08, 0x08, 0x08, 0x08, 0x08, 
0x08, 0x08, 0x08, 0x08, 0x08, 0x08, 0x08, 0x08, 0x08, 0x08, 0x08, 0x08, 0x08, 0x08, 0x08, 0x08, 
0x08, 0x08, 0x08, 0x08, 0x08, 0x08, 0x08, 0x08, 0x08, 0x08, 0x08, 0x08, 0x08, 0x08, 0x08, 0x08, 
0x08, 0x08, 0x08, 0x08, 0x08, 0x08, 0x08, 0x08, 0x08, 0x08, 0x08, 0x08, 0x08, 0x08, 0x08, 0x08, 
0x08, 0x08, 0x08, 0x08, 0x08, 0x08, 0x08, 0x08, 0x08, 0x08, 0x08, 0x08, 0x08, 0x08, 0x08, 0x08, 
0x08, 0x08, 0x08, 0x08, 0x08, 0x08, 0x08, 0x08, 0x08, 0x08, 0x08, 0x08, 0x08, 0x08, 0x08, 0x08, 
0x08, 0x08, 0x08, 0x08, 0x08, 0x08, 0x08, 0x08, 0x08, 0x08, 0x08, 0x08, 0x08, 0x08, 0x08, 0x08, 
0x08, 0x08, 0x08, 0x08, 0x08, 0x08, 0x08, 0x08, 0x08, 0x08, 0x08, 0x08, 0x08, 0x08, 0x08, 0x08, 
0x08, 0x08, 0x08, 0x08, 0x08, 0x08, 0x08, 0x08, 0x08, 0x08, 0x08, 0x08, 0x08, 0x08, 0x08, 0x08, 
0x08, 0x08, 0x08, 0x08, 0x08, 0x08, 0x08, 0x08, 0x08, 0x08, 0x08, 0x08, 0x08, 0x08, 0x08, 0x08, 
0x08, 0x08, 0x08, 0x08, 0x08, 0x08, 0x08, 0x08, 0x08, 0x08, 0x08, 0x08, 0x08, 0x08, 0x08, 0x08, 
0x08, 0x08, 0x08, 0x08, 0x08, 0x08, 0x08, 0x08, 0x08, 0x08, 0x08, 0x08, 0x08, 0x08, 0x08, 0x08, 
0x08, 0x08, 0x08, 0x08, 0x08, 0x08, 0x08, 0x08, 0x08, 0x08, 0x08, 0x08, 0x08, 0x08, 0x08, 0x08, 
0x08, 0x08, 0x08, 0x08, 0x08, 0x08, 0x08, 0x08, 0x08, 0x08, 0x08, 0x08, 0x08, 0x08, 0x08, 0x08, 
0x08, 0x08, 0x08, 0x08, 0x08, 0x08, 0x08, 0x08, 0x08, 0x08, 0x08, 0x08, 0x08, 0x08, 0x08, 0x08, 
0x08, 0x08, 0x08, 0x08, 0x08, 0x08, 0x08, 0x08, 0x08, 0x08, 0x08, 0x08, 0x08, 0x08, 0x08, 0x08, 
0x08, 0x08, 0x08, 0x08, 0x08, 0x08, 0x08, 0x08, 0x08, 0x08, 0x08, 0x08, 0x08, 0x08, 0x08, 0x08, 
0x08, 0x08, 0x08, 0x08, 0x08, 0x08, 0x08, 0x08, 0x08, 0x08, 0x08, 0x08, 0x08, 0x08, 0x08, 0x08, 
0x08, 0x08, 0x08, 0x08, 0x08, 0x08, 0x08, 0x08, 0x08, 0x08, 0x08, 0x08, 0x08, 0x08, 0x08, 0x08, 
0x08, 0x08, 0x08, 0x08, 0x08, 0x08, 0x08, 0x08, 0x08, 0x08, 0x08, 0x08, 0x08, 0x08, 0x08, 0x08, 
0x08, 0x08, 0x08, 0x08, 0x08, 0x08, 0x08, 0x08, 0x08, 0x08, 0x08, 0x08, 0x08, 0x08, 0x08, 0x08, 
0x08, 0x08, 0x08, 0x08, 0x08, 0x08, 0x08, 0x08, 0x08, 0x08, 0x08, 0x08, 0x08, 0x08, 0x08, 0x08, 
0x08, 0x08, 0x08, 0x08, 0x08, 0x08, 0x08, 0x08, 0x08, 0x08, 0x08, 0x08, 0x08, 0x08, 0x08, 0x08, 
0x08, 0x08, 0x08, 0x08, 0x08, 0x08, 0x08, 0x08, 0x08, 0x08, 0x08, 0x08, 0x08, 0x08, 0x08, 0x08, 
0x08, 0x08, 0x08, 0x08, 0x08, 0x08, 0x08, 0x08, 0x08, 0x08, 0x08, 0x08, 0x08, 0x08, 0x08, 0x08, 
0x08, 0x08, 0x08, 0x08, 0x08, 0x08, 0x08, 0x08, 0x08, 0x08, 0x08, 0x08, 0x08, 0x08, 0x08, 0x08, 
0x08, 0x08, 0x08, 0x08, 0x08, 0x08, 0x08, 0x08, 0x08, 0x08, 0x08, 0x08, 0x08, 0x08, 0x08, 0x08, 
0x08, 0x08, 0x08, 0x08, 0x08, 0x08, 0x08, 0x08, 0x08, 0x08, 0x08, 0x08, 0x08, 0x08, 0x08, 0x08, 
0x08, 0x08, 0x08, 0x08, 0x08, 0x08, 0x08, 0x08, 0x08, 0x08, 0x08, 0x08, 0x08, 0x08, 0x08, 0x08, 
0x08, 0x08, 0x08, 0x08, 0x08, 0x08, 0x08, 0x08, 0x08, 0x08, 0x08, 0x08, 0x08, 0x08, 0x08, 0x08, 
0x08, 0x08, 0x08, 0x08, 0x08, 0x08, 0x08, 0x08, 0x08, 0x08, 0x08, 0x08, 0x08, 0x08, 0x08, 0x08, 
0x08, 0x08, 0x08, 0x08, 0x08, 0x08, 0x08, 0x08, 0x08, 0x08, 0x08, 0x08, 0x08, 0x08, 0x08, 0x08, 
0x08, 0x08, 0x08, 0x08, 0x08, 0x08, 0x08, 0x08, 0x08, 0x08, 0x08, 0x08, 0x08, 0x08, 0x08, 0x08, 
0x08, 0x08, 0x08, 0x08, 0x08, 0x08, 0x08, 0x08, 0x08, 0x08, 0x08, 0x08, 0x08, 0x08, 0x08, 0x08, 
0x08, 0x08, 0x08, 0x08, 0x08, 0x08, 0x08, 0x08, 0x08, 0x08, 0x08, 0x08, 0x08, 0x08, 0x08, 0x08, 
0x08, 0x08, 0x08, 0x08, 0x08, 0x08, 0x08, 0x08, 0x08, 0x08, 0x08, 0x08, 0x08, 0x08, 0x08, 0x08, 
0x08, 0x08, 0x08, 0x08, 0x08, 0x08, 0x08, 0x08, 0x08, 0x08, 0x08, 0x08, 0x08, 0x08, 0x08, 0x08, 
0x08, 0x08, 0x08, 0x08, 0x08, 0x08, 0x08, 0x08, 0x08, 0x08, 0x08, 0x08, 0x08, 0x08, 0x08, 0x08, 
0x08, 0x08, 0x08, 0x08, 0x08, 0x08, 0x08, 0x08, 0x08, 0x08, 0x08, 0x08, 0x08, 0x08, 0x08, 0x08, 
0x08, 0x08, 0x08, 0x08, 0x08, 0x08, 0x08, 0x08, 0x08, 0x08, 0x08, 0x08, 0x08, 0x08, 0x08, 0x08, 
0x08, 0x08, 0x08, 0x08, 0x08, 0x08, 0x08, 0x08, 0x08, 0x08, 0x08, 0x08, 0x08, 0x08, 0x08, 0x08, 
0x08, 0x08, 0x08, 0x08, 0x08, 0x08, 0x08, 0x08, 0x08, 0x08, 0x08, 0x08, 0x08, 0x08, 0x08, 0x08, 
0x08, 0x08, 0x08, 0x08, 0x08, 0x08, 0x08, 0x08, 0x08, 0x08, 0x08, 0x08, 0x08, 0x08, 0x08, 0x08, 
0x08, 0x08, 0x08, 0x08, 0x08, 0x08, 0x08, 0x08, 0x08, 0x08, 0x08, 0x08, 0x08, 0x08, 0x08, 0x08, 
0x08, 0x08, 0x08, 0x08, 0x08, 0x08, 0x08, 0x08, 0x08, 0x08, 0x08, 0x08, 0x08, 0x08, 0x08, 0x08, 
0x08, 0x08, 0x08, 0x08, 0x08, 0x08, 0x08, 0x08, 0x08, 0x08, 0x08, 0x08, 0x08, 0x08, 0x08, 0x08, 
0x08, 0x08, 0x08, 0x08, 0x08, 0x08, 0x08, 0x08, 0x08, 0x08, 0x08, 0x08, 0x08, 0x08, 0x08, 0x08, 
0x08, 0x08, 0x08, 0x08, 0x08, 0x08, 0x08, 0x08, 0x08, 0x08, 0x08, 0x08, 0x08, 0x08, 0x08, 0x08, 
0x08, 0x08, 0x08, 0x08, 0x08, 0x08, 0x08, 0x08, 0x08, 0x08, 0x08, 0x08, 0x08, 0x08, 0x08, 0x08, 
0x08, 0x08, 0x08, 0x08, 0x08, 0x08, 0x08, 0x08, 0x08, 0x08, 0x08, 0x08, 0x08, 0x08, 0x08, 0x08, 
0x08, 0x08, 0x08, 0x08, 0x08, 0x08, 0x08, 0x08, 0x08, 0x08, 0x08, 0x08, 0x08, 0x08, 0x08, 0x08, 
0x08, 0x08, 0x08, 0x08, 0x08, 0x08, 0x08, 0x08, 0x08, 0x08, 0x08, 0x08, 0x08, 0x08, 0x08, 0x08, 
0x08, 0x08, 0x08, 0x08, 0x08, 0x08, 0x08, 0x08, 0x08, 0x08, 0x08, 0x08, 0x08, 0x08, 0x08, 0x08, 
0x08, 0x08, 0x08, 0x08, 0x08, 0x08, 0x08, 0x08, 0x08, 0x08, 0x08, 0x08, 0x08, 0x08, 0x08, 0x08, 
0x08, 0x08, 0x08, 0x08, 0x08, 0x08, 0x08, 0x08, 0x08, 0x08, 0x08, 0x08, 0x08, 0x08, 0x08, 0x08, 
0x08, 0x08, 0x08, 0x08, 0x08, 0x08, 0x08, 0x08, 0x08, 0x08, 0x08, 0x08, 0x08, 0x08, 0x08, 0x08, 
0x08, 0x08, 0x08, 0x08, 0x08, 0x08, 0x08, 0x08, 0x08, 0x08, 0x08, 0x08, 0x08, 0x08, 0x08, 0x08, 
0x08, 0x08, 0x08, 0x08, 0x08, 0x08, 0x08, 0x08, 0x08, 0x08, 0x08, 0x08, 0x08, 0x08, 0x08, 0x08, 
0x08, 0x08, 0x08, 0x08, 0x08, 0x08, 0x08, 0x08, 0x08, 0x08, 0x08, 0x08, 0x08, 0x08, 0x08, 0x08, 
0x08, 0x08, 0x08, 0x08, 0x08, 0x08, 0x08, 0x08, 0x08, 0x08, 0x08, 0x08, 0x08, 0x08, 0x08, 0x08, 
0x08, 0x08, 0x08, 0x08, 0x08, 0x08, 0x08, 0x08, 0x08, 0x08, 0x08, 0x08, 0x08, 0x08, 0x08, 0x08, 
0x08, 0x08, 0x08, 0x08, 0x08, 0x08, 0x08, 0x08, 0x08, 0x08, 0x08, 0x08, 0x08, 0x08, 0x08, 0x08, 
0x08, 0x08, 0x08, 0x08, 0x08, 0x08, 0x08, 0x08, 0x08, 0x08, 0x08, 0x08, 0x08, 0x08, 0x08, 0x08, 
0x08, 0x08, 0x08, 0x08, 0x08, 0x08, 0x08, 0x08, 0x08, 0x08, 0x08, 0x08, 0x08, 0x08, 0x08, 0x08, 
0x08, 0x08, 0x08, 0x08, 0x08, 0x08, 0x08, 0x08, 0x08, 0x08, 0x08, 0x08, 0x08, 0x08, 0x08, 0x08, 
0x08, 0x08, 0x08, 0x08, 0x08, 0x08, 0x08, 0x08, 0x08, 0x08, 0x08, 0x08, 0x08, 0x08, 0x08, 0x08, 
0x08, 0x08, 0x08, 0x08, 0x08, 0x08, 0x08, 0x08, 0x08, 0x08, 0x08, 0x08, 0x08, 0x08, 0x08, 0x08, 
0x08, 0x08, 0x08, 0x08, 0x08, 0x08, 0x08, 0x08, 0x08, 0x08, 0x08, 0x08, 0x08, 0x08, 0x08, 0x08, 
0x08, 0x08, 0x08, 0x08, 0x08, 0x08, 0x08, 0x08, 0x08, 0x08, 0x08, 0x08, 0x08, 0x08, 0x08, 0x08, 
0x08, 0x08, 0x08, 0x08, 0x08, 0x08, 0x08, 0x08, 0x08, 0x08, 0x08, 0x08, 0x08, 0x08, 0x08, 0x08, 
0x08, 0x08, 0x08, 0x08, 0x08, 0x08, 0x08, 0x08, 0x08, 0x08, 0x08, 0x08, 0x08, 0x08, 0x08, 0x08, 
0x08, 0x08, 0x08, 0x08, 0x08, 0x08, 0x08, 0x08, 0x08, 0x08, 0x08, 0x08, 0x08, 0x08, 0x08, 0x08, 
0x08, 0x08, 0x08, 0x08, 0x08, 0x08, 0x08, 0x08, 0x08, 0x08, 0x08, 0x08, 0x08, 0x08, 0x08, 0x08, 
0x08, 0x08, 0x08, 0x08, 0x08, 0x08, 0x08, 0x08, 0x08, 0x08, 0x08, 0x08, 0x08, 0x08, 0x08, 0x08, 
0x08, 0x08, 0x08, 0x08, 0x08, 0x08, 0x08, 0x08, 0x08, 0x08, 0x08, 0x08, 0x08, 0x08, 0x08, 0x08, 
0x08, 0x08, 0x08, 0x08, 0x08, 0x08, 0x08, 0x08, 0x08, 0x08, 0x08, 0x08, 0x08, 0x08, 0x08, 0x08, 
0x08, 0x08, 0x08, 0x08, 0x08, 0x08, 0x08, 0x08, 0x08, 0x08, 0x08, 0x08, 0x08, 0x08, 0x08, 0x08, 
0x08, 0x08, 0x08, 0x08, 0x08, 0x08, 0x08, 0x08, 0x08, 0x08, 0x08, 0x08, 0x08, 0x08, 0x08, 0x08, 
0x08, 0x08, 0x08, 0x08, 0x08, 0x08, 0x08, 0x08, 0x08, 0x08, 0x08, 0x08, 0x08, 0x08, 0x08, 0x08, 
0x08, 0x08, 0x08, 0x08, 0x08, 0x08, 0x08, 0x08, 0x08, 0x08, 0x08, 0x08, 0x08, 0x08, 0x08, 0x08, 
0x08, 0x08, 0x08, 0x08, 0x08, 0x08, 0x08, 0x08, 0x08, 0x08, 0x08, 0x08, 0x08, 0x08, 0x08, 0x08, 
0x08, 0x08, 0x08, 0x08, 0x08, 0x08, 0x08, 0x08, 0x08, 0x08, 0x08, 0x08, 0x08, 0x08, 0x08, 0x08, 
0x08, 0x08, 0x08, 0x08, 0x08, 0x08, 0x08, 0x08, 0x08, 0x08, 0x08, 0x08, 0x08, 0x08, 0x08, 0x08, 
0x08, 0x08, 0x08, 0x08, 0x08, 0x08, 0x08, 0x08, 0x08, 0x08, 0x08, 0x08, 0x08, 0x08, 0x08, 0x08, 
0x08, 0x08, 0x08, 0x08, 0x08, 0x08, 0x08, 0x08, 0x08, 0x08, 0x08, 0x08, 0x08, 0x08, 0x08, 0x08, 
0x08, 0x08, 0x08, 0x08, 0x08, 0x08, 0x08, 0x08, 0x08, 0x08, 0x08, 0x08, 0x08, 0x08, 0x08, 0x08, 
0x08, 0x08, 0x08, 0x08, 0x08, 0x08, 0x08, 0x08, 0x08, 0x08, 0x08, 0x08, 0x08, 0x08, 0x08, 0x08, 
0x08, 0x08, 0x08, 0x08, 0x08, 0x08, 0x08, 0x08, 0x08, 0x08, 0x08, 0x08, 0x08, 0x08, 0x08, 0x08, 
0x08, 0x08, 0x08, 0x08, 0x08, 0x08, 0x08, 0x08, 0x08, 0x08, 0x08, 0x08, 0x08, 0x08, 0x08, 0x08, 
0x08, 0x08, 0x08, 0x08, 0x08, 0x08, 0x08, 0x08, 0x08, 0x08, 0x08, 0x08, 0x08, 0x08, 0x08, 0x08, 
0x08, 0x08, 0x08, 0x08, 0x08, 0x08, 0x08, 0x08, 0x08, 0x08, 0x08, 0x08, 0x08, 0x08, 0x08, 0x08, 
0x08, 0x08, 0x08, 0x08, 0x08, 0x08, 0x08, 0x08, 0x08, 0x08, 0x08, 0x08, 0x08, 0x08, 0x08, 0x08, 
0x08, 0x08, 0x08, 0x08, 0x08, 0x08, 0x08, 0x08, 0x08, 0x08, 0x08, 0x08, 0x08, 0x08, 0x08, 0x08, 
0x08, 0x08, 0x08, 0x08, 0x08, 0x08, 0x08, 0x08, 0x08, 0x08, 0x08, 0x08, 0x08, 0x08, 0x08, 0x08, 
0x08, 0x08, 0x08, 0x08, 0x08, 0x08, 0x08, 0x08, 0x08, 0x08, 0x08, 0x08, 0x31, 0x31, 0x31, 0x31, 
0x31, 0x31, 0x31, 0x31, 0x31, 0x31, 0x31, 0x31, 0x31, 0x31, 0x31, 0x31, 0x31, 0x31, 0x31, 0x31, 
0x31, 0x31, 0x31, 0x31, 0x31, 0x31, 0x31, 0x31, 0x31, 0x31, 0x31, 0x31, 0x31, 0x31, 0x31, 0x31, 
0x31, 0x31, 0x31, 0x31, 0x31, 0x31, 0x31, 0x31, 0x31, 0x31, 0x31, 0x31, 0x31, 0x31, 0x31, 0x31, 
0x31, 0x31, 0x31, 0x31, 0x31, 0x31, 0x31, 0x31, 0x31, 0x31, 0x31, 0x31, 0x31, 0x31, 0x31, 0x31, 
0x31, 0x31, 0x31, 0x31, 0x31, 0x31, 0x31, 0x31, 0x31, 0x31, 0x31, 0x31, 0x31, 0x31, 0x31, 0x31, 
0x31, 0x31, 0x31, 0x31, 0x31, 0x31, 0x31, 0x31, 0x31, 0x31, 0x31, 0x31, 0x31, 0x31, 0x31, 0x31, 
0x31, 0x31, 0x31, 0x31, 0x31, 0x31, 0x31, 0x31, 0x31, 0x31, 0x31, 0x31, 0x31, 0x31, 0x31, 0x31, 
0x31, 0x31, 0x31, 0x31, 0x31, 0x31, 0x31, 0x31, 0x31, 0x31, 0x31, 0x31, 0x31, 0x31, 0x31, 0x31, 
0x31, 0x31, 0x31, 0x31, 0x31, 0x31, 0x31, 0x31, 0x31, 0x31, 0x31, 0x31, 0x31, 0x31, 0x31, 0x31, 
0x31, 0x31, 0x31, 0x31, 0x31, 0x31, 0x31, 0x31, 0x31, 0x31, 0x31, 0x31, 0x31, 0x31, 0x31, 0x31, 
0x31, 0x31, 0x31, 0x31, 0x31, 0x31, 0x31, 0x31, 0x31, 0x31, 0x31, 0x31, 0x31, 0x31, 0x31, 0x31, 
0x31, 0x31, 0x31, 0x31, 0x31, 0x31, 0x31, 0x31, 0x31, 0x31, 0x31, 0x31, 0x31, 0x31, 0x31, 0x31, 
0x31, 0x31, 0x31, 0x31, 0x31, 0x31, 0x31, 0x31, 0x31, 0x31, 0x31, 0x31, 0x31, 0x31, 0x31, 0x31, 
0x31, 0x31, 0x31, 0x31, 0x31, 0x31, 0x31, 0x31, 0x31, 0x31, 0x31, 0x31, 0x31, 0x31, 0x31, 0x31, 
0x31, 0x31, 0x31, 0x31, 0x31, 0x31, 0x31, 0x31, 0x31, 0x31, 0x31, 0x31, 0x31, 0x31, 0x31, 0x31, 
0x31, 0x31, 0x31, 0x31, 0x31, 0x31, 0x31, 0x31, 0x31, 0x31, 0x31, 0x31, 0x31, 0x31, 0x31, 0x31, 
0x31, 0x31, 0x31, 0x31, 0x31, 0x31, 0x31, 0x31, 0x31, 0x31, 0x31, 0x31, 0x31, 0x31, 0x31, 0x31, 
0x31, 0x31, 0x31, 0x31, 0x31, 0x31, 0x31, 0x31, 0x31, 0x31, 0x31, 0x31, 0x31, 0x31, 0x31, 0x31, 
0x31, 0x31, 0x31, 0x31, 0x31, 0x31, 0x31, 0x31, 0x31, 0x31, 0x31, 0x31, 0x31, 0x31, 0x31, 0x31, 
0x31, 0x31, 0x31, 0x31, 0x31, 0x31, 0x31, 0x31, 0x31, 0x31, 0x31, 0x31, 0x31, 0x31, 0x31, 0x31, 
0x31, 0x31, 0x31, 0x31, 0x31, 0x31, 0x31, 0x31, 0x31, 0x31, 0x31, 0x31, 0x31, 0x31, 0x31, 0x31, 
0x31, 0x31, 0x31, 0x31, 0x31, 0x31, 0x31, 0x31, 0x31, 0x31, 0x31, 0x31, 0x31, 0x31, 0x31, 0x31, 
0x31, 0x31, 0x31, 0x31, 0x31, 0x31, 0x31, 0x31, 0x31, 0x31, 0x31, 0x31, 0x31, 0x31, 0x31, 0x31, 
0x31, 0x31, 0x31, 0x31, 0x31, 0x31, 0x31, 0x31, 0x31, 0x31, 0x31, 0x31, 0x31, 0x31, 0x31, 0x31, 
0x31, 0x31, 0x31, 0x31, 0x31, 0x31, 0x31, 0x31, 0x31, 0x31, 0x31, 0x31, 0x31, 0x31, 0x31, 0x31, 
0x31, 0x31, 0x31, 0x31, 0x31, 0x31, 0x31, 0x31, 0x31, 0x31, 0x31, 0x31, 0x31, 0x31, 0x31, 0x31, 
0x31, 0x31, 0x31, 0x31, 0x31, 0x31, 0x31, 0x31, 0x31, 0x31, 0x31, 0x31, 0x31, 0x31, 0x31, 0x31, 
0x31, 0x31, 0x31, 0x31, 0x31, 0x31, 0x31, 0x31, 0x31, 0x31, 0x31, 0x31, 0x31, 0x31, 0x31, 0x31, 
0x31, 0x31, 0x31, 0x31, 0x31, 0x31, 0x31, 0x31, 0x31, 0x31, 0x31, 0x31, 0x31, 0x31, 0x31, 0x31, 
0x31, 0x31, 0x31, 0x31, 0x31, 0x31, 0x31, 0x31, 0x31, 0x31, 0x31, 0x31, 0x31, 0x31, 0x31, 0x31, 
0x31, 0x31, 0x31, 0x31, 0x31, 0x31, 0x31, 0x31, 0x31, 0x31, 0x31, 0x31, 0x31, 0x31, 0x31, 0x31, 
0x31, 0x31, 0x31, 0x31, 0x31, 0x31, 0x31, 0x31, 0x31, 0x31, 0x31, 0x31, 0x31, 0x31, 0x31, 0x31, 
0x31, 0x31, 0x31, 0x31, 0x31, 0x31, 0x31, 0x31, 0x31, 0x31, 0x31, 0x31, 0x31, 0x31, 0x31, 0x31, 
0x31, 0x31, 0x31, 0x31, 0x31, 0x31, 0x31, 0x31, 0x31, 0x31, 0x31, 0x31, 0x31, 0x31, 0x31, 0x31, 
0x31, 0x31, 0x31, 0x31, 0x31, 0x31, 0x31, 0x31, 0x31, 0x31, 0x31, 0x31, 0x31, 0x31, 0x31, 0x31, 
0x31, 0x31, 0x31, 0x31, 0x31, 0x31, 0x31, 0x31, 0x31, 0x31, 0x31, 0x31, 0x31, 0x31, 0x31, 0x31, 
0x31, 0x31, 0x31, 0x31, 0x31, 0x31, 0x31, 0x31, 0x31, 0x31, 0x31, 0x31, 0x31, 0x31, 0x31, 0x31, 
0x31, 0x31, 0x31, 0x31, 0x31, 0x31, 0x31, 0x31, 0x31, 0x31, 0x31, 0x31, 0x31, 0x31, 0x31, 0x31, 
0x31, 0x31, 0x31, 0x31, 0x31, 0x31, 0x31, 0x31, 0x31, 0x31, 0x31, 0x31, 0x31, 0x31, 0x31, 0x31, 
0x31, 0x31, 0x31, 0x31, 0x31, 0x31, 0x31, 0x31, 0x31, 0x31, 0x31, 0x31, 0x31, 0x31, 0x31, 0x31, 
0x31, 0x31, 0x31, 0x31, 0x31, 0x31, 0x31, 0x31, 0x31, 0x31, 0x31, 0x31, 0x31, 0x31, 0x31, 0x31, 
0x31, 0x31, 0x31, 0x31, 0x31, 0x31, 0x31, 0x31, 0x31, 0x31, 0x31, 0x31, 0x31, 0x31, 0x31, 0x31, 
0x31, 0x31, 0x31, 0x31, 0x31, 0x31, 0x31, 0x31, 0x31, 0x31, 0x31, 0x31, 0x31, 0x31, 0x31, 0x31, 
0x31, 0x31, 0x31, 0x31, 0x31, 0x31, 0x31, 0x31, 0x31, 0x31, 0x31, 0x31, 0x31, 0x31, 0x31, 0x31, 
0x31, 0x31, 0x31, 0x31, 0x31, 0x31, 0x31, 0x31, 0x31, 0x31, 0x31, 0x31, 0x31, 0x31, 0x31, 0x31, 
0x31, 0x31, 0x31, 0x31, 0x31, 0x31, 0x31, 0x31, 0x31, 0x31, 0x31, 0x31, 0x31, 0x31, 0x31, 0x31, 
0x31, 0x31, 0x31, 0x31, 0x31, 0x31, 0x31, 0x31, 0x31, 0x31, 0x31, 0x31, 0x31, 0x31, 0x31, 0x31, 
0x31, 0x31, 0x31, 0x31, 0x31, 0x31, 0x31, 0x31, 0x31, 0x31, 0x31, 0x31, 0x31, 0x31, 0x31, 0x31, 
0x31, 0x31, 0x31, 0x31, 0x31, 0x31, 0x31, 0x31, 0x31, 0x31, 0x31, 0x31, 0x31, 0x31, 0x31, 0x31, 
0x31, 0x31, 0x31, 0x31, 0x31, 0x31, 0x31, 0x31, 0x31, 0x31, 0x31, 0x31, 0x31, 0x31, 0x31, 0x31, 
0x31, 0x31, 0x31, 0x31, 0x31, 0x31, 0x31, 0x31, 0x31, 0x31, 0x31, 0x31, 0x31, 0x31, 0x31, 0x31, 
0x31, 0x31, 0x31, 0x31, 0x31, 0x31, 0x31, 0x31, 0x31, 0x31, 0x31, 0x31, 0x31, 0x31, 0x31, 0x31, 
0x31, 0x31, 0x31, 0x31, 0x31, 0x31, 0x31, 0x31, 0x31, 0x31, 0x31, 0x31, 0x31, 0x31, 0x31, 0x31, 
0x31, 0x31, 0x31, 0x31, 0x31, 0x31, 0x31, 0x31, 0x31, 0x31, 0x31, 0x31, 0x31, 0x31, 0x31, 0x31, 
0x31, 0x31, 0x31, 0x31, 0x31, 0x31, 0x31, 0x31, 0x31, 0x31, 0x31, 0x31, 0x31, 0x31, 0x31, 0x31, 
0x31, 0x31, 0x31, 0x31, 0x31, 0x31, 0x31, 0x31, 0x31, 0x31, 0x31, 0x31, 0x31, 0x31, 0x31, 0x31, 
0x31, 0x31, 0x31, 0x31, 0x31, 0x31, 0x31, 0x31, 0x31, 0x31, 0x31, 0x31, 0x31, 0x31, 0x31, 0x31, 
0x31, 0x31, 0x31, 0x31, 0x31, 0x31, 0x31, 0x31, 0x31, 0x31, 0x31, 0x31, 0x31, 0x31, 0x31, 0x31, 
0x31, 0x31, 0x31, 0x31, 0x31, 0x31, 0x31, 0x31, 0x31, 0x31, 0x31, 0x31, 0x31, 0x31, 0x31, 0x31, 
0x31, 0x31, 0x31, 0x31, 0x31, 0x31, 0x31, 0x31, 0x31, 0x31, 0x31, 0x31, 0x31, 0x31, 0x31, 0x31, 
0x31, 0x31, 0x31, 0x31, 0x31, 0x31, 0x31, 0x31, 0x31, 0x31, 0x31, 0x31, 0x31, 0x31, 0x31, 0x31, 
0x31, 0x31, 0x31, 0x31, 0x31, 0x31, 0x31, 0x31, 0x31, 0x31, 0x31, 0x31, 0x31, 0x31, 0x31, 0x31, 
0x31, 0x31, 0x31, 0x31, 0x31, 0x31, 0x31, 0x31, 0x31, 0x31, 0x31, 0x31, 0x31, 0x31, 0x31, 0x31, 
0x31, 0x31, 0x31, 0x31, 0x31, 0x31, 0x31, 0x31, 0x31, 0x31, 0x31, 0x31, 0x31, 0x31, 0x31, 0x31, 
0x31, 0x31, 0x31, 0x31, 0x31, 0x31, 0x31, 0x31, 0x31, 0x31, 0x31, 0x31, 0x31, 0x31, 0x31, 0x31, 
0x31, 0x31, 0x31, 0x31, 0x31, 0x31, 0x31, 0x31, 0x31, 0x31, 0x31, 0x31, 0x31, 0x31, 0x31, 0x31, 
0x31, 0x31, 0x31, 0x31, 0x31, 0x31, 0x31, 0x31, 0x31, 0x31, 0x31, 0x31, 0x31, 0x31, 0x31, 0x31, 
0x31, 0x31, 0x31, 0x31, 0x31, 0x31, 0x31, 0x31, 0x31, 0x31, 0x31, 0x31, 0x31, 0x31, 0x31, 0x31, 
0x31, 0x31, 0x31, 0x31, 0x31, 0x31, 0x31, 0x31, 0x31, 0x31, 0x31, 0x31, 0x31, 0x31, 0x31, 0x31, 
0x31, 0x31, 0x31, 0x31, 0x31, 0x31, 0x31, 0x31, 0x31, 0x31, 0x31, 0x31, 0x31, 0x31, 0x31, 0x31, 
0x31, 0x31, 0x31, 0x31, 0x31, 0x31, 0x31, 0x31, 0x31, 0x31, 0x31, 0x31, 0x31, 0x31, 0x31, 0x31, 
0x31, 0x31, 0x31, 0x31, 0x31, 0x31, 0x31, 0x31, 0x31, 0x31, 0x31, 0x31, 0x31, 0x31, 0x31, 0x31, 
0x31, 0x31, 0x31, 0x31, 0x31, 0x31, 0x31, 0x31, 0x31, 0x31, 0x31, 0x31, 0x31, 0x31, 0x31, 0x31, 
0x31, 0x31, 0x31, 0x31, 0x31, 0x31, 0x31, 0x31, 0x31, 0x31, 0x31, 0x31, 0x31, 0x31, 0x31, 0x31, 
0x31, 0x31, 0x31, 0x31, 0x31, 0x31, 0x31, 0x31, 0x31, 0x31, 0x31, 0x31, 0x31, 0x31, 0x31, 0x31, 
0x31, 0x31, 0x31, 0x31, 0x31, 0x31, 0x31, 0x31, 0x31, 0x31, 0x31, 0x31, 0x31, 0x31, 0x31, 0x31, 
0x31, 0x31, 0x31, 0x31, 0x31, 0x31, 0x31, 0x31, 0x31, 0x31, 0x31, 0x31, 0x31, 0x31, 0x31, 0x31, 
0x31, 0x31, 0x31, 0x31, 0x31, 0x31, 0x31, 0x31, 0x31, 0x31, 0x31, 0x31, 0x31, 0x31, 0x31, 0x31, 
0x31, 0x31, 0x31, 0x31, 0x31, 0x31, 0x31, 0x31, 0x31, 0x31, 0x31, 0x31, 0x31, 0x31, 0x31, 0x31, 
0x31, 0x31, 0x31, 0x31, 0x31, 0x31, 0x31, 0x31, 0x31, 0x31, 0x31, 0x31, 0x31, 0x31, 0x31, 0x31, 
0x31, 0x31, 0x31, 0x31, 0x31, 0x31, 0x31, 0x31, 0x31, 0x31, 0x31, 0x31, 0x31, 0x31, 0x31, 0x31, 
0x31, 0x31, 0x31, 0x31, 0x31, 0x31, 0x31, 0x31, 0x31, 0x31, 0x31, 0x31, 0x31, 0x31, 0x31, 0x31, 
0x31, 0x31, 0x31, 0x31, 0x31, 0x31, 0x31, 0x31, 0x31, 0x31, 0x31, 0x31, 0x31, 0x31, 0x31, 0x31, 
0x31, 0x31, 0x31, 0x31, 0x31, 0x31, 0x31, 0x31, 0x31, 0x31, 0x31, 0x31, 0x31, 0x31, 0x31, 0x31, 
0x31, 0x31, 0x31, 0x31, 0x31, 0x31, 0x31, 0x31, 0x31, 0x31, 0x31, 0x31, 0x31, 0x31, 0x31, 0x31, 
0x31, 0x31, 0x31, 0x31, 0x31, 0x31, 0x31, 0x31, 0x31, 0x31, 0x31, 0x31, 0x31, 0x31, 0x31, 0x31, 
0x31, 0x31, 0x31, 0x31, 0x31, 0x31, 0x31, 0x31, 0x31, 0x31, 0x31, 0x31, 0x31, 0x31, 0x31, 0x31, 
0x31, 0x31, 0x31, 0x31, 0x31, 0x31, 0x31, 0x31, 0x31, 0x31, 0x31, 0x31, 0x31, 0x31, 0x31, 0x31, 
0x31, 0x31, 0x31, 0x31, 0x31, 0x31, 0x31, 0x31, 0x31, 0x31, 0x31, 0x31, 0x31, 0x31, 0x31, 0x31, 
0x31, 0x31, 0x31, 0x31, 0x31, 0x31, 0x31, 0x31, 0x31, 0x31, 0x31, 0x31, 0x31, 0x31, 0x31, 0x31, 
0x31, 0x31, 0x31, 0x31, 0x31, 0x31, 0x31, 0x31, 0x31, 0x31, 0x31, 0x31, 0x31, 0x31, 0x31, 0x31, 
0x31, 0x31, 0x31, 0x31, 0x31, 0x31, 0x31, 0x31, 0x31, 0x31, 0x31, 0x31, 0x31, 0x31, 0x31, 0x31, 
0x31, 0x31, 0x31, 0x31, 0x31, 0x31, 0x31, 0x31, 0x31, 0x31, 0x31, 0x31, 0x31, 0x31, 0x31, 0x31, 
0x31, 0x31, 0x31, 0x31, 0x31, 0x31, 0x31, 0x31, 0x31, 0x31, 0x31, 0x31, 0x31, 0x31, 0x31, 0x31, 
0x31, 0x31, 0x31, 0x31, 0x31, 0x31, 0x31, 0x31, 0x31, 0x31, 0x31, 0x31, 0x31, 0x31, 0x31, 0x31, 
0x31, 0x31, 0x31, 0x31, 0x31, 0x31, 0x31, 0x31, 0x31, 0x31, 0x31, 0x31, 0x31, 0x31, 0x31, 0x31, 
0x31, 0x31, 0x31, 0x31, 0x31, 0x31, 0x31, 0x31, 0x31, 0x31, 0x31, 0x31, 0x31, 0x31, 0x31, 0x31, 
0x31, 0x31, 0x31, 0x31, 0x31, 0x31, 0x31, 0x31, 0x31, 0x31, 0x31, 0x31, 0x31, 0x31, 0x31, 0x31, 
0x31, 0x31, 0x31, 0x31, 0x31, 0x31, 0x31, 0x31, 0x31, 0x31, 0x31, 0x31, 0x31, 0x31, 0x31, 0x31, 
0x31, 0x31, 0x31, 0x31, 0x31, 0x31, 0x31, 0x31, 0x31, 0x31, 0x31, 0x31, 0x31, 0x31, 0x31, 0x31, 
0x31, 0x31, 0x31, 0x31, 0x31, 0x31, 0x31, 0x31, 0x31, 0x31, 0x31, 0x31, 0x31, 0x31, 0x31, 0x31, 
0x31, 0x31, 0x31, 0x31, 0x31, 0x31, 0x31, 0x31, 0x31, 0x31, 0x31, 0x31, 0x31, 0x31, 0x31, 0x31, 
0x31, 0x31, 0x31, 0x31, 0x31, 0x31, 0x31, 0x31, 0x31, 0x31, 0x31, 0x31, 0x31, 0x31, 0x31, 0x31, 
0x31, 0x31, 0x31, 0x31, 0x31, 0x31, 0x31, 0x31, 0x31, 0x31, 0x31, 0x31, 0x31, 0x31, 0x31, 0x31, 
0x31, 0x31, 0x31, 0x31, 0x31, 0x31, 0x31, 0x31, 0x31, 0x31, 0x31, 0x31, 0x31, 0x31, 0x31, 0x31, 
0x31, 0x31, 0x31, 0x31, 0x31, 0x31, 0x31, 0x31, 0x31, 0x31, 0x31, 0x31, 0x31, 0x31, 0x31, 0x31, 
0x31, 0x31, 0x31, 0x31, 0x31, 0x31, 0x31, 0x31, 0x31, 0x31, 0x31, 0x31, 0x31, 0x31, 0x31, 0x31, 
0x31, 0x31, 0x31, 0x31, 0x31, 0x31, 0x31, 0x31, 0x31, 0x31, 0x31, 0x31, 0x31, 0x31, 0x31, 0x31, 
0x31, 0x31, 0x31, 0x31, 0x31, 0x31, 0x31, 0x31, 0x31, 0x31, 0x31, 0x31, 0x31, 0x31, 0x31, 0x31, 
0x31, 0x31, 0x31, 0x31, 0x31, 0x31, 0x31, 0x31, 0x31, 0x31, 0x31, 0x31, 0x31, 0x31, 0x31, 0x31, 
0x31, 0x31, 0x31, 0x31, 0x31, 0x31, 0x31, 0x31, 0x31, 0x31, 0x31, 0x31, 0x31, 0x31, 0x31, 0x31, 
0x31, 0x31, 0x31, 0x31, 0x31, 0x31, 0x31, 0x31, 0x31, 0x31, 0x31, 0x31, 0x31, 0x31, 0x31, 0x31, 
0x31, 0x31, 0x31, 0x31, 0x31, 0x31, 0x31, 0x31, 0x31, 0x31, 0x31, 0x31, 0x31, 0x31, 0x31, 0x31, 
0x31, 0x31, 0x31, 0x31, 0x31, 0x31, 0x31, 0x31, 0x31, 0x31, 0x31, 0x31, 0x31, 0x31, 0x31, 0x31, 
0x31, 0x31, 0x31, 0x31, 0x31, 0x31, 0x31, 0x31, 0x31, 0x31, 0x31, 0x31, 0x31, 0x31, 0x31, 0x31, 
0x31, 0x31, 0x31, 0x31, 0x31, 0x31, 0x31, 0x31, 0x31, 0x31, 0x31, 0x31, 0x31, 0x31, 0x31, 0x31, 
0x31, 0x31, 0x31, 0x31, 0x31, 0x31, 0x31, 0x31, 0x31, 0x31, 0x31, 0x31, 0x31, 0x31, 0x31, 0x31, 
0x31, 0x31, 0x31, 0x31, 0x31, 0x31, 0x31, 0x31, 0x31, 0x31, 0x31, 0x31, 0x31, 0x31, 0x31, 0x31, 
0x31, 0x31, 0x31, 0x31, 0x31, 0x31, 0x31, 0x31, 0x31, 0x31, 0x31, 0x31, 0x31, 0x31, 0x31, 0x31, 
0x31, 0x31, 0x31, 0x31, 0x31, 0x31, 0x31, 0x31, 0x31, 0x31, 0x31, 0x31, 0x31, 0x31, 0x31, 0x31, 
0x31, 0x31, 0x31, 0x31, 0x31, 0x31, 0x31, 0x31, 0x31, 0x31, 0x31, 0x31, 0x31, 0x31, 0x31, 0x31, 
0x31, 0x31, 0x31, 0x31, 0x31, 0x31, 0x31, 0x31, 0x31, 0x31, 0x31, 0x31, 0x31, 0x31, 0x31, 0x31, 
0x31, 0x31, 0x31, 0x31, 0x31, 0x31, 0x31, 0x31, 0x31, 0x31, 0x31, 0x31, 0x31, 0x31, 0x31, 0x31, 
0x31, 0x31, 0x31, 0x31, 0x31, 0x31, 0x31, 0x31, 0x31, 0x31, 0x31, 0x31, 0x31, 0x31, 0x31, 0x31, 
0x31, 0x31, 0x31, 0x31, 0x31, 0x31, 0x31, 0x31, 0x31, 0x31, 0x31, 0x31, 0x31, 0x31, 0x31, 0x31, 
0x31, 0x31, 0x31, 0x31, 0x31, 0x31, 0x31, 0x31, 0x31, 0x31, 0x31, 0x31, 0x31, 0x31, 0x31, 0x31, 
0x31, 0x31, 0x31, 0x31, 0x31, 0x31, 0x31, 0x31, 0x31, 0x31, 0x31, 0x31, 0x31, 0x31, 0x31, 0x31, 
0x31, 0x31, 0x31, 0x31, 0x31, 0x31, 0x31, 0x31, 0x31, 0x31, 0x31, 0x31, 0x31, 0x31, 0x31, 0x31, 
0x31, 0x31, 0x31, 0x31, 0x31, 0x31, 0x31, 0x31, 0x31, 0x31, 0x31, 0x31, 0x31, 0x31, 0x31, 0x31, 
0x31, 0x31, 0x31, 0x31, 0x31, 0x31, 0x31, 0x31, 0x31, 0x31, 0x31, 0x31, 0x31, 0x31, 0x31, 0x31, 
0x31, 0x31, 0x31, 0x31, 0x31, 0x31, 0x31, 0x31, 0x31, 0x31, 0x31, 0x31, 0x31, 0x31, 0x31, 0x31, 
0x31, 0x31, 0x31, 0x31, 0x31, 0x31, 0x31, 0x31, 0x31, 0x31, 0x31, 0x31, 0x31, 0x31, 0x31, 0x31, 
0x31, 0x31, 0x31, 0x31, 0x31, 0x31, 0x31, 0x31, 0x31, 0x31, 0x31, 0x31, 0x31, 0x31, 0x31, 0x31, 
0x31, 0x31, 0x31, 0x31, 0x31, 0x31, 0x31, 0x31, 0x31, 0x31, 0x31, 0x31, 0x31, 0x31, 0x31, 0x31, 
0x31, 0x31, 0x31, 0x31, 0x31, 0x31, 0x31, 0x31, 0x31, 0x31, 0x31, 0x31, 0x31, 0x31, 0x31, 0x31, 
0x31, 0x31, 0x31, 0x31, 0x31, 0x31, 0x31, 0x31, 0x31, 0x31, 0x31, 0x31, 0x31, 0x31, 0x31, 0x31, 
0x31, 0x31, 0x31, 0x31, 0x31, 0x31, 0x31, 0x31, 0x31, 0x31, 0x31, 0x31, 0x31, 0x31, 0x31, 0x31, 
0x31, 0x31, 0x31, 0x31, 0x31, 0x31, 0x31, 0x31, 0x31, 0x31, 0x31, 0x31, 0x31, 0x31, 0x31, 0x31, 
0x31, 0x31, 0x31, 0x31, 0x31, 0x31, 0x31, 0x31, 0x31, 0x31, 0x31, 0x31, 0x31, 0x31, 0x31, 0x31, 
0x31, 0x31, 0x31, 0x31, 0x31, 0x31, 0x31, 0x31, 0x31, 0x31, 0x31, 0x31, 0x31, 0x31, 0x31, 0x31, 
0x31, 0x31, 0x31, 0x31, 0x31, 0x31, 0x31, 0x31, 0x31, 0x31, 0x31, 0x31, 0x31, 0x31, 0x31, 0x31, 
0x31, 0x31, 0x31, 0x31, 0x31, 0x31, 0x31, 0x31, 0x31, 0x31, 0x31, 0x31, 0x31, 0x31, 0x31, 0x31, 
0x31, 0x31, 0x31, 0x31, 0x31, 0x31, 0x31, 0x31, 0x31, 0x31, 0x31, 0x31, 0x31, 0x31, 0x31, 0x31, 
0x31, 0x31, 0x31, 0x31, 0x31, 0x31, 0x31, 0x31, 0x31, 0x31, 0x31, 0x31, 0x31, 0x31, 0x31, 0x31, 
0x31, 0x31, 0x31, 0x31, 0x31, 0x31, 0x31, 0x31, 0x31, 0x31, 0x31, 0x31, 0x31, 0x31, 0x31, 0x31, 
0x31, 0x31, 0x31, 0x31, 0x31, 0x31, 0x31, 0x31, 0x31, 0x31, 0x31, 0x31, 0x31, 0x31, 0x31, 0x31, 
0x31, 0x31, 0x31, 0x31, 0x31, 0x31, 0x31, 0x31, 0x31, 0x31, 0x31, 0x31, 0x31, 0x31, 0x31, 0x31, 
0x31, 0x31, 0x31, 0x31, 0x31, 0x31, 0x31, 0x31, 0x31, 0x31, 0x31, 0x31, 0x31, 0x31, 0x31, 0x31, 
0x31, 0x31, 0x31, 0x31, 0x31, 0x31, 0x31, 0x31, 0x31, 0x31, 0x31, 0x31, 0x31, 0x31, 0x31, 0x31, 
0x31, 0x31, 0x31, 0x31, 0x31, 0x31, 0x31, 0x31, 0x31, 0x31, 0x31, 0x31, 0x31, 0x31, 0x31, 0x31, 
0x31, 0x31, 0x31, 0x31, 0x31, 0x31, 0x31, 0x31, 0x31, 0x31, 0x31, 0x31, 0x31, 0x31, 0x31, 0x31, 
0x31, 0x31, 0x31, 0x31, 0x31, 0x31, 0x31, 0x31, 0x31, 0x31, 0x31, 0x31, 0x31, 0x31, 0x31, 0x31, 
0x31, 0x31, 0x31, 0x31, 0x31, 0x31, 0x31, 0x31, 0x31, 0x31, 0x31, 0x31, 0x31, 0x31, 0x31, 0x31, 
0x31, 0x31, 0x31, 0x31, 0x31, 0x31, 0x31, 0x31, 0x31, 0x31, 0x31, 0x31, 0x31, 0x31, 0x31, 0x31, 
0x31, 0x31, 0x31, 0x31, 0x31, 0x31, 0x31, 0x31, 0x31, 0x31, 0x31, 0x31, 0x31, 0x31, 0x31, 0x31, 
0x31, 0x31, 0x31, 0x31, 0x31, 0x31, 0x31, 0x31, 0x31, 0x31, 0x31, 0x31, 0x31, 0x31, 0x31, 0x31, 
0x31, 0x31, 0x31, 0x31, 0x31, 0x31, 0x31, 0x31, 0x31, 0x31, 0x31, 0x31, 0x31, 0x31, 0x31, 0x31, 
0x31, 0x31, 0x31, 0x31, 0x31, 0x31, 0x31, 0x31, 0x31, 0x31, 0x31, 0x31, 0x31, 0x31, 0x31, 0x31, 
0x31, 0x31, 0x31, 0x31, 0x31, 0x31, 0x31, 0x31, 0x31, 0x31, 0x31, 0x31, 0x31, 0x31, 0x31, 0x31, 
0x31, 0x31, 0x31, 0x31, 0x31, 0x31, 0x31, 0x31, 0x31, 0x31, 0x31, 0x31, 0x31, 0x31, 0x31, 0x31, 
0x31, 0x31, 0x31, 0x31, 0x31, 0x31, 0x31, 0x31, 0x31, 0x31, 0x31, 0x31, 0x31, 0x31, 0x31, 0x31, 
0x31, 0x31, 0x31, 0x31, 0x31, 0x31, 0x31, 0x31, 0x31, 0x31, 0x31, 0x31, 0x31, 0x31, 0x31, 0x31, 
0x31, 0x31, 0x31, 0x31, 0x31, 0x31, 0x31, 0x31, 0x31, 0x31, 0x31, 0x31, 0x31, 0x31, 0x31, 0x31, 
0x31, 0x31, 0x31, 0x31, 0x31, 0x31, 0x31, 0x31, 0x31, 0x31, 0x31, 0x31, 0x31, 0x31, 0x31, 0x31, 
0x31, 0x31, 0x31, 0x31, 0x31, 0x31, 0x31, 0x31, 0x31, 0x31, 0x31, 0x31, 0x31, 0x31, 0x31, 0x31, 
0x31, 0x31, 0x31, 0x31, 0x31, 0x31, 0x31, 0x31, 0x31, 0x31, 0x31, 0x31, 0x31, 0x31, 0x31, 0x31, 
0x31, 0x31, 0x31, 0x31, 0x31, 0x31, 0x31, 0x31, 0x31, 0x31, 0x31, 0x31, 0x31, 0x31, 0x31, 0x31, 
0x31, 0x31, 0x31, 0x31, 0x31, 0x31, 0x31, 0x31, 0x31, 0x31, 0x31, 0x31, 0x31, 0x31, 0x31, 0x31, 
0x31, 0x31, 0x31, 0x31, 0x31, 0x31, 0x31, 0x31, 0x31, 0x31, 0x31, 0x31, 0x31, 0x31, 0x31, 0x31, 
0x31, 0x31, 0x31, 0x31, 0x31, 0x31, 0x31, 0x31, 0x31, 0x31, 0x31, 0x31, 0x31, 0x31, 0x31, 0x31, 
0x31, 0x31, 0x31, 0x31, 0x31, 0x31, 0x31, 0x31, 0x31, 0x31, 0x31, 0x31, 0x31, 0x31, 0x31, 0x31, 
0x31, 0x31, 0x31, 0x31, 0x31, 0x31, 0x31, 0x31, 0x31, 0x31, 0x31, 0x31, 0x31, 0x31, 0x31, 0x31, 
0x31, 0x31, 0x31, 0x31, 0x31, 0x31, 0x31, 0x31, 0x31, 0x31, 0x31, 0x31, 0x31, 0x31, 0x31, 0x31, 
0x31, 0x31, 0x31, 0x31, 0x31, 0x31, 0x31, 0x31, 0x31, 0x31, 0x31, 0x31, 0x31, 0x31, 0x31, 0x31, 
0x31, 0x31, 0x31, 0x31, 0x31, 0x31, 0x31, 0x31, 0x31, 0x31, 0x31, 0x31, 0x31, 0x31, 0x31, 0x31, 
0x31, 0x31, 0x31, 0x31, 0x31, 0x31, 0x31, 0x31, 0x31, 0x31, 0x31, 0x31, 0x31, 0x31, 0x31, 0x31, 
0x31, 0x31, 0x31, 0x31, 0x31, 0x31, 0x31, 0x31, 0x31, 0x31, 0x31, 0x31, 0x31, 0x31, 0x31, 0x31, 
0x31, 0x31, 0x31, 0x31, 0x31, 0x31, 0x31, 0x31, 0x31, 0x31, 0x31, 0x31, 0x31, 0x31, 0x31, 0x31, 
0x31, 0x31, 0x31, 0x31, 0x31, 0x31, 0x31, 0x31, 0x31, 0x31, 0x31, 0x31, 0x31, 0x31, 0x31, 0x31, 
0x31, 0x31, 0x31, 0x31, 0x31, 0x31, 0x31, 0x31, 0x31, 0x31, 0x31, 0x31, 0x31, 0x31, 0x31, 0x31, 
0x31, 0x31, 0x31, 0x31, 0x31, 0x31, 0x31, 0x31, 0x31, 0x31, 0x31, 0x31, 0x31, 0x31, 0x31, 0x31, 
0x31, 0x31, 0x31, 0x31, 0x31, 0x31, 0x31, 0x31, 0x31, 0x31, 0x31, 0x31, 0x31, 0x31, 0x31, 0x31, 
0x31, 0x31, 0x31, 0x31, 0x31, 0x31, 0x31, 0x31, 0x31, 0x31, 0x31, 0x31, 0x31, 0x31, 0x31, 0x31, 
0x31, 0x31, 0x31, 0x31, 0x31, 0x31, 0x31, 0x31, 0x31, 0x31, 0x31, 0x31, 0x31, 0x31, 0x31, 0x31, 
0x31, 0x31, 0x31, 0x31, 0x31, 0x31, 0x31, 0x31, 0x31, 0x31, 0x31, 0x31, 0x31, 0x31, 0x31, 0x31, 
0x31, 0x31, 0x31, 0x31, 0x31, 0x31, 0x31, 0x31, 0x31, 0x31, 0x31, 0x31, 0x31, 0x31, 0x31, 0x31, 
0x31, 0x31, 0x31, 0x31, 0x31, 0x31, 0x31, 0x31, 0x31, 0x31, 0x31, 0x31, 0x31, 0x31, 0x31, 0x31, 
0x31, 0x31, 0x31, 0x31, 0x31, 0x31, 0x31, 0x31, 0x31, 0x31, 0x31, 0x31, 0x31, 0x31, 0x31, 0x31, 
0x31, 0x31, 0x31, 0x31, 0x31, 0x31, 0x31, 0x31, 0x31, 0x31, 0x31, 0x31, 0x31, 0x31, 0x31, 0x31, 
0x31, 0x31, 0x31, 0x31, 0x31, 0x31, 0x31, 0x31, 0x31, 0x31, 0x31, 0x31, 0x31, 0x31, 0x31, 0x31, 
0x31, 0x31, 0x31, 0x31, 0x31, 0x31, 0x31, 0x31, 0x31, 0x31, 0x31, 0x31, 0x31, 0x31, 0x31, 0x31, 
0x31, 0x31, 0x31, 0x31, 0x31, 0x31, 0x31, 0x31, 0x31, 0x31, 0x31, 0x31, 0x31, 0x31, 0x31, 0x31, 
0x31, 0x31, 0x31, 0x31, 0x31, 0x31, 0x31, 0x31, 0x31, 0x31, 0x31, 0x31, 0x31, 0x31, 0x31, 0x31, 
0x31, 0x31, 0x31, 0x31, 0x31, 0x31, 0x31, 0x31, 0x31, 0x31, 0x31, 0x31, 0x31, 0x31, 0x31, 0x31, 
0x31, 0x31, 0x31, 0x31, 0x31, 0x31, 0x31, 0x31, 0x31, 0x31, 0x31, 0x31, 0x31, 0x31, 0x31, 0x31, 
0x31, 0x31, 0x31, 0x31, 0x31, 0x31, 0x31, 0x31, 0x31, 0x31, 0x31, 0x31, 0x31, 0x31, 0x31, 0x31, 
0x31, 0x31, 0x31, 0x31, 0x31, 0x31, 0x31, 0x31, 0x31, 0x31, 0x31, 0x31, 0x31, 0x31, 0x31, 0x31, 
0x31, 0x31, 0x31, 0x31, 0x31, 0x31, 0x31, 0x31, 0x31, 0x31, 0x31, 0x31, 0x31, 0x31, 0x31, 0x31, 
0x31, 0x31, 0x31, 0x31, 0x31, 0x31, 0x31, 0x31, 0x31, 0x31, 0x31, 0x31, 0x31, 0x31, 0x31, 0x31, 
0x31, 0x31, 0x31, 0x31, 0x31, 0x31, 0x31, 0x31, 0x31, 0x31, 0x31, 0x31, 0x31, 0x31, 0x31, 0x31, 
0x31, 0x31, 0x31, 0x31, 0x31, 0x31, 0x31, 0x31, 0x31, 0x31, 0x31, 0x31, 0x31, 0x31, 0x31, 0x31, 
0x31, 0x31, 0x31, 0x31, 0x31, 0x31, 0x31, 0x31, 0x31, 0x31, 0x31, 0x31, 0x31, 0x31, 0x31, 0x31, 
0x31, 0x31, 0x31, 0x31, 0x31, 0x31, 0x31, 0x31, 0x31, 0x31, 0x31, 0x31, 0x31, 0x31, 0x31, 0x31, 
0x31, 0x31, 0x31, 0x31, 0x31, 0x31, 0x31, 0x31, 0x31, 0x31, 0x31, 0x31, 0x31, 0x31, 0x31, 0x31, 
0x31, 0x31, 0x31, 0x31, 0x31, 0x31, 0x31, 0x31, 0x31, 0x31, 0x31, 0x31, 0x31, 0x31, 0x31, 0x31, 
0x31, 0x31, 0x31, 0x31, 0x31, 0x31, 0x31, 0x31, 0x31, 0x31, 0x31, 0x31, 0x31, 0x31, 0x31, 0x31, 
0x31, 0x31, 0x31, 0x31, 0x31, 0x31, 0x31, 0x31, 0x31, 0x31, 0x31, 0x31, 0x31, 0x31, 0x31, 0x31, 
0x31, 0x31, 0x31, 0x31, 0x31, 0x31, 0x31, 0x31, 0x31, 0x31, 0x31, 0x31, 0x31, 0x31, 0x31, 0x31, 
0x31, 0x31, 0x31, 0x31, 0x31, 0x31, 0x31, 0x31, 0x31, 0x31, 0x31, 0x31, 0x31, 0x31, 0x31, 0x31, 
0x31, 0x31, 0x31, 0x31, 0x31, 0x31, 0x31, 0x31, 0x31, 0x31, 0x31, 0x31, 0x31, 0x31, 0x31, 0x31, 
0x31, 0x31, 0x31, 0x31, 0x31, 0x31, 0x31, 0x31, 0x31, 0x31, 0x31, 0x31, 0x31, 0x31, 0x31, 0x31, 
0x31, 0x31, 0x31, 0x31, 0x31, 0x31, 0x31, 0x31, 0x31, 0x31, 0x31, 0x31, 0x31, 0x31, 0x31, 0x31, 
0x31, 0x31, 0x31, 0x31, 0x31, 0x31, 0x31, 0x31, 0x31, 0x31, 0x31, 0x31, 0x31, 0x31, 0x31, 0x31, 
0x31, 0x31, 0x31, 0x31, 0x31, 0x31, 0x31, 0x31, 0x31, 0x31, 0x31, 0x31, 0x31, 0x31, 0x31, 0x31, 
0x31, 0x31, 0x31, 0x31, 0x31, 0x31, 0x31, 0x31, 0x31, 0x31, 0x31, 0x31, 0x31, 0x31, 0x31, 0x31, 
0x31, 0x31, 0x31, 0x31, 0x31, 0x31, 0x31, 0x31, 0x31, 0x31, 0x31, 0x31, 0x31, 0x31, 0x31, 0x31, 
0x31, 0x31, 0x31, 0x31, 0x31, 0x31, 0x31, 0x31, 0x31, 0x31, 0x31, 0x31, 0x31, 0x31, 0x31, 0x31, 
0x31, 0x31, 0x31, 0x31, 0x31, 0x31, 0x31, 0x31, 0x31, 0x31, 0x31, 0x31, 0x31, 0x31, 0x31, 0x31, 
0x31, 0x31, 0x31, 0x31, 0x31, 0x31, 0x31, 0x31, 0x31, 0x31, 0x31, 0x31, 0x31, 0x31, 0x31, 0x31, 
0x31, 0x31, 0x31, 0x31, 0x31, 0x31, 0x31, 0x31, 0x31, 0x31, 0x31, 0x31, 0x31, 0x31, 0x31, 0x31, 
0x31, 0x31, 0x31, 0x31, 0x31, 0x31, 0x31, 0x31, 0x31, 0x31, 0x31, 0x31, 0x31, 0x31, 0x31, 0x31, 
0x31, 0x31, 0x31, 0x31, 0x31, 0x31, 0x31, 0x31, 0x31, 0x31, 0x31, 0x31, 0x31, 0x31, 0x31, 0x31, 
0x31, 0x31, 0x31, 0x31, 0x31, 0x31, 0x31, 0x31, 0x31, 0x31, 0x31, 0x31, 0x31, 0x31, 0x31, 0x31, 
0x31, 0x31, 0x31, 0x31, 0x31, 0x31, 0x31, 0x31, 0x31, 0x31, 0x31, 0x31, 0x31, 0x31, 0x31, 0x31, 
0x31, 0x31, 0x31, 0x31, 0x31, 0x31, 0x31, 0x31, 0x31, 0x31, 0x31, 0x31, 0x31, 0x31, 0x31, 0x31, 
0x31, 0x31, 0x31, 0x31, 0x31, 0x31, 0x31, 0x31, 0x31, 0x31, 0x31, 0x31, 0x31, 0x31, 0x31, 0x31, 
0x31, 0x31, 0x31, 0x31, 0x31, 0x31, 0x31, 0x31, 0x31, 0x31, 0x31, 0x31, 0x31, 0x31, 0x31, 0x31, 
0x31, 0x31, 0x31, 0x31, 0x31, 0x31, 0x31, 0x31, 0x31, 0x31, 0x31, 0x31, 0x31, 0x31, 0x31, 0x31, 
0x31, 0x31, 0x31, 0x31, 0x31, 0x31, 0x31, 0x31, 0x31, 0x31, 0x31, 0x31, 0x31, 0x31, 0x31, 0x31, 
0x31, 0x31, 0x31, 0x31, 0x31, 0x31, 0x31, 0x31, 0x31, 0x31, 0x31, 0x31, 0x31, 0x31, 0x31, 0x31, 
0x31, 0x31, 0x31, 0x31, 0x31, 0x31, 0x31, 0x31, 0x31, 0x31, 0x31, 0x31, 0x31, 0x31, 0x31, 0x31, 
0x31, 0x31, 0x31, 0x31, 0x31, 0x31, 0x31, 0x31, 0x31, 0x31, 0x31, 0x31, 0x31, 0x31, 0x31, 0x31, 
0x31, 0x31, 0x31, 0x31, 0x31, 0x31, 0x31, 0x31, 0x31, 0x31, 0x31, 0x31, 0x31, 0x31, 0x31, 0x31, 
0x31, 0x31, 0x31, 0x31, 0x31, 0x31, 0x31, 0x31, 0x31, 0x31, 0x31, 0x31, 0x31, 0x31, 0x31, 0x31, 
0x31, 0x31, 0x31, 0x31, 0x31, 0x31, 0x31, 0x31, 0x31, 0x31, 0x31, 0x31, 0x31, 0x31, 0x31, 0x31, 
0x31, 0x31, 0x31, 0x31, 0x31, 0x31, 0x31, 0x31, 0x31, 0x31, 0x31, 0x31, 0x31, 0x31, 0x31, 0x31, 
0x31, 0x31, 0x31, 0x31, 0x31, 0x31, 0x31, 0x31, 0x31, 0x31, 0x31, 0x31, 0x31, 0x31, 0x31, 0x31, 
0x31, 0x31, 0x31, 0x31, 0x31, 0x31, 0x31, 0x31, 0x31, 0x31, 0x31, 0x31, 0x31, 0x31, 0x31, 0x31, 
0x31, 0x31, 0x31, 0x31, 0x31, 0x31, 0x31, 0x31, 0x31, 0x31, 0x31, 0x31, 0x31, 0x31, 0x31, 0x31, 
0x31, 0x31, 0x31, 0x31, 0x31, 0x31, 0x31, 0x31, 0x31, 0x31, 0x31, 0x31, 0x31, 0x31, 0x31, 0x31, 
0x31, 0x31, 0x31, 0x31, 0x31, 0x31, 0x31, 0x31, 0x31, 0x31, 0x31, 0x31, 0x31, 0x31, 0x31, 0x31, 
0x31, 0x31, 0x31, 0x31, 0x31, 0x31, 0x31, 0x31, 0x31, 0x31, 0x31, 0x31, 0x31, 0x31, 0x31, 0x31, 
0x31, 0x31, 0x31, 0x31, 0x31, 0x31, 0x31, 0x31, 0x31, 0x31, 0x31, 0x31, 0x31, 0x31, 0x31, 0x31, 
0x31, 0x31, 0x31, 0x31, 0x31, 0x31, 0x31, 0x31, 0x31, 0x31, 0x31, 0x31, 0x31, 0x31, 0x31, 0x31, 
0x31, 0x31, 0x31, 0x31, 0x31, 0x31, 0x31, 0x31, 0x31, 0x31, 0x31, 0x31, 0x31, 0x31, 0x31, 0x31, 
0x31, 0x31, 0x31, 0x31, 0x31, 0x31, 0x31, 0x31, 0x31, 0x31, 0x31, 0x31, 0x31, 0x31, 0x31, 0x31, 
0x31, 0x31, 0x31, 0x31, 0x31, 0x31, 0x31, 0x31, 0x31, 0x31, 0x31, 0x31, 0x31, 0x31, 0x31, 0x31, 
0x31, 0x31, 0x31, 0x31, 0x31, 0x31, 0x31, 0x31, 0x31, 0x31, 0x31, 0x31, 0x31, 0x31, 0x31, 0x31, 
0x31, 0x31, 0x31, 0x31, 0x31, 0x31, 0x31, 0x31, 0x31, 0x31, 0x31, 0x31, 0x31, 0x31, 0x31, 0x31, 
0x31, 0x31, 0x31, 0x31, 0x31, 0x31, 0x31, 0x31, 0x31, 0x31, 0x31, 0x31, 0x31, 0x31, 0x31, 0x31, 
0x31, 0x31, 0x31, 0x31, 0x31, 0x31, 0x31, 0x31, 0x31, 0x31, 0x31, 0x31, 0x31, 0x31, 0x31, 0x31, 
0x31, 0x31, 0x31, 0x31, 0x31, 0x31, 0x31, 0x31, 0x31, 0x31, 0x31, 0x31, 0x31, 0x31, 0x31, 0x31, 
0x31, 0x31, 0x31, 0x31, 0x31, 0x31, 0x31, 0x31, 0x31, 0x31, 0x31, 0x31, 0x31, 0x31, 0x31, 0x31, 
0x31, 0x31, 0x31, 0x31, 0x31, 0x31, 0x31, 0x31, 0x31, 0x31, 0x31, 0x31, 0x31, 0x31, 0x31, 0x31, 
0x31, 0x31, 0x31, 0x31, 0x31, 0x31, 0x31, 0x31, 0x31, 0x31, 0x31, 0x31, 0x31, 0x31, 0x31, 0x31, 
0x31, 0x31, 0x31, 0x31, 0x31, 0x31, 0x31, 0x31, 0x31, 0x31, 0x31, 0x31, 0x31, 0x31, 0x31, 0x31, 
0x31, 0x31, 0x31, 0x31, 0x31, 0x31, 0x31, 0x31, 0x31, 0x31, 0x31, 0x31, 0x31, 0x31, 0x31, 0x31, 
0x31, 0x31, 0x31, 0x31, 0x31, 0x31, 0x31, 0x31, 0x31, 0x31, 0x31, 0x31, 0x31, 0x31, 0x31, 0x31, 
0x31, 0x31, 0x31, 0x31, 0x31, 0x31, 0x31, 0x31, 0x31, 0x31, 0x31, 0x31, 0x31, 0x31, 0x31, 0x31, 
0x31, 0x31, 0x31, 0x31, 0x31, 0x31, 0x31, 0x31, 0x31, 0x31, 0x31, 0x31, 0x31, 0x31, 0x31, 0x31, 
0x31, 0x31, 0x31, 0x31, 0x31, 0x31, 0x31, 0x31, 0x31, 0x31, 0x31, 0x31, 0x31, 0x31, 0x31, 0x31, 
0x31, 0x31, 0x31, 0x31, 0x31, 0x31, 0x31, 0x31, 0x31, 0x31, 0x31, 0x31, 0x31, 0x31, 0x31, 0x31, 
0x31, 0x31, 0x31, 0x31, 0x31, 0x31, 0x31, 0x31, 0x31, 0x31, 0x31, 0x31, 0x31, 0x31, 0x31, 0x31, 
0x31, 0x31, 0x31, 0x31, 0x31, 0x31, 0x31, 0x31, 0x31, 0x31, 0x31, 0x31, 0x31, 0x31, 0x31, 0x31, 
0x31, 0x31, 0x31, 0x31, 0x31, 0x31, 0x31, 0x31, 0x31, 0x31, 0x31, 0x31, 0x31, 0x31, 0x31, 0x31, 
0x31, 0x31, 0x31, 0x31, 0x31, 0x31, 0x31, 0x31, 0x31, 0x31, 0x31, 0x31, 0x31, 0x31, 0x31, 0x31, 
0x31, 0x31, 0x31, 0x31, 0x31, 0x31, 0x31, 0x31, 0x31, 0x31, 0x31, 0x31, 0x31, 0x31, 0x31, 0x31, 
0x31, 0x31, 0x31, 0x31, 0x31, 0x31, 0x31, 0x31, 0x31, 0x31, 0x31, 0x31, 0x31, 0x31, 0x31, 0x31, 
0x31, 0x31, 0x31, 0x31, 0x31, 0x31, 0x31, 0x31, 0x31, 0x31, 0x31, 0x31, 0x31, 0x31, 0x31, 0x31, 
0x31, 0x31, 0x31, 0x31, 0x31, 0x31, 0x31, 0x31, 0x31, 0x31, 0x31, 0x31, 0x31, 0x31, 0x31, 0x31, 
0x31, 0x31, 0x31, 0x31, 0x31, 0x31, 0x31, 0x31, 0x31, 0x31, 0x31, 0x31, 0x31, 0x31, 0x31, 0x31, 
0x31, 0x31, 0x31, 0x31, 0x31, 0x31, 0x31, 0x31, 0x31, 0x31, 0x31, 0x31, 0x31, 0x31, 0x31, 0x31, 
0x31, 0x31, 0x31, 0x31, 0x31, 0x31, 0x31, 0x31, 0x31, 0x31, 0x31, 0x31, 0x31, 0x31, 0x31, 0x31, 
0x31, 0x31, 0x31, 0x31, 0x31, 0x31, 0x31, 0x31, 0x31, 0x31, 0x31, 0x31, 0x31, 0x31, 0x31, 0x31, 
0x31, 0x31, 0x31, 0x31, 0x31, 0x31, 0x31, 0x31, 0x31, 0x31, 0x31, 0x31, 0x31, 0x31, 0x31, 0x31, 
0x31, 0x31, 0x31, 0x31, 0x31, 0x31, 0x31, 0x31, 0x31, 0x31, 0x31, 0x31, 0x31, 0x31, 0x31, 0x31, 
0x31, 0x31, 0x31, 0x31, 0x31, 0x31, 0x31, 0x31, 0x31, 0x31, 0x31, 0x31, 0x31, 0x31, 0x31, 0x31, 
0x31, 0x31, 0x31, 0x31, 0x31, 0x31, 0x31, 0x31, 0x31, 0x31, 0x31, 0x31, 0x31, 0x31, 0x31, 0x31, 
0x31, 0x31, 0x31, 0x31, 0x31, 0x31, 0x31, 0x31, 0x31, 0x31, 0x31, 0x31, 0x31, 0x31, 0x31, 0x31, 
0x31, 0x31, 0x31, 0x31, 0x31, 0x31, 0x31, 0x31, 0x31, 0x31, 0x31, 0x31, 0x31, 0x31, 0x31, 0x31, 
0x31, 0x31, 0x31, 0x31, 0x31, 0x31, 0x31, 0x31, 0x31, 0x31, 0x31, 0x31, 0x31, 0x31, 0x31, 0x31, 
0x31, 0x31, 0x31, 0x31, 0x31, 0x31, 0x31, 0x31, 0x31, 0x31, 0x31, 0x31, 0x31, 0x31, 0x31, 0x31, 
0x31, 0x31, 0x31, 0x31, 0x31, 0x31, 0x31, 0x31, 0x31, 0x31, 0x31, 0x31, 0x31, 0x31, 0x31, 0x31, 
0x31, 0x31, 0x31, 0x31, 0x31, 0x31, 0x31, 0x31, 0x31, 0x31, 0x31, 0x31, 0x31, 0x31, 0x31, 0x31, 
0x31, 0x31, 0x31, 0x31, 0x31, 0x31, 0x31, 0x31, 0x31, 0x31, 0x31, 0x31, 0x31, 0x31, 0x31, 0x31, 
0x31, 0x31, 0x31, 0x31, 0x31, 0x31, 0x31, 0x31, 0x31, 0x31, 0x31, 0x31, 0x31, 0x31, 0x31, 0x31, 
0x31, 0x31, 0x31, 0x31, 0x31, 0x31, 0x31, 0x31, 0x31, 0x31, 0x31, 0x31, 0x31, 0x31, 0x31, 0x31, 
0x31, 0x31, 0x31, 0x31, 0x31, 0x31, 0x31, 0x31, 0x31, 0x31, 0x31, 0x31, 0x31, 0x31, 0x31, 0x31, 
0x31, 0x31, 0x31, 0x31, 0x31, 0x31, 0x31, 0x31, 0x31, 0x31, 0x31, 0x31, 0x31, 0x31, 0x31, 0x31, 
0x31, 0x31, 0x31, 0x31, 0x31, 0x31, 0x31, 0x31, 0x31, 0x31, 0x31, 0x31, 0x31, 0x31, 0x31, 0x31, 
0x31, 0x31, 0x31, 0x31, 0x31, 0x31, 0x31, 0x31, 0x31, 0x31, 0x31, 0x31, 0x31, 0x31, 0x31, 0x31, 
0x31, 0x31, 0x31, 0x31, 0x31, 0x31, 0x31, 0x31, 0x31, 0x31, 0x31, 0x31, 0x31, 0x31, 0x31, 0x31, 
0x31, 0x31, 0x31, 0x31, 0x31, 0x31, 0x31, 0x31, 0x31, 0x31, 0x31, 0x31, 0x31, 0x31, 0x31, 0x31, 
0x31, 0x31, 0x31, 0x31, 0x31, 0x31, 0x31, 0x31, 0x31, 0x31, 0x31, 0x31, 0x31, 0x31, 0x31, 0x31, 
0x31, 0x31, 0x31, 0x31, 0x31, 0x31, 0x31, 0x31, 0x31, 0x31, 0x31, 0x31, 0x31, 0x31, 0x31, 0x31, 
0x31, 0x31, 0x31, 0x31, 0x31, 0x31, 0x31, 0x31, 0x31, 0x31, 0x31, 0x31, 0x31, 0x31, 0x31, 0x31, 
0x31, 0x31, 0x31, 0x31, 0x31, 0x31, 0x31, 0x31, 0x31, 0x31, 0x31, 0x31, 0x31, 0x31, 0x31, 0x31, 
0x31, 0x31, 0x31, 0x31, 0x31, 0x31, 0x31, 0x31, 0x31, 0x31, 0x31, 0x31, 0x31, 0x31, 0x31, 0x31, 
0x31, 0x31, 0x31, 0x31, 0x31, 0x31, 0x31, 0x31, 0x31, 0x31, 0x31, 0x31, 0x31, 0x31, 0x31, 0x31, 
0x31, 0x31, 0x31, 0x31, 0x31, 0x31, 0x31, 0x31, 0x31, 0x31, 0x31, 0x31, 0x31, 0x31, 0x31, 0x31, 
0x31, 0x31, 0x31, 0x31, 0x31, 0x31, 0x31, 0x31, 0x31, 0x31, 0x31, 0x31, 0x31, 0x31, 0x31, 0x31, 
0x31, 0x31, 0x31, 0x31, 0x31, 0x31, 0x31, 0x31, 0x31, 0x31, 0x31, 0x31, 0x31, 0x31, 0x31, 0x31, 
0x31, 0x31, 0x31, 0x31, 0x31, 0x31, 0x31, 0x31, 0x31, 0x31, 0x31, 0x31, 0x31, 0x31, 0x31, 0x31, 
0x31, 0x31, 0x31, 0x31, 0x31, 0x31, 0x31, 0x31, 0x31, 0x31, 0x31, 0x31, 0x31, 0x31, 0x31, 0x31, 
0x31, 0x31, 0x31, 0x31, 0x31, 0x31, 0x31, 0x31, 0x31, 0x31, 0x31, 0x31, 0x31, 0x31, 0x31, 0x31, 
0x31, 0x31, 0x31, 0x31, 0x31, 0x31, 0x31, 0x31, 0x31, 0x31, 0x31, 0x31, 0x31, 0x31, 0x31, 0x31, 
0x31, 0x31, 0x31, 0x31, 0x31, 0x31, 0x31, 0x31, 0x31, 0x31, 0x31, 0x31, 0x31, 0x31, 0x31, 0x31, 
0x31, 0x31, 0x31, 0x31, 0x31, 0x31, 0x31, 0x31, 0x31, 0x31, 0x31, 0x31, 0x31, 0x31, 0x31, 0x31, 
0x31, 0x31, 0x31, 0x31, 0x31, 0x31, 0x31, 0x31, 0x31, 0x31, 0x31, 0x31, 0x31, 0x31, 0x31, 0x31, 
0x31, 0x31, 0x31, 0x31, 0x31, 0x31, 0x31, 0x31, 0x31, 0x31, 0x31, 0x31, 0x31, 0x31, 0x31, 0x31, 
0x31, 0x31, 0x31, 0x31, 0x31, 0x31, 0x31, 0x31, 0x31, 0x31, 0x31, 0x31, 0x31, 0x31, 0x31, 0x31, 
0x31, 0x31, 0x31, 0x31, 0x31, 0x31, 0x31, 0x31, 0x31, 0x31, 0x31, 0x31, 0x31, 0x31, 0x31, 0x31, 
0x31, 0x31, 0x31, 0x31, 0x31, 0x31, 0x31, 0x31, 0x31, 0x31, 0x31, 0x31, 0x31, 0x31, 0x31, 0x31, 
0x31, 0x31, 0x31, 0x31, 0x31, 0x31, 0x31, 0x31, 0x31, 0x31, 0x31, 0x31, 0x31, 0x31, 0x31, 0x31, 
0x31, 0x31, 0x31, 0x31, 0x31, 0x31, 0x31, 0x31, 0x31, 0x31, 0x31, 0x31, 0x31, 0x31, 0x31, 0x31, 
0x31, 0x31, 0x31, 0x31, 0x31, 0x31, 0x31, 0x31, 0x31, 0x31, 0x31, 0x31, 0x31, 0x31, 0x31, 0x31, 
0x31, 0x31, 0x31, 0x31, 0x31, 0x31, 0x31, 0x31, 0x31, 0x31, 0x31, 0x31, 0x31, 0x31, 0x31, 0x31, 
0x31, 0x31, 0x31, 0x31, 0x31, 0x31, 0x31, 0x31, 0x31, 0x31, 0x31, 0x31, 0x31, 0x31, 0x31, 0x31, 
0x31, 0x31, 0x31, 0x31, 0x31, 0x31, 0x31, 0x31, 0x31, 0x31, 0x31, 0x31, 0x31, 0x31, 0x31, 0x31, 
0x31, 0x31, 0x31, 0x31, 0x31, 0x31, 0x31, 0x31, 0x31, 0x31, 0x31, 0x31, 0xFF, 0xFF, 0xFF, 0xFF, 
0xFF, 0xFF, 0xFF, 0xFF, 0xFF, 0xFF, 0xDD, 0xFF, 0xFF, 0xFF, 0xFF, 0xFF, 0xFF, 0xFF, 0x7F, 0xFF, 
0xFF, 0xF9, 0x2E, 0xFF, 0xFF, 0xFF, 0xBF, 0xFF, 0xFF, 0xF8, 0x2B, 0xFF, 0xFD, 0x42, 0x5F, 0xFF, 
0xFF, 0xFF, 0x44, 0xBF, 0xFF, 0xE2, 0x24, 0xFF, 0x82, 0x22, 0xAF, 0xFF, 0xFF, 0xFF, 0x92, 0x25, 
0xCF, 0x72, 0x22, 0x73, 0x22, 0x23, 0xFF, 0xFF, 0xFF, 0xFF, 0xD2, 0x22, 0x24, 0x22, 0x32, 0x22, 
0x22, 0x28, 0xFF, 0xFF, 0xFF, 0xFF, 0xF4, 0x25, 0x22, 0x24, 0xB2, 0x22, 0x22, 0x2D, 0xFF, 0xFF, 
0xFF, 0xFF, 0xF9, 0x2C, 0xC5, 0x2A, 0xF3, 0x27, 0xB2, 0x5F, 0xFF, 0xFF, 0xFF, 0xFF, 0xFD, 0x27, 
0xFF, 0xCF, 0xFC, 0xDF, 0x82, 0x9F, 0xFF, 0xFF, 0xFF, 0xFF, 0xFF, 0x33, 0xFF, 0xFF, 0xFF, 0xFF, 
0x32, 0x7F, 0xFF, 0xFF, 0xFF, 0xFF, 0xF8, 0x22, 0xCF, 0xFF, 0xFF, 0xFF, 0x52, 0x2C, 0xFF, 0xFF, 
0xFF, 0xFF, 0xD2, 0x25, 0xFF, 0xFF, 0xFF, 0xFF, 0xE4, 0x23, 0xFF, 0xFF, 0xFF, 0xFF, 0x52, 0x3E, 
0xEE, 0xFF, 0xFF, 0xFF, 0xFD, 0x32, 0x6F, 0xFF, 0xFF, 0xFA, 0x22, 0x44, 0x26, 0xFF, 0xCF, 0xFB, 
0x57, 0x62, 0x2A, 0xFF, 0xFF, 0xE3, 0x22, 0x22, 0x25, 0xF9, 0x26, 0xEA, 0x22, 0x22, 0x23, 0xEF, 
0xFF, 0x62, 0x22, 0x24, 0x24, 0x92, 0x22, 0x35, 0x22, 0x42, 0x22, 0x5F, 0xFA, 0x22, 0x38, 0xEC, 
0x22, 0x22, 0x53, 0x22, 0x22, 0xEE, 0x95, 0x29, 0xE3, 0x4A, 0xFF, 0xFB, 0x22, 0x26, 0xFE, 0x42, 
0x22, 0xEF, 0xFF, 0xFC, 0xDD, 0xFF, 0xFF, 0xFB, 0x22, 0x5F, 0xFF, 0xF6, 0x22, 0xDF, 0xFF, 0xFF, 
0xFF, 0xFF, 0xFF, 0xFC, 0x24, 0xEF, 0xFF, 0xFF, 0x92, 0xDF, 0xFF, 0xFF, 0xFF, 0xFF, 0xFF, 0xFD, 
0x4E, 0xFF, 0xFF, 0xFF, 0xFB, 0xEF, 0xFF, 0xFF, 0xFF, 0xFF, 0xFF, 0xFF, 0xEF, 0xFF, 0xFF, 0xFF, 
0xFF, 0xFF, 0xFF, 0xFF, 0xFF, 0xFF, 0xFF, 0xFF, 0xFF, 0xFF, 0xFF, 0xFF, 0xFF, 0xFF, 0xFF, 0xFF, 
0xFF, 0xFF, 0xFF, 0xFF, 0xFF, 0xFF, 0xFF, 0xFF, 0xFF, 0xFF, 0xBE, 0xFF, 0xFF, 0xFF, 0xFF, 0xFF, 
0xFF, 0xFF, 0xFF, 0xFF, 0xFF, 0xFF, 0xFF, 0xFF, 0xFF, 0xFF, 0xFF, 0xFF, 0xFF, 0xFF, 0xFF, 0xFF, 
0xFF, 0xFF, 0xFF, 0xE4, 0x22, 0x48, 0xEF, 0xFF, 0xFF, 0xFF, 0xFF, 0xFF, 0xFF, 0xFF, 0xFF, 0xFF, 
0xFF, 0xFF, 0xFF, 0xFF, 0xFF, 0xFF, 0xFF, 0xFF, 0xFF, 0xFF, 0xFF, 0xFF, 0xFC, 0x36, 0x87, 0x42, 
0x3B, 0xFF, 0xFF, 0xFF, 0xFF, 0xAE, 0xFF, 0xFF, 0xFF, 0xFF, 0xFF, 0xFF, 0xFF, 0xFF, 0xFF, 0xFF, 
0xFF, 0xFF, 0xFF, 0xFF, 0xFF, 0xFF, 0xF6, 0x2E, 0xFF, 0xFD, 0x42, 0xCF, 0xFF, 0xFF, 0x93, 0x2B, 
0xFF, 0xFF, 0xFF, 0xFF, 0xFF, 0xFF, 0xFF, 0xFF, 0xFF, 0xFF, 0xFF, 0xFF, 0xFF, 0xFF, 0xFF, 0xFF, 
0xFD, 0x25, 0xFF, 0xFF, 0xE2, 0x4F, 0xFF, 0xC3, 0x22, 0x2B, 0xFF, 0xFF, 0xFF, 0xFF, 0xFF, 0xFF, 
0xFF, 0xFF, 0xFF, 0xFF, 0xFF, 0xFF, 0xFF, 0xFF, 0xFF, 0xFF, 0xFF, 0x82, 0x6F, 0xFF, 0xF4, 0x2F, 
0xFC, 0x22, 0x22, 0x24, 0x9F, 0xFF, 0xFF, 0xFF, 0xFF, 0xFF, 0xFF, 0xFF, 0xFF, 0xFF, 0xFF, 0xFF, 
0xFF, 0xFF, 0xFF, 0xFF, 0xFF, 0x62, 0x2F, 0xFF, 0xC2, 0x3F, 0xD3, 0x28, 0xF8, 0x22, 0x23, 0xCF, 
0xFF, 0xFF, 0xFF, 0xFF, 0xFF, 0xFF, 0xFF, 0xFF, 0xFF, 0xFF, 0xFF, 0xFF, 0xFF, 0xFF, 0xF8, 0x22, 
0x4F, 0xFA, 0x22, 0xBF, 0x72, 0x9F, 0xFF, 0xE3, 0x23, 0xEF, 0xFF, 0xFF, 0xFF, 0xFF, 0xFF, 0xFF, 
0xFF, 0xFF, 0xFF, 0xFF, 0xFF, 0xFF, 0xFF, 0xFF, 0xF4, 0x22, 0x37, 0x42, 0x3B, 0xFF, 0x32, 0xFF, 
0xFF, 0xF2, 0x29, 0xFF, 0xFF, 0xFF, 0xFF, 0xFF, 0xFF, 0xFF, 0xFF, 0xFF, 0xFF, 0xFF, 0xFF, 0xFF, 
0xFF, 0xFF, 0xFE, 0x83, 0x22, 0x48, 0xEF, 0xFF, 0x42, 0xDF, 0xFF, 0xF6, 0x29, 0xFF, 0xFF, 0xFF, 
0xFF, 0xFF, 0xFF, 0xFF, 0xFF, 0xFF, 0xFF, 0xFF, 0xFF, 0xFF, 0xFF, 0xFF, 0xFF, 0xFF, 0xFF, 0xFF, 
0xFF, 0xFF, 0xA2, 0x38, 0xBB, 0x93, 0x25, 0xFF, 0xFF, 0xFF, 0xFF, 0xFF, 0xFF, 0xFF, 0xFF, 0xFF, 
0xFF, 0xFF, 0xFF, 0xFF, 0xFF, 0xFF, 0xFF, 0xFF, 0xFF, 0xFF, 0xFF, 0xFF, 0xFC, 0x52, 0x22, 0x22, 
0x39, 0xFF, 0xFF, 0xFF, 0xFF, 0xFF, 0xFF, 0xFF, 0xFF, 0xFF, 0xFF, 0xFF, 0xFF, 0xFF, 0xFF, 0xFF, 
0xFF, 0xFF, 0xFF, 0xFF, 0xFF, 0xFF, 0xFF, 0xFD, 0xB9, 0x9C, 0xFF, 0xFF, 0xFF, 0xFF, 0xFF, 0xFF, 
0xFF, 0xFF, 0xFF, 0xFF, 0xFF, 0xFF, 0xFF, 0xFF, 0xFF, 0xFF, 0xFF, 0xFF, 0xFF, 0xFF, 0xFF, 0xFF, 
0xFF, 0xFF, 0xFF, 0xD7, 0x44, 0x7D, 0xFF, 0xFF, 0xFF, 0xFF, 0xD2, 0x22, 0x22, 0x2B, 0xFF, 0xFF, 
0xFF, 0xF6, 0x22, 0x22, 0x22, 0x3F, 0xFF, 0xFF, 0xFF, 0x22, 0x22, 0x22, 0x22, 0x7F, 0xFF, 0xFF, 
0xE2, 0x22, 0x22, 0x22, 0x24, 0xEF, 0xFF, 0xFF, 0x22, 0x22, 0x22, 0x22, 0xCF, 0xFF, 0xFF, 0xF8, 
0x22, 0x22, 0x22, 0x26, 0xFF, 0xFF, 0xFF, 0xF5, 0x22, 0x22, 0x28, 0xFF, 0xFF, 0xFC, 0xFF, 0xF4, 
0x22, 0x26, 0xFF, 0xFF, 0xFB, 0x2D, 0xFF, 0xB2, 0x24, 0xFF, 0xFF, 0xFD, 0x32, 0x6F, 0xF6, 0x22, 
0x4F, 0xFF, 0xFE, 0x32, 0x22, 0x53, 0x22, 0x22, 0xEF, 0xFF, 0xE4, 0x22, 0x22, 0x22, 0x22, 0x2B, 
0xFF, 0xFF, 0xB2, 0x22, 0x22, 0x22, 0x22, 0xAF, 0xFF, 0xFF, 0x52, 0x22, 0x22, 0x22, 0x2A, 0xFB, 
0xBF, 0xFF, 0x82, 0x22, 0x22, 0x22, 0x56, 0x2F, 0xFF, 0xFF, 0xD6, 0x22, 0x4A, 0xEF, 0xE3, 0xFF, 
0xFF, 0xFF, 0xF5, 0x5F, 0xFF, 0xFF, 0xBF, 0xFF, 0xFF, 0xFD, 0x3C, 0xFF, 0xFF, 0xFF, 0xFF, 0xFF, 
0xF7, 0x22, 0x8F, 0xFF, 0xFF, 0xFF, 0xFF, 0xFF, 0xFF, 0xF8, 0x9F, 0xFF, 0xFF, 0xFF, 0xFF, 0xFF, 
0xFF, 0xFF, 0xFF, 0xFF, 0xFF, 0xFF, 0xFF, 0xFF, 0xFF, 0xFF, 0xFF, 0xFF, 0xFF, 0xFF, 0xFF, 0xFF, 
0xFF, 0xFF, 0xFF, 0xFF, 0xFF, 0xFF, 0xCC, 0xCC, 0xCC, 0xEF, 0xFD, 0xEF, 0xFF, 0xCF, 0xFF, 0xFF, 
0xFF, 0xFF, 0xFF, 0xEF, 0xFF, 0xFF, 0xFF, 0xFF, 0xFF, 0xFF, 0xFE, 0x22, 0x22, 0x22, 0xBF, 0xE2, 
0x3F, 0xF6, 0x2F, 0xA2, 0x22, 0x26, 0xF7, 0x22, 0x23, 0x9F, 0xFF, 0xB4, 0x6F, 0xFF, 0xFF, 0xFE, 
0x22, 0x67, 0x88, 0xDF, 0xD2, 0x3F, 0xD2, 0x2F, 0x92, 0x22, 0x25, 0xF6, 0x22, 0x22, 0x2B, 0xFF, 
0x42, 0x2B, 0xFF, 0xFF, 0xFE, 0x22, 0xEF, 0xFF, 0xFF, 0xD2, 0x3F, 0x72, 0x2F, 0x92, 0x8E, 0xFF, 
0xF6, 0x28, 0xE5, 0x29, 0xFE, 0x22, 0x27, 0xFF, 0xFF, 0xFE, 0x22, 0xEF, 0xFF, 0xFF, 0xD2, 0x3D, 
0x22, 0x3F, 0x92, 0xBF, 0xFF, 0xF5, 0x2A, 0xFA, 0x29, 0xFA, 0x22, 0x24, 0xFF, 0xFF, 0xFE, 0x22, 
0x8A, 0xBE, 0xFF, 0xC2, 0x46, 0x22, 0x3F, 0x92, 0xBF, 0xFF, 0xF5, 0x2A, 0xF5, 0x2B, 0xF6, 0x24, 
0x22, 0xEF, 0xFF, 0xFE, 0x22, 0x22, 0x22, 0x8F, 0xC2, 0x22, 0x22, 0x3F, 0x92, 0xCF, 0xFF, 0xF5, 
0x23, 0x32, 0x3F, 0xF3, 0x2C, 0x22, 0xBF, 0xFF, 0xFD, 0x22, 0xAB, 0x72, 0x2C, 0xC2, 0x22, 0x22, 
0x3F, 0x92, 0xCF, 0xFF, 0xF5, 0x22, 0x26, 0xEF, 0xC2, 0x2D, 0x52, 0x8F, 0xFF, 0xFD, 0x22, 0xEF, 
0xF4, 0x29, 0xC2, 0x22, 0xA2, 0x3F, 0x92, 0xDF, 0xFF, 0xF5, 0x29, 0xFF, 0xFF, 0x82, 0x22, 0x22, 
0x5F, 0xFF, 0xFD, 0x22, 0xFF, 0xF4, 0x29, 0xC2, 0x28, 0xD2, 0x3F, 0x92, 0xDF, 0xFF, 0xF5, 0x2B, 
0xFF, 0xFF, 0x42, 0x47, 0x62, 0x2F, 0xFF, 0xFD, 0x22, 0xAA, 0x62, 0x2C, 0xC2, 0x4F, 0xD2, 0x3F, 
0x92, 0xDF, 0xFF, 0xF5, 0x2B, 0xFF, 0xFE, 0x22, 0xEF, 0xF3, 0x2C, 0xFF, 0xFE, 0x22, 0x22, 0x22, 
0x7F, 0xFE, 0xFF, 0xFE, 0xEF, 0xFD, 0xFF, 0xFF, 0xFC, 0xBF, 0xFF, 0xFF, 0xBD, 0xFF, 0xFE, 0xBE, 
0xFF, 0xFF, 0x99, 0x98, 0x9B, 0xFF, 0xFF, 0xFF, 0xFF, 0xFF, 0xFA, 0x8A, 0xEF, 0xFF, 0xFF, 0xFF, 
0xFD, 0x43, 0x22, 0x23, 0xDF, 0xFF, 0xFF, 0xFF, 0xC2, 0x22, 0x22, 0x24, 0xFF, 0xFF, 0xFF, 0x92, 
0x22, 0x22, 0x22, 0x2E, 0xFF, 0xFF, 0xFF, 0x42, 0x22, 0x22, 0x22, 0xEF, 0xFF, 0xFF, 0xF8, 0x22, 
0x22, 0x22, 0x3F, 0xFF, 0xFF, 0xFF, 0xC2, 0x22, 0x22, 0x29, 0xFF, 0xFF, 0xFF, 0xFF, 0x92, 0x22, 
0x25, 0xFF, 0xFF, 0xFE, 0x39, 0xFF, 0x92, 0x23, 0xEF, 0xFF, 0xFF, 0x92, 0x4F, 0xFB, 0x22, 0xAF, 
0xFF, 0xFC, 0x32, 0x22, 0xCF, 0x72, 0x25, 0xFF, 0xFF, 0xE3, 0x22, 0x24, 0x72, 0x22, 0x2B, 0xFF, 
0xFF, 0xE4, 0x22, 0x22, 0x22, 0x22, 0x6F, 0xFF, 0xFF, 0xB2, 0x22, 0x22, 0x22, 0x25, 0xFF, 0xFF, 
0xFC, 0x22, 0x22, 0x22, 0x22, 0x7F, 0xFF, 0xFF, 0x62, 0x22, 0x22, 0x22, 0x2D, 0xFF, 0x96, 0x66, 
0xA4, 0x22, 0x22, 0x29, 0xFF, 0xFF, 0x59, 0xFF, 0xFA, 0x52, 0x29, 0xFF, 0xFF, 0xF7, 0xBF, 0xFF, 
0xFF, 0x97, 0xFF, 0xFF, 0xFF, 0xCF, 0xFF, 0xFF, 0xF7, 0x38, 0xDF, 0xFF, 0xFF, 0xFF, 0xFF, 0xF9, 
0x9E, 0xCA, 0xFF, 0xFF, 0xFF, 0xFF, 0xFF, 0xFF, 0xFF, 0xFF, 0xFF, 0xFF, 0xFF, 0xFF, 0xFF, 0xFA, 
0xFF, 0xFF, 0xFF, 0xFF, 0xFF, 0x94, 0x22, 0x2E, 0xFF, 0xFF, 0xFF, 0xFF, 0x72, 0x22, 0x22, 0x55, 
0xBF, 0xFF, 0xFF, 0xE2, 0x22, 0x22, 0x22, 0x2E, 0xFF, 0xFF, 0xFC, 0x22, 0x22, 0x22, 0x22, 0xAF, 
0xFF, 0xFF, 0xD2, 0x22, 0x22, 0x22, 0x26, 0xFF, 0xFF, 0xFF, 0x42, 0x22, 0x22, 0x22, 0xAF, 0xFF, 
0xFF, 0xFB, 0x22, 0x22, 0x22, 0x6F, 0xFF, 0xFF, 0xFF, 0xF9, 0x22, 0x22, 0x6F, 0xFF, 0xFF, 0x95, 
0xEF, 0xF5, 0x22, 0x4F, 0xFF, 0xFF, 0xF3, 0x24, 0xDF, 0x72, 0x26, 0xFF, 0xFF, 0xFC, 0x22, 0x22, 
0x42, 0x22, 0x2E, 0xFF, 0xC9, 0x42, 0x22, 0x22, 0x22, 0x22, 0x5F, 0xF5, 0xEB, 0x22, 0x22, 0x22, 
0x22, 0x22, 0x56, 0x3F, 0xFA, 0x22, 0x22, 0x22, 0x22, 0x3D, 0xF4, 0xFF, 0xFA, 0x22, 0x22, 0x22, 
0x2B, 0xFF, 0xEF, 0xFF, 0xF7, 0x22, 0x22, 0x4A, 0xFF, 0xFF, 0xFF, 0xFF, 0xA2, 0x59, 0xDF, 0xFF, 
0xFF, 0xFF, 0xFF, 0xF6, 0x5F, 0xFF, 0xFF, 0xFF, 0xFF, 0xFF, 0xF6, 0x42, 0x8F, 0xFF, 0xFF, 0xFF, 
0xFF, 0xFF, 0xFF, 0xF8, 0x8F, 0xFF, 0xFF, 0xFF, 0xFF, 0xFF, 0xFF, 0xFF, 0xFF, 0xFF, 0xFF, 0xFF, 
0xFF, 0xFF, 0xFF, 0xFF, 0xFF, 0xFF, 0xFF, 0xFF, 0xFF, 0xFE, 0xEF, 0xEA, 0xFF, 0xFF, 0xFF, 0xFF, 
0xFF, 0xFF, 0xFF, 0xFF, 0xFF, 0xFC, 0x42, 0x22, 0x27, 0xFF, 0xFF, 0xFF, 0xFF, 0xFF, 0xFF, 0xFF, 
0xFF, 0xFF, 0xD3, 0x22, 0x22, 0x25, 0xFF, 0xFF, 0xFF, 0xFF, 0xFF, 0xFF, 0xFF, 0xFF, 0xFF, 0x92, 
0x22, 0x22, 0x22, 0x27, 0xFF, 0xFF, 0xFF, 0xFF, 0xFF, 0x93, 0x29, 0xFF, 0x82, 0x22, 0x22, 0x22, 
0x3E, 0xFF, 0xFF, 0xFF, 0xFF, 0xFF, 0x32, 0x22, 0xCF, 0x82, 0x22, 0x22, 0x22, 0x7F, 0xFF, 0xFF, 
0xFF, 0xFF, 0xFF, 0xE4, 0x22, 0x7F, 0x82, 0x22, 0x22, 0x22, 0xCF, 0xFF, 0xFF, 0xFF, 0xFF, 0xFF, 
0xFD, 0x22, 0x2C, 0x62, 0x22, 0x22, 0x25, 0xFF, 0xFF, 0xFF, 0xFF, 0xFF, 0xF5, 0x8F, 0x82, 0x22, 
0x22, 0x22, 0x22, 0x5E, 0xFF, 0xFF, 0xFF, 0xFF, 0xFF, 0x82, 0x27, 0xB2, 0x22, 0x22, 0x26, 0x9C, 
0xFF, 0xFF, 0xFF, 0xFF, 0xFF, 0xFE, 0x22, 0x22, 0x22, 0x22, 0x22, 0x4F, 0xFF, 0xFF, 0xFF, 0xFF, 
0xFF, 0xFF, 0xFF, 0x42, 0x22, 0x22, 0x22, 0x22, 0x23, 0x56, 0x8B, 0xFF, 0xFF, 0xFF, 0xFF, 0xCA, 
0xC2, 0x22, 0x22, 0x22, 0x22, 0x22, 0x22, 0x22, 0xDF, 0xFF, 0xFF, 0xFC, 0x23, 0x62, 0x22, 0x22, 
0x22, 0x22, 0x74, 0x22, 0x22, 0xBF, 0xFF, 0xFF, 0xFF, 0x92, 0x35, 0x22, 0x22, 0x22, 0x24, 0xFF, 
0x83, 0x22, 0xBF, 0xFF, 0xFF, 0xFF, 0xF4, 0xBF, 0xC6, 0x22, 0x33, 0x2A, 0xFF, 0xFE, 0x55, 0xFF, 
0xFF, 0xFF, 0xFF, 0xFD, 0xFF, 0xFF, 0xFE, 0xFF, 0x36, 0xAF, 0xFF, 0xFF, 0xFF, 0xFF, 0xFF, 0xFF, 
0xFF, 0xFF, 0xFF, 0xFF, 0xFE, 0x32, 0x6E, 0xFF, 0xFF, 0xFF, 0xFF, 0xFF, 0xEE, 0xFF, 0xFF, 0xFF, 
0xFF, 0xE4, 0x77, 0x9F, 0xFF, 0xFF, 0xFF, 0xFB, 0x74, 0x37, 0xFF, 0xFF, 0xFF, 0xFF, 0xEE, 0xFF, 
0xFF, 0xFF, 0xFF, 0xFF, 0x87, 0xAD, 0xFF, 0x85, 0xDF, 0xFF, 0xFF, 0xFF, 0xFF, 0xFF, 0xFF, 0xFF, 
0xFF, 0xFF, 0xFF, 0xA4, 0xAF, 0xFF, 0xFF, 0xFF, 0xFF, 0xFF, 0xFF, 0xFF, 0xFF, 0xFF, 0xFF, 0xF9, 
0xAF, 0xFF, 0xFF, 0xFF, 0xFF, 0xFF, 0xFF, 0xFF, 0xFF, 0xFF, 0xFF, 0xFF, 0xDC, 0xEF, 0xFF, 0xFF, 
0xFF, 0xF8, 0x22, 0x24, 0xAF, 0xFF, 0xFF, 0xE2, 0x22, 0x22, 0x25, 0xEF, 0xFF, 0xB2, 0x29, 0xB6, 
0x22, 0x4E, 0xFF, 0xA2, 0x3F, 0xFF, 0xA2, 0x24, 0xFF, 0xC2, 0x3F, 0xFF, 0xFA, 0x22, 0xAF, 0xF2, 
0x2E, 0xFF, 0xFF, 0x42, 0x5F, 0xF5, 0x2A, 0xFF, 0xFF, 0x72, 0x2F, 0xF9, 0x24, 0xFF, 0xFF, 0x42, 
0x2F, 0xFF, 0x32, 0x6E, 0xD6, 0x22, 0x5F, 0xFF, 0x92, 0x22, 0x22, 0x22, 0xCF, 0xFF, 0xF9, 0x22, 
0x22, 0x29, 0xFF, 0xFF, 0xFF, 0xE9, 0x77, 0xCF, 0xFF, 0xFF, 0xFF, 0xFF, 0xFF, 0xFF, 0xFF, 0xFF, 
0xFF, 0xFF, 0xFF, 0xFF, 0xEC, 0xBA, 0x98, 0x87, 0x77, 0x66, 0x66, 0x66, 0x66, 0x55, 0x56, 0x78, 
0x9A, 0xCE, 0xFF, 0xFF, 0xFF, 0xFF, 0xFF, 0xFF, 0xFF, 0xFF, 0xFF, 0xFF, 0xFF, 0xFF, 0xFD, 0x84, 
0x22, 0x22, 0x22, 0x22, 0x22, 0x22, 0x22, 0x22, 0x22, 0x22, 0x22, 0x22, 0x22, 0x22, 0x37, 0xDF, 
0xFF, 0xFF, 0xFF, 0xFF, 0xFF, 0xFF, 0xFF, 0xFF, 0xFF, 0xFF, 0x92, 0x27, 0xAC, 0xDE, 0xFF, 0xFF, 
0xFF, 0xFF, 0xFF, 0xFF, 0xFE, 0xEE, 0xEE, 0xDD, 0xDD, 0xCB, 0x62, 0x2C, 0xFF, 0xFF, 0xFF, 0xFF, 
0xFF, 0xFF, 0xFF, 0xFF, 0xFF, 0xF9, 0x28, 0xEF, 0xFF, 0xFF, 0xFF, 0xFF, 0xFF, 0xFF, 0xFF, 0xFF, 
0xFF, 0xFF, 0xFF, 0xFF, 0xFF, 0xFF, 0xE2, 0x27, 0xFF, 0xFF, 0xFF, 0xFF, 0xFF, 0xFF, 0xFF, 0xFF, 
0xFF, 0xE2, 0x8F, 0xFF, 0xFF, 0xFF, 0xFF, 0xFF, 0xFF, 0xFF, 0xFF, 0xB8, 0x65, 0x44, 0x44, 0x44, 
0x45, 0x55, 0x52, 0x2A, 0xFF, 0xFF, 0xFF, 0xFF, 0xFF, 0xFF, 0xFF, 0xFF, 0xFF, 0x82, 0xFF, 0xFF, 
0xFF, 0xFF, 0xFF, 0xFF, 0xFF, 0xFF, 0x93, 0x22, 0x35, 0x66, 0x65, 0x44, 0x33, 0x33, 0x35, 0xAF, 
0xEF, 0xFF, 0xFF, 0xFF, 0xFF, 0xFF, 0xFF, 0xFF, 0xFF, 0x45, 0xFF, 0xFF, 0xFE, 0xEF, 0xFF, 0xFF, 
0xFF, 0xE4, 0x22, 0x8E, 0xFF, 0xFF, 0xFF, 0xFF, 0xFF, 0xFF, 0xFD, 0x73, 0x29, 0xFF, 0xFF, 0xFF, 
0xFF, 0xFF, 0xFF, 0xFF, 0xFF, 0x26, 0xFF, 0xFF, 0xF6, 0x8F, 0xFB, 0x3D, 0xFD, 0x32, 0x2C, 0xFF, 
0xFF, 0xFF, 0xFF, 0xFF, 0xFF, 0xFB, 0x52, 0x34, 0x24, 0xFF, 0xFF, 0xFF, 0xFF, 0xFF, 0xFF, 0xFF, 
0xFE, 0x26, 0xFE, 0x4F, 0xF3, 0x7F, 0xF4, 0x2D, 0xE3, 0x22, 0x6F, 0xFF, 0xFF, 0xFF, 0xFF, 0xFF, 
0xE9, 0x32, 0x6B, 0xFE, 0x26, 0xFF, 0xFF, 0xFF, 0xFF, 0xFF, 0xFF, 0xFF, 0xFE, 0x25, 0xFE, 0x2E, 
0xF3, 0x5F, 0xC2, 0x26, 0x42, 0x22, 0x3D, 0xFF, 0xFF, 0xFF, 0xFF, 0xB6, 0x22, 0x7D, 0xFF, 0xB4, 
0x2D, 0xFF, 0xFF, 0xFF, 0xFF, 0xFF, 0xFF, 0xFF, 0xFF, 0x33, 0xFF, 0x4A, 0xF2, 0x27, 0x42, 0x22, 
0x22, 0x22, 0x22, 0x56, 0x66, 0x66, 0x42, 0x24, 0x9E, 0xFF, 0xB4, 0x23, 0xBF, 0xFF, 0xFF, 0xFF, 
0xFF, 0xFF, 0xFF, 0xFF, 0xFF, 0x62, 0xAF, 0x72, 0x72, 0x22, 0x22, 0x22, 0x22, 0x3A, 0x96, 0x32, 
0x22, 0x35, 0x8B, 0xEF, 0xFF, 0xA4, 0x22, 0x7E, 0xFF, 0xFF, 0xFF, 0xFF, 0xFF, 0xFF, 0xFF, 0xFF, 
0xFF, 0x82, 0x28, 0x32, 0x22, 0x22, 0x22, 0x22, 0x23, 0xDF, 0xFF, 0xFF, 0xFF, 0xFF, 0xFF, 0xFF, 
0xA3, 0x22, 0x7E, 0xFF, 0xFF, 0xFF, 0xFF, 0xFF, 0xFF, 0xFF, 0xFF, 0xFF, 0xFF, 0x52, 0x22, 0x22, 
0x22, 0x22, 0x7B, 0x84, 0x4C, 0xFF, 0xFF, 0xFF, 0xFF, 0xFF, 0xFF, 0xB4, 0x22, 0x7E, 0xFF, 0xFF, 
0xFF, 0xFF, 0xFF, 0xFF, 0xFF, 0xFF, 0xFF, 0xFF, 0xFB, 0x22, 0x23, 0x52, 0x22, 0x23, 0xFF, 0xFF, 
0xFF, 0xFF, 0xFF, 0xFF, 0xFF, 0xFF, 0xC5, 0x22, 0x7E, 0xFF, 0xFF, 0xFF, 0xFF, 0xFF, 0xFF, 0xFF, 
0xFF, 0xFF, 0xFF, 0xFF, 0xF4, 0x22, 0x2B, 0xFE, 0xD3, 0x22, 0x8F, 0xFF, 0xFF, 0xFF, 0xFF, 0xFF, 
0xFF, 0xFA, 0x22, 0x4C, 0xFF, 0xFF, 0xFF, 0xFF, 0xFF, 0xFF, 0xFF, 0xFF, 0xFF, 0xFF, 0xFF, 0xFF, 
0x92, 0x22, 0x6F, 0xFF, 0xC2, 0x22, 0x26, 0xEF, 0xFF, 0xFF, 0xFF, 0xFF, 0xFF, 0x92, 0x28, 0xFF, 
0xFF, 0xFF, 0xFF, 0xFF, 0xFF, 0xFF, 0xFF, 0xFF, 0xFF, 0xFF, 0xFF, 0xFF, 0x32, 0x22, 0xCF, 0xFF, 
0x42, 0x68, 0x32, 0x4F, 0xFF, 0xFF, 0xFF, 0xFF, 0xF8, 0x23, 0xCF, 0xFF, 0xFF, 0xFF, 0xFF, 0xFF, 
0xFF, 0xFF, 0xFF, 0xFF, 0xFF, 0xFF, 0xFF, 0xFA, 0x22, 0x25, 0xFF, 0xFF, 0x22, 0xDF, 0xFC, 0xDF, 
0xFF, 0xFF, 0xFF, 0xFF, 0x92, 0x3E, 0xFF, 0xFF, 0xFF, 0xFF, 0xFF, 0xFF, 0xFF, 0xFF, 0xFF, 0xFF, 
0xFF, 0xFF, 0xFF, 0xF5, 0x22, 0x2A, 0xFF, 0xFF, 0x32, 0xCF, 0xFF, 0xFF, 0xFF, 0xFF, 0xFF, 0xFC, 
0x23, 0xDF, 0xFF, 0xFF, 0xFF, 0xFF, 0xFF, 0xFF, 0xFF, 0xFF, 0xFF, 0xFF, 0xDB, 0xAA, 0x99, 0x72, 
0x22, 0x2E, 0xFF, 0xFF, 0xA2, 0x3B, 0xFF, 0xFF, 0xFF, 0xFF, 0xFF, 0xF3, 0x2A, 0xFF, 0xFF, 0xFF, 
0xFF, 0xFF, 0xFF, 0xFF, 0xFF, 0xFF, 0xD7, 0x42, 0x22, 0x22, 0x22, 0x22, 0x22, 0x2C, 0xFF, 0xFF, 
0xF2, 0x22, 0x3B, 0xFF, 0xFF, 0xFF, 0xFF, 0x82, 0x6F, 0xFF, 0xFF, 0xFF, 0xFF, 0xFF, 0xFF, 0xFF, 
0xFF, 0xFA, 0x22, 0x22, 0x22, 0x22, 0x22, 0x22, 0x22, 0x22, 0x5A, 0xFF, 0xF4, 0x23, 0x6A, 0xFF, 
0xFF, 0xFF, 0xFC, 0x23, 0xEF, 0xFF, 0xFF, 0xFF, 0xFF, 0xFF, 0xFF, 0xFF, 0xFF, 0xF3, 0x22, 0x22, 
0x22, 0x22, 0x22, 0x22, 0x22, 0x22, 0x22, 0x37, 0xD4, 0x2A, 0xFF, 0xFF, 0xFF, 0xFF, 0xE4, 0x29, 
0xFF, 0xFF, 0xFF, 0xFF, 0xFF, 0xFF, 0xFF, 0xFF, 0xFF, 0xD2, 0x22, 0x22, 0x22, 0x22, 0x22, 0x22, 
0x22, 0x22, 0x22, 0x22, 0x22, 0x25, 0xFF, 0xFF, 0xFF, 0xFE, 0x42, 0x6F, 0xFF, 0xFF, 0xFF, 0xFF, 
0xFF, 0xFF, 0xFF, 0xFF, 0xFF, 0xB2, 0x22, 0x22, 0x22, 0x22, 0x22, 0x22, 0x22, 0x22, 0x22, 0x22, 
0x22, 0x22, 0x4B, 0xFF, 0xFD, 0x83, 0x24, 0xEF, 0xFF, 0xFF, 0xFF, 0xFF, 0xFF, 0xFF, 0xFF, 0xFF, 
0xFF, 0xA2, 0x22, 0x22, 0x22, 0x22, 0x22, 0x22, 0x22, 0x22, 0x22, 0x22, 0x22, 0x22, 0x22, 0x22, 
0x22, 0x22, 0x6E, 0xFF, 0xFF, 0xFF, 0xFF, 0xFF, 0xFF, 0xFF, 0xFF, 0xFF, 0xFF, 0xA2, 0x22, 0x22, 
0x22, 0x22, 0x22, 0x22, 0x22, 0x22, 0x22, 0x22, 0x22, 0x22, 0x22, 0x25, 0xCA, 0xBD, 0xFF, 0xFF, 
0xFF, 0xFF, 0xFF, 0xFF, 0xFF, 0xFF, 0xFF, 0xFF, 0xFF, 0xC2, 0x22, 0x22, 0x22, 0x22, 0x22, 0x22, 
0x22, 0x22, 0x22, 0x22, 0x22, 0x22, 0x22, 0x24, 0xFF, 0xFF, 0xFF, 0xFF, 0xFF, 0xFF, 0xFF, 0xFF, 
0xFF, 0xFF, 0xFF, 0xFF, 0xFF, 0xE2, 0x22, 0x22, 0x22, 0x22, 0x22, 0x22, 0x22, 0x22, 0x22, 0x22, 
0x22, 0x22, 0x22, 0x22, 0x9F, 0xFF, 0xFF, 0xFF, 0xFF, 0xFF, 0xFF, 0xFF, 0xFF, 0xFF, 0xFF, 0xFF, 
0xFF, 0xF4, 0x22, 0x22, 0x22, 0x22, 0x22, 0x22, 0x22, 0x22, 0x22, 0x22, 0x22, 0x22, 0x22, 0x22, 
0x26, 0xFF, 0xFF, 0xFF, 0xFF, 0xFF, 0xFF, 0xFF, 0xFF, 0xFF, 0xFF, 0xFF, 0xFF, 0xF9, 0x22, 0x22, 
0x22, 0x22, 0x22, 0x22, 0x22, 0x22, 0x22, 0x22, 0x22, 0x22, 0x22, 0x22, 0x22, 0x6F, 0xFF, 0xFF, 
0xFF, 0xFF, 0xFF, 0xFF, 0xFF, 0xFF, 0xFF, 0xFF, 0xFF, 0xFE, 0x22, 0x22, 0x22, 0x22, 0x22, 0x22, 
0x22, 0x22, 0x22, 0x22, 0x22, 0x22, 0x22, 0x22, 0x22, 0x2C, 0xFF, 0xFF, 0xFF, 0xFF, 0xFF, 0xFF, 
0xFF, 0xFF, 0xFF, 0xFF, 0xFF, 0xFF, 0x82, 0x22, 0x22, 0x22, 0x22, 0x22, 0x22, 0x22, 0x22, 0x22, 
0x22, 0x22, 0x22, 0x22, 0x22, 0x2D, 0xFF, 0xFF, 0xFF, 0xFF, 0xFF, 0xFF, 0xFF, 0xFF, 0xFF, 0xFF, 
0xFF, 0xFF, 0xE3, 0x22, 0x22, 0x22, 0x22, 0x22, 0x22, 0x22, 0x22, 0x22, 0x22, 0x22, 0x22, 0x22, 
0x22, 0x4F, 0xFF, 0xFF, 0xFF, 0xFF, 0xFF, 0xFF, 0xFF, 0xFF, 0xFF, 0xFF, 0xFF, 0xFF, 0xFB, 0x22, 
0x22, 0x22, 0x22, 0x22, 0x22, 0x22, 0x22, 0x22, 0x22, 0x22, 0x22, 0x22, 0x22, 0xBF, 0xFF, 0xFF, 
0xFF, 0xFF, 0xFF, 0xFF, 0xFF, 0xFF, 0xFF, 0xFF, 0xFF, 0xFF, 0xFF, 0x82, 0x22, 0x22, 0x22, 0x22, 
0x22, 0x22, 0x22, 0x22, 0x22, 0x22, 0x22, 0x22, 0x25, 0xFF, 0xFF, 0xFF, 0xFF, 0xFF, 0xFF, 0xFF, 
0xFF, 0xFF, 0xFF, 0xFF, 0xFF, 0xFF, 0xFF, 0xF7, 0x22, 0x22, 0x22, 0x22, 0x22, 0x22, 0x22, 0x22, 
0x22, 0x22, 0x22, 0x22, 0x3E, 0xFF, 0xFF, 0xFF, 0xFF, 0xFF, 0xFF, 0xFF, 0xFF, 0xFF, 0xFF, 0xFF, 
0xFF, 0xFF, 0xFF, 0xFF, 0x72, 0x22, 0x22, 0x22, 0x22, 0x22, 0x22, 0x22, 0x22, 0x22, 0x22, 0x23, 
0xDF, 0xFF, 0xFF, 0xFF, 0xFF, 0xFF, 0xFF, 0xFF, 0xFF, 0xFF, 0xFF, 0xFF, 0xFF, 0xFF, 0xFF, 0xFF, 
0xFA, 0x22, 0x22, 0x22, 0x22, 0x22, 0x22, 0x22, 0x22, 0x22, 0x22, 0x5E, 0xFF, 0xFF, 0xFF, 0xFF, 
0xFF, 0xFF, 0xFF, 0xFF, 0xFF, 0xFF, 0xFF, 0xFF, 0xFF, 0xFF, 0xFF, 0xFF, 0xFF, 0xE7, 0x22, 0x22, 
0x22, 0x22, 0x22, 0x22, 0x22, 0x22, 0x3A, 0xFF, 0xFF, 0xFF, 0xFF, 0xFF, 0xFF, 0xFF, 0xFF, 0xFF, 
0xFF, 0xFF, 0xFF, 0xFF, 0xFF, 0xFF, 0xFF, 0xFF, 0xFF, 0xFF, 0xD8, 0x32, 0x22, 0x22, 0x22, 0x22, 
0x22, 0x5A, 0xFF, 0xFF, 0xFF, 0xFF, 0xFF, 0xFF, 0xFF, 0xFF, 0xFF, 0xFF, 0xFF, 0xFF, 0xFF, 0xFF, 
0xFF, 0xFF, 0xFF, 0xFF, 0xFF, 0xFF, 0xFF, 0xFD, 0xA8, 0x65, 0x66, 0x79, 0xBE, 0xFF, 0xFF, 0xFF, 
0xFF, 0xFF, 0xFF, 0xFF, 0xFF, 0xFF, 0xFF, 0xFF, 0xFF, 0xFF, 0xFF, 0xFF, 0xFF, 0xFF, 0xFF, 0xFF, 
0xFF, 0xFF, 0xFF, 0xFF, 0xFF, 0xFF, 0xFF, 0xFF, 0xFF, 0xFF, 0xFD, 0x5A, 0x87, 0x9F, 0xFF, 0xFF, 
0xFF, 0xFF, 0xFF, 0xFF, 0xFF, 0xFF, 0xFB, 0x22, 0x22, 0x24, 0xFF, 0xFF, 0xFF, 0xFF, 0xFF, 0xFF, 
0xFF, 0xF9, 0x53, 0x22, 0x22, 0x22, 0xBF, 0xFF, 0xFF, 0xFF, 0xFF, 0xFF, 0xFF, 0xFC, 0x22, 0x22, 
0x22, 0x22, 0xAF, 0xFF, 0xFF, 0xFF, 0xFF, 0xFF, 0xFF, 0xFF, 0x32, 0x22, 0x22, 0x22, 0xBF, 0xFF, 
0xFF, 0xFF, 0xFF, 0xFF, 0xFF, 0xFF, 0x62, 0x22, 0x22, 0x22, 0xEF, 0xF8, 0x5B, 0xFF, 0xFF, 0xFF, 
0xFF, 0xFF, 0xC2, 0x22, 0x22, 0x26, 0xFC, 0x42, 0x22, 0xBF, 0xFF, 0xFF, 0xFF, 0xFF, 0xFD, 0x86, 
0x32, 0x24, 0x72, 0x22, 0x23, 0xAF, 0xFF, 0xFF, 0xFF, 0xFF, 0xFF, 0xFF, 0xF4, 0x22, 0x22, 0x22, 
0x2A, 0xFF, 0xFF, 0xFF, 0xFF, 0xFF, 0xCB, 0xEF, 0xF5, 0x22, 0x22, 0x22, 0x8F, 0xCE, 0xFF, 0xFF, 
0xFF, 0xF7, 0x22, 0x25, 0x52, 0x22, 0x22, 0x4E, 0xE6, 0x28, 0xFF, 0xFF, 0xFF, 0xD2, 0x22, 0x22, 
0x22, 0x22, 0x22, 0x23, 0x22, 0x29, 0xFF, 0xFF, 0xFF, 0x82, 0x22, 0x22, 0x22, 0x22, 0x22, 0x22, 
0x22, 0x2D, 0xFF, 0xFF, 0xFF, 0x62, 0x22, 0x35, 0x22, 0x22, 0x22, 0x22, 0x22, 0xAF, 0xFF, 0xFF, 
0xFF, 0x74, 0xCE, 0xFF, 0x52, 0x22, 0x22, 0x22, 0x22, 0xDB, 0xCF, 0xFF, 0xFF, 0xDE, 0xFF, 0xFF, 
0xF6, 0x22, 0x22, 0x22, 0x22, 0x22, 0xCF, 0xFF, 0xFF, 0xFF, 0xFF, 0xF6, 0xBA, 0x22, 0x22, 0x25, 
0x84, 0x23, 0xBF, 0xFF, 0xFF, 0xFF, 0xFF, 0xF4, 0x22, 0x7A, 0xAA, 0xEF, 0xF6, 0x6F, 0xFF, 0xFF, 
0xFF, 0xFF, 0xFF, 0xFC, 0xD5, 0x9F, 0xFF, 0xFF, 0xF7, 0xDF, 0xFF, 0xFF, 0xFF, 0xFF, 0xFF, 0xFF, 
0xFE, 0xCF, 0xFF, 0xFF, 0xFF, 0xFF, 0xFF, 0xAD, 0xFF, 0xFF, 0xFF, 0xFF, 0xFF, 0xFF, 0xFF, 0xFF, 
0xFF, 0xFF, 0xFF, 0xD8, 0xFF, 0xFF, 0xFF, 0xFF, 0xFF, 0xFF, 0xFF, 0xFF, 0xFF, 0xFF, 0xEE, 0xF9, 
0xBF, 0xFF, 0xFF, 0xFF, 0xFF, 0xFF, 0xFF, 0xFF, 0xFF, 0xFF, 0xF9, 0xFF, 0xDF, 0xFF, 0xFF, 0xFF, 
0xFF, 0xFF, 0xFF, 0xFF, 0xFF, 0xFF, 0xFB, 0xEF, 0xFF, 0xFF, 0xFF, 0xFF, 0xFF, 0xFF, 0xFF, 0xFF, 
0xFF, 0xFF, 0xFF, 0xFF, 0xFF, 0xFF, 0xFF, 0xFF, 0xFF, 0xFF, 0xFF, 0xFF, 0xFF, 0xFF, 0xFF, 0xFF, 
0xFF, 0xFF, 0xFF, 0xFF, 0xFF, 0xFF, 0xFF, 0xFF, 0xFF, 0x79, 0xDF, 0xFF, 0xFF, 0xFF, 0xFF, 0xFF, 
0xFF, 0xFF, 0xFF, 0xFF, 0xFF, 0xFF, 0xFF, 0xFF, 0xFF, 0xFF, 0xFF, 0xFF, 0xFF, 0xFF, 0xFF, 0xFF, 
0xFF, 0xFF, 0xFF, 0xFF, 0xFF, 0xFF, 0xFF, 0xF9, 0x56, 0x2D, 0xFF, 0xFF, 0xE9, 0x8F, 0xFF, 0xFF, 
0xFF, 0xFF, 0xFF, 0xFF, 0xFF, 0xFF, 0xFF, 0xFF, 0xFF, 0xFF, 0xFF, 0xFF, 0xFF, 0xFF, 0xFF, 0xFF, 
0xFF, 0xFB, 0x86, 0x56, 0xDF, 0xFF, 0xF3, 0xD7, 0x5F, 0xFF, 0xD6, 0x22, 0x2E, 0xFF, 0xFF, 0xFF, 
0xFF, 0xFF, 0xFF, 0xFF, 0xFF, 0xFF, 0xFF, 0xFF, 0xFF, 0xFF, 0xFF, 0xFF, 0xFF, 0xFF, 0xFF, 0xE8, 
0x33, 0x75, 0x22, 0x3C, 0xFF, 0x84, 0xD2, 0xBF, 0xE6, 0x22, 0x22, 0x2B, 0xFF, 0xFF, 0xFF, 0xFF, 
0xFF, 0xFF, 0xFF, 0xFF, 0xFF, 0xFF, 0xFF, 0xFF, 0xFF, 0xFF, 0xFF, 0xFF, 0xFD, 0x95, 0x22, 0x26, 
0xFF, 0x82, 0x22, 0x55, 0x23, 0x32, 0xD9, 0x32, 0x22, 0x55, 0x28, 0xFF, 0xFF, 0xFF, 0xFF, 0xFF, 
0xFF, 0xFF, 0xFF, 0xFF, 0xFF, 0xFF, 0xFF, 0xFF, 0xFF, 0xFF, 0xFB, 0x42, 0x22, 0x22, 0x22, 0x6F, 
0xA2, 0x22, 0x56, 0x53, 0x22, 0x22, 0x22, 0x7D, 0xFC, 0x27, 0xFF, 0xFF, 0xFF, 0xFF, 0xFF, 0xFF, 
0xFF, 0xFF, 0xFF, 0xFF, 0xFF, 0xFF, 0xFF, 0xFF, 0xFD, 0x52, 0x22, 0x33, 0x22, 0x22, 0x2C, 0x62, 
0x23, 0xFF, 0xFF, 0xD5, 0x22, 0x4C, 0xFF, 0xFF, 0x25, 0xFF, 0xFF, 0xFF, 0xFF, 0xFF, 0xFF, 0xFF, 
0xFF, 0xFF, 0xFF, 0xFF, 0xFF, 0xFF, 0xFF, 0xB2, 0x23, 0x8D, 0xFF, 0x72, 0x22, 0x23, 0x22, 0x22, 
0x23, 0x58, 0xB5, 0x27, 0xFF, 0xFF, 0xFF, 0x25, 0xFF, 0xFF, 0xFF, 0xFF, 0xFF, 0xFF, 0xFF, 0xFF, 
0xFF, 0xFF, 0xFF, 0xFF, 0xFF, 0xFB, 0x24, 0xAF, 0xFB, 0x86, 0x42, 0x22, 0x22, 0x22, 0x22, 0x22, 
0x22, 0x22, 0x4F, 0xFF, 0xDE, 0xFF, 0x35, 0xFF, 0xFF, 0xFF, 0xFF, 0xFF, 0xFF, 0xFF, 0xFF, 0xFF, 
0xFF, 0xFF, 0xFF, 0xFF, 0xD5, 0xBF, 0xFE, 0x52, 0x22, 0x22, 0x22, 0x22, 0x22, 0x22, 0x22, 0x22, 
0x22, 0xDF, 0xFB, 0x5F, 0xFF, 0x36, 0xFF, 0xFF, 0xFF, 0xFF, 0xFF, 0xFF, 0xFF, 0xFF, 0xFF, 0xFF, 
0xFF, 0xFF, 0xFF, 0xFF, 0xFF, 0xE4, 0x22, 0x22, 0x22, 0x22, 0x22, 0x22, 0x22, 0x22, 0x22, 0x26, 
0xFF, 0x92, 0xAF, 0xFF, 0x28, 0xFF, 0xFF, 0xFF, 0xFF, 0xFF, 0xFF, 0xFF, 0xFF, 0xFF, 0xFF, 0xFF, 
0xFF, 0xFF, 0xFF, 0xFF, 0x52, 0x26, 0xB6, 0x22, 0x22, 0x22, 0x22, 0x22, 0x22, 0x22, 0x2D, 0xF8, 
0x23, 0xFF, 0xFD, 0x2A, 0xFF, 0xFF, 0xFF, 0xFF, 0xFF, 0xFF, 0xFF, 0xFF, 0xFF, 0xFF, 0xFF, 0xFF, 
0xFF, 0xFF, 0xFA, 0x24, 0xCF, 0xA2, 0x22, 0x22, 0x22, 0x22, 0x22, 0x22, 0x22, 0x6F, 0xB2, 0x29, 
0xFF, 0xF9, 0x2D, 0xFF, 0xFF, 0xFF, 0xFF, 0xFF, 0xFF, 0xFF, 0xFF, 0xFF, 0xFF, 0xFF, 0xFF, 0xFF, 
0xFF, 0xF4, 0x4E, 0xF8, 0x22, 0x22, 0x22, 0x22, 0x22, 0x22, 0x22, 0x22, 0xAF, 0x52, 0x3F, 0xFF, 
0xF5, 0x3F, 0xFF, 0xFF, 0xFF, 0xFF, 0xFF, 0xFF, 0xFF, 0xFF, 0xFF, 0xFF, 0xFF, 0xFF, 0xFF, 0xFF, 
0xF2, 0xCF, 0xD2, 0x22, 0x22, 0x22, 0x26, 0x62, 0x22, 0x22, 0x22, 0xBE, 0x22, 0x8F, 0xFF, 0xC2, 
0x6F, 0xFF, 0xFF, 0xFF, 0xFF, 0xFF, 0xFF, 0xFF, 0xFF, 0xFF, 0xFF, 0xFF, 0xFF, 0xFF, 0xFF, 0xF7, 
0xFF, 0xC2, 0x22, 0x22, 0x47, 0xCF, 0xE3, 0x22, 0x22, 0x22, 0x58, 0x22, 0xCF, 0xFF, 0x52, 0x4B, 
0xFF, 0xFF, 0xFF, 0xFF, 0xFF, 0xFF, 0xFF, 0xFF, 0xFF, 0xFF, 0xFF, 0xFF, 0xFF, 0xFF, 0xFE, 0xFF, 
0xB2, 0x23, 0xBF, 0xFF, 0xFF, 0xFC, 0x22, 0x22, 0x22, 0x22, 0x22, 0xEF, 0xF9, 0x22, 0x22, 0x6F, 
0xFF, 0xFF, 0xFF, 0xFF, 0xFF, 0xFF, 0xFF, 0xFF, 0xFF, 0xD6, 0x57, 0xEF, 0xFF, 0xFF, 0xFF, 0xA2, 
0x2D, 0xFF, 0xFF, 0xFF, 0xEA, 0x42, 0x22, 0x22, 0x22, 0x22, 0xDC, 0x72, 0x22, 0x22, 0x2B, 0xFF, 
0xFF, 0xFF, 0xFF, 0xFF, 0xFF, 0xFF, 0xFF, 0xFD, 0x23, 0xB5, 0x6F, 0xFF, 0xFF, 0xFF, 0x82, 0x2E, 
0xFF, 0xFD, 0x62, 0x22, 0x2A, 0xEB, 0x22, 0x22, 0x22, 0x22, 0x22, 0x22, 0x22, 0x28, 0xFF, 0xFF, 
0xFF, 0xFF, 0xFF, 0xFF, 0xFF, 0xFF, 0xF8, 0x27, 0xF5, 0x2F, 0xFF, 0xFF, 0xFF, 0x72, 0x22, 0x24, 
0x72, 0x49, 0x93, 0x2D, 0xFF, 0x22, 0x22, 0x22, 0x22, 0x22, 0x22, 0x22, 0x26, 0xFF, 0xFF, 0xFF, 
0xFF, 0xFF, 0xFF, 0xFF, 0xFF, 0xF8, 0x25, 0x82, 0x28, 0xFF, 0xFF, 0xFF, 0x52, 0x3D, 0xE9, 0x24, 
0xFF, 0xFD, 0x28, 0xFF, 0x62, 0x22, 0x22, 0x22, 0x22, 0x22, 0x22, 0x26, 0xFF, 0xFF, 0xFF, 0xFF, 
0xFF, 0xFF, 0xFF, 0xFF, 0xFB, 0x22, 0x22, 0x22, 0x5C, 0xFF, 0xFF, 0x32, 0x6F, 0xFF, 0x43, 0x66, 
0xFF, 0x57, 0xFF, 0xC2, 0x22, 0x22, 0x22, 0x22, 0x22, 0x22, 0x25, 0xFF, 0xFF, 0xFF, 0xFF, 0xFF, 
0xFF, 0xFF, 0xFF, 0xFE, 0x22, 0x22, 0x8F, 0xC4, 0x7E, 0xFF, 0x92, 0x37, 0xFF, 0x92, 0x22, 0xDF, 
0x7B, 0xFF, 0xF4, 0x22, 0x22, 0x22, 0x22, 0x25, 0x82, 0x25, 0xFF, 0xFF, 0xFF, 0xFF, 0xFF, 0xFF, 
0xFF, 0xFF, 0xF9, 0x32, 0x22, 0xDF, 0xFF, 0x54, 0xEF, 0xF7, 0x22, 0xDF, 0xB2, 0x22, 0xFF, 0x8C, 
0xFF, 0xF7, 0x22, 0x22, 0x22, 0x22, 0x28, 0xF9, 0x24, 0xFF, 0xFF, 0xFF, 0xFF, 0xFF, 0xFF, 0xFF, 
0xFF, 0xF5, 0xAE, 0x62, 0xFF, 0xFF, 0xE4, 0x4E, 0xFB, 0x22, 0x6F, 0xD2, 0x22, 0xCF, 0x7B, 0xFF, 
0xF7, 0x22, 0x22, 0x22, 0x22, 0x23, 0xDF, 0x54, 0xFF, 0xFF, 0xFF, 0xFF, 0xFF, 0xFF, 0xFF, 0xFF, 
0xF3, 0xCF, 0xFD, 0xFF, 0xFF, 0xFE, 0x34, 0xCB, 0x22, 0x29, 0x62, 0x22, 0x39, 0x4A, 0xFF, 0xE3, 
0x22, 0x22, 0x22, 0x22, 0x22, 0x4E, 0xD2, 0xDF, 0xFF, 0xFF, 0xFF, 0xFF, 0xFF, 0xFF, 0xFF, 0xF3, 
0xCF, 0xFF, 0xFF, 0xFF, 0xFF, 0xD4, 0x22, 0x25, 0x42, 0x28, 0xBC, 0xB9, 0x79, 0xFF, 0x72, 0x22, 
0x22, 0x22, 0x22, 0x22, 0x24, 0xF9, 0x6F, 0xFF, 0xFF, 0xFF, 0xFF, 0xFF, 0xFF, 0xFF, 0xF4, 0xAF, 
0xFF, 0xFF, 0xFF, 0xFF, 0xFF, 0x72, 0xBF, 0xE4, 0xDF, 0xFF, 0xFF, 0xFF, 0xFF, 0xB2, 0x22, 0x22, 
0x22, 0x22, 0x22, 0x22, 0x6F, 0xAF, 0xFF, 0xFF, 0xFF, 0xFF, 0xFF, 0xFF, 0xFF, 0xF7, 0x6F, 0xFD, 
0xFF, 0xFF, 0xFF, 0xFF, 0xFE, 0xFF, 0xFF, 0xFF, 0xFF, 0xFF, 0xFF, 0xFF, 0xE2, 0x22, 0x22, 0x22, 
0x22, 0x57, 0x22, 0x2C, 0xFF, 0xFF, 0xFF, 0xFF, 0xFF, 0xFF, 0xFF, 0xFF, 0xFB, 0x2D, 0xF4, 0xAF, 
0xFF, 0xFF, 0xFF, 0xFF, 0xFF, 0xFF, 0xFB, 0x64, 0xCF, 0xFF, 0xFF, 0xD2, 0x22, 0x22, 0x22, 0x22, 
0xAF, 0x52, 0x28, 0xFF, 0xFF, 0xFF, 0xFF, 0xFF, 0xFF, 0xFF, 0xFF, 0xFD, 0x23, 0x52, 0x25, 0x9C, 
0xFF, 0xFF, 0xFF, 0xFD, 0xA6, 0x22, 0x63, 0x5F, 0xFF, 0xFF, 0x62, 0x22, 0x22, 0x22, 0x22, 0xBF, 
0xA2, 0x27, 0xFF, 0xFF, 0xFF, 0xFF, 0xFF, 0xFF, 0xFF, 0xFF, 0xFF, 0x23, 0x92, 0x25, 0xA5, 0x23, 
0x45, 0x44, 0x22, 0x22, 0xCE, 0xB2, 0x8F, 0xFF, 0xFD, 0x75, 0x22, 0x22, 0x22, 0x22, 0x9F, 0xD2, 
0x28, 0xFF, 0xFF, 0xFF, 0xFF, 0xFF, 0xFF, 0xFF, 0xFF, 0xFF, 0x38, 0xF5, 0x26, 0xFB, 0x22, 0x22, 
0x22, 0x22, 0x22, 0x72, 0x4A, 0xFF, 0xFF, 0xFF, 0xF9, 0x22, 0x22, 0x22, 0x22, 0x7F, 0xF2, 0x2B, 
0xFF, 0xFF, 0xFF, 0xFF, 0xFF, 0xFF, 0xFF, 0xFF, 0xFF, 0x73, 0xF5, 0x22, 0xF8, 0x22, 0x22, 0x22, 
0x22, 0x36, 0x8A, 0xFF, 0xFF, 0xFF, 0xFF, 0xF5, 0x22, 0x22, 0x22, 0x22, 0x6F, 0xF3, 0x2F, 0xFF, 
0xFF, 0xFF, 0xFF, 0xFF, 0xFF, 0xFF, 0xFF, 0xFF, 0xB2, 0x42, 0x22, 0x83, 0x22, 0x22, 0x22, 0x39, 
0xFF, 0xFF, 0xFF, 0xFF, 0xFF, 0xFF, 0xB2, 0x22, 0x22, 0x22, 0x22, 0x8F, 0xF3, 0x7F, 0xFF, 0xFF, 
0xFF, 0xFF, 0xFF, 0xFF, 0xFF, 0xFF, 0xFF, 0xF3, 0x27, 0x75, 0x32, 0x22, 0x22, 0x28, 0xEF, 0xFF, 
0xFF, 0xFF, 0xFA, 0x7F, 0xFF, 0x42, 0x22, 0x22, 0x22, 0x22, 0xCF, 0xF3, 0xCF, 0xFF, 0xFF, 0xFF, 
0xFF, 0xFF, 0xFF, 0xFF, 0xFF, 0xFF, 0xF7, 0x28, 0xCD, 0xD4, 0x25, 0x9B, 0xFF, 0xFF, 0x93, 0x34, 
0x44, 0x22, 0xDF, 0xFA, 0x22, 0x22, 0x22, 0x22, 0x24, 0xFF, 0xF4, 0xFF, 0xFF, 0xFF, 0xFF, 0xFF, 
0xFF, 0xFF, 0xFF, 0xFF, 0xFF, 0xFF, 0x83, 0x22, 0x22, 0x8F, 0xFF, 0xFF, 0xE6, 0x22, 0x22, 0x22, 
0x25, 0xFF, 0xF4, 0x22, 0x32, 0x22, 0x3C, 0x2C, 0xFF, 0xFA, 0xFF, 0xFF, 0xFF, 0xFF, 0xFF, 0xFF, 
0xFF, 0xFF, 0xFF, 0xFF, 0xFF, 0xFF, 0x92, 0x3D, 0xFF, 0xFF, 0xF9, 0x32, 0x7D, 0xED, 0xB5, 0x29, 
0xFF, 0xFC, 0xBE, 0x72, 0x22, 0x9F, 0xAF, 0xFF, 0xFF, 0xFF, 0xFF, 0xFF, 0xFF, 0xFF, 0xFF, 0xFF, 
0xFF, 0xFF, 0xFF, 0xFF, 0xFF, 0xFC, 0x3B, 0xFF, 0xD8, 0x32, 0x6D, 0xFF, 0xFF, 0xF6, 0x2D, 0xFF, 
0xFF, 0xF9, 0x22, 0x22, 0xCF, 0xFF, 0xFF, 0xFF, 0xFF, 0xFF, 0xFF, 0xFF, 0xFF, 0xFF, 0xFF, 0xFF, 
0xFF, 0xFF, 0xFF, 0xFF, 0xFF, 0xC4, 0x43, 0x23, 0x7C, 0xFF, 0xFF, 0xFF, 0xC2, 0x6F, 0xFF, 0xFF, 
0xFB, 0x22, 0x22, 0x7F, 0xFF, 0xFF, 0xFF, 0xFF, 0xFF, 0xFF, 0xFF, 0xFF, 0xFF, 0xFF, 0xFF, 0xFF, 
0xFF, 0xFF, 0xFF, 0xFF, 0xFF, 0xCB, 0xCF, 0xFF, 0xFF, 0xFF, 0xB7, 0x22, 0xDF, 0xFF, 0xFF, 0xFF, 
0x22, 0x22, 0x2D, 0xFF, 0xFF, 0xFF, 0xFF, 0xFF, 0xFF, 0xFF, 0xFF, 0xFF, 0xFF, 0xFF, 0xFF, 0xFF, 
0xFF, 0xFF, 0xFF, 0xFF, 0xFF, 0xFF, 0xFF, 0xFF, 0xF4, 0x22, 0x27, 0xFF, 0xFF, 0xFF, 0xF8, 0x22, 
0x22, 0x2A, 0xFF, 0xFF, 0xFF, 0xFF, 0xFF, 0xFF, 0xFF, 0xFF, 0xFF, 0xFF, 0xFF, 0xFF, 0xFF, 0xFF, 
0xFF, 0xFF, 0xFF, 0xFF, 0xFF, 0xFF, 0xFF, 0xA2, 0x22, 0x2E, 0xFF, 0xFF, 0xFF, 0xE2, 0x22, 0x22, 
0x2C, 0xFF, 0xFF, 0xFF, 0xFF, 0xFF, 0xFF, 0xFF, 0xFF, 0xFF, 0xFF, 0xFF, 0xFF, 0xFF, 0xFF, 0xFF, 
0xFF, 0xFF, 0xFF, 0xFF, 0xFF, 0xFF, 0x52, 0x22, 0x8F, 0xFF, 0xFF, 0xFF, 0x62, 0x22, 0x22, 0x5F, 
0xFF, 0xFF, 0xFF, 0xFF, 0xFF, 0xFF, 0xFF, 0xFF, 0xFF, 0xFF, 0xFF, 0xFF, 0xFF, 0xFF, 0xFF, 0xFF, 
0xFF, 0xFF, 0xFF, 0xFF, 0xFE, 0x22, 0x23, 0xFF, 0xFF, 0xFF, 0xFA, 0x22, 0x22, 0x22, 0xDF, 0xFF, 
0xFF, 0xFF, 0xFF, 0xFF, 0xFF, 0xFF, 0xFF, 0xFF, 0xFF, 0xFF, 0xFF, 0xFF, 0xFF, 0xFF, 0xFF, 0xFF, 
0xFF, 0xFF, 0xFF, 0xF8, 0x22, 0x2A, 0xFF, 0xFF, 0xFF, 0xD2, 0x22, 0x22, 0x2A, 0xFF, 0xFF, 0xFF, 
0xFF, 0xFF, 0xFF, 0xFF, 0xFF, 0xFF, 0xFF, 0xFF, 0xFF, 0xFF, 0xFF, 0xFF, 0xFF, 0xFF, 0xFF, 0xFF, 
0xFF, 0xFF, 0xF3, 0x22, 0x4F, 0xFF, 0xFF, 0xFF, 0x52, 0x22, 0x22, 0x7F, 0xFF, 0xFF, 0xFF, 0xFF, 
0xFF, 0xFF, 0xFF, 0xFF, 0xFF, 0xFF, 0xFF, 0xFF, 0xFF, 0xFF, 0xFF, 0xFF, 0xFF, 0xFF, 0xFF, 0xFF, 
0xFF, 0xA2, 0x22, 0xBF, 0xFF, 0xFF, 0xF8, 0x22, 0x22, 0x25, 0xFF, 0xFF, 0xFF, 0xFF, 0xFF, 0xFF, 
0xFF, 0xFF, 0xFF, 0xFF, 0xFF, 0xFF, 0xFF, 0xFF, 0xFF, 0xFF, 0xFF, 0xFF, 0xFF, 0xFF, 0xFF, 0xFE, 
0x32, 0x25, 0xFF, 0xFF, 0xFF, 0xB2, 0x22, 0x22, 0x3E, 0xFF, 0xFF, 0xFF, 0xFF, 0xFF, 0xFF, 0xFF, 
0xFF, 0xFF, 0xFF, 0xFF, 0xFF, 0xFF, 0xFF, 0xFF, 0xFF, 0xFF, 0xFF, 0xFF, 0xFF, 0xFF, 0xF7, 0x22, 
0x2A, 0xFF, 0xFF, 0xFD, 0x22, 0x22, 0x22, 0xAF, 0xFF, 0xFF, 0xFF, 0xFF, 0xFF, 0xFF, 0xFF, 0xFF, 
0xFF, 0xFF, 0xFF, 0xFF, 0xFF, 0xFF, 0xFF, 0xFF, 0xFF, 0xFF, 0xFF, 0xFF, 0xFF, 0xB2, 0x22, 0x2E, 
0xFF, 0xFF, 0xE3, 0x22, 0x22, 0x26, 0xFF, 0xFF, 0xFF, 0xFF, 0xFF, 0xFF, 0xFF, 0xFF, 0xFF, 0xFF, 
0xFF, 0xFF, 0xFF, 0xFF, 0xFF, 0xFF, 0xFF, 0xFF, 0xFF, 0xFF, 0xFF, 0xFF, 0x32, 0x22, 0x3F, 0xFF, 
0xFE, 0x42, 0x22, 0x22, 0x2E, 0xFF, 0xFF, 0xFF, 0xFF, 0xFF, 0xFF, 0xFF, 0xFF, 0xFF, 0xFF, 0xFF, 
0xFF, 0xFF, 0xFF, 0xFF, 0xFF, 0xFF, 0xFF, 0xFF, 0xFF, 0xFF, 0xF9, 0x22, 0x22, 0x3F, 0xFF, 0xB3, 
0x22, 0x22, 0x22, 0x9F, 0xFF, 0xFF, 0xFF, 0xFF, 0xFF, 0xFF, 0xFF, 0xFF, 0xFF, 0xFF, 0xFF, 0xFF, 
0xFF, 0xFF, 0xFF, 0xFF, 0xFF, 0xFF, 0xFF, 0xFF, 0xFF, 0xF3, 0x22, 0x22, 0x24, 0x75, 0x22, 0x22, 
0x22, 0x23, 0xFF, 0xFF, 0xFF, 0xFF, 0xFF, 0xFF, 0xFF, 0xFF, 0xFF, 0xFF, 0xFF, 0xFF, 0xFF, 0xFF, 
0xFF, 0xFF, 0xFF, 0xFF, 0xFF, 0xFF, 0xFF, 0xFF, 0x82, 0x22, 0x22, 0x22, 0x22, 0x22, 0x22, 0x22, 
0x2A, 0xFF, 0xFF, 0xFF, 0xFF, 0xFF, 0xFF, 0xFF, 0xFF, 0xFF, 0xFF, 0xFF, 0xFF, 0xFF, 0xFF, 0xFF, 
0xFF, 0xFF, 0xFF, 0xFF, 0xFF, 0xFF, 0xFE, 0x22, 0x22, 0x22, 0x22, 0x22, 0x22, 0x22, 0x22, 0x3F, 
0xFF, 0xFF, 0xFF, 0xFF, 0xFB, 0xFF, 0xFF, 0xFF, 0xFF, 0xFF, 0xFF, 0xFF, 0xFF, 0xFF, 0xFF, 0xFF, 
0xFF, 0xFF, 0xFF, 0xFF, 0xFF, 0xF7, 0x22, 0x22, 0x22, 0x22, 0x22, 0x22, 0x22, 0x22, 0x9F, 0xFF, 
0xFF, 0xFF, 0xFF, 0xF4, 0xEF, 0xFF, 0xFF, 0xFF, 0xFF, 0xFF, 0xFF, 0xFF, 0xFF, 0xFF, 0xFF, 0xFF, 
0xFF, 0xFF, 0xFF, 0xFF, 0xC2, 0x22, 0x22, 0x22, 0x22, 0x22, 0x22, 0x22, 0x22, 0xEF, 0xFF, 0xFF, 
0xFF, 0xFB, 0xA2, 0x6D, 0xFF, 0xFF, 0xFF, 0xFF, 0xFF, 0xFF, 0xFF, 0xFF, 0xFF, 0xFF, 0xFF, 0xFF, 
0xFF, 0xFF, 0xFF, 0x42, 0x22, 0x22, 0x22, 0x22, 0x22, 0x22, 0x22, 0x27, 0xFF, 0xFF, 0xFF, 0xFF, 
0x95, 0x22, 0x2C, 0xFF, 0xFF, 0xFF, 0xFF, 0xFF, 0xFF, 0xFF, 0xFF, 0xFF, 0xFF, 0xFF, 0xFF, 0xFF, 
0xFF, 0xFA, 0x22, 0x22, 0x22, 0x22, 0x22, 0x22, 0x22, 0x22, 0x2C, 0xFF, 0xFF, 0xFF, 0xFC, 0x22, 
0x44, 0x2F, 0xFF, 0xFF, 0xFF, 0xFF, 0xFF, 0xFF, 0xFF, 0xFF, 0xFF, 0xFF, 0xFF, 0xFF, 0xFF, 0xFF, 
0xF3, 0x22, 0x22, 0x22, 0x22, 0x22, 0x22, 0x22, 0x22, 0x3F, 0xFF, 0xFF, 0xFF, 0xA3, 0x42, 0xB3, 
0x4F, 0xFF, 0xFF, 0xFF, 0xFF, 0xFF, 0xFF, 0xFF, 0xFF, 0xFF, 0xFF, 0xFF, 0xFF, 0xFF, 0xFF, 0x82, 
0x22, 0x22, 0x22, 0x22, 0x22, 0x22, 0x22, 0x22, 0x6F, 0xFF, 0xFE, 0x94, 0x23, 0xFC, 0xC2, 0xAF, 
0xFF, 0xFF, 0xFF, 0xFF, 0xFF, 0xFF, 0xFF, 0xFF, 0xFF, 0xFF, 0xFF, 0xFF, 0xFF, 0xFF, 0x32, 0x22, 
0x22, 0x22, 0x22, 0x22, 0x22, 0x22, 0x22, 0x8F, 0xFC, 0x62, 0x25, 0x6C, 0xFF, 0x67, 0xFF, 0xFF, 
0xFF, 0xFF, 0xFF, 0xFF, 0xFF, 0xFF, 0xFF, 0xFF, 0xFF, 0xFF, 0xFF, 0xFF, 0xFA, 0x22, 0x22, 0x22, 
0x22, 0x22, 0x22, 0x22, 0x22, 0x22, 0x7E, 0x72, 0x49, 0xEF, 0xFF, 0xE6, 0x8F, 0xFF, 0xFF, 0xFF, 
0xFF, 0xFF, 0xFF, 0xFF, 0xFF, 0xFF, 0xFF, 0xFF, 0xFF, 0xFF, 0xFF, 0xF4, 0x22, 0x22, 0x22, 0x22, 
0x22, 0x22, 0x22, 0x22, 0x22, 0x22, 0x29, 0xFF, 0xFF, 0xFA, 0x3A, 0xFF, 0xFF, 0xFF, 0xFF, 0xFF, 
0xFF, 0xFF, 0xFF, 0xFF, 0xFF, 0xFF, 0xFF, 0xFF, 0xFF, 0xFF, 0xD2, 0x22, 0x22, 0x22, 0x22, 0x22, 
0x22, 0x22, 0x22, 0x3A, 0x52, 0x2D, 0xFF, 0xFC, 0x54, 0xDF, 0xFF, 0xFF, 0xFF, 0xFF, 0xFF, 0xFF, 
0xFF, 0xFF, 0xFF, 0xFF, 0xFF, 0xFF, 0xFF, 0xFF, 0xFF, 0x72, 0x22, 0x22, 0x22, 0x22, 0x22, 0x22, 
0x22, 0x26, 0xEF, 0xFB, 0x43, 0xAC, 0x62, 0x7F, 0xFF, 0xFF, 0xFF, 0xFF, 0xFF, 0xFF, 0xFF, 0xFF, 
0xFF, 0xFF, 0xFF, 0xFF, 0xFF, 0xFF, 0xFF, 0xF9, 0x25, 0xD9, 0x42, 0x22, 0x22, 0x22, 0x22, 0x25, 
0xBF, 0xFF, 0xFF, 0xF9, 0x32, 0x28, 0xFF, 0xFF, 0xFF, 0xFF, 0xFF, 0xFF, 0xFF, 0xFF, 0xFF, 0xFF, 
0xFF, 0xFF, 0xFF, 0xFF, 0xFF, 0xFD, 0x53, 0xAF, 0xFF, 0xFD, 0xA7, 0x65, 0x56, 0x7A, 0xDF, 0xFF, 
0xFF, 0xFF, 0xFF, 0xE7, 0x24, 0xCF, 0xFF, 0xFF, 0xFF, 0xFF, 0xFF, 0xFF, 0xFF, 0xFF, 0xFF, 0xFF, 
0xFF, 0xFF, 0xFF, 0xFD, 0x62, 0x8F, 0xFF, 0xFF, 0xFF, 0xFF, 0xFF, 0xFF, 0xFF, 0xFF, 0xFF, 0xFF, 
0xFF, 0xFF, 0xFF, 0xD5, 0x27, 0xFF, 0xFF, 0xFF, 0xFF, 0xFF, 0xFF, 0xFF, 0xFF, 0xFF, 0xFF, 0xFF, 
0xFF, 0xFD, 0x62, 0x6D, 0xFE, 0xCB, 0x65, 0xDF, 0xFF, 0xFF, 0xFF, 0xFF, 0xFF, 0xF9, 0xAA, 0x33, 
0xAF, 0xFF, 0xFF, 0x62, 0x3C, 0xFF, 0xFF, 0xFF, 0xFF, 0xFF, 0xFF, 0xFF, 0xFF, 0xFF, 0xFF, 0xFD, 
0x62, 0x4B, 0xFF, 0xE3, 0x72, 0x67, 0x8F, 0xFF, 0xFF, 0xFF, 0xFF, 0xFF, 0xA9, 0x82, 0x97, 0x2F, 
0xFF, 0xF8, 0x22, 0x23, 0xCF, 0xFF, 0xFF, 0xFF, 0xFF, 0xFF, 0xFF, 0xFF, 0xFF, 0xFE, 0x72, 0x3A, 
0xFF, 0xFF, 0xF5, 0x82, 0x45, 0x2D, 0xFF, 0xFF, 0xFF, 0xFF, 0xFF, 0x65, 0x62, 0x65, 0x5F, 0xFF, 
0x72, 0x49, 0x73, 0x28, 0xFF, 0xFF, 0xFF, 0xFF, 0xFF, 0xFF, 0xFF, 0xFF, 0xF7, 0x23, 0xEF, 0xFF, 
0xFF, 0xF9, 0x24, 0xD4, 0xE7, 0xFF, 0xFF, 0xFF, 0xFF, 0xFE, 0x23, 0x2C, 0x42, 0x6F, 0xF6, 0x29, 
0xFF, 0xFF, 0x94, 0x3B, 0xFF, 0xFF, 0xFF, 0xFF, 0xFF, 0xFF, 0xFF, 0xF7, 0x22, 0x5C, 0xFF, 0xFF, 
0xF8, 0xD7, 0x43, 0x84, 0xFF, 0xFF, 0xFF, 0xDA, 0x84, 0x27, 0x23, 0x2C, 0x2D, 0x92, 0xBF, 0xFF, 
0xFF, 0xFF, 0x92, 0x7F, 0xFF, 0xFF, 0xFF, 0xFF, 0xFF, 0xFF, 0xE3, 0x46, 0x42, 0x6D, 0xFF, 0xFB, 
0x44, 0xC4, 0x22, 0x77, 0x65, 0x32, 0x22, 0x24, 0x42, 0x4B, 0x23, 0x7C, 0x29, 0xFF, 0xFF, 0xFF, 
0xFF, 0xFD, 0x3A, 0xFF, 0xFF, 0xFF, 0xFF, 0xFF, 0xFF, 0x54, 0xFF, 0xFD, 0x72, 0x7F, 0xFF, 0x92, 
0x53, 0x35, 0x66, 0x67, 0x9A, 0xBD, 0xFF, 0xFD, 0x83, 0x22, 0xB3, 0x26, 0xAD, 0xFF, 0xFF, 0xFF, 
0xFF, 0x97, 0xFF, 0xFF, 0xFF, 0xFF, 0xFF, 0xFB, 0x2B, 0xFF, 0xFF, 0xFE, 0x64, 0xDA, 0x32, 0x3B, 
0xFF, 0xFF, 0xFF, 0xFF, 0xFF, 0xFF, 0xFF, 0xFF, 0xB5, 0x22, 0x22, 0x22, 0x36, 0xBF, 0xFF, 0xFF, 
0x58, 0xFF, 0xFF, 0xFF, 0xFF, 0xFF, 0xF9, 0x2C, 0xFF, 0xFF, 0xEE, 0xF4, 0x22, 0x27, 0xFF, 0xFF, 
0xFF, 0xFF, 0xFF, 0xFF, 0xFF, 0xFF, 0xFF, 0xFF, 0xC7, 0x56, 0xAD, 0xA4, 0x29, 0xFF, 0xFE, 0x2C, 
0xFF, 0xFF, 0xFF, 0xFF, 0xFF, 0xFE, 0x34, 0xEF, 0xFF, 0xFB, 0x62, 0x22, 0x6F, 0xFF, 0xFF, 0xFF, 
0xFF, 0xFF, 0xFF, 0xFF, 0xFF, 0xFF, 0xFF, 0xFF, 0xFF, 0xFF, 0xFE, 0x29, 0xFF, 0xF9, 0x4F, 0xFF, 
0xFF, 0xFF, 0xFF, 0xFF, 0xFF, 0xD4, 0x3B, 0xFF, 0xFF, 0xFE, 0x72, 0x28, 0xFF, 0xFF, 0xFF, 0xFF, 
0xFF, 0xFF, 0xFF, 0xFF, 0xFF, 0xFF, 0xFF, 0xFF, 0xFF, 0xFB, 0x3F, 0xFF, 0xF4, 0x9F, 0xFF, 0xFF, 
0xFF, 0xFF, 0xFF, 0xFF, 0xFF, 0x72, 0x6E, 0xFF, 0xFF, 0xFD, 0x42, 0x6F, 0xFF, 0xFF, 0xFF, 0xFF, 
0xFF, 0xFF, 0xFF, 0xFF, 0xFF, 0xFF, 0xFF, 0xFF, 0xF5, 0x8F, 0xFF, 0xC2, 0xEF, 0xFF, 0xFF, 0xFF, 
0xFF, 0xFF, 0xFF, 0xFF, 0xFC, 0x42, 0x9F, 0xFF, 0xFF, 0xF8, 0x24, 0xEF, 0xFF, 0xFF, 0xFF, 0xFF, 
0xFF, 0xFF, 0xFF, 0xFF, 0xFF, 0xFF, 0xFF, 0xD2, 0xEF, 0xFF, 0x77, 0xFF, 0xFF, 0xFF, 0xFF, 0xFF, 
0xFF, 0xFF, 0xFF, 0xFF, 0xF9, 0x34, 0xCF, 0xFF, 0xFF, 0xB3, 0x3C, 0xFF, 0xFF, 0xFF, 0xFF, 0xFF, 
0xFF, 0xFF, 0xFF, 0xFF, 0xFF, 0xFF, 0x77, 0xFF, 0xFF, 0x2C, 0xFF, 0xFF, 0xFF, 0xFF, 0xFF, 0xFF, 
0xFF, 0xFF, 0xFF, 0xFF, 0xE7, 0x27, 0xEF, 0xFF, 0xFE, 0x52, 0xAF, 0xFF, 0xFF, 0xFF, 0xFF, 0xFF, 
0xFF, 0xFF, 0xFF, 0xFF, 0xFE, 0x2D, 0xFF, 0xFA, 0x5F, 0xFF, 0xFF, 0xFF, 0xFF, 0xFF, 0xFF, 0xFF, 
0xFF, 0xFF, 0xFF, 0xFF, 0xD5, 0x3A, 0xFF, 0xFF, 0xF6, 0x28, 0xFF, 0xFF, 0xFF, 0xFF, 0xFF, 0xFF, 
0xFF, 0xFF, 0xFF, 0xF8, 0x6F, 0xFF, 0xF4, 0xAF, 0xFF, 0xFF, 0xFF, 0xFF, 0xEA, 0xFF, 0xFF, 0xFF, 
0xFF, 0xFF, 0xFF, 0xFF, 0xB3, 0x4C, 0xFF, 0xFF, 0x92, 0x7F, 0xFF, 0xFF, 0xFF, 0xFF, 0xFF, 0xFF, 
0xFF, 0xFF, 0xF3, 0xDF, 0xFF, 0xC3, 0xFF, 0xFF, 0xB7, 0x54, 0x32, 0x22, 0xBE, 0xFF, 0xFF, 0xFF, 
0xFF, 0xFF, 0xFF, 0xFF, 0x82, 0x7F, 0xFF, 0xFB, 0x26, 0xFF, 0xFF, 0xFF, 0xFF, 0xFF, 0xFF, 0xFF, 
0xFF, 0x95, 0xFF, 0xFF, 0x79, 0xFB, 0x62, 0x59, 0xDB, 0x22, 0x22, 0x4F, 0xFF, 0xFF, 0xFF, 0xFF, 
0xFF, 0xFF, 0xFF, 0xFD, 0x64, 0xCF, 0xFF, 0xC2, 0x5F, 0xFF, 0xFF, 0xFF, 0xFF, 0xFF, 0xFF, 0xFF, 
0x4C, 0xFF, 0xFF, 0x25, 0x33, 0x8D, 0xFF, 0xB3, 0x22, 0x22, 0x2D, 0xFF, 0xFF, 0xFF, 0xFF, 0xFF, 
0xFF, 0xFF, 0xFF, 0xF9, 0x28, 0xFF, 0xFC, 0x35, 0xFF, 0xFF, 0xFF, 0xFF, 0xFF, 0xFF, 0xFB, 0x4F, 
0xFF, 0xE7, 0x24, 0xAF, 0xFF, 0xF8, 0x39, 0x22, 0x22, 0xAF, 0xFE, 0xEE, 0xDA, 0x85, 0x43, 0x35, 
0x7A, 0xEF, 0xFF, 0xB2, 0x7F, 0xFF, 0xC2, 0x5F, 0xFF, 0xFF, 0xFF, 0xFF, 0xFF, 0xF4, 0xAF, 0xE7, 
0x25, 0xCF, 0xFF, 0xFD, 0x57, 0xE6, 0x22, 0x2B, 0xFF, 0xFC, 0x22, 0x23, 0x22, 0x4A, 0xDD, 0xB8, 
0x54, 0x8C, 0xD3, 0x2D, 0xFF, 0xFB, 0x27, 0xFF, 0xFF, 0xFF, 0xFF, 0xFF, 0xC2, 0x96, 0x26, 0xCF, 
0xFF, 0xFD, 0x84, 0xCF, 0x62, 0x22, 0xBF, 0xFF, 0xA2, 0x24, 0xBF, 0x62, 0xCF, 0xFF, 0xFF, 0xFE, 
0x94, 0x22, 0x2C, 0xFF, 0xFF, 0x62, 0xCF, 0xFF, 0xFF, 0xFF, 0xFF, 0x62, 0x27, 0xDF, 0xFC, 0xA7, 
0x42, 0x8F, 0xE5, 0x22, 0x2C, 0xFF, 0xFF, 0xE3, 0x2C, 0xFF, 0xA2, 0x6E, 0xFF, 0xFF, 0xFF, 0xFF, 
0xB2, 0x4F, 0xFF, 0xFF, 0x52, 0x7F, 0xFF, 0xFF, 0xFF, 0xFE, 0x25, 0xDF, 0xB5, 0x22, 0x22, 0x6D, 
0xFC, 0x32, 0x22, 0xCF, 0xFF, 0xFF, 0x93, 0x26, 0xFF, 0xF7, 0x23, 0x8D, 0xFF, 0xFF, 0xFF, 0xFD, 
0xFF, 0xFE, 0xA5, 0x22, 0x6F, 0xFF, 0xFF, 0xFF, 0xF9, 0x4F, 0xE5, 0x26, 0x23, 0x7C, 0xFF, 0x82, 
0x22, 0x4D, 0xFF, 0xFF, 0xFF, 0xFF, 0x82, 0x6E, 0xFF, 0xD9, 0x52, 0x36, 0x89, 0xAA, 0x98, 0x75, 
0x32, 0x32, 0x22, 0x9F, 0xFF, 0xFF, 0xFF, 0xF5, 0x9F, 0x42, 0x8F, 0xFF, 0xFF, 0xB4, 0x25, 0x9D, 
0xFF, 0xFF, 0xFF, 0xFF, 0xFF, 0xFA, 0x22, 0x7A, 0xDF, 0xFF, 0xEC, 0xBA, 0xA9, 0xAA, 0xBD, 0xEF, 
0xF6, 0x24, 0xFF, 0xFF, 0xFF, 0xFF, 0xF3, 0xB7, 0x22, 0xBF, 0xFD, 0x94, 0x7B, 0xFF, 0xFF, 0xFF, 
0xFF, 0xFF, 0xFF, 0xFF, 0xFF, 0xE9, 0x53, 0x22, 0x46, 0x89, 0xAB, 0xCC, 0xCB, 0xBA, 0x97, 0x32, 
0x4E, 0xFF, 0xFF, 0xFF, 0xFF, 0xF4, 0x72, 0x22, 0x46, 0x44, 0xBF, 0xFF, 0xFF, 0xFF, 0xFF, 0xFF, 
0xFF, 0xFF, 0xFF, 0xFF, 0xFF, 0xFF, 0xEC, 0xA9, 0x76, 0x54, 0x32, 0x22, 0x22, 0x22, 0x59, 0xFF, 
0xFF, 0xFF, 0xFF, 0xFF, 0xFC, 0x22, 0x22, 0x25, 0xCF, 0xFF, 0xFF, 0xFF, 0xFF, 0xFF, 0xFF, 0xFF, 
0xFF, 0xFF, 0xFF, 0xFF, 0xFF, 0xFF, 0xFF, 0xFF, 0xFF, 0xFF, 0xFF, 0xFF, 0xFF, 0xFF, 0xFF, 0xFF, 
0xFF, 0xFF, 0xFF, 0xFF, 0xD7, 0x57, 0xCF, 0xFF, 0xFF, 0xFF, 0xFF, 0xFF, 0xFF, 0xFF, 0xFF, 0xFF, 
0xFF, 0xFF, 0xFF, 0xFF, 0xFF, 0xFD, 0x95, 0x55, 0x8D, 0xFF, 0xFF, 0xFF, 0xFF, 0xFF, 0xFF, 0xFF, 
0xFF, 0xFF, 0xFF, 0xFF, 0xFF, 0xFF, 0xFF, 0xFF, 0xFF, 0xFF, 0xFF, 0xFF, 0xFF, 0xFF, 0x82, 0x22, 
0x22, 0x22, 0xAF, 0xFF, 0xFF, 0xFF, 0xFF, 0xFF, 0xFF, 0xFF, 0xFF, 0xFF, 0xFF, 0xFF, 0xFF, 0xFF, 
0xFF, 0xFF, 0xFF, 0xFF, 0xFF, 0xFF, 0xF6, 0x22, 0x22, 0x22, 0x22, 0x28, 0xFF, 0xFF, 0xFF, 0xFF, 
0xFF, 0xFF, 0xFF, 0xFF, 0xFF, 0xFF, 0xFF, 0xFF, 0xFF, 0xFF, 0xFF, 0xFF, 0xFF, 0xFF, 0xFF, 0x82, 
0x22, 0x22, 0x22, 0x22, 0x22, 0x9F, 0xFF, 0xFF, 0xFF, 0xFF, 0xFF, 0xFF, 0xFF, 0xFF, 0xFF, 0xFF, 
0xFF, 0xFF, 0xFF, 0xFF, 0xFF, 0xFF, 0xFF, 0xFE, 0x22, 0x22, 0x3A, 0xCC, 0x42, 0x22, 0x2B, 0xFF, 
0xFF, 0xFF, 0xFF, 0xFF, 0xFF, 0xFF, 0xFF, 0xFF, 0xFF, 0xFF, 0xFF, 0xFF, 0xFF, 0xFF, 0xFF, 0xFF, 
0xF9, 0x22, 0x24, 0xEF, 0xFE, 0x32, 0x22, 0x23, 0xA7, 0x54, 0x59, 0xEF, 0xFF, 0xFF, 0xFF, 0xFF, 
0xFF, 0xFF, 0xFF, 0xFF, 0xFF, 0xFF, 0xFF, 0xFF, 0xFF, 0xF6, 0x22, 0x2C, 0xFF, 0xF4, 0x23, 0x7C, 
0x32, 0x22, 0x22, 0x22, 0x2A, 0xFF, 0xFF, 0xFF, 0xFF, 0xFF, 0xFF, 0xFF, 0xFF, 0xFF, 0xFF, 0xFF, 
0xFF, 0xFF, 0xF4, 0x22, 0x5F, 0xFF, 0x82, 0xAF, 0xFE, 0x22, 0x38, 0xDE, 0xFC, 0x42, 0x8F, 0xFF, 
0xFF, 0xFF, 0xFF, 0xFF, 0xFF, 0xFF, 0xFF, 0xFF, 0xFF, 0xFF, 0xFF, 0xF3, 0x22, 0x8F, 0xFF, 0x52, 
0xFF, 0xF9, 0x29, 0xFF, 0xFF, 0xFF, 0xF6, 0x2A, 0xFF, 0xFF, 0xFF, 0xFF, 0xFF, 0xFF, 0xFF, 0xFF, 
0xFF, 0xFF, 0xFF, 0xFF, 0xF3, 0x22, 0x9F, 0xFF, 0x72, 0xBF, 0xC2, 0x9F, 0xFF, 0xFF, 0xFF, 0xFF, 
0x52, 0xDF, 0xFF, 0xFF, 0xFF, 0xFF, 0xFF, 0xFF, 0xFF, 0xFF, 0xFF, 0xFF, 0xFF, 0xF3, 0x22, 0xAF, 
0xFF, 0xF5, 0x23, 0x22, 0x39, 0xFF, 0xFF, 0xFF, 0xFF, 0xD2, 0x5F, 0xFF, 0xFF, 0xFF, 0xFF, 0xFF, 
0xFF, 0xFF, 0xFF, 0xFF, 0xFF, 0xFF, 0xF3, 0x22, 0x9F, 0xFF, 0xFD, 0x22, 0x24, 0x52, 0x35, 0x54, 
0x7F, 0xFF, 0xF8, 0x2C, 0xFF, 0xFF, 0xFF, 0xFF, 0xFF, 0xFF, 0xFF, 0xFF, 0xFF, 0xFF, 0xFF, 0xF3, 
0x22, 0x9F, 0xFF, 0xFE, 0x22, 0x7F, 0xFE, 0x72, 0x22, 0x2D, 0xFF, 0xFE, 0x26, 0xFF, 0xFF, 0xFF, 
0xFF, 0xFF, 0xFF, 0xFF, 0xFF, 0xFF, 0xFF, 0xFF, 0xF4, 0x22, 0x8F, 0xFF, 0xFF, 0x42, 0xBF, 0xFF, 
0xB2, 0x22, 0x2D, 0xFF, 0xFF, 0x72, 0xEF, 0xFF, 0xFF, 0xFF, 0xFF, 0xFF, 0xFF, 0xFF, 0xFF, 0xFF, 
0xFF, 0xF5, 0x22, 0x6F, 0xFF, 0xFF, 0xC2, 0x5C, 0xEB, 0x32, 0x22, 0x2C, 0xFF, 0xFF, 0xC2, 0x9F, 
0xFF, 0xFF, 0xFF, 0xFF, 0xFF, 0xFF, 0xFF, 0xFF, 0xFF, 0xFF, 0xF6, 0x22, 0x4F, 0xFF, 0xFF, 0xF3, 
0x22, 0x22, 0x46, 0x72, 0x2C, 0xFF, 0xFF, 0xF3, 0x5F, 0xFF, 0xFF, 0xFF, 0xFF, 0xFF, 0xFF, 0xFF, 
0xFF, 0xFF, 0xFF, 0xF7, 0x22, 0x2F, 0xFF, 0xFF, 0xF5, 0x22, 0x6F, 0xFF, 0xC2, 0x2B, 0xFF, 0xFF, 
0xF7, 0x2F, 0xFF, 0xFF, 0xFF, 0xFF, 0xFF, 0xFF, 0xFF, 0xFF, 0xFF, 0xFF, 0xF9, 0x22, 0x2D, 0xFF, 
0xFF, 0xF7, 0x22, 0xBF, 0xFF, 0xA2, 0x26, 0xFF, 0xFF, 0xFC, 0x2B, 0xFF, 0xFF, 0xFF, 0xFF, 0xFF, 
0xFF, 0xFF, 0xFF, 0xFF, 0xFF, 0xFB, 0x22, 0x29, 0xFF, 0xFF, 0xF8, 0x22, 0x3B, 0xEA, 0x32, 0x22, 
0xCF, 0xFF, 0xFF, 0x38, 0xFF, 0xFF, 0xFF, 0xFF, 0xFF, 0xFF, 0xFF, 0xFF, 0xFF, 0xFF, 0xFD, 0x22, 
0x26, 0xFD, 0xA7, 0x42, 0x22, 0x22, 0x22, 0x22, 0x22, 0x3D, 0xFF, 0xFF, 0x74, 0xFF, 0xFF, 0xFF, 
0xFF, 0xFF, 0xFF, 0xFF, 0xFF, 0xFF, 0xFF, 0xFF, 0x22, 0x22, 0x22, 0x22, 0x22, 0x22, 0x22, 0x22, 
0x22, 0x22, 0x24, 0xFF, 0xFF, 0xC2, 0xEF, 0xFF, 0xFF, 0xFF, 0xFF, 0xFF, 0xFF, 0xFF, 0xFF, 0xFF, 
0xFF, 0x22, 0x22, 0x22, 0x22, 0x22, 0x22, 0x22, 0x22, 0x22, 0x22, 0x22, 0x5F, 0xFF, 0xF3, 0xAF, 
0xFF, 0xFF, 0xFF, 0xFF, 0xFF, 0xFF, 0xFF, 0xFF, 0xFF, 0xF7, 0x22, 0x22, 0x22, 0x22, 0x22, 0x22, 
0x22, 0x22, 0xB4, 0x22, 0x22, 0x29, 0xFF, 0xF7, 0x6F, 0xFF, 0xFF, 0xFF, 0xFF, 0xFF, 0xFF, 0xFF, 
0xFF, 0xFE, 0x62, 0x22, 0x22, 0x22, 0x22, 0x22, 0x22, 0x22, 0x27, 0xFB, 0x22, 0x22, 0x22, 0xDF, 
0xFC, 0x3F, 0xFF, 0xFF, 0xFF, 0xFF, 0xFF, 0xFF, 0xFF, 0xFF, 0xB3, 0x22, 0x22, 0x22, 0x22, 0x22, 
0x22, 0x22, 0x22, 0x2E, 0xFF, 0x32, 0x22, 0x22, 0x5F, 0xFF, 0x3C, 0xFF, 0xFF, 0xFF, 0xFF, 0xFF, 
0xFF, 0xFF, 0xF7, 0x22, 0x22, 0x22, 0x22, 0x22, 0x22, 0x22, 0x22, 0x22, 0x2F, 0xFF, 0x92, 0x22, 
0x22, 0x2A, 0xFF, 0x87, 0xFF, 0xFF, 0xFF, 0xFF, 0xFF, 0xFF, 0xFC, 0x42, 0x22, 0x22, 0x22, 0x22, 
0x22, 0x22, 0x22, 0x22, 0x22, 0x2C, 0xFF, 0xE2, 0x22, 0x22, 0x23, 0xEF, 0xD2, 0xEF, 0xFF, 0xFF, 
0xFF, 0xFF, 0xFF, 0xB2, 0x22, 0x22, 0x22, 0x22, 0x28, 0x62, 0x22, 0x22, 0x22, 0x22, 0x29, 0xFF, 
0xF4, 0x22, 0x22, 0x22, 0x6F, 0xF4, 0x9F, 0xFF, 0xFF, 0xFF, 0xFF, 0xFF, 0x92, 0x22, 0x22, 0x22, 
0x22, 0x29, 0xFD, 0x62, 0x22, 0x22, 0x22, 0x27, 0xFF, 0xF8, 0x22, 0x22, 0x23, 0x2A, 0xF8, 0x4F, 
0xFF, 0xFF, 0xFF, 0xFF, 0xFF, 0xB2, 0x22, 0x22, 0x22, 0x22, 0x27, 0xFF, 0xFC, 0x52, 0x22, 0x22, 
0x28, 0xFF, 0xFC, 0x22, 0x22, 0x2D, 0x63, 0xDC, 0x2D, 0xFF, 0xFF, 0xFF, 0xFF, 0xFF, 0xF2, 0x22, 
0x22, 0x22, 0x22, 0x22, 0xDF, 0xFF, 0xFA, 0x32, 0x22, 0x4E, 0xFF, 0xFF, 0x32, 0x22, 0x5F, 0xF5, 
0x4C, 0x29, 0xFF, 0xFF, 0xFF, 0xFF, 0xFF, 0xF7, 0x22, 0x22, 0x22, 0x22, 0x22, 0x3C, 0xFF, 0xFF, 
0xFA, 0x79, 0xFF, 0xFF, 0xFF, 0x82, 0x22, 0xAF, 0xFE, 0x42, 0x27, 0xFF, 0xFF, 0xFF, 0xFF, 0xFF, 
0xFD, 0x22, 0x22, 0x22, 0x22, 0x22, 0x22, 0x9F, 0xFF, 0xFF, 0xFF, 0xFF, 0xFF, 0xFF, 0xE3, 0x22, 
0xFF, 0xFF, 0xE4, 0x29, 0xFF, 0xFF, 0xFF, 0xFF, 0xFF, 0xFF, 0x62, 0x22, 0x22, 0x22, 0x7B, 0x72, 
0x26, 0xFF, 0xFF, 0xFF, 0xFF, 0xFF, 0xFF, 0xFB, 0x23, 0xDF, 0xFF, 0xFF, 0xCF, 0xFF, 0xFF, 0xFF, 
0xFF, 0xFF, 0xFF, 0xE3, 0x22, 0x22, 0x22, 0x6F, 0xFE, 0x42, 0x5F, 0xFF, 0xFF, 0xFF, 0xFF, 0xFF, 
0xFF, 0x92, 0x3C, 0xFF, 0xFF, 0xFF, 0xFF, 0xFF, 0xFF, 0xFF, 0xFF, 0xFF, 0xFB, 0x22, 0x22, 0x22, 
0x3F, 0xFF, 0xF7, 0x2C, 0xFF, 0xFF, 0xFF, 0xFF, 0xFF, 0xFF, 0xFA, 0x22, 0x9F, 0xFF, 0xFF, 0xFF, 
0xFF, 0xFF, 0xFF, 0xFF, 0xFF, 0xFF, 0x82, 0x22, 0x22, 0x25, 0xEF, 0xFF, 0xEF, 0xFF, 0xFF, 0xFF, 
0xFF, 0xFF, 0xFF, 0xFF, 0xD5, 0x25, 0xEF, 0xFF, 0xFF, 0xFF, 0xFF, 0xFF, 0xFF, 0xFF, 0xFF, 0xF7, 
0x22, 0x22, 0x22, 0x3A, 0xFF, 0xFF, 0xFF, 0xFF, 0xFF, 0xFF, 0xFF, 0xFF, 0xFF, 0xFF, 0xA3, 0x3A, 
0xFF, 0xFF, 0xFF, 0xFF, 0xFF, 0xFF, 0xFF, 0xFF, 0xFF, 0x82, 0x22, 0x36, 0x32, 0x8F, 0xFF, 0xFF, 
0xFF, 0xFF, 0xFF, 0xFF, 0xFF, 0xFF, 0xFF, 0xFE, 0x72, 0x5D, 0xFF, 0xFF, 0xFF, 0xFF, 0xFF, 0xFF, 
0xFF, 0xFF, 0xF9, 0x22, 0x2C, 0xFD, 0xBF, 0xFF, 0xFF, 0xFF, 0xFF, 0xDB, 0xAA, 0xCE, 0xFF, 0xFF, 
0xFF, 0xFC, 0x42, 0x9F, 0xFF, 0xFF, 0xFF, 0xFF, 0xFF, 0xFF, 0xFF, 0xFF, 0xB3, 0x22, 0x7E, 0xFF, 
0xFF, 0xFF, 0xD9, 0x52, 0x22, 0x22, 0x22, 0x47, 0xBF, 0xFF, 0xFF, 0xF9, 0x24, 0xCF, 0xFF, 0xFF, 
0xFF, 0xFF, 0xFF, 0xFF, 0xFF, 0xFE, 0x72, 0x23, 0x7B, 0xB9, 0x73, 0x22, 0x22, 0x24, 0x56, 0x53, 
0x22, 0x22, 0x7C, 0xFF, 0xFF, 0xC4, 0x28, 0xFF, 0xFF, 0xFF, 0xFF, 0xFF, 0xFF, 0xFF, 0xFF, 0xFD, 
0x84, 0x22, 0x22, 0x24, 0x79, 0xCE, 0xFF, 0xFF, 0xFF, 0xEA, 0x62, 0x22, 0x49, 0xEF, 0xFF, 0x72, 
0x4C, 0xFF, 0xFF, 0xFF, 0xFF, 0xFF, 0xFF, 0xFF, 0xFF, 0xFF, 0xFE, 0xDD, 0xEF, 0xFF, 0xFF, 0xFF, 
0xFF, 0xFF, 0xFF, 0xFF, 0xB7, 0x32, 0x26, 0xBF, 0xFA, 0x22, 0x7E, 0xFF, 0xFF, 0xFF, 0xFF, 0xFF, 
0xFF, 0xFF, 0xFF, 0xFF, 0xFF, 0xFF, 0xFF, 0xFF, 0xFF, 0xFF, 0xFF, 0xFF, 0xFF, 0xFF, 0xFC, 0x73, 
0x23, 0x8A, 0x22, 0x23, 0xBF, 0xFF, 0xFF, 0xFF, 0xFF, 0xFF, 0xFF, 0xFF, 0xFF, 0xFF, 0xFF, 0xFF, 
0xFF, 0xFF, 0xFF, 0xFF, 0xFF, 0xFF, 0xFF, 0xFF, 0xFF, 0xA5, 0x22, 0x22, 0x22, 0x2A, 0xFF, 0xFF, 
0xFF, 0xFF, 0xFF, 0xFF, 0xFF, 0xFF, 0xFF, 0xFF, 0xFF, 0xFF, 0xFF, 0xFF, 0xFF, 0xFF, 0xFF, 0xFF, 
0xFF, 0xFF, 0xFF, 0xD8, 0x32, 0x22, 0x24, 0xFF, 0xFF, 0xFF, 0xFF, 0xFF, 0xFF, 0xFF, 0xFF, 0xFF, 
0xFF, 0xFF, 0xFF, 0xFF, 0xFF, 0xFF, 0xFF, 0xFF, 0xFF, 0xFF, 0xFF, 0xFF, 0xFF, 0xFB, 0x63, 0x28, 
0xFF, 0xFF, 0xFF, 0xFF, 0xFF, 0xFF, 0xFF, 0xFF, 0xFF, 0xFF, 0xFF, 0xFF, 0xFF, 0xFF, 0xFF, 0xFF, 
0xFF, 0xFF, 0xFF, 0xFF, 0xFF, 0xFF, 0xFF, 0xFF, 0xFF, 0xF8, 0x99, 0x99, 0x99, 0x9C, 0xFF, 0xCA, 
0xAA, 0xAA, 0xAB, 0xCE, 0x22, 0x22, 0x22, 0x22, 0x7F, 0xF8, 0x22, 0x22, 0x22, 0x25, 0xD2, 0x26, 
0x66, 0x63, 0x27, 0xFF, 0x72, 0x46, 0x66, 0x52, 0x5D, 0x23, 0xFF, 0xFF, 0x42, 0x8F, 0xF7, 0x29, 
0xFF, 0xFB, 0x25, 0xD2, 0x3F, 0xFF, 0xF4, 0x28, 0xFF, 0x72, 0x9F, 0xFF, 0xB2, 0x5D, 0x23, 0xFF, 
0xFF, 0x42, 0x8F, 0xF7, 0x29, 0xFF, 0xFB, 0x25, 0xD2, 0x3F, 0xFF, 0xF4, 0x28, 0xFF, 0x72, 0x9F, 
0xFF, 0xB2, 0x5D, 0x23, 0xFF, 0xFF, 0x42, 0x8F, 0xF7, 0x29, 0xFF, 0xFB, 0x25, 0xD2, 0x3F, 0xFF, 
0xF4, 0x28, 0xFF, 0x72, 0x9F, 0xFF, 0xB2, 0x5D, 0x23, 0xFF, 0xFF, 0x42, 0x8F, 0xF7, 0x29, 0xFF, 
0xFB, 0x25, 0xD2, 0x4F, 0xFF, 0xF4, 0x28, 0xFF, 0x72, 0xAF, 0xFF, 0xB2, 0x5D, 0x24, 0xFF, 0xFF, 
0x52, 0x8F, 0xF6, 0x2A, 0xFF, 0xFA, 0x25, 0xC2, 0x4F, 0xFF, 0xF5, 0x29, 0xFF, 0x62, 0xAF, 0xFF, 
0xA2, 0x5C, 0x24, 0xFF, 0xFF, 0x52, 0x9F, 0xF6, 0x2A, 0xFF, 0xFA, 0x25, 0xC2, 0x4F, 0xFF, 0xF5, 
0x29, 0xFF, 0x62, 0xAF, 0xFF, 0xA2, 0x5F, 0xFF, 0xFF, 0xFF, 0xFF, 0xFF, 0xFE, 0xEF, 0xFF, 0xFF, 
0xEE, 0xFF, 0xFF, 0xFF, 0xFF, 0xFF, 0xFF, 0xFF, 0xFF, 0xFF, 0xFF, 0xFF, 0xFF, 0xFF, 0xFF, 0xFF, 
0xFF, 0xFF, 0xFF, 0xFF, 0xFF, 0xFF, 0xFF, 0xFF, 0xFF, 0xFF, 0xFF, 0xFF, 0xFF, 0xFF, 0xFF, 0xFF, 
0xFF, 0xFF, 0xFF, 0xFF, 0xFF, 0xFF, 0xFF, 0xFF, 0xFF, 0xFB, 0x3E, 0xFF, 0xFF, 0xFF, 0xFF, 0xFF, 
0xFF, 0xFF, 0xFF, 0xFF, 0xFF, 0xFF, 0xFF, 0xFF, 0xFF, 0xFF, 0xFF, 0xFF, 0xFF, 0xFF, 0xFF, 0xFF, 
0xFF, 0xFF, 0xFF, 0xFF, 0xFF, 0xA2, 0x28, 0xFF, 0xF5, 0x25, 0xEF, 0xFF, 0xFF, 0xFF, 0xFF, 0xFF, 
0xFF, 0xFF, 0xFF, 0xFF, 0xFF, 0xFF, 0xFF, 0xFF, 0xFF, 0xFF, 0xFF, 0xFF, 0xFF, 0xFF, 0xFF, 0xFF, 
0xF9, 0x22, 0x23, 0xFF, 0xF2, 0x62, 0xFF, 0xFF, 0xFF, 0xFF, 0xFF, 0xFF, 0xFF, 0xFF, 0xFF, 0xFF, 
0xFF, 0xFF, 0xFF, 0xFF, 0xFF, 0xFF, 0xFF, 0xFF, 0xFF, 0xFF, 0xFF, 0xFF, 0x72, 0x26, 0x72, 0x9F, 
0xD2, 0xD4, 0xFF, 0xFF, 0xFF, 0xFF, 0xFF, 0xFF, 0xFF, 0xFF, 0xFF, 0xFF, 0xFF, 0xFF, 0xFF, 0xFF, 
0xFF, 0xFF, 0xFF, 0xFF, 0xFF, 0xFF, 0xFF, 0xF6, 0x22, 0x7F, 0xF2, 0x3F, 0xB2, 0x97, 0xFF, 0xFF, 
0xFF, 0xFF, 0xFF, 0xFF, 0xFF, 0xFF, 0xFF, 0xFF, 0xFF, 0xFF, 0xFF, 0xFF, 0xFF, 0xFF, 0xFF, 0xFF, 
0xFF, 0xFF, 0xFF, 0x62, 0x27, 0xFF, 0xF6, 0x27, 0x62, 0x47, 0xFF, 0xFF, 0xF9, 0x65, 0x56, 0x78, 
0x9A, 0xCF, 0xFF, 0xFF, 0xFF, 0xFF, 0xFF, 0xFF, 0xFF, 0xFF, 0xFF, 0xFF, 0xFF, 0xFF, 0xFA, 0x22, 
0x6F, 0xF8, 0xFA, 0x22, 0x22, 0x22, 0x6B, 0xC8, 0x32, 0x22, 0x22, 0x22, 0x22, 0x23, 0x8F, 0xFF, 
0xFF, 0xFF, 0xFF, 0xFF, 0xFF, 0xFF, 0xFF, 0xFF, 0xFF, 0xFF, 0xF4, 0x26, 0xFF, 0x88, 0xFE, 0x22, 
0x7A, 0xA7, 0x32, 0x22, 0x22, 0x22, 0x5A, 0xDE, 0xFF, 0xFD, 0xBE, 0xFF, 0xFF, 0xFF, 0xFF, 0xFF, 
0xFF, 0xFF, 0xFF, 0xFF, 0xFF, 0xFF, 0xD2, 0x4F, 0xFD, 0x2C, 0xFF, 0x32, 0x49, 0xCF, 0xA2, 0x22, 
0x22, 0x26, 0xC9, 0x88, 0xBF, 0xFF, 0xFF, 0xFF, 0xFF, 0xFF, 0xFF, 0xFF, 0xFF, 0xFF, 0xFF, 0xFF, 
0xFF, 0xFF, 0x92, 0x9F, 0xF6, 0x3F, 0xFF, 0x42, 0x22, 0x22, 0x22, 0x22, 0x22, 0x22, 0x22, 0x22, 
0x68, 0xEF, 0xFF, 0xFF, 0xFF, 0xFF, 0xFF, 0xFF, 0xFF, 0xFF, 0xFF, 0xFF, 0xFF, 0xFF, 0x62, 0xCF, 
0xD2, 0x7F, 0xFE, 0x22, 0x22, 0x22, 0x22, 0x22, 0x22, 0x22, 0x22, 0x23, 0xDF, 0xFF, 0xFF, 0xFF, 
0xFF, 0xFF, 0xFF, 0xFF, 0xFF, 0xFF, 0xFF, 0xFF, 0xFF, 0xFF, 0x32, 0xEF, 0xA2, 0xAF, 0xF8, 0x22, 
0x22, 0x22, 0x22, 0x22, 0x22, 0x22, 0x22, 0x22, 0x29, 0xFF, 0xFF, 0xFF, 0xFF, 0xFF, 0xFF, 0xFF, 
0xFF, 0xFF, 0xFF, 0xFF, 0xFF, 0xFE, 0x22, 0xFF, 0x82, 0xAF, 0xF3, 0x22, 0x22, 0x22, 0x22, 0x22, 
0x22, 0x22, 0x22, 0x22, 0x22, 0x5F, 0xFF, 0xFF, 0xFF, 0xFF, 0xFF, 0xFF, 0xFF, 0xFF, 0xFF, 0xFF, 
0xFF, 0xFB, 0x23, 0xFF, 0x72, 0xAF, 0x92, 0x22, 0x22, 0x22, 0x22, 0x22, 0x22, 0x22, 0x22, 0x24, 
0x22, 0x2A, 0xFF, 0xFF, 0xFF, 0xFF, 0xFF, 0xFF, 0xFF, 0xFF, 0xFF, 0xFF, 0xFF, 0xF7, 0x22, 0xFF, 
0x52, 0x9E, 0x32, 0x22, 0x22, 0x22, 0x22, 0x22, 0x22, 0x22, 0x22, 0x26, 0xB3, 0x25, 0xFF, 0xFF, 
0xFF, 0xFF, 0xFF, 0xFF, 0xFF, 0xFF, 0xFF, 0xFF, 0xFF, 0xF3, 0x22, 0xEF, 0x42, 0x78, 0x22, 0x22, 
0x23, 0x22, 0x82, 0x22, 0x42, 0x22, 0x22, 0x22, 0xAD, 0x42, 0xFF, 0xFF, 0xFF, 0xFF, 0xFF, 0xFF, 
0xFF, 0xFF, 0xFF, 0xFF, 0xFF, 0x72, 0x22, 0x8F, 0x22, 0x22, 0x22, 0x22, 0x48, 0x24, 0xF2, 0x4D, 
0xFE, 0x42, 0x22, 0xC6, 0x2D, 0xB2, 0xDF, 0xFF, 0xFF, 0xFF, 0xFF, 0xFF, 0xFF, 0xFF, 0xFF, 0xFF, 
0xF7, 0x22, 0x22, 0x27, 0x22, 0x22, 0x22, 0x22, 0xC6, 0x2A, 0xF6, 0xFF, 0xFF, 0xD2, 0x22, 0xDF, 
0x47, 0xF2, 0xBF, 0xFF, 0xFF, 0xFF, 0xFF, 0xFF, 0xFF, 0xFF, 0xFF, 0xFF, 0xA2, 0x22, 0x22, 0x22, 
0x22, 0x22, 0x22, 0x26, 0xF3, 0x4F, 0xFF, 0xFF, 0xFF, 0xF9, 0x22, 0x5F, 0x95, 0xF5, 0xAF, 0xFF, 
0xFF, 0xFF, 0xFF, 0xFF, 0xFF, 0xFF, 0xFF, 0xFF, 0x52, 0x22, 0x22, 0x22, 0x22, 0x22, 0x22, 0x5F, 
0x92, 0xCF, 0xFF, 0xFF, 0xFF, 0xFF, 0x42, 0x2C, 0xD5, 0xF8, 0xAF, 0xFF, 0xFF, 0xFF, 0xFF, 0xFF, 
0xFF, 0xFF, 0xFF, 0xFE, 0x22, 0x22, 0x22, 0x22, 0x22, 0x22, 0x27, 0xFF, 0x4A, 0xFF, 0xCD, 0xDD, 
0x94, 0xEF, 0x72, 0x2B, 0xF6, 0xFC, 0xAF, 0xFF, 0xFF, 0xFF, 0xFF, 0xFF, 0xFF, 0xFF, 0xFF, 0xF9, 
0x29, 0x52, 0x22, 0x22, 0x22, 0x22, 0x7F, 0xFE, 0xCF, 0xFB, 0x22, 0x22, 0x22, 0x75, 0x22, 0x2E, 
0xFE, 0xFF, 0xEF, 0xFF, 0xFF, 0xFF, 0xFF, 0xFF, 0xFF, 0xFF, 0xFF, 0xF5, 0x6D, 0x22, 0x22, 0x22, 
0x22, 0x22, 0xCF, 0xFF, 0xFF, 0xF4, 0x8C, 0xC3, 0x22, 0x22, 0x22, 0x2F, 0xFF, 0xFF, 0xFF, 0xFF, 
0xFF, 0xFF, 0xFF, 0xFF, 0xFF, 0xFF, 0xFF, 0xF4, 0xF6, 0x22, 0x22, 0x22, 0x22, 0x22, 0x6F, 0xFF, 
0xFF, 0x88, 0xFF, 0xC3, 0x3B, 0xEC, 0x22, 0x5F, 0xFF, 0xFF, 0xFF, 0xDF, 0xFF, 0xFF, 0xFF, 0xFF, 
0xFF, 0xFF, 0xFF, 0xDC, 0xD2, 0x22, 0x22, 0x22, 0x22, 0x22, 0x25, 0xCF, 0xFD, 0x4F, 0xF3, 0x22, 
0xCF, 0xFE, 0x25, 0xAF, 0xFF, 0xFF, 0xF5, 0x23, 0xBF, 0xFF, 0xFF, 0xFF, 0xFF, 0xFF, 0xFF, 0xFF, 
0x62, 0x22, 0x22, 0x22, 0x22, 0x22, 0x27, 0xEF, 0xF5, 0xAF, 0x82, 0x28, 0xFB, 0x54, 0x3E, 0xFF, 
0xFF, 0xFF, 0x62, 0x9A, 0x2F, 0xFF, 0xFF, 0xFF, 0xFF, 0xFF, 0xFF, 0xFC, 0x22, 0x22, 0x22, 0x22, 
0x22, 0x22, 0x2E, 0xFF, 0x72, 0x55, 0x22, 0x2D, 0xF6, 0x22, 0x9F, 0xFF, 0xFF, 0xE6, 0x24, 0xD8, 
0x2E, 0xFF, 0xFF, 0xFF, 0xFF, 0xFF, 0xFF, 0xF6, 0x23, 0xA2, 0x22, 0x22, 0x22, 0x22, 0x24, 0x42, 
0x22, 0x22, 0x22, 0x27, 0x52, 0x22, 0xEF, 0xFF, 0x94, 0x22, 0x22, 0x22, 0x2E, 0xFF, 0xFF, 0xFF, 
0xFF, 0xFF, 0xFF, 0xF2, 0x2B, 0xF2, 0x22, 0x22, 0x22, 0x22, 0x22, 0x22, 0x48, 0x88, 0x75, 0x22, 
0x22, 0x24, 0xFF, 0xC4, 0x25, 0xC8, 0x22, 0x22, 0x2E, 0xFF, 0xFF, 0xFF, 0xFF, 0xFF, 0xFF, 0xD2, 
0x5F, 0xC2, 0x22, 0x22, 0x22, 0x22, 0x22, 0x24, 0xFF, 0xFF, 0xFF, 0xFC, 0x94, 0x22, 0x57, 0x24, 
0xBF, 0xFC, 0x22, 0x44, 0x2B, 0xFF, 0xFF, 0xFF, 0xFF, 0xFF, 0xFF, 0xB2, 0xBF, 0x62, 0x22, 0x22, 
0x22, 0x22, 0x22, 0x3A, 0xFF, 0xFF, 0xFD, 0xAF, 0xFF, 0x82, 0x22, 0x7F, 0xFF, 0xFF, 0x29, 0xFE, 
0x27, 0xFF, 0xFF, 0xFF, 0xFF, 0xFF, 0xFF, 0xC2, 0xFE, 0x22, 0x22, 0x22, 0x3B, 0xDC, 0xBC, 0xFF, 
0xFF, 0xFF, 0xF9, 0x28, 0xFF, 0x82, 0x3B, 0xFF, 0xFF, 0xFF, 0xBF, 0xFF, 0x25, 0xFF, 0xFF, 0xFF, 
0xFF, 0xFF, 0xFF, 0xE5, 0xF8, 0x22, 0x22, 0x22, 0x4F, 0xFF, 0xFF, 0xFF, 0xFF, 0xFF, 0xF7, 0x22, 
0x7F, 0xCA, 0xFF, 0xFF, 0xFF, 0xFF, 0xFF, 0xFF, 0x25, 0xFF, 0xFF, 0xFF, 0xFF, 0xFF, 0xFF, 0xFC, 
0xF3, 0x22, 0x22, 0x22, 0x26, 0xEF, 0xEA, 0xFF, 0xFD, 0x9F, 0xF7, 0x2B, 0x36, 0xFF, 0xFF, 0xFF, 
0xFF, 0xFF, 0xFF, 0xFE, 0x25, 0xFF, 0xFF, 0xFF, 0xFF, 0xFF, 0xFF, 0xFF, 0xD2, 0x29, 0x22, 0x22, 
0x22, 0x23, 0x26, 0xFF, 0xFD, 0x5F, 0xFC, 0x25, 0x42, 0x6F, 0xFF, 0xFF, 0xFF, 0xFF, 0xFF, 0xFC, 
0x28, 0xFF, 0xFF, 0xFF, 0xFF, 0xFF, 0xFF, 0xFF, 0xA2, 0x7F, 0xA2, 0x22, 0x22, 0x22, 0x3D, 0xFF, 
0xFD, 0x2F, 0xFF, 0xC7, 0x22, 0x24, 0xDF, 0xFF, 0xFF, 0xF9, 0x4C, 0xF7, 0x3E, 0xFF, 0xFF, 0xFF, 
0xFF, 0xFF, 0xFF, 0xFF, 0xA2, 0xBF, 0xFB, 0x32, 0x22, 0x22, 0xAF, 0xFF, 0xFF, 0x2B, 0xFF, 0xCF, 
0x62, 0x22, 0x25, 0x9A, 0x97, 0x32, 0x27, 0x82, 0xCF, 0xFF, 0xFF, 0xFF, 0xFF, 0xFF, 0xFF, 0xFF, 
0xC2, 0xCF, 0xFF, 0xE6, 0x22, 0x22, 0x9F, 0xFF, 0xFF, 0x55, 0xFF, 0x3F, 0xE3, 0x22, 0x22, 0x58, 
0x22, 0x22, 0x74, 0x29, 0xFF, 0xFF, 0xFF, 0xFF, 0xFF, 0xFF, 0xFF, 0xFF, 0xF2, 0xCF, 0xFF, 0xFC, 
0x22, 0x22, 0x4F, 0xFF, 0xFF, 0xB2, 0xAF, 0x2A, 0xFC, 0x22, 0x22, 0xFA, 0x22, 0x62, 0xFC, 0x4F, 
0xFF, 0xFF, 0xFF, 0xFF, 0xFF, 0xFF, 0xFF, 0xFF, 0xF7, 0xDF, 0xFF, 0xFC, 0x22, 0x22, 0x2D, 0xFF, 
0xFF, 0xF7, 0x23, 0x24, 0xFF, 0xA2, 0x22, 0x82, 0x25, 0xF3, 0x75, 0xDF, 0xFF, 0xFF, 0xFF, 0xFF, 
0xFF, 0xFF, 0xFF, 0xFF, 0xFF, 0xFF, 0xFF, 0xFC, 0x22, 0x22, 0x29, 0xFF, 0xFF, 0xFF, 0x52, 0x22, 
0xBF, 0xF9, 0x22, 0x22, 0x22, 0xED, 0xCF, 0xFF, 0xFF, 0xFF, 0xFF, 0xFF, 0xFF, 0xFF, 0xFF, 0xFF, 
0xFF, 0xFF, 0xFF, 0xFC, 0x22, 0x22, 0x25, 0xFF, 0xFF, 0xFF, 0xD2, 0x22, 0x4F, 0xFF, 0xA2, 0x22, 
0x22, 0x8F, 0xFF, 0xFF, 0xFF, 0xFF, 0xFF, 0xFF, 0xFF, 0xFF, 0xFF, 0xFF, 0xFF, 0xFF, 0xFF, 0xFD, 
0x22, 0x22, 0x22, 0xFF, 0xFF, 0xFF, 0xF5, 0x22, 0x26, 0xFF, 0xFB, 0x22, 0x22, 0x5F, 0xFF, 0xFF, 
0xFF, 0xFF, 0xFF, 0xFF, 0xFF, 0xFF, 0xFF, 0xFF, 0xFF, 0xFF, 0xFF, 0xFF, 0x32, 0x22, 0x22, 0xCF, 
0xFF, 0xFF, 0xF9, 0x22, 0x22, 0x4B, 0xDD, 0x92, 0x27, 0xFF, 0xFF, 0xFF, 0xFF, 0xFF, 0xFF, 0xFF, 
0xFF, 0xFF, 0xFF, 0xFF, 0xFF, 0xFF, 0xFF, 0xFF, 0x82, 0x22, 0x22, 0x8F, 0xFF, 0xFF, 0xFC, 0x22, 
0x7B, 0x84, 0x22, 0x24, 0xBF, 0xFF, 0xFF, 0xFF, 0xFF, 0xFF, 0xFF, 0xFF, 0xFF, 0xFF, 0xFF, 0xFF, 
0xFF, 0xFF, 0xFF, 0xFF, 0xE2, 0x22, 0x22, 0x5F, 0xFF, 0xFF, 0xFF, 0x22, 0x6F, 0xFF, 0xFE, 0xFF, 
0xFF, 0xFF, 0xFF, 0xFF, 0xFF, 0xFF, 0xFF, 0xFF, 0xFF, 0xFF, 0xFF, 0xFF, 0xFF, 0xFF, 0xFF, 0xFF, 
0xF8, 0x22, 0x22, 0x2F, 0xFF, 0xFF, 0xFF, 0x42, 0x4F, 0xFF, 0xFF, 0xFF, 0xFF, 0xFF, 0xFF, 0xFF, 
0xFF, 0xFF, 0xFF, 0xFF, 0xFF, 0xFF, 0xFF, 0xFF, 0xFF, 0xFF, 0xFF, 0xFF, 0xFD, 0x22, 0x22, 0x2B, 
0xFF, 0xFF, 0xFF, 0x52, 0x3F, 0xFF, 0xFF, 0xFF, 0xFF, 0xFF, 0xFF, 0xFF, 0xFF, 0xFF, 0xFF, 0xFF, 
0xFF, 0xFF, 0xFF, 0xFF, 0xFF, 0xFF, 0xFF, 0xFF, 0xFF, 0x62, 0x22, 0x27, 0xFF, 0xFF, 0xFF, 0x72, 
0x2F, 0xFF, 0xFF, 0xFF, 0xFF, 0xFF, 0xFF, 0xFF, 0xFF, 0xFF, 0xFF, 0xFF, 0xFF, 0xFF, 0x72, 0x26, 
0xCF, 0xFF, 0xFF, 0xFF, 0xFF, 0xB2, 0x22, 0x23, 0xFF, 0xFF, 0xFF, 0x62, 0x2F, 0xFF, 0xFF, 0xFF, 
0xFF, 0xFF, 0xFF, 0xFF, 0xFF, 0xFF, 0xFF, 0xFF, 0xFF, 0xF8, 0x23, 0x64, 0x24, 0x9C, 0xFF, 0xFF, 
0xFF, 0xF3, 0x22, 0x22, 0xBF, 0xFF, 0xFF, 0x52, 0x2F, 0xFF, 0xFF, 0xFF, 0xFF, 0xFF, 0xFF, 0xFF, 
0xFF, 0xFF, 0xFF, 0xFF, 0xFF, 0xF2, 0x5F, 0xFF, 0xD5, 0x22, 0xAF, 0xFF, 0xFF, 0xF6, 0x22, 0x22, 
0x6F, 0xFF, 0xFF, 0x22, 0x2F, 0xFF, 0xFF, 0xFF, 0xFF, 0xFF, 0xFF, 0xFF, 0xFF, 0xFF, 0xFF, 0xFF, 
0xFF, 0xC2, 0xBF, 0xFF, 0xFF, 0x72, 0x3E, 0xFF, 0xFF, 0xF9, 0x22, 0x22, 0x2C, 0xFF, 0xFA, 0x22, 
0x2F, 0xFF, 0xFF, 0xFF, 0xFF, 0xFF, 0xFF, 0xFF, 0xFF, 0xFF, 0xFF, 0xFF, 0xFF, 0xB2, 0xEF, 0xFF, 
0xFF, 0xF3, 0x23, 0xDF, 0xFF, 0xFA, 0x22, 0x22, 0x24, 0xEF, 0xC3, 0x22, 0x2F, 0xFF, 0xFF, 0xFF, 
0xFF, 0xFF, 0xFF, 0xFF, 0xFF, 0xFF, 0xFF, 0xFF, 0xFF, 0xB2, 0xFF, 0xFE, 0x7F, 0xF2, 0x25, 0x3C, 
0xFF, 0xFB, 0x22, 0x22, 0x22, 0x34, 0x22, 0x22, 0x3F, 0xFF, 0xFF, 0xFF, 0xFF, 0xFF, 0xFF, 0xFF, 
0xFF, 0xFD, 0xFE, 0xFF, 0xFF, 0xB2, 0xFF, 0xFC, 0x3F, 0xB2, 0x9F, 0x63, 0xDF, 0xFB, 0x22, 0x22, 
0x22, 0x22, 0x22, 0x22, 0x3F, 0xFF, 0xFF, 0xFF, 0xFF, 0xFF, 0xFF, 0xFF, 0xFF, 0x84, 0x67, 0xFF, 
0xFF, 0xB2, 0xFF, 0xFC, 0x2E, 0x44, 0xFF, 0xF7, 0x3C, 0xF9, 0x22, 0x22, 0x22, 0x22, 0x22, 0x22, 
0x3F, 0xFF, 0xFF, 0xFF, 0xFF, 0xFF, 0xFF, 0xFF, 0xFF, 0x62, 0x22, 0x5D, 0xFF, 0xC2, 0xFF, 0xFC, 
0x24, 0x2A, 0xFF, 0xFF, 0x62, 0x84, 0x22, 0x22, 0x22, 0x22, 0x22, 0x22, 0x2E, 0xFF, 0xFF, 0xFF, 
0xFF, 0xFF, 0xFF, 0xFF, 0xFF, 0x62, 0x22, 0x24, 0xAF, 0xD2, 0xDF, 0xFC, 0x22, 0x3F, 0xFB, 0x45, 
0xE6, 0x22, 0x22, 0x22, 0x22, 0x22, 0x22, 0x22, 0x2C, 0xFF, 0xFF, 0xFF, 0xFF, 0xFF, 0xFF, 0xFF, 
0xFF, 0x62, 0x22, 0x29, 0x3C, 0xF2, 0xCF, 0xFC, 0x22, 0x24, 0x22, 0x65, 0x9F, 0x62, 0x22, 0x22, 
0x22, 0x22, 0x22, 0x22, 0x2A, 0xFF, 0xFF, 0xFF, 0xFF, 0xFF, 0xFF, 0xFF, 0xFF, 0x72, 0x22, 0x26, 
0xB3, 0xF2, 0xAF, 0xFD, 0x22, 0x22, 0x94, 0x64, 0x6F, 0xF6, 0x22, 0x22, 0x22, 0x22, 0x22, 0x22, 
0x28, 0xFF, 0xFF, 0xFF, 0xFF, 0xFF, 0xFF, 0xFF, 0xFF, 0x82, 0x34, 0x22, 0xE6, 0x83, 0x8F, 0xFD, 
0x23, 0x22, 0x63, 0x52, 0x2E, 0xFF, 0x62, 0x22, 0x22, 0x22, 0x22, 0x22, 0x26, 0xFF, 0xFF, 0xFF, 
0xFF, 0xFF, 0xFF, 0xFF, 0xFF, 0x92, 0x49, 0x22, 0xAC, 0x23, 0x6F, 0xFD, 0x2A, 0x82, 0x25, 0x64, 
0x6A, 0xFF, 0xF6, 0x22, 0x22, 0x22, 0x22, 0x22, 0x24, 0xFF, 0xFF, 0xFF, 0xFF, 0xFF, 0xFF, 0xFF, 
0xFF, 0xB2, 0x3D, 0x22, 0x6F, 0x52, 0x4F, 0xFD, 0x2B, 0xF6, 0x22, 0x22, 0x2D, 0xFF, 0xFF, 0x82, 
0x22, 0x22, 0x22, 0x22, 0x22, 0xFF, 0xFF, 0xFF, 0xFF, 0xFF, 0xFF, 0xFF, 0xFF, 0xD2, 0x2E, 0x32, 
0x2F, 0xB2, 0x2F, 0xFD, 0x2A, 0xFE, 0x42, 0x62, 0xAF, 0xFF, 0xFF, 0xF9, 0x22, 0x22, 0x22, 0x22, 
0x22, 0xFF, 0xFF, 0xFF, 0xFF, 0xFF, 0xFF, 0xFF, 0xFF, 0xF2, 0x2B, 0x82, 0x2B, 0xF5, 0x2C, 0xFD, 
0x2A, 0xFF, 0xC2, 0x26, 0xFF, 0xFF, 0xFF, 0xFF, 0xB3, 0x22, 0x22, 0x22, 0x22, 0xEF, 0xFF, 0xFF, 
0xFF, 0xFF, 0xFF, 0xFF, 0xFF, 0xF6, 0x26, 0xD2, 0x25, 0xFC, 0x28, 0xFD, 0x2A, 0xFF, 0xF8, 0x2D, 
0xFF, 0xFF, 0xFF, 0xFF, 0xFE, 0x62, 0x22, 0x22, 0x22, 0xDF, 0xFF, 0xFF, 0xFF, 0xFF, 0xFF, 0xFF, 
0xFF, 0xFB, 0x22, 0xD6, 0x22, 0xDF, 0x53, 0xEE, 0x2A, 0xFF, 0xFF, 0x47, 0xFF, 0xFF, 0xFF, 0xFF, 
0xFF, 0xFB, 0x42, 0x22, 0x22, 0xCF, 0xFF, 0xFF, 0xFF, 0xFF, 0xFF, 0xFF, 0xFF, 0xFF, 0x52, 0x4C, 
0x22, 0x6F, 0xD2, 0x7D, 0x2A, 0xFF, 0xFF, 0xD2, 0xDF, 0xFF, 0xFF, 0xFF, 0xFF, 0xED, 0xFA, 0x32, 
0x22, 0xCF, 0xFF, 0xFF, 0xFF, 0xFF, 0xFF, 0xFF, 0xFF, 0xFF, 0xC2, 0x29, 0x72, 0x2C, 0xF7, 0x29, 
0x29, 0xFF, 0xFF, 0xF8, 0x5F, 0xFF, 0xFF, 0xFC, 0x45, 0x22, 0xCF, 0xF8, 0x22, 0xBF, 0xFF, 0xFF, 
0xFF, 0xFF, 0xFF, 0xFF, 0xFF, 0xFF, 0xF7, 0x22, 0xD3, 0x24, 0xFF, 0x32, 0x29, 0xFF, 0xFF, 0xFF, 
0x39, 0xFF, 0xFF, 0xF9, 0x67, 0x3B, 0x7F, 0xFF, 0xB3, 0x3D, 0xFF, 0xFF, 0xFF, 0xFF, 0xFF, 0xFF, 
0xFF, 0xFF, 0xFE, 0x42, 0x79, 0x22, 0x8F, 0xB2, 0x29, 0xFF, 0xFF, 0xFF, 0xB2, 0xDF, 0xFF, 0xF7, 
0x5A, 0x26, 0x28, 0xFF, 0xFD, 0x33, 0xDF, 0xFF, 0xFF, 0xFF, 0xFF, 0xFF, 0xFF, 0xFF, 0xFF, 0xD3, 
0x2E, 0x42, 0x2C, 0xF6, 0x29, 0xFF, 0xFF, 0xFF, 0xF7, 0x4E, 0xFF, 0xF4, 0x42, 0x92, 0xA9, 0x7F, 
0xFF, 0xE3, 0x3E, 0xFF, 0xFF, 0xFF, 0xFF, 0xFF, 0xFF, 0xFF, 0xFF, 0xFB, 0x28, 0xB2, 0x24, 0xFD, 
0x2A, 0xFF, 0xFF, 0xFF, 0xFF, 0x63, 0xBF, 0xF3, 0x84, 0x33, 0x33, 0x9F, 0xFF, 0xFD, 0x33, 0xEF, 
0xFF, 0xFF, 0xFF, 0xFF, 0xFF, 0xFF, 0xFF, 0xFF, 0x83, 0xF7, 0xB2, 0x8E, 0x2B, 0xFF, 0xFF, 0xFF, 
0xFF, 0xFA, 0x35, 0xB7, 0x22, 0x2F, 0x36, 0xFF, 0xFF, 0xFF, 0xD3, 0x4E, 0xFF, 0xFF, 0xFF, 0xFF, 
0xFF, 0xFF, 0xFF, 0xFF, 0xF3, 0x9F, 0xC2, 0x27, 0x2D, 0xFF, 0xFF, 0xFF, 0xFF, 0xFF, 0xFA, 0x62, 
0x3B, 0x25, 0x2E, 0xFF, 0xFF, 0xFA, 0x62, 0x24, 0xFF, 0xFF, 0xFF, 0xFF, 0xFF, 0xFF, 0xFF, 0xFF, 
0xFA, 0x3D, 0xB2, 0x22, 0x4F, 0xFF, 0xFF, 0xFF, 0xFF, 0xFF, 0xFF, 0xFE, 0x95, 0x22, 0x5F, 0xFF, 
0xFD, 0x42, 0x45, 0x22, 0x6F, 0xFF, 0xFF, 0xFF, 0xFF, 0xFF, 0xFF, 0xFF, 0xFF, 0x52, 0x22, 0x22, 
0x9F, 0xFF, 0xFF, 0xFF, 0xFF, 0xFF, 0xFF, 0xFF, 0xFF, 0xE9, 0x44, 0xBF, 0xD2, 0x3B, 0xFF, 0xD3, 
0x2D, 0xFF, 0xFF, 0xFF, 0xFF, 0xFF, 0xFF, 0xFF, 0xFF, 0xD2, 0x22, 0x25, 0xFF, 0xFF, 0xFF, 0xFF, 
0xFF, 0xFF, 0xFF, 0xFF, 0xFF, 0xFF, 0xFC, 0x54, 0x43, 0xEF, 0xFF, 0xFB, 0x29, 0xFF, 0xFF, 0xFF, 
0xFF, 0xFF, 0xFF, 0xFF, 0xFF, 0xFD, 0x64, 0x7F, 0xFF, 0xFF, 0xFF, 0xFF, 0xFF, 0xFF, 0xFF, 0xFF, 
0xFF, 0xFF, 0xFF, 0xF9, 0x22, 0x79, 0xFF, 0xFF, 0x64, 0xFF, 0xFF, 0xFF, 0xFF, 0xFF, 0xFF, 0xFF, 
0xFF, 0xFF, 0xFF, 0xFF, 0xFF, 0xFF, 0xFF, 0xFF, 0xFF, 0xFF, 0xFF, 0xFF, 0xFF, 0xFF, 0xFF, 0xF8, 
0x22, 0x8F, 0xFF, 0xFF, 0xB2, 0xDF, 0xFF, 0xFF, 0xFF, 0xFF, 0xFF, 0xFF, 0xFF, 0xFF, 0xFF, 0xFF, 
0xFF, 0xFF, 0xFF, 0xFF, 0xFF, 0xFF, 0xFF, 0xFF, 0xFF, 0xFF, 0xFD, 0x52, 0x6E, 0xFF, 0xFF, 0xFF, 
0xA2, 0xCF, 0xFF, 0xFF, 0xFF, 0xFF, 0xFF, 0xFF, 0xFF, 0xFF, 0xFF, 0xFF, 0xFF, 0xFF, 0xFF, 0xFF, 
0xFF, 0xFF, 0xFF, 0xFF, 0xFF, 0xFF, 0x92, 0x5C, 0xFF, 0xFF, 0xFF, 0xFD, 0x33, 0xFF, 0xFF, 0xFF, 
0xFF, 0xFF, 0xFF, 0xFF, 0xFF, 0xFF, 0xFF, 0xFF, 0xFF, 0xFF, 0xFF, 0xFF, 0xFF, 0xFF, 0xFF, 0xFF, 
0xFF, 0xC4, 0x3A, 0xFF, 0xFF, 0xFF, 0xFF, 0x82, 0x4D, 0xFF, 0xFF, 0xFF, 0xFF, 0xFF, 0xFF, 0xFF, 
0xFF, 0xFF, 0xFF, 0xFF, 0xFF, 0xFF, 0xFF, 0xFF, 0xFF, 0xFF, 0xFF, 0xFF, 0xF7, 0x29, 0xFF, 0xFF, 
0xFF, 0xFF, 0x93, 0x39, 0xFF, 0xFF, 0xFF, 0xFF, 0xFF, 0xFF, 0xFF, 0xFF, 0xFF, 0xFF, 0xFF, 0xFF, 
0xFF, 0xFF, 0xFF, 0xFF, 0xFF, 0xFF, 0xFF, 0xFB, 0x35, 0xDF, 0xFF, 0xFF, 0xFC, 0x73, 0x49, 0xEF, 
0xFF, 0xFF, 0xFF, 0xFF, 0xFF, 0xFF, 0xFF, 0xFF, 0xFF, 0xFF, 0xFF, 0xFF, 0xFF, 0xFF, 0xFF, 0xFF, 
0xFF, 0xFF, 0xFD, 0x63, 0xBF, 0xFF, 0xFF, 0xD8, 0x43, 0x8D, 0xFF, 0xFF, 0xFF, 0xFF, 0xFF, 0xFF, 
0xFF, 0xFF, 0xFF, 0xFF, 0xFF, 0xFF, 0xFF, 0xFF, 0xFF, 0xFF, 0xFF, 0xFF, 0xFF, 0xFF, 0x92, 0x7E, 
0xFF, 0xFF, 0xA6, 0x24, 0x9F, 0xFF, 0xFF, 0xFF, 0xFF, 0xFF, 0xFF, 0xFF, 0xFF, 0xFF, 0xFF, 0xFF, 
0xFF, 0xFF, 0xFF, 0xFF, 0xFF, 0xFF, 0xFF, 0xFF, 0xFF, 0xC4, 0x4C, 0xFF, 0xFE, 0x72, 0x24, 0xAF, 
0xFF, 0xFF, 0xFF, 0xFF, 0xFF, 0xFF, 0xFF, 0xFF, 0xFF, 0xFF, 0xFF, 0xFF, 0xFF, 0xFF, 0xFF, 0xFF, 
0xFF, 0xFF, 0xFF, 0xFF, 0xE6, 0x29, 0xFF, 0xFF, 0xB3, 0x23, 0xAF, 0xFF, 0xFF, 0xFF, 0xFF, 0xFF, 
0xFF, 0xFF, 0xFF, 0xFF, 0xFF, 0xFF, 0xFF, 0xFF, 0xFF, 0xFF, 0xFF, 0xFF, 0xFF, 0xFF, 0xFF, 0xFB, 
0x34, 0xCF, 0xFF, 0xF8, 0x22, 0x26, 0xBE, 0xFF, 0xFF, 0xFF, 0xFF, 0xFF, 0xFF, 0xFF, 0xFF, 0xFF, 
0xFF, 0xFF, 0xFF, 0xFF, 0xFF, 0xFF, 0xFF, 0xFF, 0xFF, 0xFF, 0xFF, 0x72, 0x2E, 0xFF, 0xFF, 0x62, 
0x22, 0x22, 0x22, 0x35, 0x7A, 0xDF, 0xFF, 0xFF, 0xFF, 0xFF, 0xFF, 0xFF, 0xFF, 0xFF, 0xFF, 0xFF, 
0xFF, 0xFF, 0xFF, 0xFF, 0xFF, 0xFF, 0xF7, 0x22, 0x29, 0xFF, 0xFB, 0x9C, 0xEF, 0xEE, 0xEC, 0xA8, 
0x63, 0x23, 0x7C, 0xFF, 0xFF, 0xFF, 0xFF, 0xFF, 0xFF, 0xFF, 0xFF, 0xFF, 0xFF, 0xFF, 0xFF, 0xFF, 
0xFF, 0xFF, 0xE2, 0x29, 0x42, 0x5D, 0xFF, 0xFF, 0xFF, 0xFF, 0xFF, 0xFF, 0xFF, 0xB4, 0x22, 0x6D, 
0xFF, 0xFF, 0xFF, 0xFF, 0xFF, 0xFF, 0xFF, 0xFF, 0xFF, 0xFF, 0xFF, 0xFF, 0xFF, 0xFF, 0xE2, 0x5F, 
0xFB, 0x73, 0x7B, 0xFF, 0xFF, 0xFF, 0xFF, 0xFF, 0xFF, 0xFD, 0x23, 0x62, 0x6E, 0xFF, 0xFF, 0xFF, 
0xFF, 0xFF, 0xFF, 0xFF, 0xFF, 0xFF, 0xFF, 0xFF, 0xFF, 0xFF, 0xF8, 0x27, 0xEF, 0xFF, 0xDA, 0x76, 
0x68, 0xAC, 0xDE, 0xEE, 0xEC, 0x94, 0x7E, 0xFD, 0x22, 0xBF, 0xFF, 0xFF, 0xFF, 0xFF, 0xFF, 0xFF, 
0xFF, 0xFF, 0xFF, 0xFF, 0xFF, 0xFF, 0xFF, 0xA3, 0x26, 0x9E, 0xFF, 0xFF, 0xFD, 0xB9, 0x76, 0x55, 
0x55, 0x8C, 0xFF, 0xFB, 0x22, 0xCF, 0xFF, 0xFF, 0xFF, 0xFF, 0xFF, 0xFF, 0xFF, 0xFF, 0xFF, 0xFF, 
0xFF, 0xFF, 0xFF, 0xFF, 0xA4, 0x22, 0x36, 0xAC, 0xFF, 0xFF, 0xFF, 0xFF, 0xFF, 0xFF, 0xFD, 0x62, 
0x23, 0xFF, 0xFF, 0xFF, 0xFF, 0xFF, 0xFF, 0xFF, 0xFF, 0xFF, 0xFF, 0xFF, 0xFF, 0xFF, 0xFF, 0xFF, 
0xFF, 0xD9, 0x52, 0x22, 0x23, 0x57, 0x89, 0xAA, 0xA9, 0x86, 0x32, 0x26, 0xCF, 0xFF, 0xFF, 0xFF, 
0xFF, 0xFF, 0xFF, 0xFF, 0xFF, 0xFF, 0xFF, 0xFF, 0xFF, 0xFF, 0xFF, 0xFF, 0xFF, 0xFF, 0xFF, 0xCA, 
0x75, 0x32, 0x22, 0x22, 0x22, 0x23, 0x69, 0xEF, 0xFF, 0xFF, 0xFF, 0xFF, 0xFF, 0xFF, 0xFF, 0xFF, 
0xFF, 0xFF, 0xFF, 0xFF, 0xFF, 0xFF, 0xFF, 0xFF, 0xFF, 0xFF, 0xFF, 0xFF, 0xFF, 0xFF, 0xED, 0xDD, 
0xDE, 0xFF, 0xFF, 0xFF, 0xFF, 0xFF, 0xFF, 0xFF, 0xFF, 0xFF, 0x94, 0x9F, 0xFF, 0xFF, 0xFF, 0xFF, 
0xFF, 0xFF, 0xFF, 0xFA, 0x9A, 0xDF, 0xFF, 0xFF, 0xFF, 0xFF, 0xFF, 0xFF, 0xFF, 0xFF, 0xFF, 0xFF, 
0xFF, 0xFF, 0xD2, 0x22, 0x49, 0xEF, 0xFF, 0xFF, 0xFF, 0xFF, 0xFF, 0x93, 0x22, 0x22, 0x6E, 0xFF, 
0xFF, 0xFF, 0xFF, 0xFF, 0xFF, 0xFF, 0xFF, 0xFF, 0xFF, 0xFF, 0xFD, 0x24, 0xA7, 0x32, 0x59, 0xDF, 
0xFF, 0xFF, 0xFA, 0x42, 0x22, 0x68, 0x42, 0x3A, 0xC9, 0x9C, 0xFF, 0xFF, 0xFF, 0xFF, 0xFF, 0xFF, 
0xFF, 0xFF, 0xFF, 0xF3, 0x3E, 0xFF, 0xB7, 0x32, 0x25, 0x66, 0x52, 0x22, 0x39, 0xEF, 0xFF, 0x82, 
0x22, 0x22, 0x23, 0xAF, 0xFF, 0xFF, 0xFF, 0xFF, 0xFF, 0xFF, 0xFF, 0xFF, 0x92, 0x4D, 0xFF, 0xFF, 
0xDA, 0x87, 0x66, 0x89, 0xDF, 0xFF, 0xFF, 0xFF, 0x42, 0x22, 0x22, 0x22, 0x7F, 0xFF, 0xFF, 0xFF, 
0xFF, 0xFF, 0xFF, 0xFF, 0xFF, 0x72, 0x27, 0xDF, 0xFF, 0xFF, 0xFF, 0xFF, 0xFF, 0xFF, 0x9E, 0xFF, 
0xF5, 0x22, 0x22, 0x22, 0x22, 0x6F, 0xFF, 0xFF, 0xFF, 0xFF, 0xFF, 0xFF, 0xFF, 0xFF, 0xB3, 0x22, 
0x5B, 0xFF, 0xFF, 0xFF, 0xFF, 0xFF, 0xB2, 0x7F, 0xFF, 0x32, 0x25, 0x22, 0x22, 0x22, 0x8F, 0xFF, 
0xFF, 0xFF, 0xFF, 0xFF, 0xFF, 0xFC, 0xDF, 0xF8, 0x22, 0x26, 0xFF, 0xFF, 0xFF, 0xFF, 0xF7, 0x24, 
0xFF, 0x92, 0x7F, 0xFC, 0x22, 0x22, 0x22, 0xCF, 0xFF, 0xFF, 0xFF, 0xFF, 0xFF, 0xF4, 0x22, 0x4E, 
0xFD, 0x52, 0x25, 0xFF, 0xFF, 0xFF, 0xFF, 0x32, 0x3F, 0xD3, 0x25, 0xFF, 0xF8, 0x22, 0x22, 0x25, 
0xFF, 0xFF, 0xFF, 0xFF, 0xFF, 0xFA, 0x22, 0x22, 0x4E, 0xFF, 0xA3, 0x25, 0xFF, 0xFF, 0xFF, 0xB2, 
0x22, 0xC3, 0x22, 0x26, 0x98, 0x32, 0x42, 0x22, 0x2B, 0xFF, 0xFF, 0xFF, 0xFF, 0xFF, 0xB2, 0x39, 
0x32, 0x5F, 0xFF, 0xE6, 0x24, 0xEF, 0xFF, 0xFB, 0x64, 0x22, 0x22, 0x24, 0x42, 0x22, 0xAF, 0x32, 
0x22, 0x6F, 0xFF, 0xFF, 0xFF, 0xFF, 0xFD, 0x25, 0xFC, 0x22, 0x7F, 0xFF, 0xF9, 0x24, 0xDF, 0xFF, 
0xFF, 0xF8, 0x22, 0xDF, 0xFF, 0xC2, 0x2F, 0xFC, 0x22, 0x22, 0xDF, 0xFF, 0xFF, 0xFF, 0xFF, 0xF4, 
0x3F, 0xFA, 0x22, 0x9F, 0xFF, 0xFC, 0x32, 0x9F, 0xFF, 0xFF, 0xC2, 0x28, 0xFF, 0xFF, 0x73, 0xFF, 
0xF5, 0x22, 0x28, 0xFF, 0xFF, 0xFF, 0xFF, 0xFF, 0x92, 0xCF, 0xF8, 0x22, 0xBF, 0xFF, 0xFE, 0x62, 
0x6E, 0xFF, 0xF9, 0x22, 0x2A, 0xEF, 0xB3, 0x6F, 0xFF, 0xA2, 0x22, 0x3F, 0xFF, 0xFF, 0xFF, 0xFF, 
0xFE, 0x35, 0xFF, 0xF6, 0x23, 0xDF, 0xFF, 0xFF, 0x92, 0x39, 0xEE, 0x32, 0x22, 0x23, 0x22, 0x2A, 
0xFF, 0xFF, 0x22, 0x22, 0xBF, 0xFF, 0xFF, 0xFF, 0xFF, 0xF9, 0x28, 0xFF, 0xF4, 0x24, 0xEF, 0xFF, 
0xFF, 0xC4, 0x22, 0x22, 0x22, 0xAF, 0xF9, 0x22, 0xAF, 0xFF, 0xF6, 0x22, 0x27, 0xFF, 0xFF, 0xFF, 
0xFF, 0xFF, 0xF4, 0x2C, 0xFF, 0xE3, 0x25, 0xFF, 0xFF, 0xFF, 0xF9, 0x22, 0x22, 0x6F, 0xFF, 0xF2, 
0x2A, 0xFF, 0xFF, 0x92, 0x22, 0x3F, 0xFF, 0xFF, 0xFF, 0xFF, 0xFF, 0xD2, 0x3E, 0xFF, 0xC2, 0x27, 
0xFF, 0xFF, 0xFF, 0xFE, 0x62, 0x22, 0x6B, 0xB7, 0x22, 0xCF, 0xFF, 0xFC, 0x22, 0x22, 0xCF, 0xFF, 
0xFF, 0xFF, 0xFF, 0xFF, 0xA2, 0x4E, 0xFF, 0xC2, 0x2A, 0xFF, 0xFF, 0xFF, 0xFF, 0x22, 0x22, 0x22, 
0x22, 0x5F, 0xFF, 0xFF, 0x92, 0x22, 0x28, 0xFF, 0xFF, 0xFF, 0xFF, 0xFF, 0xFF, 0x72, 0x5F, 0xFF, 
0xC3, 0x29, 0xFF, 0xFF, 0xFF, 0xF3, 0x22, 0x22, 0x22, 0x26, 0xAB, 0xA8, 0x52, 0x22, 0x22, 0x23, 
0x6A, 0xEF, 0xFF, 0xFF, 0xFF, 0xFF, 0x52, 0x6F, 0xFF, 0xD4, 0x25, 0xCF, 0xFF, 0xFF, 0x42, 0x22, 
0x22, 0x22, 0x22, 0x22, 0x22, 0x22, 0x22, 0x22, 0x22, 0x22, 0x49, 0xFF, 0xFF, 0xFF, 0xFE, 0x42, 
0x7F, 0xFF, 0xF7, 0x22, 0x59, 0xCC, 0x82, 0x22, 0x22, 0x22, 0x22, 0x22, 0x22, 0x22, 0x22, 0x22, 
0x22, 0x22, 0x22, 0x29, 0xFF, 0xFF, 0xFF, 0xFE, 0x32, 0x9F, 0xFF, 0xFE, 0x73, 0x22, 0x22, 0x22, 
0x22, 0x22, 0x22, 0x22, 0x22, 0x22, 0x22, 0x22, 0x22, 0x22, 0x22, 0x22, 0x8F, 0xFF, 0xFF, 0xFF, 
0xFD, 0x22, 0xBF, 0xFF, 0xFF, 0xFB, 0x75, 0x33, 0x34, 0x68, 0xAC, 0xEF, 0xEA, 0x22, 0x22, 0x22, 
0x22, 0x22, 0x22, 0x22, 0x27, 0xFF, 0xFF, 0xFF, 0xFF, 0xFB, 0x22, 0xCF, 0xFF, 0xFF, 0xFF, 0xFF, 
0xFF, 0xFF, 0xFF, 0xFF, 0xFC, 0x42, 0x22, 0x22, 0x22, 0x22, 0x22, 0x22, 0x22, 0x8F, 0xFF, 0xFF, 
0xFF, 0xFF, 0xFA, 0x24, 0xFF, 0xFF, 0xFF, 0xFF, 0xFF, 0xFF, 0xFF, 0xFF, 0xD7, 0x22, 0x22, 0x22, 
0x22, 0x22, 0x22, 0x22, 0x22, 0x29, 0xFF, 0xFF, 0xFF, 0xFF, 0xFF, 0xF8, 0x27, 0xFF, 0xFF, 0xFF, 
0xFF, 0xFF, 0xFF, 0xFF, 0x92, 0x22, 0x22, 0x22, 0x22, 0x22, 0x22, 0x22, 0x22, 0x22, 0xBF, 0xFF, 
0xFF, 0xFF, 0xFF, 0xFF, 0xF7, 0x2B, 0xFF, 0xFF, 0xFF, 0xFF, 0xFF, 0xFF, 0xF2, 0x22, 0x22, 0x22, 
0x22, 0x22, 0x22, 0x22, 0x22, 0x22, 0x2E, 0xFF, 0xFF, 0xFF, 0xFF, 0xFF, 0xFF, 0xF5, 0x3E, 0xFF, 
0xFF, 0xFF, 0xFF, 0xFF, 0xFF, 0x22, 0x22, 0x22, 0x22, 0x22, 0x22, 0x22, 0x22, 0x22, 0x24, 0xFF, 
0xFF, 0xFF, 0xFF, 0xFF, 0xFF, 0xFF, 0xE4, 0x6F, 0xFF, 0xFF, 0xFF, 0xFF, 0xFF, 0xFA, 0x22, 0x22, 
0x22, 0x22, 0x22, 0x22, 0x22, 0x22, 0x22, 0x9F, 0xFF, 0xFF, 0xFF, 0xFF, 0xFF, 0xFF, 0xFF, 0xD2, 
0xBF, 0xFF, 0xFF, 0xFF, 0xFF, 0xFF, 0xFE, 0x83, 0x22, 0x22, 0x22, 0x22, 0x22, 0x22, 0x22, 0x2E, 
0xFF, 0xFF, 0xFF, 0xFF, 0xFF, 0xFF, 0xFF, 0xFF, 0x73, 0xFF, 0xFF, 0xFF, 0xFF, 0xFF, 0xFF, 0xFF, 
0xE5, 0x22, 0x22, 0x22, 0x22, 0x22, 0x22, 0x28, 0xFF, 0xFF, 0xFF, 0xFF, 0xFF, 0xFF, 0xFF, 0xFF, 
0xFE, 0x27, 0xFF, 0xFF, 0xFF, 0xFF, 0x79, 0xEF, 0xFF, 0xF7, 0x22, 0x22, 0x22, 0x22, 0x22, 0x24, 
0xFF, 0xFF, 0xFF, 0xFF, 0xFF, 0xFF, 0xFF, 0xFF, 0xFF, 0xF8, 0x2B, 0xFF, 0xFF, 0xFF, 0xF8, 0x22, 
0x7B, 0xCA, 0x72, 0x22, 0x22, 0x22, 0x22, 0x22, 0xCF, 0xFF, 0xFF, 0xFF, 0xFF, 0xFF, 0xFF, 0xFF, 
0xFF, 0xFF, 0xF3, 0x2D, 0xFF, 0xFF, 0xFF, 0xFD, 0x52, 0x22, 0x22, 0x22, 0x22, 0x22, 0x22, 0x22, 
0xAF, 0xFF, 0xFF, 0xFF, 0xFF, 0xFF, 0xFF, 0xFF, 0xFF, 0xFF, 0xFF, 0xC3, 0x3D, 0xFF, 0xC7, 0xFF, 
0xFF, 0xB3, 0x22, 0x22, 0x22, 0x22, 0x22, 0x22, 0xAF, 0xFF, 0xFF, 0xFF, 0xFF, 0xFF, 0xFF, 0xFF, 
0xFF, 0xFF, 0xFF, 0xFF, 0xC3, 0x3D, 0xFF, 0x84, 0xDF, 0xFF, 0xC2, 0x22, 0x22, 0x22, 0x22, 0x23, 
0xBF, 0xFF, 0xFF, 0xFF, 0xFF, 0xFF, 0xFF, 0xFF, 0xFF, 0xFF, 0xFF, 0xFF, 0xFF, 0xD3, 0x3D, 0xFF, 
0x62, 0x8C, 0xFF, 0xB2, 0x22, 0x22, 0x22, 0x26, 0xEF, 0xFF, 0xFF, 0xFF, 0xFF, 0xFF, 0xFF, 0xFF, 
0xFF, 0xFF, 0xFF, 0xFF, 0xFF, 0xFF, 0xD3, 0x3B, 0xFF, 0x52, 0x22, 0x35, 0x22, 0x22, 0x22, 0x5C, 
0xFF, 0xFF, 0xFF, 0xFF, 0xFF, 0xFF, 0xFF, 0xFF, 0xFF, 0xFF, 0xFF, 0xFF, 0xFF, 0xFF, 0xFF, 0xE5, 
0x23, 0x65, 0x23, 0x43, 0x32, 0x22, 0x48, 0xDF, 0xFF, 0xFF, 0xFF, 0xFF, 0xFF, 0xFF, 0xFF, 0xFF, 
0xFF, 0xFF, 0xFF, 0xFF, 0xFF, 0xFF, 0xFF, 0xFF, 0xFD, 0xAA, 0xDF, 0xFF, 0xFF, 0xFF, 0xFF, 0xFF, 
0xFF, 0xFF, 0xFF, 0xFF, 0xFF, 0xFF, 0xFF, 0xFF, 0xFF, 0xFF, 0xFF, 0xFF, 0xFF, 0xFF, 0xFF, 0xFF, 
0xFF, 0xFF, 0xFF, 0xFF, 0xFF, 0xFF, 0xFF, 0xFF, 0xFF, 0xFF, 0xFF, 0xFF, 0xFF, 0xFF, 0xFF, 0xFF, 
0xFF, 0xFF, 0xFF, 0xFF, 0xFF, 0xFF, 0xFF, 0x73, 0x22, 0x37, 0xCF, 0xFF, 0xFF, 0xFF, 0xFF, 0xFF, 
0xFF, 0xFF, 0xFF, 0xFF, 0xFF, 0xFF, 0xFF, 0xFF, 0xFF, 0xFF, 0xFF, 0xFF, 0xE4, 0x22, 0x22, 0x22, 
0x26, 0xEF, 0xFF, 0xFF, 0xFF, 0xFF, 0xFF, 0xFF, 0xFF, 0xFF, 0xFF, 0xFF, 0xFF, 0xFF, 0xFF, 0xFD, 
0x62, 0x22, 0x22, 0x22, 0x22, 0x22, 0x22, 0x3D, 0xFF, 0xFF, 0xFF, 0xFF, 0xFF, 0xFF, 0xFF, 0xFF, 
0xFF, 0xFF, 0xFF, 0xFF, 0xFF, 0x82, 0x22, 0x22, 0x22, 0x22, 0x22, 0x22, 0x22, 0x23, 0xDF, 0xFF, 
0xFF, 0xFF, 0xFF, 0xFF, 0xFF, 0xFF, 0xFF, 0xFF, 0xFF, 0xFF, 0xF6, 0x22, 0x38, 0xDF, 0x72, 0x7E, 
0x92, 0x22, 0x22, 0x22, 0x4F, 0xFF, 0xFF, 0xFF, 0xFF, 0xFF, 0xFF, 0xFF, 0xFF, 0xFF, 0xFF, 0xFD, 
0x42, 0x25, 0xEF, 0xFF, 0xD2, 0xAF, 0xF4, 0x29, 0x72, 0x22, 0x29, 0xFF, 0xFF, 0xFF, 0xFF, 0xFF, 
0xFF, 0xFF, 0xFF, 0xFF, 0xFF, 0xB3, 0x22, 0x8F, 0xFD, 0xEF, 0xD2, 0x8F, 0xF5, 0x2F, 0xF6, 0x22, 
0x23, 0xFF, 0xFF, 0xFF, 0xFF, 0xFF, 0xFF, 0xFF, 0xFF, 0xFF, 0xF8, 0x22, 0x2A, 0xFF, 0xF4, 0x9F, 
0x82, 0x9F, 0xF2, 0x3F, 0xFD, 0x22, 0x22, 0x9F, 0xFF, 0xFF, 0xFF, 0xFF, 0xFF, 0xFF, 0xFF, 0xE9, 
0x32, 0x23, 0xCF, 0xFF, 0xE2, 0x7D, 0x24, 0xFD, 0x52, 0x5F, 0xFF, 0x52, 0x22, 0x4F, 0xFF, 0xFF, 
0xFF, 0xFF, 0xFF, 0xFD, 0x84, 0x22, 0x23, 0x8E, 0xFF, 0xFF, 0xA2, 0x65, 0x26, 0x52, 0x22, 0x4F, 
0xFF, 0x92, 0x22, 0x2E, 0xFF, 0xFF, 0xFF, 0xFF, 0xFF, 0xB2, 0x23, 0x69, 0xCF, 0xFF, 0xFF, 0xFF, 
0x32, 0x22, 0x22, 0x22, 0x52, 0x2C, 0xFF, 0xD2, 0x22, 0x2B, 0xFF, 0xFF, 0xFF, 0xFF, 0xFF, 0x52, 
0x6F, 0xFF, 0xFF, 0xFF, 0xFF, 0xFA, 0x22, 0x22, 0x23, 0x7D, 0xF3, 0x29, 0xFF, 0xF2, 0x22, 0x29, 
0xFF, 0xFF, 0xFF, 0xFF, 0xFF, 0x52, 0x59, 0x88, 0x89, 0xDF, 0xFF, 0xF5, 0x22, 0x22, 0x8F, 0xFF, 
0xF4, 0x2C, 0xFF, 0xF4, 0x22, 0x27, 0xFF, 0xFF, 0xFF, 0xFF, 0xFF, 0xA3, 0x22, 0x22, 0x22, 0x2B, 
0xFF, 0xF9, 0x66, 0x22, 0x6F, 0xFF, 0xC2, 0x4F, 0xFF, 0xF5, 0x22, 0x26, 0xFF, 0xFF, 0xFF, 0xFF, 
0xFF, 0xFF, 0xFF, 0xFE, 0xB5, 0x22, 0xAF, 0xFF, 0xFB, 0x22, 0x24, 0x86, 0x22, 0x3F, 0xFF, 0xF7, 
0x22, 0x24, 0xFF, 0xFF, 0xFF, 0xFF, 0xFF, 0xFF, 0xFF, 0xFF, 0xFF, 0xA2, 0x29, 0xFF, 0xF8, 0x22, 
0x22, 0x47, 0x42, 0x2E, 0xFF, 0xF8, 0x22, 0x23, 0xFF, 0xFF, 0xFF, 0xFF, 0xFF, 0xFF, 0xFF, 0xFF, 
0xFF, 0xFD, 0x42, 0x7E, 0xFA, 0x22, 0xAE, 0xFF, 0xD2, 0x2D, 0xFF, 0xF8, 0x22, 0x22, 0xFF, 0xFF, 
0xFF, 0xFF, 0xFF, 0xFF, 0xFF, 0xFF, 0xFF, 0xFF, 0xF9, 0x32, 0x32, 0x22, 0x7F, 0xFF, 0x72, 0x2C, 
0xFF, 0xE5, 0x22, 0x22, 0x8F, 0xFF, 0xFF, 0xFF, 0xFF, 0xFF, 0xFF, 0xFF, 0xFF, 0xFF, 0xFF, 0xF9, 
0x32, 0x22, 0x25, 0x64, 0x22, 0x22, 0x22, 0x22, 0x22, 0x22, 0x23, 0x7A, 0xDF, 0xFF, 0xFF, 0xFF, 
0xFF, 0xFF, 0xFF, 0xFF, 0xFF, 0xFF, 0xE4, 0x22, 0x22, 0x22, 0x22, 0x22, 0x22, 0x22, 0x22, 0x22, 
0x22, 0x22, 0x24, 0xFF, 0xFF, 0xFF, 0xFF, 0xFF, 0xFF, 0xFF, 0xFF, 0xFF, 0xA2, 0x22, 0x22, 0x22, 
0x22, 0x22, 0x22, 0x22, 0x22, 0x22, 0x22, 0x22, 0x22, 0xAF, 0xFF, 0xFF, 0xFF, 0xFF, 0xFF, 0xFF, 
0xFB, 0x73, 0x22, 0x22, 0x22, 0x22, 0x22, 0x22, 0x22, 0x22, 0x22, 0x22, 0x22, 0x22, 0x22, 0x6F, 
0xFF, 0xFF, 0xFF, 0xFF, 0xFF, 0xFD, 0x32, 0x22, 0x22, 0x22, 0x22, 0x22, 0x22, 0x22, 0x22, 0x22, 
0x22, 0x22, 0x22, 0x22, 0x22, 0x4F, 0xFF, 0xFF, 0xFF, 0xFF, 0xFF, 0xF3, 0x22, 0x22, 0x22, 0x22, 
0x22, 0x22, 0x22, 0x22, 0x22, 0x22, 0x22, 0x22, 0x22, 0x22, 0x22, 0x4F, 0xFF, 0xFF, 0xFF, 0xFF, 
0xFF, 0xC2, 0x22, 0x22, 0x22, 0x22, 0x22, 0x22, 0x22, 0x22, 0x22, 0x22, 0x22, 0x22, 0x22, 0x22, 
0x22, 0x4F, 0xFF, 0xFF, 0xFF, 0xFF, 0xFF, 0xA2, 0x22, 0x22, 0x22, 0x22, 0x77, 0x22, 0x22, 0x22, 
0x22, 0x22, 0x22, 0x22, 0x22, 0x22, 0x22, 0x5F, 0xFF, 0xFF, 0xFF, 0xFF, 0xFF, 0xA2, 0x22, 0x22, 
0x22, 0x22, 0xBF, 0xD4, 0x22, 0x22, 0x22, 0x22, 0x24, 0x62, 0x22, 0x22, 0x22, 0x7F, 0xFF, 0xFF, 
0xFF, 0xFF, 0xFF, 0xB2, 0x22, 0x22, 0x22, 0x22, 0xBF, 0xFE, 0x32, 0x22, 0x22, 0x22, 0x5F, 0x92, 
0x22, 0x22, 0x22, 0x9F, 0xFF, 0xFF, 0xFF, 0xFF, 0xFF, 0xD2, 0x22, 0x22, 0x22, 0x22, 0xCF, 0xFF, 
0x82, 0x22, 0x22, 0x25, 0xFF, 0x82, 0x22, 0x22, 0x22, 0xCF, 0xFF, 0xFF, 0xFF, 0xFF, 0xFF, 0xF4, 
0x22, 0x22, 0x22, 0x22, 0xCF, 0xFF, 0x82, 0x22, 0x22, 0x4E, 0xFF, 0x72, 0x23, 0x22, 0x22, 0xFF, 
0xFF, 0xFF, 0xFF, 0xFF, 0xFF, 0xFA, 0x22, 0x22, 0x22, 0x22, 0xCF, 0xFF, 0x52, 0x22, 0x23, 0xDF, 
0xFC, 0x22, 0x4A, 0x22, 0x27, 0xFF, 0xFF, 0xFF, 0xFF, 0xFF, 0xFF, 0xFF, 0x52, 0x22, 0x22, 0x22, 
0xCF, 0xFF, 0x42, 0x22, 0x7E, 0xFF, 0xD3, 0x27, 0xFD, 0x22, 0x2D, 0xFF, 0xFF, 0xFF, 0xFF, 0xFF, 
0xFF, 0xFF, 0xE4, 0x22, 0x22, 0x22, 0xBF, 0xFF, 0xB3, 0x3B, 0xFF, 0xFE, 0x42, 0xAF, 0xFD, 0x22, 
0x7F, 0xFF, 0xFF, 0xFF, 0xFF, 0xFF, 0xFF, 0xFF, 0xFE, 0x42, 0x22, 0x22, 0xBF, 0xFF, 0xFF, 0xEF, 
0xFF, 0xF5, 0x29, 0xFF, 0xF8, 0x23, 0xEF, 0xFF, 0xFF, 0xFF, 0xFF, 0xFF, 0xFF, 0xFF, 0xFF, 0xF5, 
0x22, 0x22, 0xBF, 0xFF, 0xFF, 0xFF, 0xFF, 0xE4, 0x9F, 0xFF, 0xC2, 0x2B, 0xFF, 0xFF, 0xFF, 0xFF, 
0xFF, 0xFF, 0xFF, 0xFF, 0xFF, 0xFF, 0x92, 0x23, 0xFF, 0xFF, 0xFF, 0xFF, 0xFF, 0xFF, 0xFF, 0xFC, 
0x32, 0x7F, 0xFF, 0xFF, 0xFF, 0xFF, 0xFF, 0xFF, 0xFF, 0xFF, 0xFF, 0xFD, 0x82, 0x2A, 0xFF, 0xFF, 
0xFF, 0xFF, 0xFF, 0xFF, 0xFC, 0x62, 0x22, 0xBF, 0xFF, 0xFF, 0xFF, 0xFF, 0xFF, 0xFF, 0xFF, 0xFE, 
0xB7, 0x42, 0x23, 0xAF, 0xFF, 0xFF, 0xFF, 0xFF, 0xFF, 0xFF, 0x62, 0x22, 0x22, 0x6F, 0xFF, 0xFF, 
0xFF, 0xFF, 0xFF, 0xDB, 0x86, 0x32, 0x22, 0x36, 0x9E, 0xFF, 0xFF, 0xFF, 0xFF, 0xFF, 0xFF, 0xFF, 
0xFA, 0x77, 0x93, 0x6F, 0xFF, 0xFF, 0xFF, 0xFA, 0x63, 0x22, 0x23, 0x69, 0xBE, 0xFF, 0xFF, 0xFF, 
0xFF, 0xFF, 0xFF, 0xFF, 0xFF, 0xFF, 0xFF, 0xFF, 0x82, 0xBF, 0xFF, 0xFF, 0xE8, 0x32, 0x46, 0x9C, 
0xEF, 0xFF, 0xFF, 0xFF, 0xFF, 0xFF, 0xFF, 0xFF, 0xFF, 0xFF, 0xFF, 0xFF, 0xFE, 0xB5, 0x28, 0xFF, 
0xFF, 0xFB, 0x34, 0xBE, 0xFF, 0xFF, 0xFF, 0xFF, 0xFF, 0xFF, 0xFF, 0xFF, 0xFF, 0xFF, 0xFF, 0xFF, 
0xFB, 0x63, 0x22, 0x23, 0xBF, 0xFF, 0xFF, 0xF3, 0x2B, 0xFF, 0xFF, 0xFF, 0xFF, 0xFF, 0xFF, 0xCA, 
0x86, 0x55, 0x55, 0x66, 0x66, 0x65, 0x22, 0x59, 0x9A, 0xBF, 0xFF, 0xFF, 0xFF, 0xF6, 0x23, 0x7A, 
0xBC, 0xCB, 0xA9, 0x86, 0x32, 0x22, 0x22, 0x23, 0x44, 0x45, 0x56, 0x78, 0xAE, 0xFF, 0xFF, 0xFF, 
0xFF, 0xFF, 0xFF, 0xFF, 0x85, 0x22, 0x22, 0x22, 0x23, 0x45, 0x68, 0xAC, 0xDF, 0xFF, 0xFF, 0xFF, 
0xFF, 0xFF, 0xFF, 0xFF, 0xFF, 0xFF, 0xFF, 0xFF, 0xFF, 0xFF, 0xFF, 0xFF, 0xEE, 0xEE, 0xFF, 0xFF, 
0xFF, 0xFF, 0xFF, 0xFF, 0xFF, 0xFF, 0xFF, 0xFF, 0xFF, 0xFF, 0xFF, 0xFF, 0xFF, 0xFF, 0xFF, 0xFF, 
0xFF, 0xFF, 0xFF, 0xFD, 0xDF, 0xFF, 0xFF, 0xFF, 0xFE, 0x95, 0x22, 0x25, 0xCF, 0xFF, 0xFF, 0x92, 
0x22, 0x22, 0x22, 0x2D, 0xFF, 0xF6, 0x22, 0x38, 0xCC, 0x92, 0x25, 0xFF, 0x82, 0x26, 0xEF, 0xFF, 
0xF8, 0x22, 0xFF, 0x32, 0x4F, 0xFF, 0xFF, 0xFA, 0x22, 0xDE, 0x22, 0x7F, 0xFF, 0xFF, 0xF5, 0x22, 
0xFF, 0x32, 0x29, 0xDF, 0xDA, 0x42, 0x26, 0xFF, 0xA2, 0x22, 0x22, 0x22, 0x22, 0x3E, 0xFF, 0xF9, 
0x22, 0x22, 0x22, 0x27, 0xEF, 0xFF, 0xFF, 0xEA, 0x88, 0x9C, 0xFF, 0xFF, 0xFF, 0xFF, 0xB7, 0x55, 
0xAF, 0xFF, 0xFF, 0x72, 0x22, 0x22, 0x6F, 0xFF, 0xA2, 0x24, 0x85, 0x22, 0x7F, 0xF4, 0x24, 0xFF, 
0xF8, 0x22, 0xCF, 0x22, 0xAF, 0xFF, 0xF4, 0x26, 0xF2, 0x2A, 0xFF, 0xFF, 0x92, 0x3F, 0x52, 0x6F, 
0xFF, 0xFC, 0x23, 0xFA, 0x22, 0xDF, 0xFF, 0xB2, 0x3F, 0xF4, 0x24, 0xEF, 0xF8, 0x25, 0xFF, 0xD3, 
0x23, 0xAB, 0x32, 0xAF, 0xFF, 0xC3, 0x22, 0x22, 0x3F, 0xFF, 0xFF, 0xD5, 0x22, 0x3C, 0xFF, 0xFF, 
0xFF, 0xFD, 0xCE, 0xFF, 0xFF, 0xFF, 0xFC, 0xCF, 0xFF, 0xFF, 0xFF, 0xFF, 0xFF, 0xFF, 0xFF, 0xFF, 
0xD4, 0x22, 0x3B, 0xFF, 0xFF, 0xFF, 0xFF, 0xFF, 0xFF, 0xFA, 0x82, 0x22, 0x22, 0x2A, 0xFF, 0xFF, 
0xFF, 0xFF, 0xFF, 0xFF, 0x52, 0x22, 0x22, 0x22, 0x3F, 0xFF, 0xFF, 0xFF, 0xFF, 0xFF, 0xFC, 0x22, 
0x22, 0x22, 0x22, 0xEF, 0xFF, 0xFF, 0xFF, 0xFF, 0xFE, 0x62, 0x22, 0x22, 0x22, 0x2E, 0xFF, 0xFF, 
0xFF, 0xFF, 0xFF, 0xD8, 0x22, 0x22, 0x22, 0x23, 0xFF, 0xFF, 0xFF, 0xFF, 0xFF, 0xFF, 0xF9, 0x22, 
0x22, 0x22, 0x7F, 0xFF, 0xF6, 0xAF, 0xFF, 0xFF, 0xFF, 0xF7, 0x22, 0x22, 0x2B, 0xFF, 0xFD, 0x23, 
0xEF, 0xFF, 0xFF, 0xFF, 0xFE, 0xBA, 0x42, 0x4E, 0xFE, 0x42, 0x23, 0xCF, 0xFF, 0xFF, 0xFF, 0xFF, 
0xF5, 0x22, 0x36, 0x32, 0x22, 0x23, 0xFF, 0xFF, 0xFF, 0xFF, 0xFF, 0x42, 0x22, 0x22, 0x22, 0x22, 
0x7F, 0xFF, 0xFF, 0xFF, 0xFF, 0xF4, 0x22, 0x22, 0x22, 0x22, 0x2C, 0xFF, 0xFF, 0xFF, 0xFF, 0xFF, 
0x72, 0x22, 0x22, 0x22, 0x22, 0xFF, 0xFF, 0xFF, 0xFF, 0xFF, 0xFD, 0x22, 0x22, 0x22, 0x22, 0x2E, 
0xFF, 0xFF, 0xFF, 0xFF, 0xFF, 0xFA, 0x22, 0x22, 0x22, 0x22, 0x5A, 0x7D, 0xFF, 0xFF, 0xFF, 0xFF, 
0xF7, 0x22, 0x22, 0x22, 0x53, 0x25, 0xFF, 0xFF, 0xFF, 0xFF, 0xFF, 0xA2, 0x46, 0x8C, 0xFF, 0xE2, 
0xDF, 0xFF, 0xFF, 0xFF, 0xFC, 0x93, 0x8F, 0xFF, 0xFF, 0xFF, 0x4F, 0xFF, 0xFF, 0xFF, 0xA3, 0x22, 
0x29, 0xFF, 0xFF, 0xFF, 0xFD, 0xFF, 0xFF, 0xFF, 0xFA, 0xBE, 0xFE, 0xCF, 0xFF, 0xFF, 0xFF, 0xFF, 
0xFF, 0xFF, 0x9A, 0x74, 0x5B, 0xFF, 0xFF, 0xFF, 0xFF, 0xFF, 0xE2, 0x22, 0x22, 0x29, 0xFF, 0xFF, 
0xFF, 0xFF, 0xF6, 0x22, 0x22, 0x22, 0x2E, 0xFF, 0xFF, 0xFF, 0xF4, 0x22, 0x22, 0x22, 0x22, 0xCF, 
0xFF, 0xFF, 0xFF, 0xC2, 0x22, 0x22, 0x22, 0x2B, 0xFF, 0xFF, 0xFF, 0xFF, 0x62, 0x22, 0x22, 0x22, 
0xEF, 0xFF, 0xFF, 0xFF, 0xFA, 0x22, 0x22, 0x22, 0x7F, 0xFF, 0xFF, 0xFF, 0xFF, 0xF4, 0x22, 0x22, 
0x2E, 0xFF, 0xFF, 0xBF, 0xFF, 0xFF, 0xE8, 0x42, 0x24, 0xFF, 0xFF, 0x82, 0xCF, 0xFF, 0xFF, 0xFF, 
0x82, 0x29, 0xFF, 0xB2, 0x24, 0xFF, 0xFF, 0xFF, 0xD2, 0x22, 0x24, 0x52, 0x22, 0x29, 0xFF, 0xFF, 
0xF6, 0x22, 0x22, 0x22, 0x22, 0x22, 0x5F, 0xBE, 0xFF, 0x32, 0x22, 0x22, 0x22, 0x22, 0x2D, 0xFC, 
0x4D, 0xC2, 0x22, 0x22, 0x22, 0x22, 0x27, 0xFF, 0xF7, 0x22, 0x22, 0x22, 0x22, 0x22, 0x25, 0xFF, 
0xFF, 0x83, 0x87, 0x32, 0x22, 0x22, 0x22, 0xFF, 0xFF, 0xF7, 0xCF, 0xFF, 0x82, 0x22, 0x44, 0x2B, 
0xFF, 0xFF, 0xFF, 0xFF, 0xFF, 0xFE, 0xFF, 0xF5, 0x25, 0xAF, 0xFF, 0xFF, 0xFF, 0xFF, 0xFF, 0xFF, 
0x43, 0x8D, 0xFF, 0xFF, 0xFF, 0xFF, 0xFF, 0xFF, 0xFB, 0xFF, 0xFF, 0xFF, 0xFF, 0xFF, 0xFF, 0xFF, 
0xFF, 0xFF, 0xFF, 0xFF, 0xFF, 0xFF, 0xFF, 0xFF, 0xFF, 0xFF, 0xFF, 0xFF, 0xFA, 0x7F, 0xFF, 0xFF, 
0xDD, 0xFF, 0xFE, 0xFF, 0xFE, 0xDC, 0xCE, 0xFB, 0x99, 0xBF, 0xFF, 0xFF, 0xED, 0xFF, 0xFF, 0xFF, 
0xFF, 0xFF, 0x42, 0xAF, 0xFF, 0xF5, 0x2B, 0xFD, 0x27, 0xF4, 0x22, 0x22, 0x5F, 0x52, 0x22, 0x3B, 
0xFF, 0xF4, 0x2C, 0xFF, 0xFF, 0xFF, 0xFF, 0xD2, 0x25, 0xFF, 0xFF, 0x52, 0xBF, 0x62, 0x7F, 0x42, 
0x46, 0x69, 0xF4, 0x24, 0x32, 0x2E, 0xFE, 0x22, 0x7F, 0xFF, 0xFF, 0xFF, 0xF9, 0x22, 0x2D, 0xFF, 
0xF5, 0x2B, 0xE2, 0x27, 0xF4, 0x2D, 0xFF, 0xFF, 0x42, 0xFE, 0x22, 0xBF, 0xA2, 0x23, 0xFF, 0xFF, 
0xFF, 0xFF, 0x62, 0x22, 0x7F, 0xFF, 0x52, 0xB7, 0x22, 0x8F, 0x42, 0xEF, 0xFF, 0xF3, 0x3F, 0xF5, 
0x2B, 0xF6, 0x22, 0x2C, 0xFF, 0xFF, 0xFF, 0xF2, 0x23, 0x22, 0xFF, 0xF5, 0x2A, 0x22, 0x28, 0xF4, 
0x2F, 0xFF, 0xFF, 0x33, 0xFD, 0x32, 0xDF, 0x32, 0x72, 0x8F, 0xFF, 0xFF, 0xFB, 0x22, 0xB2, 0x2A, 
0xFF, 0x52, 0x32, 0x42, 0x8F, 0x42, 0xFF, 0xFF, 0xF2, 0x22, 0x22, 0x5F, 0xC2, 0x6D, 0x24, 0xFF, 
0xFF, 0xFF, 0x72, 0x6F, 0x52, 0x5F, 0xF5, 0x22, 0x3C, 0x29, 0xF4, 0x2F, 0xFF, 0xFF, 0x22, 0x24, 
0x8F, 0xF8, 0x25, 0x92, 0x2D, 0xFF, 0xFF, 0xF3, 0x27, 0x95, 0x22, 0xEF, 0x52, 0x29, 0xE2, 0x9F, 
0x53, 0xFF, 0xFF, 0xF2, 0x3F, 0xFF, 0xFF, 0x42, 0x22, 0x22, 0x9F, 0xFF, 0xFD, 0x22, 0x22, 0x22, 
0x29, 0xF5, 0x23, 0xFE, 0x2A, 0xF6, 0x4F, 0xFF, 0xFF, 0x24, 0xFF, 0xFF, 0xE2, 0x4B, 0xCB, 0x25, 
0xFF, 0xFF, 0x92, 0x25, 0x65, 0x22, 0x5F, 0x62, 0x9F, 0xE2, 0xAF, 0x64, 0xFF, 0xFF, 0xF3, 0x6F, 
0xFF, 0xFA, 0x2A, 0xFF, 0xF4, 0x2F, 0xFF, 0xF5, 0x26, 0xFF, 0xF9, 0x22, 0xDF, 0xEF, 0xFF, 0xCE, 
0xFD, 0xCF, 0xFF, 0xFF, 0xCD, 0xFF, 0xFF, 0xEC, 0xFF, 0xFF, 0xDC, 0xFF, 0xFF, 0xCB, 0xEF, 0xFF, 
0xFB, 0xAE, 0xFF, 0xFC, 0xAD, 0xFE, 0xBF, 0xFF, 0xFF, 0xFF, 0xFF, 0xD4, 0x22, 0x22, 0x28, 0xFF, 
0xFF, 0xFF, 0xFF, 0xE3, 0x22, 0x22, 0x22, 0x7F, 0xFF, 0xFF, 0xFF, 0xF9, 0x22, 0x22, 0x22, 0x22, 
0x9F, 0xFF, 0xFF, 0xFF, 0x82, 0x22, 0x22, 0x22, 0x26, 0xDF, 0xFF, 0xFF, 0xFB, 0x22, 0x22, 0x22, 
0x28, 0xFF, 0xFF, 0xFF, 0xFF, 0xF4, 0x22, 0x22, 0x22, 0xAF, 0xFF, 0xFF, 0xFF, 0xFF, 0xE4, 0x22, 
0x22, 0x5F, 0xFF, 0xDF, 0xFF, 0xFF, 0xFF, 0xC2, 0x22, 0x6F, 0xFF, 0xF4, 0x7E, 0xFF, 0xFF, 0xFC, 
0x22, 0x2D, 0xFF, 0xE6, 0x22, 0x3F, 0xFF, 0xFF, 0xC2, 0x22, 0x48, 0x73, 0x22, 0x22, 0xEF, 0xFF, 
0xFC, 0x22, 0x22, 0x22, 0x22, 0x22, 0x2F, 0xFF, 0xFF, 0xC2, 0x22, 0x22, 0x22, 0x22, 0x25, 0xFF, 
0xFF, 0xFC, 0x22, 0x22, 0x22, 0x22, 0x22, 0x4F, 0xCF, 0xFF, 0xF3, 0x22, 0x22, 0x22, 0x22, 0x22, 
0x34, 0xFF, 0xFF, 0xA2, 0x22, 0x22, 0x22, 0x3B, 0xB2, 0xCF, 0xFF, 0xFF, 0xD7, 0x22, 0x22, 0x7E, 
0xFD, 0x5F, 0xFF, 0xFF, 0xFF, 0xFE, 0x42, 0xCF, 0xFF, 0xEB, 0xFF, 0xFF, 0xFF, 0xFC, 0x62, 0x3E, 
0xFF, 0xFF, 0xFF, 0xFF, 0xFF, 0xFF, 0x99, 0x74, 0x4F, 0xFF, 0xFF, 0xFF, 0xFF, 0xFF, 0xFF, 0xFF, 
0xFF, 0xFF, 0xFF, 0xFF, 0xFF, 0xFF, 0xCA, 0xAA, 0xAC, 0xFF, 0xFF, 0xFF, 0xFF, 0xFF, 0xFF, 0xFF, 
0xFF, 0xFF, 0xFF, 0xFF, 0xFF, 0xFF, 0xFF, 0xFF, 0xFF, 0xFF, 0xFF, 0xFF, 0xFF, 0xFF, 0xC4, 0x22, 
0x22, 0x22, 0x8F, 0xFF, 0xFF, 0xFF, 0xFF, 0xFF, 0xFF, 0xFF, 0xFF, 0xFF, 0xFF, 0xFF, 0xFF, 0xFF, 
0xFF, 0xFF, 0xFF, 0xFF, 0xFF, 0xFF, 0xFD, 0x33, 0x8B, 0xDD, 0x92, 0x2F, 0xFF, 0xFF, 0xFF, 0xFF, 
0xFF, 0xFF, 0xFF, 0xFF, 0xFF, 0xFF, 0xFF, 0xFF, 0xFF, 0xFF, 0xFF, 0xFC, 0x99, 0xCF, 0xFF, 0xF6, 
0x2E, 0xFF, 0xFF, 0xB2, 0x2B, 0xFF, 0xFF, 0xFF, 0xFF, 0xFF, 0xFF, 0xFF, 0xFF, 0xFF, 0xFF, 0xFF, 
0xFF, 0xFF, 0xFF, 0xE8, 0x32, 0x22, 0x25, 0xDF, 0xF4, 0x2A, 0xFF, 0xFB, 0x32, 0x4E, 0xFF, 0xFF, 
0xFF, 0xFF, 0xFF, 0xFF, 0xFF, 0xFF, 0xFF, 0xFF, 0xFF, 0xFF, 0xFF, 0xFF, 0xB2, 0x22, 0x57, 0x32, 
0x3E, 0xF7, 0x23, 0xDF, 0xF4, 0x23, 0xEF, 0xFF, 0xFF, 0xFF, 0xFF, 0xFF, 0xFF, 0xFF, 0xFF, 0xFF, 
0xFF, 0xFF, 0xFF, 0xFF, 0xFF, 0xFC, 0x32, 0x6F, 0xF7, 0x26, 0xFE, 0x32, 0x3B, 0xF9, 0x25, 0xFF, 
0xFF, 0xFF, 0xFF, 0xFF, 0xFF, 0xFF, 0xFF, 0xFF, 0xFF, 0xFF, 0xFF, 0xFF, 0xFF, 0xFF, 0xFF, 0x32, 
0x6F, 0xFF, 0x33, 0xFF, 0xE5, 0x22, 0x56, 0x22, 0xEF, 0xFF, 0xFF, 0xFF, 0xFF, 0xFF, 0xFF, 0xFF, 
0xFF, 0xFF, 0xFF, 0xFF, 0xFF, 0xFF, 0xFF, 0xFC, 0x22, 0xBF, 0xFF, 0x33, 0xFF, 0xFF, 0x92, 0x22, 
0x26, 0xFF, 0xFF, 0xFF, 0xFF, 0xFF, 0xFF, 0xFF, 0xFF, 0xFF, 0xFF, 0xFF, 0xFF, 0xFF, 0xFF, 0xFF, 
0xF6, 0x22, 0xAF, 0xF9, 0x28, 0xFF, 0xFF, 0xFE, 0x86, 0xBF, 0xFF, 0xFF, 0xFF, 0xFF, 0xFF, 0xFF, 
0xFF, 0xFF, 0xFF, 0xFF, 0xFF, 0xFF, 0xFF, 0xFF, 0xFF, 0xF8, 0x22, 0x9F, 0xB2, 0x3F, 0xFF, 0xFF, 
0xFF, 0xFF, 0xFF, 0xFF, 0xFF, 0xFF, 0xFF, 0xFF, 0xFF, 0xFF, 0xFF, 0xFF, 0xFF, 0xFF, 0xFF, 0xFF, 
0xFF, 0xFF, 0xFF, 0xD5, 0x78, 0x22, 0xCF, 0xFF, 0xFF, 0xFF, 0xFF, 0xFF, 0xFF, 0xFF, 0xFF, 0xFF, 
0xFF, 0xFF, 0xFF, 0xFF, 0xFF, 0xFF, 0xFF, 0xFF, 0xFF, 0xFF, 0xFF, 0xFF, 0xFF, 0x32, 0x3C, 0xFF, 
0xFF, 0xFF, 0xFF, 0xFF, 0xFF, 0xFF, 0xFF, 0xFF, 0xFF, 0xFF, 0xFF, 0xFF, 0xFF, 0xFF, 0xFF, 0xFF, 
0xFF, 0xFF, 0xFF, 0xFF, 0xFF, 0xFF, 0x77, 0xEF, 0xFF, 0xFF, 0xFF, 0xFF, 0xFF, 0xFF, 0xFF, 0xFF, 
0xFF, 0xFF, 0xFF, 0xFF, 0xFF, 0xFF, 0xFF, 0xFF, 0xFF, 0xFF, 0xFF, 0xFF, 0xF6, 0xFF, 0xFF, 0xFF, 
0xFF, 0xFF, 0xFF, 0xFF, 0xFF, 0xEF, 0xFF, 0xFF, 0xFF, 0xB2, 0xBF, 0xFF, 0xFF, 0xFF, 0xFF, 0xFF, 
0xFF, 0xFE, 0x37, 0xEF, 0xFF, 0xFF, 0x42, 0x6F, 0xFF, 0xFF, 0xFF, 0xFF, 0xFF, 0xFF, 0xFF, 0x72, 
0x26, 0xCF, 0xF9, 0x22, 0x2F, 0xFF, 0xAF, 0xFF, 0xFF, 0xFF, 0xFF, 0xFF, 0xD2, 0x22, 0x24, 0x92, 
0x22, 0x2A, 0xD5, 0x2F, 0xFF, 0xFF, 0xFF, 0xFF, 0xFF, 0xF5, 0x22, 0x22, 0x22, 0x57, 0x23, 0x22, 
0x4F, 0xFF, 0xFF, 0xFF, 0xFF, 0xFF, 0xFB, 0x22, 0x64, 0x24, 0xEE, 0x22, 0x22, 0x6F, 0xFF, 0xFF, 
0xFF, 0xFF, 0xFF, 0xFF, 0x42, 0x8F, 0xDE, 0xFF, 0x72, 0x22, 0x8F, 0xFF, 0xFF, 0xFF, 0xFF, 0xFF, 
0xFF, 0xA2, 0x3F, 0xFF, 0xFF, 0xFC, 0x22, 0x48, 0xCE, 0xFF, 0xFF, 0xFF, 0xFF, 0xFF, 0xC2, 0x2B, 
0xFF, 0xFF, 0xFF, 0x32, 0x22, 0x22, 0x47, 0x9C, 0xFF, 0xFF, 0xB6, 0x22, 0x2C, 0xFF, 0xFF, 0xFF, 
0xFC, 0xA3, 0x22, 0x22, 0x26, 0xDD, 0x72, 0x22, 0x23, 0xCF, 0xFF, 0xFF, 0xFF, 0xFC, 0x52, 0x22, 
0x26, 0xCF, 0xFB, 0x42, 0x22, 0x2C, 0xFF, 0xFF, 0xFF, 0xFF, 0xF6, 0x22, 0x26, 0xDF, 0xFF, 0xFF, 
0xFB, 0x52, 0x23, 0x8D, 0xFF, 0xFF, 0xFF, 0xFB, 0x22, 0x6F, 0xFF, 0xFF, 0xFF, 0xFF, 0xFC, 0x62, 
0x26, 0xFF, 0xFF, 0xFF, 0xFF, 0x32, 0x2E, 0xFF, 0xFF, 0xFF, 0xFF, 0xFF, 0xF7, 0x26, 0xFF, 0xFF, 
0xFF, 0xFF, 0x82, 0x2A, 0xFF, 0xFF, 0xFF, 0xFF, 0xFF, 0xF7, 0x25, 0xF8, 0x3C, 0xFF, 0x78, 0x92, 
0x24, 0xFF, 0xFF, 0xFF, 0xFF, 0xFF, 0xF6, 0x23, 0x42, 0x22, 0xCB, 0x22, 0x22, 0x22, 0xDF, 0xFF, 
0xFF, 0xFF, 0xFF, 0xF6, 0x22, 0x22, 0x22, 0x36, 0x22, 0x22, 0x22, 0x8F, 0xFF, 0xFF, 0xFF, 0xFF, 
0xF5, 0x22, 0x29, 0xD3, 0x22, 0x2E, 0xC9, 0x52, 0x3F, 0xFF, 0xFF, 0xFF, 0xFF, 0xF4, 0x24, 0xDF, 
0xFB, 0x22, 0x7F, 0xFF, 0xFF, 0xDF, 0xFF, 0xFF, 0xFF, 0xFF, 0xF3, 0x7F, 0xFF, 0xFF, 0x82, 0xDF, 
0xFF, 0xFF, 0xFF, 0xFF, 0xFF, 0xFF, 0xFF, 0xFC, 0xFF, 0xFF, 0xFF, 0xFA, 0xFF, 0xFF, 0xFF, 0xFF, 
0xFF, 0xFF, 0xFF, 0xFE, 0xDE, 0xFF, 0xFF, 0xFF, 0xFF, 0xFE, 0x52, 0x22, 0x37, 0xDF, 0xFF, 0xFF, 
0xE4, 0x22, 0x22, 0x22, 0x26, 0xEF, 0xFF, 0x82, 0x4B, 0xED, 0xB6, 0x22, 0x4D, 0xFF, 0x32, 0xCF, 
0xFF, 0xFF, 0xC3, 0x24, 0xFF, 0x22, 0xFF, 0xFF, 0xFF, 0xFD, 0x22, 0xAF, 0x42, 0x8F, 0xFF, 0xFF, 
0xFF, 0x22, 0x9F, 0x92, 0x26, 0xBE, 0xFE, 0xB5, 0x22, 0xEF, 0xF9, 0x32, 0x22, 0x22, 0x22, 0x2B, 
0xFF, 0xFF, 0xFB, 0x74, 0x33, 0x48, 0xEF, 0xFF, 0xFF, 0xFF, 0xD9, 0x89, 0xDF, 0xFF, 0xFF, 0xE6, 
0x22, 0x22, 0x27, 0xFF, 0xFE, 0x42, 0x22, 0x42, 0x22, 0xBF, 0xF5, 0x22, 0x6E, 0xFE, 0x42, 0x7F, 
0xA2, 0x27, 0xFF, 0xFF, 0x92, 0x5F, 0x52, 0x5F, 0xFF, 0xFF, 0x52, 0x8E, 0x22, 0xCF, 0xFF, 0xFB, 
0x22, 0xEC, 0x22, 0xFF, 0xFF, 0xC3, 0x27, 0xFD, 0x22, 0xBF, 0xF9, 0x32, 0x4F, 0xFF, 0x42, 0x23, 
0x22, 0x23, 0xDF, 0xFF, 0xD3, 0x22, 0x22, 0x5E, 0xFF, 0xFF, 0xFE, 0x97, 0x9C, 0xFF, 0xFF, 0xFF, 
0xFF, 0xFC, 0xCF, 0xFF, 0xFF, 0xFF, 0xA3, 0x22, 0x3B, 0xFF, 0xFF, 0x92, 0x22, 0x22, 0x2C, 0xFF, 
0xE2, 0x29, 0xFD, 0x52, 0x4F, 0xFA, 0x26, 0xFF, 0xFE, 0x32, 0xBF, 0x92, 0x7F, 0xFF, 0xF9, 0x27, 
0xFB, 0x24, 0xFF, 0xFF, 0xD2, 0x4F, 0xF3, 0x2A, 0xFF, 0xFE, 0x22, 0xFF, 0x92, 0x2B, 0xFF, 0xC2, 
0x2F, 0xFF, 0x72, 0x27, 0xB4, 0x25, 0xFF, 0xFF, 0x92, 0x22, 0x22, 0xBF, 0xFF, 0xFF, 0xD6, 0x33, 
0x9F, 0xFF, 0xFF, 0xFF, 0xFF, 0xFF, 0xFF, 0xFF, 0xFF, 0xFF, 0xEB, 0xCF, 0xFF, 0xFF, 0xFF, 0xFE, 
0x72, 0x22, 0x3A, 0xFF, 0xFF, 0xFB, 0x32, 0x22, 0x22, 0x29, 0xFF, 0xFB, 0x22, 0x4B, 0xED, 0x72, 
0x2D, 0xFD, 0x22, 0x6F, 0xFF, 0xFF, 0x42, 0x9F, 0x62, 0x3F, 0xFF, 0xFF, 0xF6, 0x29, 0xF2, 0x28, 
0xFF, 0xFF, 0xFE, 0x32, 0xCE, 0x22, 0x5E, 0xFF, 0xFC, 0x42, 0x6F, 0xF5, 0x22, 0x25, 0x64, 0x22, 
0x4E, 0xFF, 0xF8, 0x32, 0x22, 0x22, 0x7F, 0xFF, 0xFF, 0xFF, 0xCA, 0xAB, 0xEF, 0xFF, 0xFF, 0xFF, 
0xDB, 0xEF, 0xFF, 0xFF, 0xF6, 0x22, 0x28, 0xFF, 0xFF, 0x72, 0x22, 0x22, 0x7F, 0xFD, 0x22, 0x38, 
0x32, 0x2C, 0xF7, 0x22, 0xBF, 0xE3, 0x26, 0xF5, 0x22, 0xFF, 0xF9, 0x22, 0xF3, 0x25, 0xFF, 0xFE, 
0x22, 0xC3, 0x25, 0xFF, 0xFF, 0x32, 0xA4, 0x24, 0xFF, 0xFF, 0x32, 0xA7, 0x22, 0xDF, 0xFE, 0x22, 
0xAD, 0x22, 0x4C, 0xD5, 0x22, 0xDF, 0x82, 0x22, 0x22, 0x23, 0xFF, 0xF9, 0x22, 0x22, 0x3C, 0xFF, 
0xFF, 0xFB, 0x9A, 0xEF, 0xFF, 0xF9, 0x55, 0x7B, 0xFF, 0xFF, 0xFF, 0xF6, 0x22, 0x22, 0x24, 0xBF, 
0xFF, 0xFC, 0x22, 0x6A, 0x73, 0x22, 0x8F, 0xFF, 0xA2, 0x2F, 0xFF, 0xF9, 0x22, 0x7F, 0xFB, 0x22, 
0xCF, 0xFF, 0xFC, 0x22, 0x9F, 0xE2, 0x27, 0xFF, 0xFF, 0xF7, 0x24, 0xFF, 0x72, 0x2C, 0xFF, 0xFF, 
0x92, 0x2F, 0xFF, 0x42, 0x3D, 0xFF, 0xF7, 0x23, 0xFF, 0xFE, 0x42, 0x39, 0xC8, 0x22, 0x6F, 0xFF, 
0xFE, 0x52, 0x22, 0x22, 0x3D, 0xFF, 0xFF, 0xFF, 0xA6, 0x55, 0x8E, 0xFF, 0xFF, 0xFF, 0xFD, 0x74, 
0x35, 0xDF, 0xFF, 0xFF, 0x72, 0x22, 0x22, 0x3F, 0xFF, 0xE4, 0x22, 0x22, 0x22, 0x2B, 0xFF, 0x42, 
0x24, 0xBF, 0xD2, 0x29, 0xF8, 0x22, 0x6F, 0xFF, 0xF2, 0x29, 0xF3, 0x23, 0xFF, 0xFF, 0xB2, 0x2B, 
0xE2, 0x28, 0xFF, 0xFF, 0x72, 0x2E, 0xE2, 0x27, 0xFF, 0xFC, 0x22, 0x6F, 0xF4, 0x22, 0xBE, 0xC3, 
0x22, 0xDF, 0xFA, 0x22, 0x22, 0x22, 0x2A, 0xFF, 0xFF, 0x82, 0x22, 0x23, 0xAF, 0xFF, 0xFF, 0xFD, 
0x98, 0xAF, 0xFF, 0xFF, 0xFF, 0xFF, 0xB8, 0x8A, 0xEF, 0xFF, 0xFF, 0xFA, 0x32, 0x22, 0x22, 0x6D, 
0xFF, 0xF8, 0x22, 0x22, 0x22, 0x22, 0x2A, 0xFB, 0x22, 0x5C, 0xFF, 0xD9, 0x22, 0x2E, 0x52, 0x4F, 
0xFF, 0xFF, 0xFA, 0x22, 0xA3, 0x26, 0xFF, 0xFF, 0xFF, 0xA2, 0x2B, 0x52, 0x4F, 0xFF, 0xFF, 0xE4, 
0x23, 0xFA, 0x22, 0x4A, 0xCB, 0x83, 0x22, 0xCF, 0xF9, 0x22, 0x22, 0x22, 0x24, 0xCF, 0xFF, 0xFE, 
0x74, 0x22, 0x5A, 0xFF, 0xFF, 0xFF, 0xFF, 0xFF, 0xFF, 0xFF, 0xFF, 0xFF, 0xFF, 0xFF, 0x7B, 0xFF, 
0xFF, 0xFF, 0xD2, 0x2C, 0xFF, 0xFF, 0xF7, 0x22, 0x3F, 0xFF, 0xFF, 0x32, 0x22, 0xFF, 0xFF, 0xC2, 
0x22, 0x4F, 0xFF, 0xFA, 0x22, 0x25, 0xFF, 0xFF, 0x82, 0x22, 0x7F, 0xFF, 0xF6, 0x22, 0x28, 0xFF, 
0xFF, 0x42, 0x22, 0xAF, 0xFF, 0xF2, 0x22, 0x2C, 0xFF, 0xFE, 0x22, 0x22, 0xDF, 0xFF, 0xC2, 0x22, 
0x2F, 0xFF, 0xFA, 0x22, 0x24, 0xFF, 0xFF, 0xB2, 0x22, 0xAF, 0xFF, 0xFF, 0x62, 0x9F, 0xFF, 0xFF, 
0xFE, 0xBF, 0xFF, 0xFF, 0xFF, 0xFF, 0xFF, 0xFF, 0xFF, 0xFD, 0x8F, 0xFF, 0xFF, 0xFB, 0x22, 0x5F, 
0xFF, 0xFD, 0x22, 0x23, 0xFF, 0xFF, 0xA2, 0x22, 0x3F, 0xFF, 0xF8, 0x22, 0x24, 0xFF, 0xFF, 0x72, 
0x22, 0x6F, 0xFF, 0xF6, 0x22, 0x27, 0xFF, 0xFF, 0x42, 0x22, 0x8F, 0xFF, 0xF3, 0x22, 0x29, 0xFF, 
0xFF, 0x22, 0x22, 0xAF, 0xFF, 0xF2, 0x22, 0x2C, 0xFF, 0xFE, 0x22, 0x22, 0xEF, 0xFF, 0xF2, 0x22, 
0x2F, 0xFF, 0xFF, 0x72, 0x27, 0xFF, 0xFF, 0xFD, 0x27, 0xFF, 0xFF, 0xFF, 0xFD, 0xFF, 0xFF, 0xFF, 
0xFF, 0xFF, 0xFF, 0xFF, 0xFF, 0xE8, 0x58, 0xCF, 0xFF, 0xFF, 0xFF, 0xFF, 0xFF, 0xFF, 0xFF, 0xFF, 
0xD4, 0x22, 0x22, 0x23, 0xFF, 0xFF, 0xFF, 0xFF, 0xFF, 0xFF, 0xFF, 0xF4, 0x22, 0x22, 0x22, 0x7F, 
0xFF, 0xFF, 0xFF, 0xFF, 0xFF, 0xFF, 0xF9, 0x22, 0x22, 0x22, 0x23, 0xCF, 0xFF, 0xFF, 0xFF, 0xFF, 
0xFF, 0xFF, 0x72, 0x22, 0x22, 0x22, 0x24, 0xEF, 0xFF, 0xFF, 0xFF, 0xFF, 0xFF, 0xF9, 0x22, 0x22, 
0x22, 0x22, 0xDF, 0xFF, 0xFF, 0xFF, 0xFF, 0xFF, 0xFF, 0xE3, 0x22, 0x22, 0x22, 0x4F, 0xFF, 0xFF, 
0xFF, 0xFF, 0x97, 0x79, 0xEF, 0xB2, 0x22, 0x22, 0x2B, 0xFF, 0xFF, 0xFF, 0xFE, 0x42, 0x22, 0x23, 
0xCA, 0x22, 0x22, 0x6B, 0xFF, 0xEE, 0xFF, 0xFF, 0xE5, 0x22, 0x22, 0x22, 0x22, 0x22, 0x5F, 0xFA, 
0x42, 0x25, 0xEF, 0xFF, 0xFE, 0xB2, 0x22, 0x22, 0x22, 0x23, 0x83, 0x22, 0x22, 0x26, 0xFF, 0xFC, 
0x9F, 0xB3, 0x22, 0x22, 0x22, 0x22, 0x22, 0x22, 0x22, 0x2D, 0xFE, 0x34, 0xFF, 0xC2, 0x22, 0x22, 
0x22, 0x22, 0x22, 0x29, 0x42, 0xBF, 0x72, 0x23, 0x32, 0x22, 0x22, 0x22, 0x22, 0x27, 0x22, 0xEF, 
0xEF, 0xD2, 0x63, 0x22, 0x22, 0x22, 0x22, 0x22, 0x25, 0xF7, 0x28, 0xFF, 0xF8, 0x2C, 0xB5, 0x52, 
0x22, 0x22, 0x22, 0x37, 0xAF, 0xE2, 0x3F, 0xFF, 0x52, 0xEF, 0xFD, 0x22, 0x22, 0x22, 0x22, 0xFF, 
0xFF, 0x52, 0xAF, 0xF5, 0x2C, 0xFF, 0xFB, 0x22, 0x22, 0x22, 0x5F, 0xFF, 0xF9, 0x27, 0xFF, 0x62, 
0x5F, 0xFE, 0x72, 0x22, 0x22, 0x26, 0xEF, 0xFF, 0x92, 0x6F, 0xFA, 0x22, 0x45, 0x22, 0x25, 0xC9, 
0x32, 0x22, 0x69, 0x83, 0x28, 0xFF, 0xF5, 0x22, 0x22, 0x5C, 0xFF, 0xFF, 0x82, 0x22, 0x22, 0x22, 
0xDF, 0xFF, 0xFA, 0x8A, 0xEF, 0xFF, 0xFF, 0xFF, 0xE8, 0x42, 0x25, 0xCF, 0xFF, 0xFF, 0xFF, 0xFF, 
0xFF, 0xFF, 0xFF, 0xFF, 0xFF, 0xFF, 0xFF, 0xFF, 0xFF, 0xFF, 0xFB, 0x44, 0x45, 0x5B, 0xFF, 0x84, 
0x44, 0x44, 0x55, 0x5F, 0xFF, 0xF5, 0x22, 0x22, 0x2A, 0xFF, 0x72, 0x22, 0x22, 0x22, 0x2F, 0xFF, 
0xE2, 0x27, 0xC3, 0x2A, 0xFF, 0x72, 0x36, 0x66, 0x52, 0x2F, 0xFF, 0xA2, 0x2D, 0xF4, 0x29, 0xFF, 
0x72, 0x5F, 0xFF, 0xD2, 0x3F, 0xFF, 0x62, 0x4F, 0xF4, 0x29, 0xFF, 0x72, 0x5F, 0xFF, 0xD2, 0x3F, 
0xFF, 0x32, 0x8F, 0xF5, 0x29, 0xFF, 0x72, 0x5F, 0xFF, 0xD2, 0x3F, 0xFC, 0x22, 0xCF, 0xF5, 0x29, 
0xFF, 0x72, 0x6F, 0xFF, 0xD2, 0x3F, 0xF8, 0x23, 0xFF, 0xF5, 0x28, 0xFF, 0x72, 0x6F, 0xFF, 0xD2, 
0x3F, 0xF4, 0x26, 0xFF, 0xF4, 0x28, 0xFF, 0x72, 0x6F, 0xFF, 0xD2, 0x3F, 0xC2, 0x28, 0xFF, 0xF3, 
0x28, 0xFF, 0x72, 0x6F, 0xFF, 0xD2, 0x39, 0x32, 0x22, 0x45, 0x42, 0x23, 0x7F, 0x72, 0x6F, 0xFF, 
0xD2, 0x35, 0x22, 0x22, 0x22, 0x22, 0x22, 0x2E, 0x72, 0x6F, 0xFF, 0xD2, 0x34, 0x23, 0x44, 0x44, 
0x43, 0x32, 0x2D, 0x72, 0x6F, 0xFF, 0xD2, 0x34, 0x29, 0xFF, 0xFF, 0xFF, 0xD2, 0x2E, 0x72, 0x6F, 
0xFF, 0xD2, 0x3C, 0x9E, 0xFF, 0xFF, 0xFF, 0xFC, 0xBF, 0xDC, 0xDF, 0xFF, 0xFC, 0xCF, 0xFF, 0xFF, 
0xFF, 0xFF, 0xFD, 0x87, 0x9D, 0xDB, 0xFF, 0xFF, 0xFF, 0xFF, 0xFF, 0xFF, 0xFF, 0xFB, 0x22, 0x22, 
0x22, 0x5F, 0xFF, 0xFF, 0xFF, 0xFF, 0xFF, 0xFF, 0xFF, 0x42, 0x22, 0x22, 0x22, 0xDF, 0xFF, 0xFF, 
0xFF, 0xFF, 0xFF, 0xFF, 0xE2, 0x22, 0x22, 0x22, 0x22, 0xBF, 0xFF, 0xFF, 0xFF, 0xFF, 0xFF, 0xFD, 
0x22, 0x22, 0x22, 0x22, 0x5F, 0xFF, 0xFF, 0xFF, 0xFF, 0xFF, 0xFF, 0xF3, 0x22, 0x22, 0x22, 0x2B, 
0xFF, 0xFF, 0xFF, 0xFF, 0xFF, 0xFF, 0xFF, 0xA2, 0x22, 0x22, 0x24, 0xFF, 0xFF, 0xFF, 0xFF, 0xFD, 
0x52, 0x4A, 0xFF, 0x32, 0x22, 0x24, 0xEF, 0xFF, 0xFF, 0xFF, 0xFE, 0x32, 0x22, 0x26, 0xE2, 0x22, 
0x3A, 0xFF, 0xFA, 0x8E, 0xFF, 0xFF, 0xE5, 0x22, 0x22, 0x22, 0x22, 0x25, 0xFF, 0xA4, 0x22, 0x3E, 
0xFF, 0xFF, 0xFA, 0x22, 0x22, 0x22, 0x22, 0x38, 0x42, 0x22, 0x22, 0x7F, 0xFF, 0xFA, 0xF7, 0x22, 
0x22, 0x22, 0x22, 0x22, 0x22, 0x22, 0x22, 0xEF, 0xF8, 0x26, 0xD2, 0x22, 0x22, 0x22, 0x22, 0x22, 
0x22, 0x67, 0x6E, 0xFC, 0x22, 0x23, 0x22, 0x22, 0x22, 0x22, 0x23, 0x42, 0x2E, 0xFF, 0xFF, 0x52, 
0x62, 0x22, 0x22, 0x22, 0x22, 0x22, 0x3E, 0x32, 0x9F, 0xFF, 0xD2, 0x4F, 0xCB, 0x32, 0x22, 0x22, 
0x23, 0x57, 0xF8, 0x25, 0xFF, 0xFA, 0x27, 0xFF, 0xF7, 0x22, 0x22, 0x22, 0xCF, 0xFF, 0xD2, 0x2F, 
0xFF, 0x82, 0x9F, 0xFF, 0xE4, 0x22, 0x22, 0xDF, 0xFF, 0xFE, 0x22, 0xFF, 0xF9, 0x29, 0xFF, 0xD4, 
0x22, 0x32, 0x25, 0xDF, 0xFF, 0x92, 0x4F, 0xFF, 0xB2, 0x4B, 0x93, 0x26, 0xEF, 0x72, 0x22, 0x35, 
0x42, 0x2A, 0xFF, 0xFF, 0x82, 0x22, 0x5C, 0xFF, 0xFF, 0xB5, 0x22, 0x22, 0x3A, 0xFF, 0xFF, 0xFF, 
0xDC, 0xEF, 0xFF, 0xFF, 0xFF, 0xFE, 0xB9, 0xAF, 0xFF, 0xFF, 0xFF, 0xFF, 0xDD, 0xFF, 0xFF, 0xFF, 
0xFF, 0xFF, 0xFF, 0xFD, 0x22, 0x8F, 0xFF, 0xFF, 0xFF, 0xFF, 0xFF, 0xF9, 0x22, 0x27, 0xFF, 0xFF, 
0xFF, 0xFF, 0xFF, 0xF7, 0x22, 0x22, 0x4B, 0xFF, 0xFF, 0xFF, 0xFF, 0xF4, 0x22, 0x22, 0x22, 0x9F, 
0xFF, 0xFF, 0xFF, 0xC2, 0x22, 0x22, 0x22, 0x2D, 0xFF, 0xFF, 0xFF, 0x62, 0x22, 0x22, 0x22, 0x25, 
0xFF, 0xFF, 0xFF, 0x22, 0x22, 0x22, 0x22, 0x22, 0xAF, 0xFF, 0xFF, 0x22, 0x22, 0x22, 0x22, 0x22, 
0x2C, 0xFF, 0xFF, 0x22, 0x22, 0x22, 0x22, 0x22, 0x22, 0xBF, 0xFF, 0x32, 0x22, 0x22, 0x22, 0x22, 
0x22, 0x2A, 0xFF, 0x42, 0x22, 0x22, 0x22, 0x35, 0x62, 0x22, 0xBF, 0x42, 0x22, 0x22, 0x22, 0xEF, 
0xFD, 0x22, 0x5F, 0x22, 0x28, 0xF9, 0x22, 0x5F, 0xFF, 0x62, 0x3B, 0x22, 0xBF, 0xF6, 0x22, 0x2D, 
0xFF, 0x42, 0x38, 0x22, 0xFF, 0xFB, 0x32, 0x7F, 0xF8, 0x22, 0x88, 0x22, 0xCF, 0xFF, 0xFF, 0xFE, 
0x62, 0x25, 0xFD, 0x22, 0x3A, 0xDD, 0xCA, 0x62, 0x22, 0x8F, 0xFF, 0xC4, 0x22, 0x22, 0x22, 0x22, 
0x6D, 0xFF, 0xFF, 0xFF, 0xC9, 0x76, 0x67, 0x9D, 0xFF, 0xFF, 0xFF, 0xFF, 0xFF, 0xFF, 0xFF, 0xFF, 
0xFF, 0xFF, 0xA7, 0x67, 0x8B, 0xFF, 0xFF, 0xFF, 0xFF, 0xFF, 0xFF, 0xFF, 0xFE, 0x83, 0x22, 0x23, 
0x32, 0x9F, 0xFF, 0xFF, 0xFF, 0xFF, 0xFF, 0xFD, 0x62, 0x22, 0x6A, 0xEF, 0x92, 0x4F, 0xFF, 0xFF, 
0xFF, 0xFF, 0xFC, 0x52, 0x26, 0xBF, 0xFF, 0xFF, 0x73, 0x24, 0xBF, 0xFF, 0xFF, 0xFB, 0x52, 0x38, 
0xEF, 0xFF, 0xFF, 0xFF, 0xFB, 0x42, 0x6F, 0xFF, 0xFE, 0x52, 0x4A, 0xFF, 0xFF, 0xFF, 0xFF, 0xFF, 
0xC3, 0x22, 0x9F, 0xFF, 0xA2, 0x3A, 0xFF, 0xFF, 0xFF, 0xFF, 0xFF, 0xFB, 0x88, 0x22, 0x5F, 0xF8, 
0x27, 0xFF, 0xFF, 0xFF, 0xEC, 0xBC, 0xEF, 0xC2, 0x22, 0x22, 0x8F, 0x72, 0x9F, 0xFF, 0xFD, 0x84, 
0x22, 0x22, 0x28, 0xE2, 0xCF, 0xFF, 0xFC, 0x26, 0xFF, 0xE9, 0x42, 0x22, 0x34, 0x43, 0x22, 0x42, 
0xBF, 0xFF, 0xF7, 0x29, 0x96, 0x22, 0x25, 0xAE, 0xFF, 0xFF, 0xE7, 0x22, 0xBF, 0xFF, 0xF6, 0x22, 
0x22, 0x27, 0xCF, 0xFF, 0xFF, 0xFF, 0xFF, 0xED, 0xFF, 0xFF, 0xFD, 0x43, 0x6A, 0xFF, 0xFF, 0xFF, 
0xFF, 0xFF, 0xFF, 0xFF, 0xFF, 0xFF, 0xFE, 0x66, 0x9D, 0xFF, 0xFF, 0xFF, 0xFF, 0xFF, 0xFF, 0xFF, 
0xFF, 0xFF, 0xF8, 0x22, 0x22, 0x48, 0xCF, 0xFF, 0xFF, 0xFF, 0xFF, 0xFF, 0xFF, 0xFF, 0xF9, 0x22, 
0x4C, 0x83, 0x24, 0x9F, 0xFF, 0xFF, 0xFF, 0xFF, 0xFF, 0xFF, 0xFF, 0x42, 0x4F, 0xFF, 0x93, 0x23, 
0x8F, 0xFF, 0xFF, 0xFF, 0xFF, 0xFF, 0xFF, 0xE4, 0x26, 0xFF, 0xFF, 0x93, 0x23, 0xAF, 0xFF, 0xFF, 
0xFF, 0xFF, 0xFF, 0xFF, 0x82, 0x3A, 0xFF, 0xFF, 0x82, 0x25, 0xEF, 0xFF, 0xFF, 0xFF, 0xFF, 0xFF, 
0xFE, 0x93, 0x5C, 0xFF, 0xFE, 0x62, 0x3A, 0xFF, 0xFF, 0xFF, 0xFF, 0xFF, 0xFF, 0xFF, 0x92, 0x6D, 
0xFF, 0xFC, 0x52, 0x5E, 0xFF, 0xFF, 0xFF, 0xFF, 0xFF, 0xFF, 0xFD, 0x52, 0xAF, 0xFF, 0xFA, 0x32, 
0x9F, 0xFF, 0xFF, 0xFF, 0xFF, 0xFF, 0xFF, 0xF4, 0x2D, 0xFF, 0xFF, 0xF9, 0x35, 0xEF, 0xFF, 0xFF, 
0xFF, 0xFF, 0xFF, 0xFB, 0x28, 0xFF, 0xFF, 0xFF, 0xF8, 0x3B, 0xFF, 0xFF, 0xFF, 0xFF, 0xFF, 0xFF, 
0x37, 0xFF, 0xFF, 0xFF, 0xFF, 0x52, 0xEF, 0xFF, 0xFF, 0xFF, 0xFF, 0xFF, 0x47, 0xFF, 0xFF, 0xFF, 
0xFE, 0x22, 0xEF, 0xFF, 0xFF, 0xFF, 0xFF, 0xFF, 0x46, 0xFF, 0xFF, 0xFF, 0xFF, 0x52, 0xFF, 0xFF, 
0xFF, 0xFF, 0xFF, 0xFF, 0x56, 0xFF, 0xCA, 0xFF, 0xF3, 0x22, 0xEF, 0xFF, 0xFF, 0xFF, 0xFF, 0xFF, 
0x44, 0xF8, 0x22, 0x3C, 0xF6, 0x25, 0xFF, 0xFF, 0xFF, 0xFF, 0xFF, 0xFF, 0x42, 0x42, 0x6A, 0x62, 
0x65, 0x2B, 0xFF, 0xFF, 0xFF, 0xFF, 0xFF, 0xFF, 0xA5, 0x6C, 0xFF, 0xFA, 0x42, 0x2C, 0xFF, 0xFF, 
0xFF, 0xFF, 0xFF, 0xFF, 0xFF, 0xFF, 0x74, 0xEF, 0xFC, 0xBF, 0xFF, 0xFF, 0xFF, 0xFF, 0xFF, 0xFF, 
0xFF, 0xF7, 0x22, 0x7F, 0xFF, 0xFF, 0xFF, 0xFF, 0xFF, 0xFF, 0xFF, 0xFF, 0xFF, 0x92, 0x22, 0x5F, 
0xFF, 0xFF, 0xFF, 0xFF, 0xFF, 0xFF, 0xFF, 0xFF, 0xF8, 0x22, 0x22, 0x3E, 0xFF, 0xFF, 0xFF, 0xFF, 
0xFF, 0xFF, 0xFF, 0xFF, 0x82, 0x22, 0x22, 0x29, 0xFF, 0xFF, 0xFF, 0xFF, 0xFF, 0xFF, 0xFF, 0xFC, 
0x22, 0x22, 0x22, 0x24, 0xFF, 0xFF, 0xFF, 0xFF, 0xFF, 0xFF, 0xFF, 0xF4, 0x22, 0x22, 0x22, 0x22, 
0xEF, 0xFF, 0xFF, 0xFF, 0xFF, 0xFF, 0xFF, 0x92, 0x22, 0x22, 0x22, 0x22, 0xDF, 0xFF, 0xFF, 0xFF, 
0xFF, 0xFF, 0xFD, 0x22, 0x22, 0x22, 0x22, 0x22, 0xCF, 0xFF, 0xFF, 0xFF, 0xFF, 0xFF, 0xE3, 0x22, 
0x22, 0x22, 0x22, 0x22, 0xBF, 0xFF, 0xFF, 0xFF, 0xFF, 0xFF, 0x52, 0x22, 0x22, 0x22, 0x22, 0x22, 
0xBF, 0xFF, 0xFF, 0xFF, 0xFF, 0xF6, 0x22, 0x46, 0x74, 0x22, 0x22, 0x22, 0x9F, 0xFF, 0xFF, 0xFF, 
0xFF, 0xB2, 0x2B, 0xFF, 0xFB, 0x22, 0x22, 0x22, 0x5F, 0xFF, 0xFF, 0xFF, 0xFF, 0x92, 0x2D, 0xFF, 
0xE2, 0x22, 0x5D, 0x62, 0x2E, 0xFF, 0xFF, 0xFF, 0xFF, 0xD2, 0x25, 0xFF, 0xE3, 0x22, 0x5F, 0xF5, 
0x29, 0xFF, 0xFF, 0xFF, 0xFF, 0xF9, 0x22, 0x4B, 0xFE, 0xA7, 0xCF, 0xF9, 0x27, 0xFF, 0xFF, 0xFF, 
0xFF, 0xFF, 0xA2, 0x22, 0x49, 0xDF, 0xFF, 0xD3, 0x28, 0xFF, 0xFF, 0xFF, 0xFF, 0xFF, 0xFD, 0x62, 
0x22, 0x22, 0x44, 0x22, 0x2D, 0xFF, 0xFF, 0xFF, 0xFF, 0xFF, 0xFF, 0xFD, 0x96, 0x42, 0x22, 0x26, 
0xDF, 0xFF, 0xFF, 0xFF, 0xFF, 0xFF, 0xFF, 0xFF, 0xFF, 0xFF, 0xFF, 0xFF, 0xFF, 0xFF, 0xFF, 0xFF, 
0xFF, 0xFF, 0xFF, 0xFF, 0xFF, 0xFF, 0xFF, 0xFF, 0xFF, 0xFF, 0xFF, 0xFF, 0xFF, 0xFF, 0xFF, 0xE6, 
0x34, 0xBF, 0xFF, 0xFF, 0xFD, 0xEF, 0xFF, 0xFF, 0xFF, 0xFF, 0xFF, 0xFF, 0xFF, 0xFF, 0xFF, 0xFF, 
0xFF, 0xFF, 0xFF, 0xFF, 0xFF, 0xFF, 0xFF, 0xFF, 0xFF, 0xFF, 0xFF, 0xFF, 0xFF, 0x45, 0xA6, 0x27, 
0xFF, 0xFF, 0x52, 0x3B, 0xFF, 0xFF, 0xFF, 0xFF, 0xFF, 0xFF, 0xFF, 0xFF, 0xFF, 0xFF, 0xFF, 0xFF, 
0xFF, 0xFF, 0xFF, 0xFF, 0xFF, 0xFF, 0xFF, 0xFF, 0xFF, 0xFF, 0xFC, 0x2C, 0xFF, 0xC3, 0x6F, 0xFB, 
0x22, 0x42, 0xAF, 0xFF, 0xFF, 0xFF, 0xFF, 0xFF, 0xFF, 0xFF, 0xFF, 0xFF, 0xFF, 0xFF, 0xFF, 0xFF, 
0xFF, 0xFF, 0xFF, 0xFF, 0xFF, 0xFF, 0xFF, 0xFF, 0xFB, 0x2C, 0xFF, 0xFD, 0x36, 0xF8, 0x2D, 0xF8, 
0x2B, 0xFF, 0xFF, 0xFF, 0xFF, 0xFF, 0xFF, 0xFF, 0xFF, 0xFF, 0xFF, 0xFF, 0xFF, 0xFF, 0xFF, 0xFF, 
0xFF, 0xFF, 0xFF, 0xFF, 0xFF, 0xFF, 0xFE, 0x29, 0xFF, 0xFF, 0xD3, 0x55, 0x5F, 0xFF, 0x53, 0xEF, 
0xFF, 0xFF, 0xFF, 0xFF, 0xFF, 0xFF, 0xFF, 0xFF, 0xFF, 0xFF, 0xFF, 0xFF, 0xFF, 0xFF, 0xFF, 0xFF, 
0xFF, 0xFF, 0xFF, 0xFF, 0xFF, 0x54, 0xFF, 0xFF, 0xFB, 0x22, 0x6F, 0xFF, 0xE3, 0x5F, 0xFF, 0xFF, 
0xFF, 0xFF, 0xFF, 0xFF, 0xFF, 0xFF, 0xFF, 0xFF, 0xFF, 0xFF, 0xFF, 0xFF, 0xFF, 0xFF, 0xFF, 0xFF, 
0xFF, 0xFF, 0xFF, 0xA2, 0xDF, 0xFC, 0xFF, 0x82, 0x3F, 0xFF, 0xF9, 0x2A, 0xFF, 0xFF, 0xFF, 0xFF, 
0xFF, 0xFF, 0xFF, 0xFF, 0xFF, 0xFF, 0xFF, 0xFF, 0xFF, 0xFF, 0xFF, 0xFF, 0xFF, 0xFF, 0xFF, 0xFF, 
0xFF, 0xF3, 0x6F, 0xFD, 0xBF, 0xF5, 0x2A, 0xFF, 0xFF, 0x43, 0xFF, 0xFF, 0xFF, 0xFF, 0xFF, 0xFF, 
0xFF, 0xFF, 0xFF, 0xFF, 0xFF, 0xFF, 0xFF, 0xFF, 0xFF, 0xFF, 0xFF, 0xFF, 0xFF, 0xFF, 0xFF, 0xF9, 
0x2D, 0xFF, 0x7E, 0xFD, 0x24, 0xFF, 0xFF, 0xA2, 0xBF, 0xFF, 0xFF, 0xFF, 0xFF, 0xFF, 0xFF, 0xFF, 
0xFF, 0xFF, 0xFF, 0xFF, 0xFF, 0xFF, 0xFF, 0xFF, 0xFF, 0xFF, 0xFF, 0xFF, 0xFF, 0xFF, 0x37, 0xFF, 
0xE5, 0xFF, 0x92, 0xAF, 0xFF, 0xF3, 0x6F, 0xFF, 0xFF, 0xFF, 0xFF, 0xFF, 0xFF, 0xFF, 0xFF, 0xFF, 
0xFF, 0xFF, 0xFF, 0xFF, 0xFF, 0xFF, 0xFF, 0xFF, 0xFF, 0xFF, 0xFF, 0xFF, 0x92, 0xDF, 0xF8, 0x9F, 
0xF4, 0x4F, 0xFF, 0xF7, 0x3F, 0xFF, 0xFF, 0xFF, 0xFF, 0xFF, 0xFF, 0xFF, 0xFF, 0xFF, 0xFF, 0xFF, 
0xFF, 0xFF, 0xFF, 0xFF, 0xFF, 0xFF, 0xFF, 0xFF, 0xFF, 0xFF, 0xF3, 0x6F, 0xFE, 0x3D, 0xFA, 0x2A, 
0xFF, 0xFB, 0x2E, 0xFF, 0xFF, 0xFF, 0xFF, 0xFF, 0xFF, 0xFF, 0xFF, 0xFF, 0xFF, 0xFF, 0xFF, 0xFF, 
0xFF, 0xFF, 0xFF, 0xFF, 0xFF, 0xFF, 0xFF, 0xFF, 0xF9, 0x2C, 0xFF, 0x96, 0xFF, 0x45, 0xFF, 0xFE, 
0x2C, 0xFF, 0xFF, 0xFF, 0xFF, 0xFF, 0xFF, 0xFF, 0xFF, 0xFF, 0xFF, 0xFF, 0xFF, 0xFF, 0xFF, 0xFF, 
0xFF, 0xFF, 0xFF, 0xFF, 0xFF, 0xFF, 0xFF, 0x34, 0xFF, 0xF3, 0xCF, 0xA2, 0xDF, 0xFF, 0x2B, 0xFF, 
0xFF, 0xFF, 0xFF, 0xFF, 0xFF, 0xFF, 0xFF, 0xFF, 0xFF, 0xFF, 0xFF, 0xFF, 0xFF, 0xFF, 0xFF, 0xFF, 
0xFF, 0xFF, 0xFF, 0xFF, 0xFF, 0x92, 0x9F, 0xF9, 0x4D, 0xC2, 0x9F, 0xFF, 0x4A, 0xFF, 0xFF, 0xFF, 
0xFF, 0xFF, 0xFF, 0xFF, 0xFF, 0xFF, 0xFF, 0xFF, 0xFF, 0xFF, 0xFF, 0xFF, 0xFF, 0xFF, 0xFF, 0xFF, 
0xFF, 0xFF, 0xFF, 0xF3, 0x3E, 0xFE, 0x22, 0x22, 0x4F, 0xFF, 0x59, 0xFF, 0xFF, 0xFF, 0xFF, 0xFF, 
0xFF, 0xFF, 0xFF, 0xFF, 0xFF, 0xFF, 0xFF, 0xFF, 0xFF, 0xFF, 0xFF, 0xFF, 0xFF, 0xFF, 0xFF, 0xFF, 
0xFF, 0xF9, 0x26, 0xFF, 0x82, 0x22, 0x24, 0xAE, 0x47, 0xFF, 0xFF, 0xFF, 0xFF, 0xFF, 0xFF, 0xFF, 
0xFF, 0xFF, 0xFF, 0xFF, 0xFF, 0xFF, 0xFF, 0xFF, 0xFF, 0xFF, 0xFF, 0xFF, 0xFF, 0xFF, 0xFF, 0xC3, 
0x22, 0xAF, 0xFC, 0xA8, 0x52, 0x22, 0x26, 0xFF, 0xFF, 0xFF, 0xFF, 0xFF, 0xFF, 0xFF, 0xFF, 0xFF, 
0xFF, 0xFF, 0xFF, 0xFF, 0xFF, 0xFF, 0xFF, 0xFF, 0xFF, 0xFF, 0xFF, 0xFF, 0xFB, 0x22, 0x6A, 0xEF, 
0xFF, 0xFF, 0xFD, 0x82, 0x23, 0xEF, 0xFF, 0xFF, 0xFF, 0xFF, 0xFF, 0xFF, 0xFF, 0xFF, 0xFF, 0xFF, 
0xFF, 0xFF, 0xFF, 0xFF, 0xFF, 0xFF, 0xFF, 0xFF, 0xFF, 0xFF, 0xD2, 0x3C, 0xFF, 0xFF, 0xFF, 0xFF, 
0xFF, 0xFE, 0x72, 0x5F, 0xFF, 0xFF, 0xFF, 0xFF, 0xFF, 0xFF, 0xFF, 0xFF, 0xFF, 0xFF, 0xFF, 0xFF, 
0xFF, 0xFF, 0xFF, 0xFF, 0xFF, 0xFF, 0xFF, 0xFF, 0x42, 0xCF, 0xFF, 0xFF, 0xFF, 0xFF, 0xFF, 0xFF, 
0xFB, 0x38, 0xFF, 0xFF, 0xFF, 0xFF, 0xFF, 0xFF, 0xFF, 0xFF, 0xFF, 0xFF, 0xFF, 0xFF, 0xFF, 0xFF, 
0xFF, 0xFF, 0xFF, 0xFF, 0xFC, 0x67, 0x27, 0xFF, 0xFF, 0xFF, 0xFF, 0xFF, 0xFF, 0xFF, 0xFF, 0xC2, 
0xCF, 0xFF, 0xFF, 0xFF, 0xFF, 0xFF, 0xFF, 0xFF, 0xFF, 0xFF, 0xFF, 0xFF, 0xFF, 0xFF, 0xFF, 0xFF, 
0xFF, 0xFF, 0xF9, 0x22, 0x3F, 0xFF, 0xFF, 0xFF, 0xFF, 0xFF, 0xFF, 0xFF, 0xFF, 0xF9, 0x5F, 0xFF, 
0xFF, 0xFF, 0xFF, 0xFF, 0xFF, 0xFF, 0xFF, 0xFF, 0xFF, 0xFF, 0xFF, 0xFF, 0xFF, 0xFF, 0xFF, 0xFE, 
0xE6, 0x22, 0x7F, 0xFF, 0xFF, 0xFF, 0xFF, 0xEF, 0xFF, 0xDF, 0xFF, 0xFF, 0x3C, 0xFF, 0xFF, 0xFF, 
0xFF, 0xFF, 0xFF, 0xFF, 0xFF, 0xFF, 0xFF, 0xFF, 0xFF, 0xFF, 0xFF, 0xFF, 0xFF, 0xFC, 0x32, 0x32, 
0xDF, 0xFF, 0xFF, 0xFF, 0xB3, 0x22, 0x57, 0x4F, 0xFF, 0xFF, 0x77, 0xFF, 0xFF, 0xFF, 0xFF, 0xFF, 
0xFF, 0xFF, 0xFF, 0xFF, 0xFF, 0xFF, 0xFF, 0xFF, 0xFF, 0xFF, 0xFF, 0xFB, 0x22, 0x8D, 0xFF, 0xFF, 
0xFF, 0xFD, 0x22, 0x22, 0x22, 0x5B, 0xFF, 0xFF, 0xA3, 0xFF, 0xFF, 0xFF, 0xFF, 0xFF, 0xFF, 0xEF, 
0xAC, 0xFF, 0xFF, 0xFF, 0xFF, 0xFF, 0xFF, 0xFF, 0xFF, 0xFA, 0x22, 0x9F, 0xFF, 0xFF, 0xFF, 0xF6, 
0x3A, 0x72, 0x22, 0x3A, 0xFF, 0xFF, 0xC2, 0xCF, 0xFF, 0xFF, 0xFF, 0xFF, 0xFC, 0x26, 0x24, 0xFF, 
0xFF, 0xFF, 0xFF, 0xFF, 0xFF, 0xFF, 0xFF, 0xF9, 0x27, 0xEF, 0xFF, 0xFF, 0xFF, 0xC2, 0xCF, 0xC2, 
0x23, 0xDF, 0xFF, 0xFF, 0xD2, 0x6A, 0xFF, 0xFF, 0xFF, 0xFF, 0xF4, 0x22, 0x22, 0xCF, 0xFF, 0xFF, 
0xFF, 0xFF, 0xFF, 0xFF, 0xFF, 0xF8, 0x27, 0xFF, 0xFF, 0xFF, 0xFF, 0x56, 0xFF, 0x82, 0x26, 0xFF, 
0xFF, 0xFF, 0x82, 0x25, 0xBF, 0xFF, 0xFF, 0xFF, 0xA2, 0xA6, 0x62, 0x9F, 0xFF, 0xFF, 0xFF, 0xFF, 
0xFF, 0xFF, 0xFF, 0xF8, 0x26, 0xFF, 0xFF, 0xFE, 0xFB, 0x2C, 0xFF, 0x62, 0x27, 0xFF, 0xFF, 0xF6, 
0x22, 0x22, 0x9F, 0xFF, 0xFF, 0xFF, 0x55, 0xFF, 0xF2, 0x7F, 0xFF, 0xFF, 0xFF, 0xFF, 0xFF, 0xFF, 
0xFF, 0xF7, 0x5E, 0xFF, 0xFF, 0xF9, 0x43, 0x4F, 0xF4, 0x22, 0x28, 0xFF, 0xFF, 0x63, 0xA3, 0x25, 
0xFF, 0xFF, 0xFF, 0xFF, 0x28, 0xFF, 0xF2, 0x7F, 0xFF, 0xFF, 0xFF, 0xFF, 0xFF, 0xFF, 0xFF, 0xF6, 
0x6F, 0xFF, 0xFF, 0xFF, 0xC4, 0x29, 0x72, 0x22, 0x29, 0xFF, 0xFA, 0x2C, 0xC2, 0x2C, 0xFF, 0xFF, 
0xFF, 0xFE, 0x2A, 0xFF, 0xD2, 0x9F, 0xFF, 0xFF, 0xFF, 0xFF, 0xFF, 0xFF, 0xFF, 0xF6, 0x3F, 0xFF, 
0xFF, 0xFF, 0xFF, 0x72, 0x22, 0x22, 0x2B, 0xFF, 0xF3, 0x7F, 0x92, 0x4F, 0xFF, 0xFE, 0xBC, 0xFB, 
0x2B, 0xFF, 0x82, 0xEF, 0xFF, 0xFF, 0xFF, 0xFF, 0xFF, 0xFF, 0xFF, 0xF7, 0x2C, 0xFF, 0xFF, 0xFF, 
0xFF, 0xFA, 0x22, 0x22, 0x2B, 0xEE, 0x82, 0xEF, 0x62, 0x9F, 0xFF, 0xB3, 0x22, 0x22, 0x2C, 0xFE, 
0x36, 0xFF, 0xFF, 0xFF, 0xFF, 0xFF, 0xDB, 0x99, 0x99, 0x96, 0x27, 0xFF, 0xFF, 0xFF, 0xFF, 0xFF, 
0xD3, 0x22, 0x22, 0x22, 0x24, 0xFC, 0x22, 0xEF, 0xFF, 0x23, 0x68, 0x74, 0x2D, 0xF6, 0x2D, 0xFF, 
0xFF, 0xEB, 0x86, 0x42, 0x22, 0x22, 0x22, 0x22, 0x23, 0xFF, 0xFF, 0xFF, 0xFF, 0xFF, 0xFE, 0x56, 
0x9A, 0xA7, 0x22, 0xB6, 0x29, 0xFF, 0xFF, 0x9D, 0xFF, 0xFF, 0xDF, 0xF5, 0x24, 0x8A, 0x84, 0x22, 
0x22, 0x22, 0x22, 0x22, 0x22, 0x22, 0x22, 0x8F, 0xFF, 0xFF, 0xFF, 0xD8, 0xFF, 0xFF, 0xFF, 0xFF, 
0xB2, 0x22, 0x4F, 0xFF, 0xFF, 0xFF, 0xFF, 0xFF, 0xFF, 0xFA, 0x22, 0x22, 0x22, 0x22, 0x22, 0x22, 
0x22, 0x22, 0x22, 0x22, 0x22, 0x2C, 0xFF, 0xFF, 0xFF, 0xC2, 0xEF, 0xFF, 0xFC, 0x5E, 0xF4, 0x22, 
0xBF, 0xFF, 0xFF, 0xFF, 0xFF, 0xFF, 0xFF, 0xFF, 0x22, 0x22, 0x22, 0x22, 0x22, 0x22, 0x22, 0x22, 
0x22, 0x22, 0x22, 0x24, 0xFF, 0xFF, 0xFF, 0xF9, 0x5E, 0xFF, 0xA2, 0x24, 0xF6, 0x26, 0xFF, 0xFF, 
0xFF, 0xFF, 0xFF, 0xFF, 0xFF, 0xFF, 0x62, 0x22, 0x22, 0x22, 0x22, 0x22, 0x22, 0x22, 0x22, 0x22, 
0x22, 0x23, 0xFF, 0xFF, 0xFF, 0xFF, 0x62, 0x67, 0x32, 0x3B, 0xF6, 0x2D, 0xFF, 0xFF, 0xFF, 0xFF, 
0xFF, 0xFF, 0xFF, 0xFF, 0x82, 0x22, 0x22, 0x22, 0x22, 0x22, 0x22, 0x22, 0x22, 0x22, 0x22, 0x26, 
0xFF, 0xE6, 0xFF, 0xFF, 0xC2, 0x67, 0x22, 0x8F, 0xC2, 0x8F, 0xFF, 0xFF, 0xFF, 0xFF, 0xFF, 0xFF, 
0xFF, 0xFF, 0xA2, 0x22, 0x22, 0x22, 0x22, 0x22, 0x22, 0x22, 0x22, 0x22, 0x22, 0x2B, 0xFF, 0xB2, 
0x7F, 0xFF, 0xF2, 0xC7, 0x46, 0x6C, 0x33, 0xFF, 0xFF, 0xFF, 0xFF, 0xFF, 0xFF, 0xFF, 0xFF, 0xFF, 
0xB2, 0x22, 0x22, 0x22, 0x22, 0x22, 0x22, 0x22, 0x22, 0x22, 0x22, 0x3F, 0xFD, 0x32, 0x27, 0xFF, 
0xF2, 0x32, 0xC7, 0x22, 0x2A, 0xFF, 0xFF, 0xFF, 0xFF, 0xFF, 0xFF, 0xFF, 0xFF, 0xFF, 0xC2, 0x22, 
0x22, 0x22, 0x22, 0x22, 0x22, 0x22, 0x22, 0x22, 0x22, 0x9F, 0xFB, 0x22, 0x22, 0x37, 0x82, 0x22, 
0x42, 0x22, 0x6F, 0xFF, 0xFF, 0xFF, 0xFF, 0xFF, 0xFF, 0xFF, 0xFF, 0xFF, 0xD2, 0x22, 0x22, 0x53, 
0x22, 0x22, 0x22, 0x22, 0x22, 0x22, 0x23, 0xFF, 0xFE, 0x22, 0x3A, 0x62, 0x22, 0x22, 0x5E, 0x87, 
0xFF, 0xFF, 0xFF, 0xFF, 0xFF, 0xFF, 0xFF, 0xFF, 0xFF, 0xFF, 0xD2, 0x22, 0x22, 0xE5, 0x22, 0x22, 
0x22, 0x22, 0x22, 0x22, 0x29, 0xFF, 0xF9, 0x22, 0x9F, 0xFF, 0xCA, 0xAC, 0xFF, 0xFF, 0xFF, 0xFF, 
0xFF, 0xFF, 0xFF, 0xFF, 0xFF, 0xFF, 0xFF, 0xFF, 0xD2, 0x22, 0x25, 0xF4, 0x22, 0x22, 0x22, 0x22, 
0x22, 0x22, 0x4F, 0xFF, 0xB2, 0x24, 0xFF, 0xFF, 0xFF, 0xFF, 0xFF, 0xFF, 0xFF, 0xFF, 0xFF, 0xFF, 
0xFF, 0xFF, 0xFF, 0xFF, 0xFF, 0xFF, 0xC2, 0x22, 0x26, 0xF2, 0x22, 0x22, 0x22, 0x22, 0x22, 0x22, 
0xBF, 0xF9, 0x22, 0x2D, 0xFF, 0xFF, 0xFF, 0xFF, 0xFF, 0xFF, 0xFF, 0xFF, 0xFF, 0xFF, 0xFF, 0xFF, 
0xFF, 0xFF, 0xFF, 0xFF, 0xC2, 0x22, 0x23, 0xB2, 0x22, 0x22, 0x22, 0x22, 0x22, 0x26, 0xFE, 0x62, 
0x23, 0xCF, 0xFF, 0xFF, 0xFF, 0xFF, 0xFF, 0xFF, 0xFF, 0xFF, 0xFF, 0xFF, 0xFF, 0xFF, 0xFF, 0xFF, 
0xFF, 0xFF, 0xA2, 0x22, 0x22, 0x22, 0x22, 0x22, 0x22, 0x22, 0x22, 0x2B, 0x83, 0x22, 0x5D, 0xFF, 
0xFF, 0xFF, 0xFF, 0xFF, 0xFF, 0xFF, 0xFF, 0xFF, 0xFF, 0xFF, 0xFF, 0xFF, 0xFF, 0xFF, 0xFF, 0xFF, 
0x92, 0x22, 0x22, 0x22, 0x22, 0x22, 0x22, 0x22, 0x22, 0x22, 0x22, 0x4B, 0xFF, 0xFF, 0xFF, 0xFF, 
0xFF, 0xFF, 0xFF, 0xFF, 0xFF, 0xFF, 0xFF, 0xFF, 0xFF, 0xFC, 0x3C, 0xFF, 0xFF, 0xFF, 0x82, 0x22, 
0x22, 0x22, 0xAF, 0xC6, 0x22, 0x22, 0x22, 0x22, 0x5B, 0xFF, 0xFF, 0xFF, 0xDB, 0xFF, 0xFF, 0xFF, 
0xFF, 0xFF, 0xFF, 0xFF, 0xFF, 0xFF, 0xFF, 0xFC, 0x22, 0xAF, 0xFF, 0xFF, 0x62, 0x22, 0x22, 0x22, 
0xAF, 0xFF, 0x72, 0x22, 0x23, 0x8D, 0xFF, 0xFF, 0xFF, 0xF9, 0x23, 0xFF, 0xFF, 0xFF, 0xFF, 0xFF, 
0xFF, 0xFF, 0xFF, 0xFF, 0xFF, 0xFF, 0x62, 0x24, 0x9B, 0xB6, 0x22, 0x22, 0x22, 0x22, 0x9F, 0xFF, 
0xF4, 0x23, 0xBF, 0xFF, 0xFF, 0xFF, 0xFE, 0x62, 0x32, 0xFF, 0xFF, 0xFF, 0xFF, 0xFF, 0xFF, 0xFF, 
0xFF, 0xFF, 0xFF, 0xFF, 0xFA, 0x42, 0x22, 0x22, 0x22, 0x22, 0x22, 0x22, 0x7F, 0xFF, 0xFC, 0x23, 
0xDF, 0xFF, 0xFF, 0xFF, 0x93, 0x2B, 0xD2, 0x32, 0x22, 0xAF, 0xFF, 0xFF, 0xFF, 0xFF, 0xFF, 0xFF, 
0xFF, 0xFF, 0xFF, 0xFD, 0xB9, 0x85, 0x45, 0x68, 0xAC, 0xA2, 0x3E, 0xFF, 0xFF, 0xB3, 0x27, 0x9A, 
0xA8, 0x52, 0x24, 0xDF, 0xFE, 0xDC, 0xB4, 0x5F, 0xFF, 0xFF, 0xFF, 0xFF, 0xFF, 0xFF, 0xFF, 0xFF, 
0xFF, 0xFF, 0xFF, 0xFF, 0xFF, 0xFF, 0xFF, 0xF7, 0x27, 0xFF, 0xFF, 0xFE, 0x83, 0x22, 0x22, 0x26, 
0xBF, 0xFF, 0xFF, 0xFF, 0xC2, 0x3F, 0xFF, 0xFF, 0xFF, 0xFF, 0xFF, 0xFF, 0xFF, 0xFF, 0xFF, 0xFF, 
0xFF, 0xFF, 0xFF, 0xFF, 0xFF, 0xFF, 0x32, 0x9F, 0xFF, 0xFF, 0xFF, 0xEC, 0xCD, 0xFF, 0xFF, 0xFF, 
0xFF, 0xFF, 0xC5, 0x29, 0xFF, 0xFF, 0xFF, 0xFF, 0xFF, 0xFF, 0xFF, 0xFF, 0xFF, 0xFF, 0xFF, 0xFF, 
0xFF, 0xFF, 0xFF, 0xFF, 0xD3, 0x26, 0xEF, 0xFF, 0xFF, 0xFF, 0xFF, 0xFF, 0xFF, 0xFF, 0xFF, 0xFF, 
0xFF, 0x42, 0xFF, 0xFF, 0xFF, 0xFF, 0xFF, 0xFF, 0xFF, 0xFF, 0xFF, 0xFF, 0xFF, 0xFF, 0xFF, 0xFF, 
0xFF, 0xFF, 0xFC, 0x42, 0x37, 0xAB, 0xCC, 0xDE, 0xFF, 0xFF, 0xFF, 0xFF, 0xFF, 0xFF, 0x83, 0x26, 
0xFF, 0xFF, 0xFF, 0xFF, 0xFF, 0xFF, 0xFF, 0xFF, 0xFF, 0xFF, 0xFF, 0xFF, 0xFF, 0xFF, 0xFF, 0xFF, 
0xFF, 0xFA, 0x63, 0x22, 0x22, 0x22, 0x22, 0x34, 0x68, 0xBE, 0xFF, 0xFF, 0x42, 0x7F, 0xFF, 0xFF, 
0xFF, 0xFF, 0xFF, 0xFF, 0xFF, 0xFF, 0xFF, 0xFF, 0xFF, 0xFF, 0xFF, 0xFF, 0xFF, 0xFF, 0xFF, 0xFF, 
0xFF, 0xEC, 0xCB, 0xA9, 0x98, 0x77, 0x66, 0x43, 0x36, 0x8A, 0x62, 0xBF, 0xFF, 0xFF, 0xFF, 0xFF, 
0xFF, 0xFF, 0xFF, 0xFF, 0xFF, 0xFF, 0xFF, 0xFF, 0xFF, 0xFF, 0xFF, 0xFF, 0xFF, 0xFF, 0xFF, 0xFF, 
0xFF, 0xFF, 0xFF, 0xFF, 0xFF, 0xFF, 0xDA, 0x75, 0x56, 0xEF, 0xFF, 0xFF, 0xFF, 0xFF, 0xFF, 0xFF, 
0xFF, 0xFF, 0xFF, 0xFF, 0xFF, 0x65, 0xFF, 0xF9, 0x22, 0x6F, 0xE2, 0x22, 0x4F, 0x72, 0x22, 0x5F, 
0x42, 0x22, 0x6F, 0x22, 0x22, 0x7E, 0x22, 0x22, 0x8D, 0x22, 0x22, 0xAB, 0x22, 0x22, 0xBA, 0x22, 
0x22, 0xC9, 0x22, 0x22, 0xD8, 0x22, 0x22, 0xF9, 0x22, 0x25, 0xFF, 0x82, 0x2D, 0xFF, 0xFB, 0xCF, 
0xFF, 0xFF, 0x76, 0x66, 0x7F, 0xFD, 0x22, 0x22, 0x3F, 0xFB, 0x22, 0x22, 0x3F, 0xFB, 0x22, 0x22, 
0x4F, 0xFC, 0x53, 0x33, 0x8F, 0xFF, 0xFF, 0xFF, 0xFF, 0xFF, 0xFF, 0xFF, 0xFF, 0xFF, 0xFF, 0xFF, 
0xFF, 0xFF, 0xFF, 0xFF, 0xFF, 0xFF, 0xFF, 0xFF, 0xFF, 0xFF, 0xFF, 0xFF, 0xFF, 0xFF, 0xFF, 0xFF, 
0xFF, 0xFF, 0xFF, 0xFF, 0xFF, 0xFF, 0xFF, 0xFF, 0xFF, 0xFF, 0xFF, 0xFF, 0xFF, 0xCA, 0x99, 0x9D, 
0xFF, 0x42, 0x22, 0x2A, 0xFF, 0x32, 0x22, 0x2B, 0xFF, 0x22, 0x22, 0x2C, 0xFF, 0x33, 0x33, 0x3F, 
0xFF, 0xFF, 0xEE, 0xFF, 0xFF, 0xFF, 0xF3, 0x22, 0x22, 0x22, 0x34, 0x8F, 0x92, 0x22, 0x22, 0x22, 
0x28, 0xFF, 0x42, 0x22, 0x22, 0x24, 0xFF, 0xFD, 0x22, 0x22, 0x22, 0xCF, 0xFF, 0xFF, 0xED, 0xDD, 
0xDF, 0xFF, 0xFF, 0xDF, 0xFF, 0xFF, 0xD3, 0x6F, 0xFF, 0xE3, 0x22, 0xAF, 0xFB, 0x22, 0x22, 0xEF, 
0xA2, 0x22, 0x2D, 0xF9, 0x22, 0x22, 0xEF, 0x72, 0x22, 0x2F, 0xF6, 0x22, 0x23, 0xFF, 0x52, 0x22, 
0x5F, 0xF3, 0x22, 0x26, 0xFF, 0x32, 0x22, 0x8F, 0xF2, 0x22, 0x29, 0xFF, 0x42, 0x22, 0xBF, 0xFC, 
0x22, 0x7F, 0xFF, 0xFA, 0x8F, 0xFF, 0xFF, 0xFF, 0xFF, 0xFF, 0xD4, 0x44, 0x44, 0x6F, 0xFE, 0x32, 
0x22, 0x22, 0x26, 0xF6, 0x22, 0x22, 0x22, 0x23, 0xED, 0x22, 0x22, 0x22, 0x3D, 0xFF, 0xCB, 0xAA, 
0x99, 0xCF, 0xFF, 0xFF, 0xEF, 0xFF, 0xFD, 0x37, 0xFF, 0xD3, 0x22, 0xBF, 0x62, 0x22, 0x8F, 0x52, 
0x22, 0x8F, 0x32, 0x22, 0x9F, 0x22, 0x22, 0xAE, 0x22, 0x22, 0xCC, 0x22, 0x22, 0xEB, 0x22, 0x22, 
0xFA, 0x22, 0x24, 0xF8, 0x22, 0x26, 0xF7, 0x22, 0x2C, 0xF7, 0x22, 0x8F, 0xFC, 0x26, 0xFF, 0xFF, 
0xAF, 0xFF, 0xFF, 0xFF, 0xEF, 0xFF, 0xFA, 0x2A, 0xFF, 0xB2, 0x22, 0xDF, 0x62, 0x22, 0xAF, 0x42, 
0x22, 0xAF, 0x22, 0x22, 0xBD, 0x22, 0x22, 0xDB, 0x22, 0x22, 0xE9, 0x22, 0x22, 0xF8, 0x22, 0x24, 
0xF6, 0x22, 0x25, 0xF5, 0x22, 0x26, 0xF8, 0x22, 0x28, 0xFD, 0x22, 0x2A, 0xFF, 0x62, 0x3E, 0xFF, 
0xC4, 0xDF, 0xFF, 0xFF, 0xFF, 0xFF, 0xFF, 0xFF, 0xFF, 0xFF, 0xFF, 0xFF, 0xF7, 0x22, 0x23, 0x3E, 
0xFF, 0xF9, 0x22, 0x22, 0x22, 0x8F, 0xFB, 0x22, 0x22, 0x22, 0x23, 0xFF, 0x32, 0x22, 0x22, 0x22, 
0x2A, 0xFD, 0x98, 0x76, 0x55, 0x55, 0x8F, 0xFF, 0xFC, 0xFF, 0xFF, 0xFC, 0x2C, 0xFF, 0xFF, 0x52, 
0x3F, 0xFF, 0xB2, 0x22, 0xAF, 0xF4, 0x22, 0x2A, 0xFD, 0x22, 0x22, 0xBF, 0xB2, 0x22, 0x2D, 0xFA, 
0x22, 0x22, 0xEF, 0x82, 0x22, 0x2F, 0xF7, 0x22, 0x24, 0xFF, 0x52, 0x22, 0x5F, 0xF3, 0x22, 0x27, 
0xFF, 0x22, 0x22, 0x8F, 0xF3, 0x22, 0x2A, 0xFF, 0xC2, 0x27, 0xFF, 0xFF, 0xA7, 0xFF, 0xFF, 0xFF, 
0xFF, 0xFF, 0xFF, 0xFF, 0xFF, 0xFF, 0xFF, 0xE7, 0x69, 0xCD, 0xEF, 0xFF, 0xFF, 0xFF, 0xFF, 0xFF, 
0xFF, 0xFF, 0xE4, 0x22, 0x22, 0x2B, 0xFF, 0xFF, 0xFF, 0xFF, 0xFF, 0xFF, 0xFF, 0xF5, 0x22, 0x22, 
0x22, 0xBF, 0xFF, 0xFF, 0xFF, 0xFF, 0xFF, 0xFF, 0xFE, 0x22, 0x22, 0x22, 0x23, 0xBF, 0xFF, 0xFF, 
0xFF, 0xFF, 0xFF, 0xFF, 0xE2, 0x22, 0x22, 0x22, 0x3A, 0xFF, 0xFF, 0xFF, 0xFF, 0xFF, 0xFF, 0xFF, 
0x42, 0x22, 0x22, 0x29, 0xFF, 0xFF, 0xFF, 0xFF, 0xFF, 0xFF, 0xFF, 0xFA, 0x22, 0x22, 0x25, 0xFF, 
0xFF, 0xFF, 0xFF, 0xFF, 0x83, 0x23, 0x9F, 0xF4, 0x22, 0x26, 0xFF, 0xFF, 0xFF, 0xFF, 0xFF, 0xE2, 
0x22, 0x22, 0x5E, 0x82, 0x22, 0xEF, 0xFF, 0xFF, 0xFF, 0xFF, 0xFF, 0x52, 0x22, 0x22, 0x22, 0x22, 
0x3F, 0xD8, 0x42, 0x26, 0xFF, 0xFF, 0xFE, 0x65, 0x22, 0x22, 0x22, 0x22, 0x32, 0x22, 0x22, 0x2A, 
0xFF, 0xFF, 0xFF, 0xF4, 0x22, 0x22, 0x22, 0x22, 0x22, 0x22, 0x22, 0x4F, 0xFF, 0xF6, 0x6F, 0x92, 
0x22, 0x22, 0x22, 0x22, 0x22, 0x26, 0x9A, 0xFF, 0xFB, 0x22, 0x79, 0x22, 0x22, 0x22, 0x22, 0x22, 
0x22, 0xDF, 0xFF, 0xFF, 0x32, 0x22, 0x22, 0x22, 0x22, 0x22, 0x22, 0x5B, 0x25, 0xFF, 0xFF, 0x92, 
0x3C, 0x54, 0x22, 0x22, 0x22, 0x2C, 0xBD, 0xF8, 0x2A, 0xFF, 0xF3, 0x2A, 0xFF, 0xE4, 0x22, 0x22, 
0x22, 0xCF, 0xFF, 0xF4, 0x3F, 0xFB, 0x23, 0xFF, 0xFF, 0xF5, 0x22, 0x23, 0xCF, 0xFF, 0xFF, 0x72, 
0xAF, 0xA2, 0x4F, 0xFF, 0xFF, 0x52, 0x22, 0x26, 0xEF, 0xFF, 0xF3, 0x28, 0xFE, 0x22, 0x7C, 0xA8, 
0x32, 0x29, 0x72, 0x22, 0x69, 0xA5, 0x22, 0xAF, 0xFB, 0x22, 0x22, 0x22, 0x3C, 0xFF, 0xD6, 0x22, 
0x22, 0x22, 0x4F, 0xFF, 0xFD, 0x63, 0x25, 0x9F, 0xFF, 0xFF, 0xFD, 0x96, 0x45, 0x7E, 0xFF, 0xFF, 
0xFF, 0xFF, 0xFF, 0xFF, 0xFF, 0xFF, 0xFF, 0xFF, 0xFF, 0xFF, 0xFF, 0x76, 0x65, 0x55, 0x56, 0x6C, 
0xF5, 0x22, 0x22, 0x22, 0x22, 0xCF, 0xD2, 0x22, 0x22, 0x22, 0x6F, 0xFF, 0x82, 0x22, 0x22, 0x3E, 
0xFF, 0xFF, 0x96, 0x66, 0x7B, 0xFF, 0xFF, 0xFF, 0xFF, 0xFF, 0xFE, 0x4B, 0xFF, 0xFE, 0x42, 0x3E, 
0xFF, 0xA2, 0x22, 0x5F, 0xF9, 0x22, 0x22, 0xEF, 0x72, 0x22, 0x2F, 0xF6, 0x22, 0x23, 0xFF, 0x52, 
0x22, 0x5F, 0xF3, 0x22, 0x26, 0xFF, 0x22, 0x22, 0x8F, 0xF2, 0x22, 0x2A, 0xFE, 0x22, 0x22, 0xBF, 
0xF2, 0x22, 0x2C, 0xFF, 0x72, 0x25, 0xFF, 0xFF, 0x56, 0xFF, 0xFF, 0xFF, 0xFF, 0xFF, 0xFF, 0xE8, 
0x78, 0x88, 0xBF, 0xFF, 0xE4, 0x22, 0x22, 0x22, 0xBF, 0xF5, 0x22, 0x22, 0x22, 0x23, 0xFF, 0x92, 
0x22, 0x22, 0x22, 0xCF, 0xFF, 0x76, 0x66, 0x55, 0xBF, 0xFF, 0xFF, 0x9B, 0xFF, 0xF9, 0x23, 0xEF, 
0xB2, 0x22, 0xAF, 0x32, 0x22, 0xBE, 0x22, 0x22, 0xDC, 0x22, 0x22, 0xEB, 0x22, 0x22, 0xF9, 0x22, 
0x24, 0xF8, 0x22, 0x25, 0xF6, 0x22, 0x27, 0xF4, 0x22, 0x29, 0xF3, 0x22, 0x2C, 0xF4, 0x22, 0x7F, 
0xFA, 0x25, 0xFF, 0xFF, 0x8F, 0xFF, 0xFF, 0xFF, 0xFF, 0xFF, 0xFF, 0x5B, 0xFF, 0xF4, 0x22, 0xCF, 
0xA2, 0x22, 0x7F, 0x72, 0x22, 0x7F, 0x52, 0x22, 0x8F, 0x32, 0x22, 0x9F, 0x22, 0x22, 0xBD, 0x22, 
0x22, 0xCB, 0x22, 0x22, 0xE9, 0x22, 0x22, 0xF8, 0x22, 0x23, 0xFA, 0x22, 0x25, 0xFE, 0x22, 0x27, 
0xFF, 0x72, 0x29, 0xFF, 0xC2, 0x6F, 0xFF, 0xFD, 0xFF, 0xFF, 0xFF, 0xB8, 0x89, 0x9D, 0xFF, 0xFA, 
0x22, 0x22, 0x25, 0xFF, 0xB2, 0x22, 0x22, 0x22, 0xDD, 0x32, 0x22, 0x22, 0x22, 0x9D, 0x32, 0x22, 
0x22, 0x22, 0x5F, 0xFE, 0xED, 0xDD, 0xEE, 0xFF, 0xFF, 0xFF, 0xFF, 0xFF, 0x94, 0xFF, 0xFC, 0x22, 
0xBF, 0xF4, 0x22, 0x5F, 0xB2, 0x22, 0x4F, 0x82, 0x22, 0x5F, 0x62, 0x22, 0x6F, 0x42, 0x22, 0x8F, 
0x22, 0x22, 0xAE, 0x22, 0x22, 0xCD, 0x22, 0x22, 0xDB, 0x22, 0x22, 0xFA, 0x22, 0x23, 0xFD, 0x22, 
0x27, 0xFF, 0x82, 0x3E, 0xFF, 0xF8, 0xEF, 0xFF, 0xFF, 0xFF, 0xFD, 0xCF, 0xFF, 0xFF, 0xFF, 0xA4, 
0x22, 0x4E, 0xFF, 0xFF, 0x62, 0x22, 0x22, 0x5F, 0xFF, 0x52, 0x27, 0x96, 0x22, 0xDF, 0x82, 0x3C, 
0xFF, 0xF4, 0x2B, 0xF2, 0x2A, 0xFF, 0xFF, 0x62, 0xCB, 0x23, 0xFF, 0xFF, 0xF3, 0x2E, 0xA2, 0x4F, 
0xFF, 0xFB, 0x25, 0xFB, 0x22, 0xDF, 0xFF, 0x42, 0xAF, 0xE2, 0x23, 0x9A, 0x52, 0x4F, 0xFF, 0x92, 
0x22, 0x22, 0x2D, 0xFF, 0xFF, 0x93, 0x22, 0x4C, 0xFF, 0xFF, 0xFF, 0xFC, 0xDF, 0xFF, 0xFF, 0xA6, 
0x66, 0x66, 0x66, 0x79, 0xA2, 0x22, 0x22, 0x22, 0x29, 0xF2, 0x22, 0x22, 0x22, 0x3F, 0xF8, 0x22, 
0x22, 0x22, 0xBF, 0xFF, 0x86, 0x55, 0x59, 0xFF, 0xFF, 0xFF, 0xFF, 0xFF, 0x58, 0xFF, 0xF7, 0x22, 
0xDF, 0xF4, 0x22, 0x7F, 0xF2, 0x22, 0x2E, 0xD2, 0x22, 0x2C, 0xB2, 0x22, 0x2D, 0xA2, 0x22, 0x2F, 
0x82, 0x22, 0x4F, 0x62, 0x22, 0x6F, 0x42, 0x22, 0x7F, 0x32, 0x22, 0x9F, 0x32, 0x22, 0xCF, 0x82, 
0x25, 0xFF, 0xF5, 0x4E, 0xFF, 0xFE, 0xEF, 0xFF, 0xFF, 0xD6, 0x66, 0x66, 0x8F, 0xFF, 0xD3, 0x22, 
0x22, 0x22, 0x7F, 0xF3, 0x22, 0x22, 0x22, 0x22, 0xDF, 0x82, 0x22, 0x22, 0x22, 0xBF, 0xFF, 0x98, 
0x87, 0x76, 0xAF, 0xFF, 0xFF, 0xBE, 0xFF, 0xF7, 0x26, 0xFF, 0x72, 0x22, 0xCF, 0x42, 0x22, 0xBF, 
0x22, 0x22, 0xCE, 0x22, 0x22, 0xEC, 0x22, 0x22, 0xFA, 0x22, 0x24, 0xF9, 0x22, 0x25, 0xF7, 0x22, 
0x27, 0xF6, 0x22, 0x29, 0xF5, 0x22, 0x2D, 0xF7, 0x22, 0x9F, 0xFC, 0x28, 0xFF, 0xFF, 0xCF, 0xFF, 
0xFF, 0xFF, 0xE9, 0xFF, 0xFF, 0xD4, 0x2B, 0xFF, 0xE3, 0x22, 0x3F, 0xF9, 0x22, 0x24, 0xFF, 0x82, 
0x22, 0x5F, 0xF6, 0x22, 0x27, 0xFF, 0x52, 0x22, 0x9F, 0xF3, 0x22, 0x2A, 0xFF, 0x22, 0x22, 0xCF, 
0xE2, 0x22, 0x2E, 0xFC, 0x22, 0x22, 0xFF, 0xA2, 0x22, 0x3F, 0xFC, 0x22, 0x25, 0xFF, 0xF4, 0x22, 
0xBF, 0xFF, 0xA3, 0xBF, 0xFF, 0xFF, 0xEF, 0xFF, 0xFF, 0xFF, 0x99, 0x99, 0x9E, 0xFF, 0xF5, 0x22, 
0x22, 0x29, 0xFF, 0x62, 0x22, 0x22, 0x23, 0xF9, 0x22, 0x22, 0x22, 0x22, 0xCF, 0x63, 0x22, 0x22, 
0x22, 0x9F, 0xFF, 0xFF, 0xFF, 0xFF, 0xFF, 0xFE, 0x97, 0x9D, 0xFF, 0xFF, 0xFF, 0xFC, 0x32, 0x22, 
0x25, 0xDF, 0xFF, 0xFE, 0x32, 0x26, 0x64, 0x22, 0x9F, 0xFF, 0xA2, 0x2D, 0xFF, 0xFB, 0x32, 0x5F, 
0xF7, 0x25, 0xFF, 0xFF, 0xFD, 0x32, 0x8F, 0x82, 0x3F, 0xFF, 0xFF, 0xFB, 0x22, 0xFC, 0x22, 0x8F, 
0xFF, 0xFF, 0xD2, 0x2D, 0xF8, 0x22, 0x37, 0xBD, 0xC6, 0x22, 0xFF, 0xFB, 0x42, 0x22, 0x22, 0x22, 
0x9F, 0xFF, 0xFF, 0xC8, 0x65, 0x56, 0xAF, 0xFF, 0xFF, 0xFF, 0xFB, 0x99, 0xCF, 0xFF, 0xFF, 0xF8, 
0x32, 0x22, 0x26, 0xFF, 0xFD, 0x42, 0x22, 0x22, 0x22, 0xAF, 0xE3, 0x22, 0x8D, 0xFD, 0x22, 0x6F, 
0x52, 0x2B, 0xFF, 0xFF, 0x32, 0x6D, 0x22, 0x8F, 0xFF, 0xFE, 0x22, 0x7A, 0x22, 0xEF, 0xFF, 0xF9, 
0x22, 0xAA, 0x22, 0xDF, 0xFF, 0xE3, 0x23, 0xFE, 0x22, 0x4C, 0xFB, 0x32, 0x2A, 0xFF, 0x82, 0x22, 
0x22, 0x22, 0x8F, 0xFF, 0xF9, 0x32, 0x22, 0x4B, 0xFF, 0xFF, 0xFF, 0xFC, 0xBD, 0xFF, 0xFF, 0xFF, 
0xFF, 0xFB, 0x89, 0xDF, 0xFF, 0xFF, 0xD4, 0x22, 0x22, 0x7F, 0xFF, 0xE3, 0x22, 0x22, 0x22, 0x6F, 
0xF7, 0x22, 0x39, 0x92, 0x22, 0xBF, 0x22, 0x2D, 0xFF, 0x92, 0x27, 0xB2, 0x28, 0xFF, 0xFD, 0x22, 
0x58, 0x22, 0xEF, 0xFF, 0xD2, 0x26, 0x62, 0x5F, 0xFF, 0xF8, 0x22, 0x95, 0x26, 0xFF, 0xFE, 0x32, 
0x3F, 0x62, 0x3F, 0xFD, 0x42, 0x2A, 0xF8, 0x22, 0x45, 0x22, 0x27, 0xFF, 0xD2, 0x22, 0x22, 0x27, 
0xFF, 0xFF, 0xA3, 0x22, 0x4B, 0xFF, 0xFF, 0xFF, 0xFE, 0xEF, 0xFF, 0xFF, 0xFF, 0xFE, 0x85, 0x57, 
0xDF, 0xFF, 0xC2, 0x22, 0x22, 0x2C, 0xFF, 0x32, 0x24, 0x22, 0x23, 0xFB, 0x22, 0xCF, 0xD4, 0x22, 
0xC9, 0x26, 0xFF, 0xFB, 0x22, 0x98, 0x28, 0xFF, 0xFF, 0x22, 0x89, 0x26, 0xFF, 0xFF, 0x32, 0x9A, 
0x23, 0xFF, 0xFF, 0x22, 0xAE, 0x22, 0xAF, 0xFA, 0x22, 0xDF, 0x72, 0x2A, 0xD3, 0x24, 0xFF, 0xE3, 
0x22, 0x22, 0x2B, 0xFF, 0xFC, 0x22, 0x22, 0x9F, 0xFF, 0xFF, 0xD8, 0x9D, 0xFF, 0xFF, 0xFF, 0xFF, 
0xFF, 0xB7, 0x66, 0xCF, 0xFF, 0xFF, 0xFD, 0x72, 0x22, 0x22, 0x2A, 0xFF, 0xFF, 0x72, 0x22, 0x35, 
0x42, 0x22, 0xDF, 0xF5, 0x22, 0x3A, 0xFF, 0xFA, 0x22, 0x7F, 0x92, 0x25, 0xEF, 0xFF, 0xFF, 0x62, 
0x4F, 0x42, 0x6F, 0xFF, 0xFF, 0xFF, 0x52, 0x4F, 0x22, 0xAF, 0xFF, 0xFF, 0xF9, 0x22, 0x8F, 0x22, 
0x3A, 0xEF, 0xEB, 0x62, 0x23, 0xEF, 0x62, 0x22, 0x22, 0x22, 0x22, 0x4D, 0xFF, 0xE5, 0x22, 0x22, 
0x22, 0x49, 0xFF, 0xFF, 0xFF, 0xDB, 0xAB, 0xCE, 0xFF, 0xFF, 0xFF, 0xFF, 0xFF, 0xFF, 0xFF, 0xFF, 
0xFF, 0xE6, 0x22, 0x36, 0xCF, 0xFF, 0xF4, 0x22, 0x22, 0x22, 0xCF, 0xF9, 0x22, 0x69, 0x62, 0x25, 
0xFF, 0x42, 0x7F, 0xFF, 0x82, 0x2F, 0xE2, 0x2E, 0xFF, 0xFC, 0x22, 0xFD, 0x23, 0xFF, 0xFF, 0xC2, 
0x4F, 0xC2, 0x4F, 0xFF, 0xF8, 0x28, 0xFC, 0x22, 0xFF, 0xFF, 0x32, 0xDF, 0xE2, 0x2C, 0xFF, 0x82, 
0x6F, 0xFF, 0x42, 0x3A, 0x92, 0x2D, 0xFF, 0xFB, 0x22, 0x22, 0x28, 0xFF, 0xFF, 0xF9, 0x22, 0x27, 
0xFF, 0xFF, 0xFF, 0xFF, 0xDF, 0xFF, 0xFF, 0xFF, 0xD6, 0x34, 0x8E, 0xFF, 0xFF, 0xFE, 0x32, 0x22, 
0x22, 0x7E, 0xFF, 0xF7, 0x22, 0x68, 0x42, 0x23, 0xDF, 0xF5, 0x24, 0xFF, 0xF8, 0x22, 0x3D, 0xF6, 
0x24, 0xFF, 0xFF, 0x92, 0x24, 0xF8, 0x22, 0xFF, 0xFF, 0xF6, 0x22, 0xDC, 0x22, 0xAF, 0xFF, 0xFB, 
0x22, 0xBF, 0x42, 0x3D, 0xFF, 0xF8, 0x22, 0xCF, 0xB2, 0x22, 0x8B, 0x72, 0x22, 0xFF, 0xF7, 0x22, 
0x22, 0x22, 0x28, 0xFF, 0xFF, 0x82, 0x22, 0x22, 0x8F, 0xFF, 0xFF, 0xFE, 0xA8, 0xAE, 0xFF, 0xFF, 
0xFF, 0xC9, 0xEF, 0xFF, 0xFF, 0xFF, 0x92, 0x22, 0x9F, 0xFF, 0xFF, 0xB2, 0x22, 0x22, 0x6F, 0xFF, 
0xF3, 0x23, 0x84, 0x22, 0x7F, 0xF9, 0x22, 0xBF, 0xF7, 0x22, 0xCF, 0x52, 0x3F, 0xFF, 0xF3, 0x25, 
0xF4, 0x27, 0xFF, 0xFF, 0x72, 0x2F, 0x32, 0x8F, 0xFF, 0xF9, 0x22, 0xE4, 0x27, 0xFF, 0xFF, 0x82, 
0x3F, 0x72, 0x3E, 0xFF, 0xF3, 0x27, 0xFB, 0x22, 0x4A, 0xB5, 0x22, 0xDF, 0xF4, 0x22, 0x22, 0x22, 
0x9F, 0xFF, 0xF7, 0x22, 0x22, 0xAF, 0xFF, 0xFF, 0xFF, 0xCB, 0xEF, 0xFF, 0xF5, 0x50, 0x50, 0x50, 
0x00, 0x00, 0x00, 0x00, 0x10, 0x02, 0x00, 0x00, 0xE8, 0x04, 0x00, 0x00, 0x32, 0x06, 0x00, 0x00, 
0x54, 0x08, 0x00, 0x00, 0x9E, 0x09, 0x00, 0x00, 0xE8, 0x0A, 0x00, 0x00, 0x3E, 0x0D, 0x00, 0x00, 
0xDA, 0x0D, 0x00, 0x00, 0x42, 0x17, 0x00, 0x00, 0xB2, 0x19, 0x00, 0x00, 0x28, 0x32, 0x00, 0x00, 
0xBA, 0x3B, 0x00, 0x00, 0x0A, 0x3D, 0x00, 0x00, 0x5A, 0x53, 0x00, 0x00, 0x33, 0x5B, 0x00, 0x00, 
0x47, 0x63, 0x00, 0x00, 0xE1, 0x63, 0x00, 0x00, 0x70, 0x64, 0x00, 0x00, 0x29, 0x66, 0x00, 0x00, 
0x7D, 0x67, 0x00, 0x00, 0xAC, 0x69, 0x00, 0x00, 0x11, 0x6B, 0x00, 0x00, 0x9B, 0x6D, 0x00, 0x00, 
0x0B, 0x70, 0x00, 0x00, 0x97, 0x70, 0x00, 0x00, 0x27, 0x71, 0x00, 0x00, 0xB6, 0x71, 0x00, 0x00, 
0x45, 0x72, 0x00, 0x00, 0xD1, 0x72, 0x00, 0x00, 0x60, 0x73, 0x00, 0x00, 0xF0, 0x73, 0x00, 0x00, 
0x7F, 0x74, 0x00, 0x00, 0xA8, 0x75, 0x00, 0x00, 0xB9, 0x77, 0x00, 0x00, 0x03, 0x79, 0x00, 0x00, 
0xFD, 0x7A, 0x00, 0x00, 0x3D, 0x7C, 0x00, 0x00, 0x75, 0x7D, 0x00, 0x00, 0x05, 0x81, 0x00, 0x00, 
0xC9, 0x8F, 0x00, 0x00, 0x29, 0x90, 0x00, 0x00, 0xC9, 0x90, 0x00, 0x00, 0x0B, 0x91, 0x00, 0x00, 
0x7B, 0x91, 0x00, 0x00, 0xAD, 0x91, 0x00, 0x00, 0x0D, 0x92, 0x00, 0x00, 0x73, 0x92, 0x00, 0x00, 
0xB5, 0x92, 0x00, 0x00, 0x2C, 0x93, 0x00, 0x00, 0x3D, 0x95, 0x00, 0x00, 0x74, 0x95, 0x00, 0x00, 
0xE4, 0x95, 0x00, 0x00, 0x1B, 0x96, 0x00, 0x00, 0x75, 0x96, 0x00, 0x00, 0xDB, 0x96, 0x00, 0x00, 
0x17, 0x97, 0x00, 0x00, 0x77, 0x97, 0x00, 0x00, 0x06, 0x98, 0x00, 0x00, 0x38, 0x98, 0x00, 0x00, 
0x98, 0x98, 0x00, 0x00, 0xCF, 0x98, 0x00, 0x00, 0x29, 0x99, 0x00, 0x00, 0x99, 0x99, 0x00, 0x00, 
0xD5, 0x99, 0x00, 0x00, 0x57, 0x9A, 0x00, 0x00, 0xE7, 0x9A, 0x00, 0x00, 0x81, 0x9B, 0x00, 0x00, 
0x03, 0x9C, 0x00, 0x00, 0x9D, 0x9C, 0x00, 0x00, 0x37, 0x9D, 0x00, 0x00, 0xC7, 0x9D, 0x00, 0x00, 
0x00, 0x00, 0x00, 0x00, 0x00, 0x00, 0x00, 0x00, 0x00, 0x00, 0x00, 0x00, 0x00, 0x00, 0x00, 0x00, 
0x00, 0x00, 0x00, 0x00, 0x00, 0x00, 0x00, 0x00, 0x00, 0x00, 0x00, 0x00, 0x00, 0x00, 0x00, 0x00, 
0x00, 0x00, 0x00, 0x00, 0x00, 0x00, 0x00, 0x00, 0x00, 0x00, 0x00, 0x00, 0x00, 0x00, 0x00, 0x00, 
0x00, 0x00, 0x00, 0x00, 0x00, 0x00, 0x00, 0x00, 0x00, 0x00, 0x00, 0x00, 0x00, 0x00, 0x00, 0x00, 
0x00, 0x00, 0x00, 0x00, 0x00, 0x00, 0x00, 0x00, 0x00, 0x00, 0x00, 0x00, 0x00, 0x00, 0x00, 0x00, 
0x00, 0x00, 0x00, 0x00, 0x00, 0x00, 0x00, 0x00, 0x00, 0x00, 0x00, 0x00, 0x00, 0x00, 0x00, 0x00, 
0x00, 0x00, 0x00, 0x00, 0x00, 0x00, 0x00, 0x00, 0x00, 0x00, 0x00, 0x00, 0x00, 0x00, 0x00, 0x00, 
0x00, 0x00, 0x00, 0x00, 0x00, 0x00, 0x00, 0x00, 0x00, 0x00, 0x00, 0x00, 0x00, 0x00, 0x00, 0x00, 
0x00, 0x00, 0x00, 0x00, 0x00, 0x00, 0x00, 0x00, 0x00, 0x00, 0x00, 0x00, 0x00, 0x00, 0x00, 0x00, 
0x00, 0x00, 0x00, 0x00, 0x00, 0x00, 0x00, 0x00, 0x00, 0x00, 0x00, 0x00, 0x00, 0x00, 0x00, 0x00, 
0x00, 0x00, 0x00, 0x00, 0x00, 0x00, 0x00, 0x00, 0x00, 0x00, 0x00, 0x00, 0x00, 0x00, 0x00, 0x00, 
0x00, 0x00, 0x00, 0x00, 0x00, 0x00, 0x00, 0x00, 0x00, 0x00, 0x00, 0x00, 0x00, 0x00, 0x00, 0x00, 
0x00, 0x00, 0x00, 0x00, 0x00, 0x00, 0x00, 0x00, 0x00, 0x00, 0x00, 0x00, 0x00, 0x00, 0x00, 0x00, 
0x00, 0x00, 0x00, 0x00, 0x00, 0x00, 0x00, 0x00, 0x00, 0x00, 0x00, 0x00, 0x00, 0x00, 0x00, 0x00, 
0x00, 0x00, 0x00, 0x00, 0x00, 0x00, 0x00, 0x00, 0x00, 0x00, 0x00, 0x00, 0x00, 0x00, 0x00, 0x00, 
0x00, 0x00, 0x00, 0x00, 0x00, 0x00, 0x00, 0x00, 0x00, 0x00, 0x00, 0x00, 0x00, 0x00, 0x00, 0x00, 
0x00, 0x00, 0x00, 0x00, 0x00, 0x00, 0x00, 0x00, 0x00, 0x00, 0x00, 0x00, 0x00, 0x00, 0x00, 0x00, 
0x00, 0x00, 0x00, 0x00, 0x00, 0x00, 0x00, 0x00, 0x00, 0x00, 0x00, 0x00, 0x00, 0x00, 0x00, 0x00, 
0x00, 0x00, 0x00, 0x00, 0x00, 0x00, 0x00, 0x00, 0x00, 0x00, 0x00, 0x00, 0x00, 0x00, 0x00, 0x00, 
0x00, 0x00, 0x00, 0x00, 0x00, 0x00, 0x00, 0x00, 0x00, 0x00, 0x00, 0x00, 0x00, 0x00, 0x00, 0x00, 
0x00, 0x00, 0x00, 0x00, 0x00, 0x00, 0x00, 0x00, 0x00, 0x00, 0x00, 0x00, 0x00, 0x00, 0x00, 0x00, 
0x00, 0x00, 0x00, 0x00, 0x00, 0x00, 0x00, 0x00, 0x00, 0x00, 0x00, 0x00, 0x00, 0x00, 0x00, 0x00, 
0x00, 0x00, 0x00, 0x00, 0x00, 0x00, 0x00, 0x00, 0x00, 0x00, 0x00, 0x00, 0x00, 0x00, 0x00, 0x00, 
0x00, 0x00, 0x00, 0x00, 0x00, 0x00, 0x00, 0x00, 0x00, 0x00, 0x00, 0x00, 0x00, 0x00, 0x00, 0x00, 
0x00, 0x00, 0x00, 0x00, 0x00, 0x00, 0x00, 0x00, 0x00, 0x00, 0x00, 0x00, 0x00, 0x00, 0x00, 0x00, 
0x00, 0x00, 0x00, 0x00, 0x00, 0x00, 0x00, 0x00, 0x00, 0x00, 0x00, 0x00, 0x00, 0x00, 0x00, 0x00, 
0x00, 0x00, 0x00, 0x00, 0x00, 0x00, 0x00, 0x00, 0x00, 0x00, 0x00, 0x00, 0x00, 0x00, 0x00, 0x00, 
0x00, 0x00, 0x00, 0x00, 0x00, 0x00, 0x00, 0x00, 0x00, 0x00, 0x00, 0x00, 0x00, 0x00, 0x00, 0x00, 
0x00, 0x00, 0x00, 0x00, 0x00, 0x00, 0x00, 0x00, 0x00, 0x00, 0x00, 0x00, 0x00, 0x00, 0x00, 0x00, 
0x00, 0x00, 0x00, 0x00, 0x00, 0x00, 0x00, 0x00, 0x00, 0x00, 0x00, 0x00, 0x00, 0x00, 0x00, 0x00, 
0x00, 0x00, 0x00, 0x00, 0x00, 0x00, 0x00, 0x00, 0x00, 0x00, 0x00, 0x00, 0x00, 0x00, 0x00, 0x00, 
0x00, 0x00, 0x00, 0x00, 0x00, 0x00, 0x00, 0x00, 0x00, 0x00, 0x00, 0x00, 0x00, 0x00, 0x00, 0x00, 
0x00, 0x00, 0x00, 0x00, 0x00, 0x00, 0x00, 0x00, 0x00, 0x00, 0x00, 0x00, 0x00, 0x00, 0x00, 0x00, 
0x00, 0x00, 0x00, 0x00, 0x00, 0x00, 0x00, 0x00, 0x00, 0x00, 0x00, 0x00, 0x00, 0x00, 0x00, 0x00, 
0x00, 0x00, 0x00, 0x00, 0x00, 0x00, 0x00, 0x00, 0x00, 0x00, 0x00, 0x00, 0x00, 0x00, 0x00, 0x00, 
0x00, 0x00, 0x00, 0x00, 0x00, 0x00, 0x00, 0x00, 0x00, 0x00, 0x00, 0x00, 0x00, 0x00, 0x00, 0x00, 
0x00, 0x00, 0x00, 0x00, 0x00, 0x00, 0x00, 0x00, 0x00, 0x00, 0x00, 0x00, 0x00, 0x00, 0x00, 0x00, 
0x00, 0x00, 0x00, 0x00, 0x00, 0x00, 0x00, 0x00, 0x00, 0x00, 0x00, 0x00, 0x00, 0x00, 0x00, 0x00, 
0x00, 0x00, 0x00, 0x00, 0x00, 0x00, 0x00, 0x00, 0x00, 0x00, 0x00, 0x00, 0x00, 0x00, 0x00, 0x00, 
0x00, 0x00, 0x00, 0x00, 0x00, 0x00, 0x00, 0x00, 0x00, 0x00, 0x00, 0x00, 0x00, 0x00, 0x00, 0x00, 
0x00, 0x00, 0x00, 0x00, 0x00, 0x00, 0x00, 0x00, 0x00, 0x00, 0x00, 0x00, 0x00, 0x00, 0x00, 0x00, 
0x00, 0x00, 0x00, 0x00, 0x00, 0x00, 0x00, 0x00, 0x00, 0x00, 0x00, 0x00, 0x00, 0x00, 0x00, 0x00, 
0x00, 0x00, 0x00, 0x00, 0x00, 0x00, 0x00, 0x00, 0x00, 0x00, 0x00, 0x00, 0x00, 0x00, 0x00, 0x00, 
0x00, 0x00, 0x00, 0x00, 0x00, 0x00, 0x00, 0x00, 0x00, 0x00, 0x00, 0x00, 0x00, 0x00, 0x00, 0x00, 
0x00, 0x00, 0x00, 0x00, 0x00, 0x00, 0x00, 0x00, 0x00, 0x00, 0x00, 0x00, 0x00, 0x00, 0x00, 0x00, 
0x00, 0x00, 0x00, 0x00, 0x00, 0x00, 0x00, 0x00, 0x00, 0x00, 0x00, 0x00, 0x00, 0x00, 0x00, 0x00, 
0xDE, 0x00, 0xD1, 0x00, 0x0D, 0x01, 0x0F, 0x01, 0x1E, 0x01, 0x30, 0x01, 0xF7, 0x00, 0xF4, 0x00, 
0x45, 0x00, 0x32, 0x00, 0x6A, 0x00, 0x49, 0x00, 0x8F, 0x00, 0xA0, 0x00, 0xCA, 0x00, 0xD0, 0x00, 
0x41, 0x00, 0x38, 0x00, 0x00, 0x00, 0x16, 0x00, 0x08, 0x00, 0x27, 0x00, 0x3A, 0x00, 0x46, 0x00, 
0x22, 0x00, 0x19, 0x00, 0x2F, 0x00, 0x38, 0x00, 0x17, 0x00, 0x42, 0x00, 0x21, 0x00, 0x2D, 0x00, 
0xAC, 0x00, 0xAC, 0x00, 0x8E, 0x00, 0xC5, 0x00, 0x75, 0x00, 0x60, 0x00, 0x60, 0x00, 0x27, 0x00, 
0xC8, 0x00, 0xD2, 0x00, 0xC0, 0x00, 0xBC, 0x00, 0xC0, 0x00, 0xBB, 0x00, 0xC7, 0x00, 0xBD, 0x00, 
0xEC, 0x00, 0xDE, 0x00, 0xE5, 0x00, 0xE1, 0x00, 0xE4, 0x00, 0xE0, 0x00, 0xEB, 0x00, 0xE2, 0x00, 
0x07, 0x01, 0x23, 0x01, 0x00, 0x01, 0xFC, 0x00, 0xFE, 0x00, 0xFA, 0x00, 0x05, 0x01, 0xFC, 0x00, 
0x0A, 0x01, 0xFE, 0x00, 0x21, 0x01, 0x16, 0x01, 0xFE, 0x00, 0xF6, 0x00, 0x0B, 0x01, 0x18, 0x01, 
0x00, 0x00, 0x00, 0x00, 0x00, 0x00, 0x00, 0x00, 0x00, 0x00, 0x00, 0x00, 0x00, 0x00, 0x00, 0x00, 
0x00, 0x00, 0x00, 0x00, 0x00, 0x00, 0x00, 0x00, 0x00, 0x00, 0x00, 0x00, 0x00, 0x00, 0x00, 0x00, 
0x00, 0x00, 0x00, 0x00, 0x00, 0x00, 0x00, 0x00, 0x00, 0x00, 0x00, 0x00, 0x00, 0x00, 0x00, 0x00, 
0x00, 0x00, 0x00, 0x00, 0x00, 0x00, 0x00, 0x00, 0x00, 0x00, 0x00, 0x00, 0x00, 0x00, 0x00, 0x00, 
0x00, 0x00, 0x00, 0x00, 0x00, 0x00, 0x00, 0x00, 0x00, 0x00, 0x00, 0x00, 0x00, 0x00, 0x00, 0x00, 
0x00, 0x00, 0x00, 0x00, 0x00, 0x00, 0x00, 0x00, 0x00, 0x00, 0x00, 0x00, 0x00, 0x00, 0x00, 0x00, 
0x00, 0x00, 0x00, 0x00, 0x00, 0x00, 0x00, 0x00, 0x00, 0x00, 0x00, 0x00, 0x00, 0x00, 0x00, 0x00, 
0x00, 0x00, 0x00, 0x00, 0x00, 0x00, 0x00, 0x00, 0x00, 0x00, 0x00, 0x00, 0x00, 0x00, 0x00, 0x00, 
0x00, 0x00, 0x00, 0x00, 0x00, 0x00, 0x00, 0x00, 0x00, 0x00, 0x00, 0x00, 0x00, 0x00, 0x00, 0x00, 
0x00, 0x00, 0x00, 0x00, 0x00, 0x00, 0x00, 0x00, 0x00, 0x00, 0x00, 0x00, 0x00, 0x00, 0x00, 0x00, 
0x00, 0x00, 0x00, 0x00, 0x00, 0x00, 0x00, 0x00, 0x00, 0x00, 0x00, 0x00, 0x00, 0x00, 0x00, 0x00, 
0x00, 0x00, 0x00, 0x00, 0x00, 0x00, 0x00, 0x00, 0x00, 0x00, 0x00, 0x00, 0x00, 0x00, 0x00, 0x00, 
0x00, 0x00, 0x00, 0x00, 0x00, 0x00, 0x00, 0x00, 0x00, 0x00, 0x00, 0x00, 0x00, 0x00, 0x00, 0x00, 
0x00, 0x00, 0x00, 0x00, 0x00, 0x00, 0x00, 0x00, 0x00, 0x00, 0x00, 0x00, 0x00, 0x00, 0x00, 0x00, 
0x00, 0x00, 0x00, 0x00, 0x00, 0x00, 0x00, 0x00, 0x00, 0x00, 0x00, 0x00, 0x00, 0x00, 0x00, 0x00, 
0x00, 0x00, 0x00, 0x00, 0x00, 0x00, 0x00, 0x00, 0x00, 0x00, 0x00, 0x00, 0x00, 0x00, 0x00, 0x00, 
0x00, 0x00, 0x00, 0x00, 0x00, 0x00, 0x00, 0x00, 0x00, 0x00, 0x00, 0x00, 0x00, 0x00, 0x00, 0x00, 
0x00, 0x00, 0x00, 0x00, 0x00, 0x00, 0x00, 0x00, 0x00, 0x00, 0x00, 0x00, 0x00, 0x00, 0x00, 0x00, 
0x00, 0x00, 0x00, 0x00, 0x00, 0x00, 0x00, 0x00, 0x00, 0x00, 0x00, 0x00, 0x00, 0x00, 0x00, 0x00, 
0x00, 0x00, 0x00, 0x00, 0x00, 0x00, 0x00, 0x00, 0x00, 0x00, 0x00, 0x00, 0x00, 0x00, 0x00, 0x00, 
0x00, 0x00, 0x00, 0x00, 0x00, 0x00, 0x00, 0x00, 0x00, 0x00, 0x00, 0x00, 0x00, 0x00, 0x00, 0x00, 
0x00, 0x00, 0x00, 0x00, 0x00, 0x00, 0x00, 0x00, 0x00, 0x00, 0x00, 0x00, 0x00, 0x00, 0x00, 0x00, 
0x00, 0x00, 0x00, 0x00, 0x00, 0x00, 0x00, 0x00, 0x00, 0x00, 0x00, 0x00, 0x00, 0x00, 0x00, 0x00, 
0xC1, 0x00, 0xC4, 0x00, 0xB5, 0x00, 0xCE, 0x00, 0xB5, 0x00, 0xB5, 0x00, 0xA7, 0x00, 0x9A, 0x00, 
0x91, 0x00, 0xA3, 0x00, 0x61, 0x00, 0x5F, 0x00, 0x2D, 0x00, 0x62, 0x00, 0x96, 0x00, 0x67, 0x00, 
0x98, 0x00, 0x90, 0x00, 0xB5, 0x00, 0xB6, 0x00, 0xCE, 0x00, 0xB5, 0x00, 0xC4, 0x00, 0xBF, 0x00, 
0x53, 0x00, 0x4C, 0x00, 0x5A, 0x00, 0x60, 0x00, 0x7B, 0x00, 0x6A, 0x00, 0x83, 0x00, 0x8A, 0x00, 
0x1B, 0x00, 0x45, 0x00, 0x1A, 0x00, 0x45, 0x00, 0x22, 0x00, 0x19, 0x00, 0x39, 0x00, 0x12, 0x00, 
0x1B, 0x00, 0x21, 0x00, 0x19, 0x00, 0x1B, 0x00, 0x29, 0x00, 0x2B, 0x00, 0x2C, 0x00, 0x37, 0x00, 
0x1B, 0x00, 0x45, 0x00, 0x1A, 0x00, 0x1B, 0x00, 0x29, 0x00, 0x2C, 0x00, 0x2C, 0x00, 0x38, 0x00, 
0x1B, 0x00, 0x4C, 0x00, 0x1A, 0x00, 0x1B, 0x00, 0x29, 0x00, 0x2C, 0x00, 0x2D, 0x00, 0x38, 0x00, 
0x8B, 0x00, 0x91, 0x00, 0x7C, 0x00, 0x84, 0x00, 0x61, 0x00, 0x6A, 0x00, 0x5A, 0x00, 0x51, 0x00, 
0x00, 0x00, 0x00, 0x00, 0x00, 0x00, 0x00, 0x00, 0x00, 0x00, 0x00, 0x00, 0x00, 0x00, 0x00, 0x00, 
0x00, 0x00, 0x00, 0x00, 0x00, 0x00, 0x00, 0x00, 0x00, 0x00, 0x00, 0x00, 0x00, 0x00, 0x00, 0x00, 
0x00, 0x00, 0x00, 0x00, 0x00, 0x00, 0x00, 0x00, 0x00, 0x00, 0x00, 0x00, 0x00, 0x00, 0x00, 0x00, 
0x00, 0x00, 0x00, 0x00, 0x00, 0x00, 0x00, 0x00, 0x00, 0x00, 0x00, 0x00, 0x00, 0x00, 0x00, 0x00, 
0x00, 0x00, 0x00, 0x00, 0x00, 0x00, 0x00, 0x00, 0x00, 0x00, 0x00, 0x00, 0x00, 0x00, 0x00, 0x00, 
0x00, 0x00, 0x00, 0x00, 0x00, 0x00, 0x00, 0x00, 0x00, 0x00, 0x00, 0x00, 0x00, 0x00, 0x00, 0x00, 
0x00, 0x00, 0x00, 0x00, 0x00, 0x00, 0x00, 0x00, 0x00, 0x00, 0x00, 0x00, 0x00, 0x00, 0x00, 0x00, 
0x00, 0x00, 0x00, 0x00, 0x00, 0x00, 0x00, 0x00, 0x00, 0x00, 0x00, 0x00, 0x00, 0x00, 0x00, 0x00, 
0x00, 0x00, 0x00, 0x00, 0x00, 0x00, 0x00, 0x00, 0x00, 0x00, 0x00, 0x00, 0x00, 0x00, 0x00, 0x00, 
0x00, 0x00, 0x00, 0x00, 0x00, 0x00, 0x00, 0x00, 0x00, 0x00, 0x00, 0x00, 0x00, 0x00, 0x00, 0x00, 
0x00, 0x00, 0x00, 0x00, 0x00, 0x00, 0x00, 0x00, 0x00, 0x00, 0x00, 0x00, 0x00, 0x00, 0x00, 0x00, 
0x00, 0x00, 0x00, 0x00, 0x00, 0x00, 0x00, 0x00, 0x00, 0x00, 0x00, 0x00, 0x00, 0x00, 0x00, 0x00, 
0x00, 0x00, 0x00, 0x00, 0x00, 0x00, 0x00, 0x00, 0x00, 0x00, 0x00, 0x00, 0x00, 0x00, 0x00, 0x00, 
0x00, 0x00, 0x00, 0x00, 0x00, 0x00, 0x00, 0x00, 0x00, 0x00, 0x00, 0x00, 0x00, 0x00, 0x00, 0x00, 
0x00, 0x00, 0x00, 0x00, 0x00, 0x00, 0x00, 0x00, 0x00, 0x00, 0x00, 0x00, 0x00, 0x00, 0x00, 0x00, 
0x00, 0x00, 0x00, 0x00, 0x00, 0x00, 0x00, 0x00, 0x00, 0x00, 0x00, 0x00, 0x00, 0x00, 0x00, 0x00, 
0x00, 0x00, 0x00, 0x00, 0x00, 0x00, 0x00, 0x00, 0x00, 0x00, 0x00, 0x00, 0x00, 0x00, 0x00, 0x00, 
0x00, 0x00, 0x00, 0x00, 0x00, 0x00, 0x00, 0x00, 0x00, 0x00, 0x00, 0x00, 0x00, 0x00, 0x00, 0x00, 
0x00, 0x00, 0x00, 0x00, 0x00, 0x00, 0x00, 0x00, 0x00, 0x00, 0x00, 0x00, 0x00, 0x00, 0x00, 0x00, 
0x00, 0x00, 0x00, 0x00, 0x00, 0x00, 0x00, 0x00, 0x00, 0x00, 0x00, 0x00, 0x00, 0x00, 0x00, 0x00, 
0x00, 0x00, 0x00, 0x00, 0x00, 0x00, 0x00, 0x00, 0x00, 0x00, 0x00, 0x00, 0x00, 0x00, 0x00, 0x00, 
0x00, 0x00, 0x00, 0x00, 0x00, 0x00, 0x00, 0x00, 0x00, 0x00, 0x00, 0x00, 0x00, 0x00, 0x00, 0x00, 
0x00, 0x00, 0x00, 0x00, 0x00, 0x00, 0x00, 0x00, 0x00, 0x00, 0x00, 0x00, 0x00, 0x00, 0x00, 0x00, 
0x16, 0x00, 0x0E, 0x00, 0x16, 0x00, 0x0D, 0x00, 0x16, 0x00, 0x16, 0x00, 0x17, 0x00, 0x0D, 0x00, 
0x2B, 0x00, 0x1A, 0x00, 0x65, 0x00, 0x31, 0x00, 0x10, 0x00, 0x66, 0x00, 0x29, 0x00, 0x2F, 0x00, 
0x0B, 0x00, 0x0D, 0x00, 0x15, 0x00, 0x14, 0x00, 0x0D, 0x00, 0x15, 0x00, 0x0D, 0x00, 0x18, 0x00, 
0x0A, 0x00, 0x0C, 0x00, 0x0D, 0x00, 0x0B, 0x00, 0x0E, 0x00, 0x0B, 0x00, 0x0C, 0x00, 0x0B, 0x00, 
0x21, 0x00, 0x17, 0x00, 0x0F, 0x00, 0x16, 0x00, 0x14, 0x00, 0x0D, 0x00, 0x26, 0x00, 0x3F, 0x00, 
0x10, 0x00, 0x14, 0x00, 0x06, 0x00, 0x10, 0x00, 0x05, 0x00, 0x10, 0x00, 0x11, 0x00, 0x06, 0x00, 
0x11, 0x00, 0x17, 0x00, 0x05, 0x00, 0x10, 0x00, 0x05, 0x00, 0x0F, 0x00, 0x11, 0x00, 0x06, 0x00, 
0x10, 0x00, 0x0D, 0x00, 0x05, 0x00, 0x10, 0x00, 0x05, 0x00, 0x0F, 0x00, 0x10, 0x00, 0x06, 0x00, 
0x0A, 0x00, 0x0C, 0x00, 0x0E, 0x00, 0x0D, 0x00, 0x0B, 0x00, 0x0E, 0x00, 0x0C, 0x00, 0x0E, 0x00, 
0x00, 0x00, 0x00, 0x00, 0x00, 0x00, 0x00, 0x00, 0x00, 0x00, 0x00, 0x00, 0x00, 0x00, 0x00, 0x00, 
0x00, 0x00, 0x00, 0x00, 0x00, 0x00, 0x00, 0x00, 0x00, 0x00, 0x00, 0x00, 0x00, 0x00, 0x00, 0x00, 
0x00, 0x00, 0x00, 0x00, 0x00, 0x00, 0x00, 0x00, 0x00, 0x00, 0x00, 0x00, 0x00, 0x00, 0x00, 0x00, 
0x00, 0x00, 0x00, 0x00, 0x00, 0x00, 0x00, 0x00, 0x00, 0x00, 0x00, 0x00, 0x00, 0x00, 0x00, 0x00, 
0x00, 0x00, 0x00, 0x00, 0x00, 0x00, 0x00, 0x00, 0x00, 0x00, 0x00, 0x00, 0x00, 0x00, 0x00, 0x00, 
0x00, 0x00, 0x00, 0x00, 0x00, 0x00, 0x00, 0x00, 0x00, 0x00, 0x00, 0x00, 0x00, 0x00, 0x00, 0x00, 
0x00, 0x00, 0x00, 0x00, 0x00, 0x00, 0x00, 0x00, 0x00, 0x00, 0x00, 0x00, 0x00, 0x00, 0x00, 0x00, 
0x00, 0x00, 0x00, 0x00, 0x00, 0x00, 0x00, 0x00, 0x00, 0x00, 0x00, 0x00, 0x00, 0x00, 0x00, 0x00, 
0x00, 0x00, 0x00, 0x00, 0x00, 0x00, 0x00, 0x00, 0x00, 0x00, 0x00, 0x00, 0x00, 0x00, 0x00, 0x00, 
0x00, 0x00, 0x00, 0x00, 0x00, 0x00, 0x00, 0x00, 0x00, 0x00, 0x00, 0x00, 0x00, 0x00, 0x00, 0x00, 
0x00, 0x00, 0x00, 0x00, 0x00, 0x00, 0x00, 0x00, 0x00, 0x00, 0x00, 0x00, 0x00, 0x00, 0x00, 0x00, 
0x00, 0x00, 0x00, 0x00, 0x00, 0x00, 0x00, 0x00, 0x00, 0x00, 0x00, 0x00, 0x00, 0x00, 0x00, 0x00, 
0x00, 0x00, 0x00, 0x00, 0x00, 0x00, 0x00, 0x00, 0x00, 0x00, 0x00, 0x00, 0x00, 0x00, 0x00, 0x00, 
0x00, 0x00, 0x00, 0x00, 0x00, 0x00, 0x00, 0x00, 0x00, 0x00, 0x00, 0x00, 0x00, 0x00, 0x00, 0x00, 
0x00, 0x00, 0x00, 0x00, 0x00, 0x00, 0x00, 0x00, 0x00, 0x00, 0x00, 0x00, 0x00, 0x00, 0x00, 0x00, 
0x00, 0x00, 0x00, 0x00, 0x00, 0x00, 0x00, 0x00, 0x00, 0x00, 0x00, 0x00, 0x00, 0x00, 0x00, 0x00, 
0x00, 0x00, 0x00, 0x00, 0x00, 0x00, 0x00, 0x00, 0x00, 0x00, 0x00, 0x00, 0x00, 0x00, 0x00, 0x00, 
0x00, 0x00, 0x00, 0x00, 0x00, 0x00, 0x00, 0x00, 0x00, 0x00, 0x00, 0x00, 0x00, 0x00, 0x00, 0x00, 
0x00, 0x00, 0x00, 0x00, 0x00, 0x00, 0x00, 0x00, 0x00, 0x00, 0x00, 0x00, 0x00, 0x00, 0x00, 0x00, 
0x00, 0x00, 0x00, 0x00, 0x00, 0x00, 0x00, 0x00, 0x00, 0x00, 0x00, 0x00, 0x00, 0x00, 0x00, 0x00, 
0x00, 0x00, 0x00, 0x00, 0x00, 0x00, 0x00, 0x00, 0x00, 0x00, 0x00, 0x00, 0x00, 0x00, 0x00, 0x00, 
0x00, 0x00, 0x00, 0x00, 0x00, 0x00, 0x00, 0x00, 0x00, 0x00, 0x00, 0x00, 0x00, 0x00, 0x00, 0x00, 
0x00, 0x00, 0x00, 0x00, 0x00, 0x00, 0x00, 0x00, 0x00, 0x00, 0x00, 0x00, 0x00, 0x00, 0x00, 0x00, 
0x18, 0x00, 0x34, 0x00, 0x0F, 0x00, 0x2A, 0x00, 0x0F, 0x00, 0x0F, 0x00, 0x1A, 0x00, 0x0C, 0x00, 
0x38, 0x00, 0x18, 0x00, 0x3E, 0x00, 0x32, 0x00, 0x15, 0x00, 0x38, 0x00, 0x31, 0x00, 0x2C, 0x00, 
0x0E, 0x00, 0x0B, 0x00, 0x15, 0x00, 0x11, 0x00, 0x2B, 0x00, 0x11, 0x00, 0x32, 0x00, 0x1A, 0x00, 
0x0E, 0x00, 0x0C, 0x00, 0x0B, 0x00, 0x0D, 0x00, 0x0A, 0x00, 0x0D, 0x00, 0x0C, 0x00, 0x0D, 0x00, 
0x09, 0x00, 0x17, 0x00, 0x16, 0x00, 0x17, 0x00, 0x10, 0x00, 0x18, 0x00, 0x18, 0x00, 0x3C, 0x00, 
0x06, 0x00, 0x08, 0x00, 0x0B, 0x00, 0x07, 0x00, 0x0A, 0x00, 0x06, 0x00, 0x06, 0x00, 0x0B, 0x00, 
0x07, 0x00, 0x17, 0x00, 0x0B, 0x00, 0x07, 0x00, 0x0B, 0x00, 0x06, 0x00, 0x06, 0x00, 0x0A, 0x00, 
0x06, 0x00, 0x0B, 0x00, 0x0A, 0x00, 0x06, 0x00, 0x0B, 0x00, 0x06, 0x00, 0x07, 0x00, 0x0A, 0x00, 
0x0D, 0x00, 0x0C, 0x00, 0x0B, 0x00, 0x0A, 0x00, 0x0E, 0x00, 0x0B, 0x00, 0x0C, 0x00, 0x0B, 0x00, 
0x00, 0x00, 0x00, 0x00, 0x00, 0x00, 0x00, 0x00, 0x00, 0x00, 0x00, 0x00, 0x00, 0x00, 0x00, 0x00, 
0x00, 0x00, 0x00, 0x00, 0x00, 0x00, 0x00, 0x00, 0x00, 0x00, 0x00, 0x00, 0x00, 0x00, 0x00, 0x00, 
0x00, 0x00, 0x00, 0x00, 0x00, 0x00, 0x00, 0x00, 0x00, 0x00, 0x00, 0x00, 0x00, 0x00, 0x00, 0x00, 
0x00, 0x00, 0x00, 0x00, 0x00, 0x00, 0x00, 0x00, 0x00, 0x00, 0x00, 0x00, 0x00, 0x00, 0x00, 0x00, 
0x00, 0x00, 0x00, 0x00, 0x00, 0x00, 0x00, 0x00, 0x00, 0x00, 0x00, 0x00, 0x00, 0x00, 0x00, 0x00, 
0x00, 0x00, 0x00, 0x00, 0x00, 0x00, 0x00, 0x00, 0x00, 0x00, 0x00, 0x00, 0x00, 0x00, 0x00, 0x00, 
0x00, 0x00, 0x00, 0x00, 0x00, 0x00, 0x00, 0x00, 0x00, 0x00, 0x00, 0x00, 0x00, 0x00, 0x00, 0x00, 
0x00, 0x00, 0x00, 0x00, 0x00, 0x00, 0x00, 0x00, 0x00, 0x00, 0x00, 0x00, 0x00, 0x00, 0x00, 0x00, 
0x00, 0x00, 0x00, 0x00, 0x00, 0x00, 0x00, 0x00, 0x00, 0x00, 0x00, 0x00, 0x00, 0x00, 0x00, 0x00, 
0x00, 0x00, 0x00, 0x00, 0x00, 0x00, 0x00, 0x00, 0x00, 0x00, 0x00, 0x00, 0x00, 0x00, 0x00, 0x00, 
0x00, 0x00, 0x00, 0x00, 0x00, 0x00, 0x00, 0x00, 0x00, 0x00, 0x00, 0x00, 0x00, 0x00, 0x00, 0x00, 
0x00, 0x00, 0x00, 0x00, 0x00, 0x00, 0x00, 0x00, 0x00, 0x00, 0x00, 0x00, 0x00, 0x00, 0x00, 0x00, 
0x00, 0x00, 0x00, 0x00, 0x00, 0x00, 0x00, 0x00, 0x00, 0x00, 0x00, 0x00, 0x00, 0x00, 0x00, 0x00, 
0x00, 0x00, 0x00, 0x00, 0x00, 0x00, 0x00, 0x00, 0x00, 0x00, 0x00, 0x00, 0x00, 0x00, 0x00, 0x00, 
0x00, 0x00, 0x00, 0x00, 0x00, 0x00, 0x00, 0x00, 0x00, 0x00, 0x00, 0x00, 0x00, 0x00, 0x00, 0x00, 
0x00, 0x00, 0x00, 0x00, 0x00, 0x00, 0x00, 0x00, 0x00, 0x00, 0x00, 0x00, 0x00, 0x00, 0x00, 0x00, 
0x00, 0x00, 0x00, 0x00, 0x00, 0x00, 0x00, 0x00, 0x00, 0x00, 0x00, 0x00, 0x00, 0x00, 0x00, 0x00, 
0x00, 0x00, 0x00, 0x00, 0x00, 0x00, 0x00, 0x00, 0x00, 0x00, 0x00, 0x00, 0x00, 0x00, 0x00, 0x00, 
0x00, 0x00, 0x00, 0x00, 0x00, 0x00, 0x00, 0x00, 0x00, 0x00, 0x00, 0x00, 0x00, 0x00, 0x00, 0x00, 
0x00, 0x00, 0x00, 0x00, 0x00, 0x00, 0x00, 0x00, 0x00, 0x00, 0x00, 0x00, 0x00, 0x00, 0x00, 0x00, 
0x00, 0x00, 0x00, 0x00, 0x00, 0x00, 0x00, 0x00, 0x00, 0x00, 0x00, 0x00, 0x00, 0x00, 0x00, 0x00, 
0x00, 0x00, 0x00, 0x00, 0x00, 0x00, 0x00, 0x00, 0x00, 0x00, 0x00, 0x00, 0x00, 0x00, 0x00, 0x00, 
0x00, 0x00, 0x00, 0x00, 0x00, 0x00, 0x00, 0x00, 0x00, 0x00, 0x00, 0x00, 0x00, 0x00, 0x00, 0x00, 
0x70, 0x00, 0x00, 0xAB, 0xC4, 0x00, 0x7D, 0xA2, 0x4F, 0x74, 0x00, 0x74, 0x6C, 0x05, 0x55, 0xC4, 
0xC4, 0x80, 0xA2, 0x23, 0x5E, 0x00, 0x89, 0x05, 0x5E, 0x07, 0x6C, 0x98, 0xBA, 0x47, 0xA2, 0xB7, 
0x58, 0x74, 0xE4, 0x71, 0x06, 0xF9, 0x06, 0xF2, 0x9D, 0x01, 0x00, 0x06, 0x04, 0xF2, 0x47, 0xA2, 
0x8F, 0xC0, 0x47, 0xA1, 0x74, 0x07, 0x38, 0x73, 0xE2, 0x71, 0xF9, 0xC0, 0xAE, 0x89, 0xF2, 0x80, 
0x20, 0x00, 0x80, 0x31, 0x5F, 0x7B, 0x00, 0x05, 0x73, 0x22, 0x10, 0x28, 0x7A, 0x00, 0x4B, 0xB9, 
0x64, 0x10, 0x21, 0x21, 0x52, 0x29, 0x34, 0x9A, 0x92, 0xAB, 0x00, 0x89, 0x01, 0x8C, 0x08, 0x3C, 
0x01, 0x9C, 0x47, 0xD2, 0xDD, 0x24, 0xB6, 0x40, 0x9C, 0x14, 0x2F, 0x00, 0x18, 0x18, 0x52, 0x80, 
0x21, 0x3C, 0x72, 0x67, 0x6E, 0x00, 0x38, 0xB4, 0x01, 0x20, 0xE4, 0x66, 0x5E, 0x5F, 0x04, 0x80, 
0x4C, 0x80, 0x78, 0x4C, 0xC0, 0x98, 0xF9, 0x07, 0x73, 0x77, 0x79, 0xB6, 0xD3, 0x48, 0x52, 0x04, 
0x4C, 0xC9, 0xF6, 0x56, 0x4B, 0x97, 0x82, 0xE9, 0xE4, 0xFC, 0xE5, 0xAC, 0x78, 0x4D, 0x5F, 0x19, 
0x04, 0xCB, 0xFC, 0x52, 0xC0, 0x77, 0x41, 0x57, 0xD0, 0x91, 0x57, 0x66, 0xA5, 0xE4, 0x9B, 0xD5, 
0x4D, 0xAD, 0x89, 0x9C, 0x4D, 0x4C, 0x79, 0x5F, 0x04, 0x94, 0xD0, 0x16, 0x64, 0x04, 0xD5, 0x80, 
0x2B, 0xA8, 0x79, 0xB4, 0x6E, 0xC2, 0xA1, 0x05, 0x49, 0x0D, 0xC2, 0x48, 0x0E, 0x53, 0x48, 0x10, 
0x53, 0x99, 0x49, 0x49, 0x6E, 0xC2, 0xA2, 0x53, 0x49, 0x48, 0x24, 0x04, 0xB4, 0x18, 0x6C, 0xB7, 
0x01, 0x28, 0x34, 0x06, 0x0C, 0x0D, 0x32, 0x21, 0x6F, 0x0F, 0xC9, 0x9A, 0x07, 0x38, 0x22, 0x6F, 
0x5F, 0x07, 0x89, 0x53, 0x64, 0xB4, 0x05, 0x5A, 0x47, 0xAE, 0x10, 0x9E, 0x6A, 0x6F, 0x53, 0x80, 
0x60, 0xA4, 0x02, 0x06, 0x4B, 0x0B, 0x49, 0x49, 0x40, 0xE1, 0x00, 0x0C, 0x0B, 0x0E, 0xB6, 0x5B, 
0x24, 0x5F, 0x25, 0x14, 0xE0, 0x3B, 0x1B, 0x5F, 0x14, 0x35, 0x4B, 0x54, 0x54, 0x3E, 0x2D, 0xBB, 
0x45, 0x5F, 0x06, 0x0E, 0x18, 0x5F, 0x6B, 0xBC, 0x1B, 0xAA, 0x0B, 0x14, 0x05, 0xA5, 0x9A, 0x63, 
0x52, 0x5F, 0x0B, 0xD0, 0x0D, 0x0E, 0x1B, 0xBD, 0x19, 0x47, 0x04, 0x62, 0x18, 0x64, 0x57, 0x80, 
0x5F, 0xC0, 0x66, 0x5D, 0x5C, 0x93, 0x19, 0x5F, 0x14, 0x67, 0x00, 0x62, 0x06, 0x06, 0x5D, 0x56, 
0x54, 0x5F, 0x91, 0x0A, 0x6F, 0x00, 0xA5, 0x69, 0x19, 0x19, 0x5F, 0x8B, 0x19, 0x19, 0x4B, 0xBB, 
0x14, 0x69, 0xC0, 0x18, 0x06, 0x52, 0x6E, 0x68, 0x68, 0x09, 0x6E, 0x54, 0x18, 0x63, 0x5D, 0x63, 
0x52, 0x52, 0x07, 0x5F, 0x5F, 0x68, 0x57, 0xBD, 0x19, 0x05, 0x07, 0x62, 0x18, 0x69, 0x57, 0x80, 
0x5F, 0xB2, 0xD5, 0x9D, 0x07, 0x19, 0x53, 0x55, 0x0E, 0xA4, 0x01, 0x5E, 0xB2, 0x19, 0x05, 0x57, 
0x8D, 0x19, 0x38, 0x40, 0x53, 0x5F, 0x0F, 0x54, 0x04, 0x16, 0x24, 0x19, 0x87, 0x47, 0x47, 0x14, 
0x05, 0x64, 0x0E, 0xA4, 0xD2, 0x04, 0x9E, 0xB9, 0x47, 0x19, 0x82, 0xA4, 0x0F, 0x06, 0x06, 0x53, 
0x20, 0x5F, 0x1A, 0xA4, 0x0D, 0x5F, 0x06, 0x9E, 0x53, 0x56, 0x87, 0x2B, 0x9E, 0x10, 0x2B, 0x80, 
0x67, 0xAA, 0x73, 0x52, 0x96, 0xC2, 0x05, 0x04, 0x0F, 0x64, 0xC2, 0x00, 0x07, 0x04, 0x5F, 0x5F, 
0x67, 0x4C, 0x96, 0xAB, 0xFB, 0xC2, 0x01, 0x22, 0x0C, 0x4B, 0x5F, 0x05, 0x0C, 0xC4, 0x97, 0x38, 
0x4F, 0x0D, 0x6E, 0x04, 0x19, 0x31, 0x79, 0x15, 0x8F, 0x71, 0xC2, 0x53, 0xA1, 0x20, 0x9D, 0x66, 
0x55, 0x52, 0x0F, 0x04, 0x23, 0xB4, 0x5F, 0x4E, 0xB7, 0x52, 0x53, 0x21, 0x5E, 0x53, 0x04, 0x80, 
0x4F, 0x00, 0x00, 0x53, 0xFC, 0xBD, 0x23, 0x86, 0xAD, 0xAD, 0x05, 0xC9, 0x57, 0x4E, 0x7C, 0x44, 
0x4F, 0x5B, 0xC0, 0x4E, 0x53, 0x4F, 0xC0, 0x4C, 0xC8, 0x41, 0xC0, 0xE9, 0x4D, 0xA3, 0xD5, 0x50, 
0x55, 0xBA, 0x21, 0x7B, 0xD3, 0x73, 0x8B, 0x04, 0x55, 0x23, 0x9F, 0x07, 0x7A, 0x77, 0x07, 0xBD, 
0xBE, 0xB0, 0xD3, 0x45, 0x98, 0x77, 0xB2, 0x4E, 0x05, 0x04, 0x50, 0xDE, 0xBD, 0xCA, 0x0D, 0x80, 
0x26, 0xA5, 0x72, 0xC0, 0x44, 0x80, 0x77, 0xD5, 0x52, 0xCB, 0x78, 0x45, 0xE4, 0xB4, 0x19, 0xAB, 
0xA9, 0x44, 0x45, 0x7B, 0xE4, 0x93, 0xE5, 0x0F, 0xE9, 0x94, 0x70, 0xF9, 0x0C, 0xD5, 0x7C, 0x7C, 
0x09, 0x77, 0xCB, 0x72, 0x04, 0xD0, 0x82, 0x44, 0x44, 0x90, 0x8A, 0xE4, 0x66, 0x45, 0x4B, 0xA4, 
0xB7, 0x80, 0x52, 0x0C, 0x07, 0x86, 0x45, 0x3A, 0x1C, 0x19, 0x6C, 0x10, 0x80, 0x6D, 0x6D, 0x80, 
0x77, 0x00, 0x00, 0xCA, 0x10, 0x80, 0xB4, 0x73, 0x71, 0x25, 0x70, 0x06, 0x7A, 0x70, 0x80, 0xFC, 
0xFC, 0xD5, 0x12, 0x77, 0xFC, 0xB2, 0xE6, 0xEC, 0x00, 0x6D, 0x83, 0x4F, 0x53, 0x79, 0xB0, 0xBD, 
0xC0, 0xCF, 0xCA, 0xDD, 0x8E, 0x5F, 0x80, 0xEC, 0x5F, 0xF6, 0x57, 0xD5, 0x00, 0x0F, 0xBE, 0x6D, 
0x4B, 0xA7, 0xC9, 0x18, 0x42, 0xE4, 0x0D, 0x75, 0x54, 0x02, 0x67, 0xA2, 0x8F, 0x7B, 0xE4, 0x80, 
0x77, 0x00, 0x00, 0x75, 0x5F, 0xB0, 0x6D, 0x54, 0xC5, 0xFB, 0xE7, 0x7A, 0x4E, 0xAD, 0x15, 0x73, 
0xE9, 0xCF, 0x71, 0x7A, 0x77, 0x71, 0xC4, 0xD2, 0x5F, 0x04, 0x93, 0x05, 0xFC, 0x5F, 0x90, 0x7A, 
0xC0, 0xAC, 0x33, 0x92, 0x93, 0xB0, 0xD5, 0xC0, 0x4B, 0x80, 0xC0, 0x4B, 0x04, 0x74, 0xB0, 0xCF, 
0xC9, 0x04, 0x4B, 0x97, 0x54, 0x54, 0x04, 0x6D, 0x4B, 0xD3, 0x86, 0x76, 0x05, 0xD3, 0x6D, 0x80, 
0x5F, 0x00, 0x00, 0xD5, 0xC0, 0x80, 0xCA, 0xC0, 0xE2, 0x77, 0x7B, 0x4E, 0xD4, 0x06, 0xDD, 0x4F, 
0x06, 0x96, 0x8A, 0xC0, 0x40, 0x93, 0xC4, 0xD2, 0x0D, 0x42, 0x07, 0x0E, 0x4E, 0x73, 0x04, 0x10, 
0x32, 0xE6, 0x58, 0xB6, 0xA2, 0xC5, 0x66, 0x05, 0xE9, 0x67, 0x71, 0x4A, 0x8B, 0x8B, 0xD5, 0x6B, 
0x52, 0x44, 0x5F, 0xEC, 0x5F, 0x10, 0x4D, 0x6C, 0x19, 0xD5, 0x47, 0xBC, 0x18, 0x4B, 0x02, 0x80, 
0x18, 0x00, 0x80, 0x57, 0x4F, 0x7B, 0x47, 0x05, 0x54, 0x07, 0x6D, 0x7B, 0x0E, 0xB2, 0x47, 0x00, 
0x8E, 0x40, 0x47, 0x49, 0x6D, 0xA3, 0x6D, 0xA4, 0x05, 0x38, 0x8E, 0x57, 0x05, 0x00, 0x38, 0x7F, 
0x3C, 0xA8, 0x06, 0x5F, 0x8A, 0x8F, 0x5F, 0x41, 0x65, 0xD5, 0x7B, 0x40, 0xC8, 0x92, 0x7E, 0x88, 
0xBE, 0x38, 0x5F, 0x10, 0x00, 0x54, 0x40, 0x0E, 0xD9, 0x04, 0x58, 0x5E, 0x9F, 0x04, 0xCC, 0x80, 
0xC9, 0x00, 0x86, 0xD3, 0x9D, 0x7D, 0xD3, 0x9C, 0x10, 0x53, 0xB7, 0x04, 0xE6, 0x9D, 0x57, 0x0F, 
0x5A, 0x00, 0x10, 0xC8, 0x7D, 0x7D, 0x10, 0xD1, 0x56, 0x93, 0x56, 0x04, 0xE2, 0x47, 0x0E, 0x06, 
0xF2, 0x6A, 0x34, 0x80, 0x47, 0x05, 0xEA, 0x19, 0x9D, 0x40, 0x80, 0xB1, 0x95, 0x41, 0x85, 0x71, 
0x9C, 0x4F, 0x57, 0x0E, 0x4F, 0x4F, 0x5E, 0xBA, 0x47, 0x0F, 0x06, 0x5F, 0x07, 0x14, 0x4F, 0x80, 
0x68, 0x00, 0x00, 0x25, 0x57, 0x00, 0x5F, 0x5F, 0x74, 0x47, 0x00, 0x21, 0x94, 0xD4, 0x0D, 0x20, 
0x1C, 0xE6, 0x88, 0x7E, 0x7E, 0x00, 0x47, 0x5F, 0x11, 0x57, 0x19, 0xB1, 0x51, 0x14, 0xBD, 0x63, 
0x21, 0x22, 0x88, 0x0C, 0xF9, 0x10, 0xEA, 0x62, 0x0C, 0x80, 0xBB, 0x2C, 0x2F, 0x5F, 0x9C, 0x6C, 
0x03, 0x2F, 0x47, 0x6C, 0x19, 0xD4, 0x1D, 0x9F, 0x2F, 0xA7, 0x23, 0x5C, 0x01, 0x50, 0x48, 0x80, 
0x4F, 0x00, 0xE7, 0x0C, 0xF1, 0xD5, 0x66, 0x55, 0xDB, 0xF0, 0xEA, 0xE0, 0xF2, 0x54, 0xB5, 0x2F, 
0x52, 0xD6, 0xD0, 0xEB, 0xE1, 0xDA, 0xD2, 0xA1, 0xA1, 0xF5, 0xA1, 0x6E, 0x8D, 0x05, 0x21, 0x21, 
0x57, 0xE2, 0xDD, 0x66, 0xD1, 0xE5, 0xE8, 0x08, 0x87, 0xE3, 0xDC, 0x04, 0x5F, 0x4B, 0x54, 0x66, 
0x6E, 0x0D, 0xD4, 0xD9, 0x55, 0x67, 0x17, 0x09, 0x6F, 0x52, 0xA1, 0xB3, 0x5F, 0x1C, 0x11, 0x80, 
0x5E, 0xB9, 0xAE, 0x01, 0x5F, 0x91, 0x2B, 0x8E, 0x5A, 0xA7, 0xB5, 0x5F, 0x5F, 0x27, 0x31, 0x66, 
0x6A, 0x18, 0x25, 0x19, 0x15, 0x6E, 0xA7, 0x6E, 0x6A, 0x00, 0xA7, 0x6F, 0x38, 0x26, 0x36, 0x5F, 
0x04, 0x4C, 0x49, 0x6C, 0x6E, 0x49, 0x34, 0x10, 0x5A, 0x11, 0x93, 0x6F, 0x5A, 0x40, 0x55, 0x2C, 
0x46, 0x9D, 0x6F, 0x6E, 0x9D, 0x20, 0xAD, 0x08, 0x08, 0x5F, 0x6F, 0x10, 0x6C, 0x67, 0xB8, 0x80, 
0x52, 0x90, 0xB5, 0x5F, 0x31, 0xBD, 0x6E, 0x20, 0x5F, 0x92, 0x9B, 0x2D, 0x20, 0x0D, 0x00, 0x57, 
0x20, 0x6E, 0x64, 0x23, 0xB2, 0x98, 0x6E, 0x66, 0x0F, 0x11, 0x52, 0x5F, 0xB5, 0x00, 0xAE, 0x56, 
0x9F, 0x11, 0x92, 0xA5, 0x0C, 0x44, 0x1D, 0xB5, 0x1C, 0x5B, 0x64, 0x0F, 0x0E, 0x02, 0x57, 0x66, 
0x56, 0x00, 0x20, 0x07, 0x90, 0x4B, 0x6E, 0x0E, 0xB5, 0x67, 0x6E, 0xB5, 0x06, 0x52, 0xB9, 0x80, 
0x58, 0xB8, 0xB9, 0x18, 0x91, 0xAB, 0x64, 0x96, 0x64, 0x3F, 0x00, 0x0E, 0x1C, 0x88, 0x04, 0x10, 
0xA6, 0x6E, 0x18, 0x08, 0x52, 0x6E, 0x47, 0xBE, 0x55, 0xA6, 0x54, 0x96, 0x5F, 0x1C, 0xA6, 0x37, 
0xB8, 0x3F, 0x10, 0x22, 0x18, 0x02, 0x21, 0x52, 0x3F, 0x10, 0x96, 0x5F, 0xAD, 0x0D, 0x27, 0xA6, 
0x6E, 0x1C, 0x37, 0x85, 0xA3, 0x24, 0x05, 0x1C, 0x46, 0x67, 0x21, 0x18, 0x66, 0x3B, 0x18, 0x80, 
0x5F, 0x00, 0x00, 0x9C, 0x5F, 0x00, 0x5B, 0x02, 0x10, 0xB2, 0x00, 0x4E, 0x6D, 0x23, 0x14, 0xB9, 
0x0A, 0x27, 0x84, 0x94, 0x00, 0x00, 0x05, 0x53, 0xBA, 0x04, 0x64, 0xB2, 0x18, 0x6B, 0xC0, 0x25, 
0x40, 0xAC, 0x33, 0x23, 0x8C, 0xC5, 0x7B, 0x43, 0x09, 0x00, 0x00, 0x90, 0x4B, 0x4F, 0x02, 0x53, 
0x22, 0x5B, 0x4B, 0x9C, 0xAC, 0x6B, 0x54, 0x9E, 0x53, 0x42, 0x18, 0x4B, 0x9F, 0x0C, 0xBB, 0x80, 
0x5F, 0x00, 0x00, 0x01, 0x0F, 0x00, 0x20, 0x83, 0x5A, 0x52, 0xA7, 0x5F, 0x3C, 0x02, 0x31, 0x31, 
0x31, 0xD5, 0x07, 0x6D, 0x91, 0x79, 0x66, 0x6C, 0x6E, 0x80, 0x5F, 0x67, 0x31, 0x00, 0x01, 0x6C, 
0x03, 0x00, 0xEC, 0x6C, 0x8C, 0x04, 0xAA, 0x00, 0x00, 0x77, 0x6D, 0xBD, 0x46, 0x3B, 0x9E, 0xB8, 
0x20, 0x83, 0x76, 0x01, 0x01, 0x6E, 0x18, 0x6E, 0x01, 0x00, 0x00, 0x4C, 0x31, 0x2C, 0xB8, 0x80, 
0x4A, 0x00, 0x00, 0xD3, 0xCB, 0x00, 0x79, 0xDE, 0xCB, 0x18, 0x00, 0x18, 0x80, 0xB1, 0xB1, 0x4E, 
0xD2, 0x08, 0x5F, 0xB7, 0x8E, 0xB5, 0x5F, 0x16, 0x16, 0x77, 0x66, 0x08, 0x9A, 0xC5, 0xAE, 0xA9, 
0xDE, 0x9A, 0x5F, 0xF5, 0xEC, 0xE5, 0x79, 0x23, 0xCA, 0x77, 0x78, 0x54, 0xF9, 0xE5, 0x5F, 0x3F, 
0x06, 0x5F, 0xD0, 0x53, 0x52, 0x86, 0x5F, 0xAA, 0x3F, 0xAE, 0x87, 0xC0, 0xA6, 0x8F, 0x3F, 0x80, 
0xE4, 0x00, 0x00, 0xCF, 0x79, 0x80, 0xCA, 0xB1, 0xD2, 0x9B, 0x78, 0x18, 0xC5, 0x80, 0xC0, 0xE4, 
0xB2, 0x9B, 0x84, 0xDE, 0x5F, 0xD0, 0x5F, 0x70, 0x21, 0x93, 0x7A, 0x66, 0x86, 0x80, 0xD5, 0x6D, 
0xED, 0x7A, 0xD3, 0x96, 0xCA, 0x55, 0x94, 0xB5, 0x7B, 0xF5, 0x18, 0xB4, 0x53, 0x94, 0x6D, 0xED, 
0xAF, 0x4E, 0x52, 0xEC, 0xA9, 0x6D, 0x96, 0xA8, 0x6D, 0xC5, 0x76, 0x5F, 0x77, 0x23, 0xF6, 0x80, 
0x5F, 0x80, 0x79, 0x22, 0x5F, 0xEC, 0x4E, 0xB1, 0x5F, 0xF5, 0xCB, 0xC5, 0x1C, 0xBA, 0x54, 0xF9, 
0xBA, 0xF9, 0xDE, 0x5F, 0xD0, 0x0C, 0x92, 0x77, 0xD3, 0x5F, 0x86, 0xCA, 0x75, 0x0C, 0xEC, 0x5F, 
0x08, 0x53, 0x0C, 0xA8, 0x1C, 0x84, 0xD0, 0xE4, 0x66, 0x0C, 0x5F, 0xAF, 0xA8, 0x52, 0xFB, 0x08, 
0xD0, 0x79, 0xF9, 0xED, 0x84, 0xC0, 0xD2, 0xF9, 0x5F, 0x97, 0x5F, 0x44, 0x18, 0xE5, 0xF9, 0x80, 
0xE5, 0x00, 0x6F, 0xB9, 0xF9, 0x6E, 0xD3, 0xF5, 0xE4, 0x4D, 0x09, 0xE5, 0xDA, 0x79, 0xDE, 0x20, 
0xCA, 0xCB, 0xF9, 0x5F, 0x19, 0x66, 0x0C, 0x1C, 0xCB, 0x75, 0xB9, 0xE5, 0xA3, 0xA3, 0x4E, 0x77, 
0xE4, 0xD2, 0xEC, 0x5F, 0xED, 0x4C, 0x9F, 0x53, 0x52, 0x02, 0x0A, 0x56, 0x5F, 0x5F, 0x5F, 0xAF, 
0xED, 0x1C, 0x9F, 0xAE, 0x8E, 0x8D, 0x1C, 0xC0, 0x9F, 0x66, 0xC5, 0x9E, 0x75, 0xAE, 0xC0, 0x80, 
0x75, 0x00, 0x87, 0x90, 0x18, 0x7A, 0x33, 0x34, 0x22, 0x64, 0x6D, 0x12, 0xAA, 0x9B, 0x98, 0x5F, 
0x32, 0x21, 0x6E, 0x18, 0x10, 0x47, 0x5F, 0xB5, 0x24, 0x3C, 0x86, 0x29, 0x64, 0x87, 0x93, 0x48, 
0xDA, 0xB6, 0x3B, 0x89, 0x96, 0x10, 0xEC, 0x40, 0xBA, 0x02, 0x5F, 0xAD, 0x25, 0x2C, 0x09, 0x75, 
0x75, 0x23, 0xD2, 0x18, 0xAC, 0x32, 0x27, 0xF0, 0xDA, 0x66, 0x34, 0x6D, 0x75, 0x7A, 0xFB, 0x80, 
0x66, 0xBB, 0xBA, 0x54, 0x5A, 0x3D, 0x47, 0x89, 0x38, 0x6A, 0x77, 0xA6, 0xBA, 0xC8, 0x7F, 0x4F, 
0x04, 0x5F, 0xD3, 0x80, 0x23, 0x18, 0xE2, 0x0E, 0x6D, 0x71, 0x0E, 0x6D, 0x7E, 0x6D, 0x80, 0xBB, 
0x56, 0xB4, 0xA6, 0xE6, 0x06, 0xD3, 0x7C, 0x56, 0xBA, 0x5F, 0xDE, 0x47, 0x74, 0xEA, 0x80, 0x4F, 
0xAF, 0xEA, 0x6D, 0x97, 0x0C, 0x0F, 0xF9, 0x0F, 0x67, 0x6D, 0xEA, 0x6D, 0x4F, 0x7C, 0x07, 0x80, 
0x58, 0x00, 0x00, 0x2F, 0x5B, 0x00, 0x01, 0x10, 0x53, 0x20, 0x00, 0x10, 0x01, 0x5F, 0x08, 0x6D, 
0x09, 0x29, 0x9E, 0x74, 0x00, 0x00, 0x26, 0xB2, 0xA5, 0x5F, 0x89, 0x53, 0x6D, 0x2F, 0x9C, 0x57, 
0xBC, 0x66, 0xA5, 0x40, 0x27, 0x74, 0xEF, 0x71, 0xBA, 0x80, 0x00, 0x21, 0x64, 0xA5, 0x7D, 0xBB, 
0x7B, 0xC5, 0x20, 0xC0, 0x87, 0x5B, 0x25, 0xB0, 0x96, 0x6D, 0x1C, 0x47, 0xC4, 0x55, 0x40, 0x80, 
0x00, 0x00, 0x00, 0x00, 0x00, 0x00, 0x00, 0x00, 0x0C, 0x06, 0x09, 0x03, 0x60, 0x40, 0x80, 0xA0, 
0x00, 0x00, 0x00, 0x00, 0x00, 0x00, 0x00, 0x00, 0x00, 0x00, 0x00, 0x00, 0x00, 0x00, 0x00, 0x00, 
0x00, 0x00, 0x00, 0x00, 0x00, 0x00, 0x00, 0x00, 0xFF, 0xFF, 0xFF, 0xFF, 0xFF, 0xFE, 0xFF, 0xFD, 
0xFC, 0xFD, 0xFF, 0xFE, 0xF6, 0xFD, 0xFC, 0xF5, 0xF9, 0xF7, 0xE9, 0xF6, 0xF2, 0xED, 0xEF, 0xEB, 
0xDD, 0xEF, 0xEA, 0xD3, 0xEA, 0xE4, 0xC8, 0xE7, 0xDE, 0xC7, 0xE4, 0xDC, 0xC3, 0xE4, 0xDA, 0xC3, 
0xE3, 0xDB, 0xC3, 0xE3, 0xDA, 0xC3, 0xE3, 0xD9, 0xC2, 0xE3, 0xDA, 0xC3, 0xE2, 0xD9, 0xC1, 0xE1, 
0xD8, 0xC0, 0xE1, 0xD8, 0xCD, 0xDF, 0xD6, 0xC0, 0xE0, 0xD7, 0xC0, 0xE0, 0xD6, 0xC0, 0xDF, 0xD6, 
0xBF, 0xE0, 0xD6, 0xBF, 0xDF, 0xD8, 0xBF, 0xDF, 0xD6, 0xBF, 0xDF, 0xD5, 0xBF, 0xDE, 0xD5, 0xBF, 
0xDC, 0xD4, 0xBE, 0xDF, 0xD6, 0xBE, 0xDE, 0xD7, 0xBE, 0xDE, 0xD5, 0xBE, 0xDE, 0xD4, 0xBE, 0xDD, 
0xD6, 0xBE, 0xDD, 0xD4, 0xBE, 0xDD, 0xD3, 0xBE, 0xDC, 0xD4, 0xB8, 0xDF, 0xD8, 0xBD, 0xDD, 0xD5, 
0xBD, 0xDD, 0xD4, 0xBD, 0xDD, 0xD3, 0xB9, 0xDD, 0xD6, 0xBD, 0xDC, 0xD5, 0xBD, 0xDC, 0xD3, 0xBD, 
0xDC, 0xD2, 0xBC, 0xDC, 0xD3, 0xBC, 0xDC, 0xD2, 0xB9, 0xDC, 0xD4, 0xBD, 0xDB, 0xD3, 0xBC, 0xDB, 
0xD3, 0xBC, 0xDB, 0xD2, 0xBC, 0xDB, 0xD1, 0xBB, 0xDB, 0xD2, 0xB9, 0xDB, 0xD3, 0xBC, 0xDA, 0xD2, 
0xBB, 0xDA, 0xD2, 0xBB, 0xDA, 0xD1, 0xBB, 0xDA, 0xD0, 0xBA, 0xDA, 0xD1, 0xB9, 0xDA, 0xD2, 0xBB, 
0xD9, 0xD0, 0xBA, 0xD9, 0xD1, 0xBA, 0xD9, 0xD0, 0xBA, 0xD9, 0xCF, 0xB9, 0xD9, 0xD0, 0xCD, 0xD1, 
0xC5, 0xBC, 0xD6, 0xCC, 0xB9, 0xD8, 0xD0, 0xB9, 0xD8, 0xCF, 0xB9, 0xD8, 0xCE, 0xB9, 0xD7, 0xCE, 
0xB8, 0xD8, 0xCF, 0xB8, 0xD7, 0xCE, 0xB8, 0xD7, 0xCD, 0xB7, 0xD6, 0xCD, 0xB6, 0xD5, 0xCB, 0xB5, 
0xD3, 0xCA, 0xB4, 0xD2, 0xC9, 0xB3, 0xD1, 0xC7, 0xB2, 0xCF, 0xC6, 0xB0, 0xCE, 0xC5, 0xAE, 0xCC, 
0xC2, 0xD7, 0xC2, 0xB1, 0xB2, 0xCA, 0xBF, 0xAD, 0xCA, 0xC1, 0xAB, 0xC8, 0xBF, 0xA9, 0xC5, 0xBD, 
0xA7, 0xC4, 0xB9, 0xA6, 0xC2, 0xB8, 0xA5, 0xC1, 0xB7, 0xA3, 0xBE, 0xB6, 0xA1, 0xBD, 0xAF, 0xCA, 
0xB7, 0xA4, 0xA0, 0xBB, 0xB3, 0x9E, 0xB9, 0xB1, 0xF0, 0x96, 0x77, 0xD6, 0xA6, 0x89, 0x9C, 0xB7, 
0xAC, 0x9A, 0xB4, 0xA9, 0x98, 0xB1, 0xA8, 0x96, 0xAD, 0xA6, 0x93, 0xB0, 0x97, 0x94, 0xAD, 0xA6, 
0x94, 0xAD, 0xA5, 0x8F, 0xAD, 0x8C, 0x92, 0xAB, 0xA4, 0x8F, 0xA8, 0x9A, 0x8D, 0xA5, 0x9C, 0x8B, 
0xA2, 0x9A, 0x87, 0xA0, 0x90, 0x86, 0x9E, 0x92, 0x85, 0x9B, 0x94, 0x81, 0x98, 0x8B, 0x80, 0x95, 
0x8F, 0x7E, 0x93, 0x87, 0x7D, 0x91, 0x8A, 0x79, 0x90, 0x7C, 0x77, 0x8C, 0x80, 0x75, 0x89, 0x82, 
0x70, 0x87, 0x70, 0xFC, 0x74, 0x4B, 0xFA, 0x61, 0x2A, 0xFD, 0x53, 0x17, 0xE7, 0x72, 0x45, 0x71, 
0x83, 0x7D, 0x6E, 0x80, 0x7B, 0x6A, 0x7E, 0x6D, 0x68, 0x7A, 0x74, 0x67, 0x76, 0x71, 0x60, 0x79, 
0x52, 0x62, 0x75, 0x64, 0x61, 0x74, 0x63, 0x61, 0x71, 0x6C, 0x5F, 0x6F, 0x6A, 0x5B, 0x6F, 0x44, 
0x5C, 0x6C, 0x67, 0x58, 0x6B, 0x3E, 0x59, 0x68, 0x61, 0x57, 0x64, 0x60, 0x51, 0x6E, 0x2D, 0x50, 
0x69, 0x28, 0x4E, 0x66, 0x24, 0x54, 0x62, 0x5C, 0x49, 0x63, 0x1C, 0x51, 0x5F, 0x5B, 0x4F, 0x5C, 
0x58, 0x4D, 0x5A, 0x57, 0x49, 0x5C, 0x35, 0x44, 0x5C, 0x12, 0x4B, 0x57, 0x54, 0x48, 0x55, 0x51, 
0x46, 0x52, 0x4E, 0x44, 0x50, 0x4D, 0x45, 0x4F, 0x4C, 0x44, 0x4F, 0x4C, 0x4A, 0x4C, 0x4D, 0x42, 
0x4F, 0x4D, 0x43, 0x4E, 0x4A, 0x41, 0x4C, 0x48, 0x3F, 0x50, 0x29, 0xFF, 0x40, 0x03, 0x50, 0x45, 
0x3C, 0x3B, 0x46, 0x43, 0x3A, 0x44, 0x41, 0x39, 0x42, 0x3F, 0x37, 0x41, 0x3E, 0x35, 0x3E, 0x3A, 
0x32, 0x3A, 0x37, 0x30, 0x37, 0x34, 0x2D, 0x35, 0x30, 0x2A, 0x32, 0x30, 0x28, 0x2F, 0x2D, 0x26, 
0x2D, 0x2A, 0x24, 0x2A, 0x28, 0x21, 0x28, 0x25, 0x20, 0x26, 0x23, 0x1F, 0x23, 0x21, 0x1C, 0x23, 
0x1C, 0x1D, 0x21, 0x20, 0x1C, 0x21, 0x20, 0x1C, 0x21, 0x1F, 0x1B, 0x21, 0x1F, 0x1C, 0x20, 0x1E, 
0x1B, 0x20, 0x1F, 0x1B, 0x20, 0x1E, 0x1B, 0x1F, 0x1E, 0x18, 0x1F, 0x1E, 0x1A, 0x1F, 0x1D, 0x19, 
0x1E, 0x1C, 0x19, 0x1D, 0x1B, 0x18, 0x1D, 0x1B, 0x18, 0x1C, 0x1A, 0x17, 0x1B, 0x19, 0x16, 0x1A, 
0x18, 0x15, 0x19, 0x17, 0x14, 0x18, 0x16, 0x12, 0x16, 0x14, 0x0E, 0x11, 0x0F, 0x00, 0x00, 0x00, 
0xC7, 0xC7, 0xC7, 0xC7, 0xC7, 0xC7, 0xC7, 0xC7, 0xC7, 0xC7, 0xC7, 0xC7, 0xC7, 0xC7, 0xC7, 0xC7, 
0xC7, 0xC7, 0xC7, 0xC7, 0xC7, 0xC7, 0xC7, 0xC7, 0xC7, 0xC7, 0xC7, 0xC7, 0xC7, 0xC7, 0xC7, 0xC7, 
0xC7, 0xC7, 0xC7, 0xC7, 0xC7, 0xC7, 0xC7, 0xC7, 0xC7, 0xC7, 0xC7, 0xC7, 0xC7, 0xC7, 0xC7, 0xC7, 
0xC7, 0xC7, 0xC7, 0xC7, 0xC7, 0xC7, 0xC7, 0xC7, 0xC7, 0xC7, 0xC7, 0xC7, 0xC7, 0xC7, 0xC7, 0xC7, 
0xC7, 0xC7, 0xC7, 0xC7, 0xC7, 0xC7, 0xC7, 0xC7, 0xC7, 0xC7, 0xC7, 0xC7, 0xC7, 0xC7, 0xC7, 0xC7, 
0xC7, 0xC7, 0xC7, 0xC7, 0xC7, 0xC7, 0xC7, 0xC7, 0xC7, 0xC7, 0xC7, 0xC7, 0xC7, 0xC7, 0xC7, 0xC7, 
0xC7, 0xC7, 0xC7, 0xC7, 0xC7, 0xC7, 0xC7, 0xC7, 0xC7, 0xC7, 0xC7, 0xC7, 0xC7, 0xC7, 0xC7, 0xC7, 
0xC7, 0xC7, 0xC7, 0xC7, 0xC7, 0xC7, 0xC7, 0xC7, 0xC7, 0xC7, 0xC7, 0xC7, 0xC7, 0xC7, 0xC7, 0xC7, 
0xC7, 0xC7, 0xC7, 0xC7, 0xC7, 0xC7, 0xC7, 0xC7, 0xC7, 0xC7, 0xC7, 0xC7, 0xC7, 0xC7, 0xC7, 0xC7, 
0xC7, 0xC7, 0xC7, 0xC7, 0xC7, 0xC7, 0xC7, 0xC7, 0xC7, 0xC7, 0xC7, 0xC7, 0xC7, 0xC7, 0xC7, 0xC7, 
0xC7, 0xC7, 0xC7, 0xC7, 0xC7, 0xC7, 0xC7, 0xC7, 0xC7, 0xC7, 0xC7, 0xC7, 0xC7, 0xC7, 0xC7, 0xC7, 
0xC7, 0xC7, 0xC7, 0xC7, 0xC7, 0xC7, 0xC7, 0xC7, 0xC7, 0xC7, 0xC7, 0xC7, 0xC7, 0xC7, 0xC7, 0xC7, 
0xC7, 0xC7, 0xC7, 0xC7, 0xC7, 0xC7, 0xC7, 0xC7, 0xC7, 0xC7, 0xC7, 0xC7, 0xC7, 0xC7, 0xC7, 0xC7, 
0xC7, 0xC7, 0xC7, 0xC7, 0xC7, 0xC7, 0xC7, 0xC7, 0xC7, 0xC7, 0xC7, 0xC7, 0xC7, 0xC7, 0xC7, 0xC7, 
0xC7, 0xC7, 0xC7, 0xC7, 0xC7, 0xC7, 0xC7, 0xC7, 0xC7, 0xC7, 0xC7, 0xC7, 0xC7, 0xC7, 0xC7, 0xC7, 
0xC7, 0xC7, 0xC7, 0xC7, 0xC7, 0xC7, 0xC7, 0xC7, 0xC7, 0xC7, 0xC7, 0xC7, 0xC7, 0xC7, 0xC7, 0xC7, 
0xC7, 0xC7, 0xC7, 0xC7, 0xC7, 0xC7, 0xC7, 0xC7, 0xC7, 0xC7, 0xC7, 0xC7, 0xC7, 0xC7, 0xC7, 0xC7, 
0xC7, 0xC7, 0xC7, 0xC7, 0xC7, 0xC7, 0xC7, 0xC7, 0xC7, 0xC7, 0xC7, 0xC7, 0xC7, 0xC7, 0xC7, 0xC7, 
0xC7, 0xC7, 0xC7, 0xC7, 0xC7, 0xC7, 0xC7, 0xC7, 0xC7, 0xC7, 0xC7, 0xC7, 0xC7, 0xC7, 0xC7, 0xC7, 
0xC7, 0xC7, 0xC7, 0xC7, 0xC7, 0xC7, 0xC7, 0xC7, 0xC7, 0xC7, 0xC7, 0xC7, 0xC7, 0xC7, 0xC7, 0xC7, 
0xC7, 0xC7, 0xC7, 0xC7, 0xC7, 0xC7, 0xC7, 0xC7, 0xC7, 0xC7, 0xC7, 0xC7, 0xC7, 0xC7, 0xC7, 0xC7, 
0xC7, 0xC7, 0xC7, 0xC7, 0xC7, 0xC7, 0xC7, 0xC7, 0xC7, 0xC7, 0xC7, 0xC7, 0xC7, 0xC7, 0xC7, 0xC7, 
0xC7, 0xC7, 0xC7, 0xC7, 0xC7, 0xC7, 0xC7, 0xC7, 0xC7, 0xC7, 0xC7, 0xC7, 0xC7, 0xC7, 0xC7, 0xC7, 
0xC7, 0xC7, 0xC7, 0xC7, 0xC7, 0xC7, 0xC7, 0xC7, 0xC7, 0xC7, 0xC7, 0xC7, 0xC7, 0xC7, 0xC7, 0xC7, 
0xC7, 0xC7, 0xC7, 0xC7, 0xC7, 0xC7, 0xC7, 0xC7, 0xC7, 0xC7, 0xC7, 0xC7, 0xC7, 0xC7, 0xC7, 0xC7, 
0xC7, 0xC7, 0xC7, 0xC7, 0xC7, 0xC7, 0xC7, 0xC7, 0xC7, 0xC7, 0xC7, 0xC7, 0xC7, 0xC7, 0xC7, 0xC7, 
0xC7, 0xC7, 0xC7, 0xC7, 0xC7, 0xC7, 0xC7, 0xC7, 0xC7, 0xC7, 0xC7, 0xC7, 0xC7, 0xC7, 0xC7, 0xC7, 
0xC7, 0xC7, 0xC7, 0xC7, 0xC7, 0xC7, 0xC7, 0xC7, 0xC7, 0xC7, 0xC7, 0xC7, 0xC7, 0xC7, 0xC7, 0xC7, 
0xC7, 0xC7, 0xC7, 0xC7, 0xC7, 0xC7, 0xC7, 0xC7, 0xC7, 0xC7, 0xC7, 0xC7, 0xC7, 0xC7, 0xC7, 0xC7, 
0xC7, 0xC7, 0xC7, 0xC7, 0xC7, 0xC7, 0xC7, 0xC7, 0xC7, 0xC7, 0xC7, 0xC7, 0xC7, 0xC7, 0xC7, 0xC7, 
0xC7, 0xC7, 0xC7, 0xC7, 0xC7, 0xC7, 0xC7, 0xC7, 0xC7, 0xC7, 0xC7, 0xC7, 0xC7, 0xC7, 0xC7, 0xC7, 
0xC7, 0xC7, 0xC7, 0xC7, 0xC7, 0xC7, 0xC7, 0xC7, 0xC7, 0xC7, 0xC7, 0xC7, 0xC7, 0xC7, 0xC7, 0xC7, 
0xC7, 0xC7, 0xC7, 0xC7, 0xC7, 0xC7, 0xC7, 0xC7, 0xC7, 0xC7, 0xC7, 0xC7, 0xC7, 0xC7, 0xC7, 0xC7, 
0xC7, 0xC7, 0xC7, 0xC7, 0xC7, 0xC7, 0xC7, 0xC7, 0xC7, 0xC7, 0xC7, 0xC7, 0xC7, 0xC7, 0xC7, 0xC7, 
0xC7, 0xC7, 0xC7, 0xC7, 0xC7, 0xC7, 0xC7, 0xC7, 0xC7, 0xC7, 0xC7, 0xC7, 0xC7, 0xC7, 0xC7, 0xC7, 
0xC7, 0xC7, 0xC7, 0xC7, 0xC7, 0xC7, 0xC7, 0xC7, 0xC7, 0xC7, 0xC7, 0xC7, 0xC7, 0xC7, 0xC7, 0xC7, 
0xC7, 0xC7, 0xC7, 0xC7, 0xC7, 0xC7, 0xC7, 0xC7, 0xC7, 0xC7, 0xC7, 0xC7, 0xC7, 0xC7, 0xC7, 0xC7, 
0xC7, 0xC7, 0xC7, 0xC7, 0xC7, 0xC7, 0xC7, 0xC7, 0xC7, 0xC7, 0xC7, 0xC7, 0xC7, 0xC7, 0xC7, 0xC7, 
0xC7, 0xC7, 0xC7, 0xC7, 0xC7, 0xC7, 0xC7, 0xC7, 0xC7, 0xC7, 0xC7, 0xC7, 0xC7, 0xC7, 0xC7, 0xC7, 
0xC7, 0xC7, 0xC7, 0xC7, 0xC7, 0xC7, 0xC7, 0xC7, 0xC7, 0xC7, 0xC7, 0xC7, 0xC7, 0xC7, 0xC7, 0xC7, 
0xC7, 0xC7, 0xC7, 0xC7, 0xC7, 0xC7, 0xC7, 0xC7, 0xC7, 0xC7, 0xC7, 0xC7, 0xC7, 0xC7, 0xC7, 0xC7, 
0xC7, 0xC7, 0xC7, 0xC7, 0xC7, 0xC7, 0xC7, 0xC7, 0xC7, 0xC7, 0xC7, 0xC7, 0xC7, 0xC7, 0xC7, 0xC7, 
0xC7, 0xC7, 0xC7, 0xC7, 0xC7, 0xC7, 0xC7, 0xC7, 0xC7, 0xC7, 0xC7, 0xC7, 0xC7, 0xC7, 0xC7, 0xC7, 
0xC7, 0xC7, 0xC7, 0xC7, 0xC7, 0xC7, 0xC7, 0xC7, 0xC7, 0xC7, 0xC7, 0xC7, 0xC7, 0xC7, 0xC7, 0xC7, 
0xC7, 0xC7, 0xC7, 0xC7, 0xC7, 0xC7, 0xC7, 0xC7, 0xC7, 0xC7, 0xC7, 0xC7, 0xC7, 0xC7, 0xC7, 0xC7, 
0xC7, 0xC7, 0xC7, 0xC7, 0xC7, 0xC7, 0xC7, 0xC7, 0xC7, 0xC7, 0xC7, 0xC7, 0xC7, 0xC7, 0xC7, 0xC7, 
0xC7, 0xC7, 0xC7, 0xC7, 0xC7, 0xC7, 0xC7, 0xC7, 0xC7, 0xC7, 0xC7, 0xC7, 0xC7, 0xC7, 0xC7, 0xC7, 
0xC7, 0xC7, 0xC7, 0xC7, 0xC7, 0xC7, 0xC7, 0xC7, 0xC7, 0xC7, 0xC7, 0xC7, 0xC7, 0xC7, 0xC7, 0xC7, 
0xC7, 0xC7, 0xC7, 0xC7, 0xC7, 0xC7, 0xC7, 0xC7, 0xC7, 0xC7, 0xC7, 0xC7, 0xC7, 0xC7, 0xC7, 0xC7, 
0xC7, 0xC7, 0xC7, 0xC7, 0xC7, 0xC7, 0xC7, 0xC7, 0xC7, 0xC7, 0xC7, 0xC7, 0xC7, 0xC7, 0xC7, 0xC7, 
0xC7, 0xC7, 0xC7, 0xC7, 0xC7, 0xC7, 0xC7, 0xC7, 0xC7, 0xC7, 0xC7, 0xC7, 0xC7, 0xC7, 0xC7, 0xC7, 
0xC7, 0xC7, 0xC7, 0xC7, 0xC7, 0xC7, 0xC7, 0xC7, 0xC7, 0xC7, 0xC7, 0xC7, 0xC7, 0xC7, 0xC7, 0xC7, 
0xC7, 0xC7, 0xC7, 0xC7, 0xC7, 0xC7, 0xC7, 0xC7, 0xC7, 0xC7, 0xC7, 0xC7, 0xC7, 0xC7, 0xC7, 0xC7, 
0xC7, 0xC7, 0xC7, 0xC7, 0xC7, 0xC7, 0xC7, 0xC7, 0xC7, 0xC7, 0xC7, 0xC7, 0xC7, 0xC7, 0xC7, 0xC7, 
0xC7, 0xC7, 0xC7, 0xC7, 0xC7, 0xC7, 0xC7, 0xC7, 0xC7, 0xC7, 0xC7, 0xC7, 0xC7, 0xC7, 0xC7, 0xC7, 
0xC7, 0xC7, 0xC7, 0xC7, 0xC7, 0xC7, 0xC7, 0xC7, 0xC7, 0xC7, 0xC7, 0xC7, 0xC7, 0xC7, 0xC7, 0xC7, 
0xC7, 0xC7, 0xC7, 0xC7, 0xC7, 0xC7, 0xC7, 0xC7, 0xC7, 0xC7, 0xC7, 0xC7, 0xC7, 0xC7, 0xC7, 0xC7, 
0xC7, 0xC7, 0xC7, 0xC7, 0xC7, 0xC7, 0xC7, 0xC7, 0xC7, 0xC7, 0xC7, 0xC7, 0xC7, 0xC7, 0xC7, 0xC7, 
0xC7, 0xC7, 0xC7, 0xC7, 0xC7, 0xC7, 0xC7, 0xC7, 0xC7, 0xC7, 0xC7, 0xC7, 0xC7, 0xC7, 0xC7, 0xC7, 
0xC7, 0xC7, 0xC7, 0xC7, 0xC7, 0xC7, 0xC7, 0xC7, 0xC7, 0xC7, 0xC7, 0xC7, 0xC7, 0xC7, 0xC7, 0xC7, 
0xC7, 0xC7, 0xC7, 0xC7, 0xC7, 0xC7, 0xC7, 0xC7, 0xC7, 0xC7, 0xC7, 0xC7, 0xC7, 0xC7, 0xC7, 0xC7, 
0xC7, 0xC7, 0xC7, 0xC7, 0xC7, 0xC7, 0xC7, 0xC7, 0xC7, 0xC7, 0xC7, 0xC7, 0xC7, 0xC7, 0xC7, 0xC7, 
0xC7, 0xC7, 0xC7, 0xC7, 0xC7, 0xC7, 0xC7, 0xC7, 0xC7, 0xC7, 0xC7, 0xC7, 0xC7, 0xC7, 0xC7, 0xC7, 
0xC7, 0xC7, 0xC7, 0xC7, 0xC7, 0xC7, 0xC7, 0xC7, 0xC7, 0xC7, 0xC7, 0xC7, 0xC7, 0xC7, 0xC7, 0xC7, 
0xC7, 0xC7, 0xC7, 0xC7, 0xC7, 0xC7, 0xC7, 0xC7, 0xC7, 0xC7, 0xC7, 0xC7, 0xC7, 0xC7, 0xC7, 0xC7, 
0xC7, 0xC7, 0xC7, 0xC7, 0xC7, 0xC7, 0xC7, 0xC7, 0xC7, 0xC7, 0xC7, 0xC7, 0xC7, 0xC7, 0xC7, 0xC7, 
0xC7, 0xC7, 0xC7, 0xC7, 0xC7, 0xC7, 0xC7, 0xC7, 0xC7, 0xC7, 0xC7, 0xC7, 0xC7, 0xC7, 0xC7, 0xC7, 
0xC7, 0xC7, 0xC7, 0xC7, 0xC7, 0xC7, 0xC7, 0xC7, 0xC7, 0xC7, 0xC7, 0xC7, 0xC7, 0xC7, 0xC7, 0xC7, 
0xC7, 0xC7, 0xC7, 0xC7, 0xC7, 0xC7, 0xC7, 0xC7, 0xC7, 0xC7, 0xC7, 0xC7, 0xC7, 0xC7, 0xC7, 0xC7, 
0xC7, 0xC7, 0xC7, 0xC7, 0xC7, 0xC7, 0xC7, 0xC7, 0xC7, 0xC7, 0xC7, 0xC7, 0xC7, 0xC7, 0xC7, 0xC7, 
0xC7, 0xC7, 0xC7, 0xC7, 0xC7, 0xC7, 0xC7, 0xC7, 0xC7, 0xC7, 0xC7, 0xC7, 0xC7, 0xC7, 0xC7, 0xC7, 
0xC7, 0xC7, 0xC7, 0xC7, 0xC7, 0xC7, 0xC7, 0xC7, 0xC7, 0xC7, 0xC7, 0xC7, 0xC7, 0xC7, 0xC7, 0xC7, 
0xC7, 0xC7, 0xC7, 0xC7, 0xC7, 0xC7, 0xC7, 0xC7, 0xC7, 0xC7, 0xC7, 0xC7, 0xC7, 0xC7, 0xC7, 0xC7, 
0xC7, 0xC7, 0xC7, 0xC7, 0xC7, 0xC7, 0xC7, 0xC7, 0xC7, 0xC7, 0xC7, 0xC7, 0xC7, 0xC7, 0xC7, 0xC7, 
0xC7, 0xC7, 0xC7, 0xC7, 0xC7, 0xC7, 0xC7, 0xC7, 0xC7, 0xC7, 0xC7, 0xC7, 0xC7, 0xC7, 0xC7, 0xC7, 
0xC7, 0xC7, 0xC7, 0xC7, 0xC7, 0xC7, 0xC7, 0xC7, 0xC7, 0xC7, 0xC7, 0xC7, 0xC7, 0xC7, 0xC7, 0xC7, 
0xC7, 0xC7, 0xC7, 0xC7, 0xC7, 0xC7, 0xC7, 0xC7, 0xC7, 0xC7, 0xC7, 0xC7, 0xC7, 0xC7, 0xC7, 0xC7, 
0xC7, 0xC7, 0xC7, 0xC7, 0xC7, 0xC7, 0xC7, 0xC7, 0xC7, 0xC7, 0xC7, 0xC7, 0xC7, 0xC7, 0xC7, 0xC7, 
0xC7, 0xC7, 0xC7, 0xC7, 0xC7, 0xC7, 0xC7, 0xC7, 0xC7, 0xC7, 0xC7, 0xC7, 0xC7, 0xC7, 0xC7, 0xC7, 
0xC7, 0xC7, 0xC7, 0xC7, 0xC7, 0xC7, 0xC7, 0xC7, 0xC7, 0xC7, 0xC7, 0xC7, 0xC7, 0xC7, 0xC7, 0xC7, 
0xC7, 0xC7, 0xC7, 0xC7, 0xC7, 0xC7, 0xC7, 0xC7, 0xC7, 0xC7, 0xC7, 0xC7, 0xC7, 0xC7, 0xC7, 0xC7, 
0xC7, 0xC7, 0xC7, 0xC7, 0xC7, 0xC7, 0xC7, 0xC7, 0xC7, 0xC7, 0xC7, 0xC7, 0xC7, 0xC7, 0xC7, 0xC7, 
0xC7, 0xC7, 0xC7, 0xC7, 0xC7, 0xC7, 0xC7, 0xC7, 0xC7, 0xC7, 0xC7, 0xC7, 0xC7, 0xC7, 0xC7, 0xC7, 
0xC7, 0xC7, 0xC7, 0xC7, 0xC7, 0xC7, 0xC7, 0xC7, 0xC7, 0xC7, 0xC7, 0xC7, 0xC7, 0xC7, 0xC7, 0xC7, 
0xC7, 0xC7, 0xC7, 0xC7, 0xC7, 0xC7, 0xC7, 0xC7, 0xC7, 0xC7, 0xC7, 0xC7, 0xC7, 0xC7, 0xC7, 0xC7, 
0xC7, 0xC7, 0xC7, 0xC7, 0xC7, 0xC7, 0xC7, 0xC7, 0xC7, 0xC7, 0xC7, 0xC7, 0xC7, 0xC7, 0xC7, 0xC7, 
0xC7, 0xC7, 0xC7, 0xC7, 0xC7, 0xC7, 0xC7, 0xC7, 0xC7, 0xC7, 0xC7, 0xC7, 0xC7, 0xC7, 0xC7, 0xC7, 
0xC7, 0xC7, 0xC7, 0xC7, 0xC7, 0xC7, 0xC7, 0xC7, 0xC7, 0xC7, 0xC7, 0xC7, 0xC7, 0xC7, 0xC7, 0xC7, 
0xC7, 0xC7, 0xC7, 0xC7, 0xC7, 0xC7, 0xC7, 0xC7, 0xC7, 0xC7, 0xC7, 0xC7, 0xC7, 0xC7, 0xC7, 0xC7, 
0xC7, 0xC7, 0xC7, 0xC7, 0xC7, 0xC7, 0xC7, 0xC7, 0xC7, 0xC7, 0xC7, 0xC7, 0xC7, 0xC7, 0xC7, 0xC7, 
0xC7, 0xC7, 0xC7, 0xC7, 0xC7, 0xC7, 0xC7, 0xC7, 0xC7, 0xC7, 0xC7, 0xC7, 0xC7, 0xC7, 0xC7, 0xC7, 
0xC7, 0xC7, 0xC7, 0xC7, 0xC7, 0xC7, 0xC7, 0xC7, 0xC7, 0xC7, 0xC7, 0xC7, 0xC7, 0xC7, 0xC7, 0xC7, 
0x9B, 0x9E, 0x98, 0x8B, 0x8B, 0x8B, 0x8B, 0x8B, 0x8B, 0x8B, 0x97, 0x9E, 0x9B, 0x9B, 0x9B, 0x9B, 
0x9B, 0x9B, 0x9B, 0x9B, 0x9B, 0x9B, 0x9B, 0x9B, 0x9B, 0x9B, 0x9B, 0x9B, 0x9B, 0x9B, 0x9B, 0x9B, 
0x9B, 0x9B, 0x9B, 0x9B, 0x9B, 0x9B, 0x9B, 0x9B, 0x9B, 0x9B, 0x9B, 0x9B, 0x9B, 0x9B, 0x9B, 0x9B, 
0x9B, 0x9B, 0x9B, 0x9B, 0x9B, 0x9B, 0x9B, 0x9B, 0x9B, 0x9B, 0x9B, 0x9B, 0x9B, 0x9B, 0x9B, 0x9B, 
0x9B, 0x9B, 0x9B, 0x9B, 0x9B, 0x9B, 0x9B, 0x9B, 0x9B, 0x9B, 0x9B, 0x9B, 0x9A, 0x9A, 0x99, 0x9A, 
0x9B, 0x9B, 0x9B, 0x9B, 0x9B, 0x9B, 0x9B, 0x9B, 0x9B, 0x9B, 0x9B, 0x9B, 0x9B, 0x9B, 0x9B, 0x9B, 
0x9B, 0x9B, 0x9B, 0x9B, 0x9B, 0x9B, 0x9B, 0x9B, 0x9B, 0x9B, 0x9B, 0x9B, 0x9B, 0x9B, 0x9B, 0x9B, 
0x9B, 0x9B, 0x9B, 0x9B, 0x9B, 0x9B, 0x9A, 0x9B, 0x9B, 0x9B, 0x9B, 0x9B, 0x9B, 0x9B, 0x9B, 0x9B, 
0x9B, 0x9B, 0x9B, 0x9B, 0x9B, 0x9B, 0x9B, 0x9B, 0x9B, 0x9B, 0x9B, 0x9B, 0x9B, 0x9B, 0x9B, 0x9B, 
0x9B, 0x9B, 0x9B, 0x9B, 0x9B, 0x9B, 0x9B, 0x9B, 0x9B, 0x9B, 0x9B, 0x9B, 0x9B, 0x9B, 0x9B, 0x9B, 
0x9B, 0x9B, 0x9B, 0x99, 0xA3, 0xB2, 0xB2, 0xB2, 0xC2, 0xC3, 0xB2, 0xB2, 0xC2, 0xB2, 0xC3, 0xC3, 
0xC3, 0xC3, 0xB2, 0xB2, 0xB2, 0xB2, 0xC3, 0xC5, 0x0E, 0x12, 0x06, 0x00, 0x00, 0x00, 0x00, 0x00, 
0x00, 0x00, 0x06, 0x13, 0x0E, 0x0E, 0x0E, 0x0E, 0x0E, 0x0E, 0x0E, 0x0E, 0x0E, 0x0E, 0x0E, 0x0E, 
0x0E, 0x0E, 0x0E, 0x0E, 0x0E, 0x0E, 0x0E, 0x0E, 0x0E, 0x0E, 0x0E, 0x0E, 0x0E, 0x0E, 0x0E, 0x0E, 
0x0E, 0x0B, 0x0A, 0x0A, 0x0B, 0x0E, 0x0E, 0x0B, 0x0A, 0x0C, 0x0E, 0x0E, 0x0E, 0x0E, 0x0E, 0x0E, 
0x0E, 0x0E, 0x0E, 0x0E, 0x0E, 0x0E, 0x0E, 0x0E, 0x0E, 0x0E, 0x0E, 0x0E, 0x0E, 0x0E, 0x0E, 0x0E, 
0x0E, 0x0E, 0x0E, 0x0E, 0x0E, 0x0E, 0x0C, 0x0E, 0x0E, 0x0E, 0x0E, 0x0E, 0x0E, 0x0E, 0x0E, 0x0E, 
0x0E, 0x0E, 0x0E, 0x0E, 0x0E, 0x0E, 0x0E, 0x0E, 0x0E, 0x0E, 0x0E, 0x0E, 0x0E, 0x0E, 0x0E, 0x0E, 
0x0E, 0x0E, 0x0E, 0x0E, 0x0E, 0x0E, 0x0E, 0x0E, 0x0E, 0x0E, 0x0E, 0x0E, 0x0E, 0x0E, 0x0E, 0x0E, 
0x0E, 0x0E, 0x0E, 0x0E, 0x0E, 0x0E, 0x0E, 0x0E, 0x0E, 0x0E, 0x0E, 0x0E, 0x0E, 0x0E, 0x0E, 0x0E, 
0x0E, 0x0E, 0x0E, 0x0E, 0x0E, 0x0E, 0x0E, 0x0E, 0x0E, 0x0E, 0x0E, 0x0E, 0x0E, 0x0E, 0x0E, 0x0E, 
0x0E, 0x0E, 0x0E, 0x0E, 0x0E, 0x0E, 0x0E, 0x0E, 0x0E, 0x0E, 0x0E, 0x0A, 0x5C, 0x89, 0x8C, 0x8C, 
0x8C, 0x90, 0x90, 0x8E, 0x90, 0x90, 0x95, 0x90, 0x8D, 0x8E, 0x90, 0x8E, 0x90, 0x90, 0x95, 0x82, 
0x48, 0x0B, 0x03, 0x02, 0x60, 0x60, 0x60, 0x60, 0x61, 0x02, 0x03, 0x11, 0x45, 0x3F, 0x3F, 0x3F, 
0x3F, 0x3F, 0x3F, 0x3F, 0x3F, 0x3F, 0x3F, 0x3F, 0x3F, 0x3F, 0x3F, 0x3F, 0x3F, 0x3F, 0x3F, 0x3F, 
0x3F, 0x3F, 0x3F, 0x3F, 0x3F, 0x3F, 0x3F, 0x3F, 0x33, 0x57, 0x80, 0x80, 0x57, 0x23, 0x33, 0x58, 
0x5F, 0x33, 0x39, 0x3F, 0x3F, 0x3F, 0x3F, 0x3F, 0x3F, 0x3F, 0x3F, 0x3F, 0x3F, 0x3F, 0x3F, 0x3F, 
0x3F, 0x3F, 0x3F, 0x3F, 0x3F, 0x3F, 0x3F, 0x3F, 0x3F, 0x3F, 0x3F, 0x3F, 0x3F, 0x3F, 0x3F, 0x3F, 
0x3F, 0x3F, 0x3F, 0x3F, 0x3F, 0x3F, 0x3F, 0x3F, 0x3F, 0x3F, 0x3F, 0x3F, 0x3F, 0x3F, 0x3F, 0x3F, 
0x3F, 0x3F, 0x3F, 0x3F, 0x3F, 0x3F, 0x3F, 0x3F, 0x3F, 0x3F, 0x3F, 0x3F, 0x3F, 0x3F, 0x3F, 0x3F, 
0x3F, 0x3F, 0x3F, 0x3F, 0x3F, 0x3F, 0x3F, 0x3F, 0x3F, 0x3F, 0x3F, 0x3F, 0x3F, 0x3F, 0x3F, 0x3F, 
0x3F, 0x3F, 0x3F, 0x3F, 0x3F, 0x3F, 0x3F, 0x3F, 0x3F, 0x3F, 0x3F, 0x3F, 0x3F, 0x3F, 0x3F, 0x3F, 
0x3F, 0x3F, 0x3F, 0x3F, 0x3F, 0x3F, 0x3F, 0x3F, 0x3F, 0x3F, 0x3F, 0x3F, 0x3F, 0x3F, 0x3F, 0x3F, 
0x3F, 0x3F, 0x3F, 0x2B, 0x66, 0x8C, 0x87, 0x87, 0x8C, 0x8D, 0x8E, 0x95, 0x95, 0x95, 0x95, 0x8E, 
0x8D, 0x8D, 0x90, 0x95, 0x95, 0x95, 0x8D, 0x54, 0x48, 0x06, 0x00, 0x53, 0x60, 0x60, 0x61, 0x60, 
0x79, 0x53, 0x00, 0x06, 0x41, 0x3F, 0x3F, 0x3F, 0x3F, 0x3F, 0x3F, 0x3F, 0x3F, 0x3F, 0x3F, 0x3F, 
0x3F, 0x3F, 0x3F, 0x3F, 0x3F, 0x3F, 0x3F, 0x3F, 0x3F, 0x3F, 0x3F, 0x3F, 0x3F, 0x3F, 0x3F, 0x39, 
0x3F, 0x88, 0x7D, 0x77, 0x96, 0x5B, 0x4D, 0xA4, 0xAC, 0x74, 0x2C, 0x39, 0x3F, 0x3F, 0x3F, 0x3F, 
0x3F, 0x3F, 0x3F, 0x3F, 0x3F, 0x3F, 0x3F, 0x3F, 0x3F, 0x3F, 0x3F, 0x3F, 0x3F, 0x3F, 0x3F, 0x3F, 
0x3F, 0x3F, 0x3F, 0x3F, 0x3F, 0x3F, 0x3F, 0x3F, 0x3F, 0x3F, 0x3F, 0x3F, 0x3F, 0x3F, 0x3F, 0x3F, 
0x3F, 0x3F, 0x3F, 0x3F, 0x3F, 0x3F, 0x3F, 0x3F, 0x3F, 0x3F, 0x3F, 0x3F, 0x3F, 0x3F, 0x3F, 0x3F, 
0x3F, 0x3F, 0x3F, 0x3F, 0x3F, 0x3F, 0x3F, 0x3F, 0x3F, 0x3F, 0x3F, 0x3F, 0x3F, 0x3F, 0x3F, 0x3F, 
0x3F, 0x3F, 0x3F, 0x3F, 0x3F, 0x3F, 0x3F, 0x3F, 0x3F, 0x3F, 0x3F, 0x3F, 0x3F, 0x3F, 0x3F, 0x3F, 
0x3F, 0x3F, 0x3F, 0x3F, 0x3F, 0x3F, 0x3F, 0x3F, 0x3F, 0x3F, 0x3F, 0x3F, 0x3F, 0x3F, 0x3F, 0x3F, 
0x3F, 0x3F, 0x3F, 0x3F, 0x3F, 0x3F, 0x3F, 0x3F, 0x3F, 0x3B, 0x32, 0x2C, 0x5C, 0x89, 0x89, 0x89, 
0x8D, 0x8C, 0x90, 0x95, 0x95, 0x95, 0x90, 0x8E, 0x8E, 0x8C, 0x95, 0x95, 0x95, 0x95, 0x78, 0x2B, 
0x0A, 0x03, 0x07, 0x79, 0x05, 0x00, 0x04, 0x00, 0x07, 0x60, 0x05, 0x03, 0x0A, 0x49, 0x3F, 0x3F, 
0x3F, 0x3F, 0x3F, 0x3F, 0x3F, 0x3F, 0x3F, 0x3F, 0x3F, 0x3F, 0x3F, 0x3F, 0x3F, 0x3F, 0x3F, 0x3F, 
0x3F, 0x3F, 0x3F, 0x3F, 0x3F, 0x3F, 0x3F, 0x35, 0x4C, 0x96, 0x64, 0x0D, 0x65, 0x93, 0x7E, 0x96, 
0x5B, 0x93, 0x72, 0x1A, 0x3F, 0x3F, 0x3F, 0x3F, 0x3F, 0x3F, 0x3F, 0x3F, 0x3F, 0x3F, 0x3F, 0x3F, 
0x3F, 0x3F, 0x3F, 0x3F, 0x3F, 0x3F, 0x3F, 0x3F, 0x3F, 0x3F, 0x3F, 0x3F, 0x3F, 0x3F, 0x3F, 0x3F, 
0x3F, 0x3F, 0x3F, 0x3F, 0x3F, 0x3F, 0x3F, 0x3F, 0x3F, 0x3F, 0x3F, 0x3F, 0x3F, 0x3F, 0x3F, 0x3F, 
0x3F, 0x3F, 0x3F, 0x3F, 0x3F, 0x3F, 0x3F, 0x3F, 0x3F, 0x3F, 0x3F, 0x3F, 0x3F, 0x3F, 0x3F, 0x3F, 
0x3F, 0x3F, 0x3F, 0x3F, 0x3F, 0x3F, 0x3F, 0x3F, 0x3F, 0x3F, 0x3F, 0x3F, 0x3F, 0x3F, 0x3F, 0x3F, 
0x3F, 0x3F, 0x3F, 0x3F, 0x3F, 0x3F, 0x3F, 0x3F, 0x3F, 0x3F, 0x3F, 0x3F, 0x3F, 0x3F, 0x3F, 0x3F, 
0x3F, 0x3F, 0x3F, 0x3F, 0x3F, 0x3F, 0x3F, 0x3F, 0x3F, 0x3F, 0x3F, 0x3F, 0x3F, 0x3F, 0x3F, 0x3F, 
0x3B, 0x4D, 0x58, 0x38, 0x46, 0x75, 0x8E, 0x8C, 0x8D, 0x8D, 0x90, 0x90, 0x90, 0x90, 0x8D, 0x8C, 
0x8D, 0x8E, 0x90, 0x90, 0x95, 0x87, 0x54, 0x32, 0x05, 0x02, 0x60, 0x60, 0x00, 0x09, 0x1C, 0x06, 
0x00, 0x60, 0x53, 0x00, 0x06, 0x41, 0x3F, 0x3F, 0x3F, 0x3F, 0x3F, 0x3F, 0x3F, 0x3F, 0x3F, 0x3F, 
0x3F, 0x3F, 0x3F, 0x3F, 0x3F, 0x3F, 0x3F, 0x3F, 0x3F, 0x3F, 0x3F, 0x3F, 0x3F, 0x3F, 0x3F, 0x3F, 
0x1A, 0x80, 0x7E, 0x15, 0x39, 0x6C, 0xAF, 0x86, 0x0A, 0x5E, 0xA3, 0x5B, 0x28, 0x3F, 0x3F, 0x3F, 
0x3F, 0x3F, 0x3F, 0x3F, 0x3F, 0x3F, 0x39, 0x2C, 0x1A, 0x17, 0x1B, 0x33, 0x3F, 0x3F, 0x3F, 0x3F, 
0x3F, 0x3F, 0x3F, 0x3F, 0x3F, 0x3F, 0x3F, 0x3F, 0x3F, 0x3F, 0x3F, 0x3F, 0x35, 0x33, 0x33, 0x39, 
0x3F, 0x35, 0x33, 0x33, 0x33, 0x33, 0x39, 0x3F, 0x3F, 0x3F, 0x3F, 0x3F, 0x3F, 0x3F, 0x3F, 0x3F, 
0x3F, 0x3F, 0x3F, 0x3F, 0x3F, 0x3F, 0x3F, 0x2E, 0x2C, 0x2C, 0x2E, 0x33, 0x39, 0x3F, 0x3F, 0x3F, 
0x3F, 0x3F, 0x3F, 0x3F, 0x3F, 0x3F, 0x3F, 0x3F, 0x3F, 0x3F, 0x3F, 0x3F, 0x39, 0x33, 0x33, 0x33, 
0x33, 0x39, 0x3F, 0x3F, 0x3F, 0x3F, 0x3F, 0x3F, 0x3F, 0x3F, 0x3F, 0x39, 0x33, 0x33, 0x33, 0x33, 
0x39, 0x3F, 0x3F, 0x3F, 0x3F, 0x3F, 0x3F, 0x3F, 0x32, 0x5A, 0x78, 0x4F, 0x2E, 0x4C, 0x71, 0x82, 
0x8D, 0x90, 0x90, 0x95, 0x95, 0x90, 0x90, 0x90, 0x90, 0x8E, 0x90, 0x95, 0x8D, 0x5C, 0x19, 0x66, 
0x00, 0x07, 0x79, 0x05, 0x05, 0x31, 0x4B, 0x0B, 0x03, 0x07, 0x79, 0x02, 0x03, 0x0B, 0x4B, 0x48, 
0x48, 0x48, 0x48, 0x45, 0x3F, 0x3F, 0x3F, 0x3F, 0x3F, 0x3F, 0x3F, 0x3F, 0x3F, 0x3F, 0x3F, 0x3F, 
0x3F, 0x3F, 0x3F, 0x3F, 0x3F, 0x3F, 0x3F, 0x3F, 0x2C, 0x5E, 0x98, 0x50, 0x5E, 0x52, 0x77, 0xA6, 
0x51, 0x11, 0x7E, 0x8B, 0x2C, 0x3F, 0x3F, 0x3F, 0x3F, 0x3F, 0x3F, 0x3F, 0x3F, 0x23, 0x2C, 0x5B, 
0x77, 0x7E, 0x72, 0x56, 0x33, 0x3F, 0x3F, 0x3F, 0x3F, 0x3F, 0x3F, 0x3F, 0x3F, 0x3F, 0x3F, 0x3F, 
0x3F, 0x3F, 0x3F, 0x3F, 0x4E, 0x55, 0x52, 0x4E, 0x3F, 0x50, 0x52, 0x52, 0x52, 0x52, 0x4B, 0x3F, 
0x3F, 0x3F, 0x3F, 0x3F, 0x3F, 0x39, 0x28, 0x3F, 0x3F, 0x3F, 0x3F, 0x3F, 0x3F, 0x39, 0x45, 0x59, 
0x5E, 0x59, 0x56, 0x55, 0x4E, 0x39, 0x3F, 0x3F, 0x3F, 0x3F, 0x3F, 0x3F, 0x3F, 0x3F, 0x3F, 0x3F, 
0x3F, 0x3F, 0x3F, 0x39, 0x4E, 0x51, 0x51, 0x51, 0x51, 0x4E, 0x39, 0x3F, 0x3F, 0x3F, 0x3F, 0x3F, 
0x3F, 0x3F, 0x39, 0x4D, 0x50, 0x50, 0x50, 0x4F, 0x4E, 0x3F, 0x3F, 0x3F, 0x3F, 0x3F, 0x3F, 0x3F, 
0x3B, 0x4F, 0x82, 0x69, 0x2B, 0x38, 0x2B, 0x22, 0x75, 0x95, 0x95, 0x8C, 0x75, 0x75, 0x8C, 0x8E, 
0x78, 0x5C, 0x75, 0x8C, 0x66, 0x13, 0x5C, 0x82, 0x00, 0x60, 0x53, 0x00, 0x08, 0x49, 0x3F, 0x41, 
0x06, 0x02, 0x60, 0x53, 0x00, 0x05, 0x08, 0x08, 0x08, 0x08, 0x08, 0x0B, 0x45, 0x3F, 0x3F, 0x3F, 
0x45, 0x48, 0x45, 0x3F, 0x3F, 0x3F, 0x3F, 0x3F, 0x3F, 0x3F, 0x3F, 0x3F, 0x3F, 0x3F, 0x3F, 0x3F, 
0x3F, 0x2C, 0x86, 0x72, 0x4D, 0x74, 0x4E, 0x9A, 0x77, 0x11, 0x56, 0x9F, 0x5E, 0x29, 0x3F, 0x3F, 
0x3F, 0x3F, 0x39, 0x1B, 0x35, 0x64, 0x88, 0xAA, 0x9F, 0x81, 0xA4, 0x91, 0x23, 0x3F, 0x3F, 0x3F, 
0x3F, 0x3F, 0x3F, 0x3F, 0x3F, 0x3F, 0x3F, 0x3F, 0x3F, 0x3F, 0x39, 0x4D, 0x93, 0xAD, 0xAB, 0x80, 
0x28, 0x88, 0xAD, 0xAC, 0xAB, 0xAB, 0x68, 0x1B, 0x3F, 0x3F, 0x3F, 0x3F, 0x39, 0x51, 0x62, 0x2F, 
0x3F, 0x3F, 0x3F, 0x3F, 0x39, 0x3F, 0x55, 0x9F, 0xB6, 0xB0, 0xAF, 0xAE, 0x77, 0x32, 0x33, 0x3F, 
0x3F, 0x3F, 0x3F, 0x3F, 0x3F, 0x3F, 0x3F, 0x3F, 0x3F, 0x3F, 0x33, 0x1B, 0x81, 0xA8, 0xA8, 0xA8, 
0xA9, 0x7E, 0x4F, 0x33, 0x3F, 0x3F, 0x3F, 0x3F, 0x3F, 0x33, 0x1B, 0x74, 0xA7, 0xA6, 0xA6, 0xA6, 
0x81, 0x45, 0x39, 0x3F, 0x3F, 0x3F, 0x3F, 0x3F, 0x3F, 0x2B, 0x71, 0x87, 0x66, 0x46, 0x22, 0x32, 
0x4D, 0x66, 0x5C, 0x4F, 0x2B, 0x2B, 0x5C, 0x5C, 0x2B, 0x2B, 0x38, 0x45, 0x19, 0x5C, 0x87, 0x69, 
0x07, 0x60, 0x02, 0x04, 0x1D, 0x45, 0x3F, 0x45, 0x12, 0x03, 0x53, 0x79, 0x05, 0x00, 0x02, 0x07, 
0x07, 0x02, 0x00, 0x08, 0x49, 0x3F, 0x3F, 0x48, 0x17, 0x08, 0x0A, 0x3F, 0x3F, 0x3F, 0x3F, 0x3F, 
0x3F, 0x3F, 0x3F, 0x3F, 0x3F, 0x3F, 0x3F, 0x3F, 0x3F, 0x28, 0x5F, 0x97, 0x4D, 0x6C, 0x70, 0x64, 
0x9F, 0x50, 0x15, 0x88, 0x70, 0x16, 0x3F, 0x3F, 0x3F, 0x23, 0x41, 0x6C, 0x93, 0x9F, 0x80, 0x5F, 
0x4D, 0x10, 0x77, 0xAB, 0x81, 0x45, 0x3B, 0x3F, 0x3F, 0x3F, 0x3F, 0x3F, 0x3F, 0x3F, 0x3F, 0x3F, 
0x3F, 0x3F, 0x2C, 0x5F, 0xB3, 0x80, 0xA3, 0x8F, 0x2C, 0x92, 0xAA, 0x7E, 0x85, 0xB1, 0x6C, 0x16, 
0x3F, 0x3F, 0x3F, 0x3F, 0x1B, 0x74, 0xAD, 0x65, 0x28, 0x3F, 0x3F, 0x3F, 0x28, 0x76, 0x98, 0x74, 
0xB3, 0xC4, 0xC5, 0xA9, 0x77, 0x93, 0x57, 0x33, 0x3F, 0x3F, 0x3F, 0x3F, 0x3F, 0x3F, 0x3F, 0x3F, 
0x3F, 0x2E, 0x5F, 0x8F, 0x74, 0xB3, 0xC4, 0xC5, 0xAF, 0x80, 0x92, 0x50, 0x35, 0x3F, 0x3F, 0x3F, 
0x33, 0x5A, 0x8F, 0x74, 0xB3, 0xC4, 0xC4, 0xBC, 0x74, 0x8B, 0x5F, 0x2C, 0x3F, 0x3F, 0x3F, 0x3F, 
0x3F, 0x33, 0x54, 0x82, 0x8C, 0x82, 0x69, 0x54, 0x2B, 0x22, 0x22, 0x22, 0x4E, 0x40, 0x19, 0x19, 
0x5A, 0x78, 0x78, 0x69, 0x78, 0x8C, 0x75, 0x40, 0x60, 0x53, 0x00, 0x08, 0x48, 0x3F, 0x3F, 0x3F, 
0x48, 0x06, 0x02, 0x79, 0x61, 0x00, 0x07, 0x79, 0x79, 0x53, 0x00, 0x08, 0x49, 0x3F, 0x45, 0x25, 
0x05, 0x00, 0x06, 0x41, 0x3F, 0x3F, 0x3F, 0x3F, 0x3F, 0x3F, 0x3F, 0x3F, 0x3F, 0x3F, 0x3F, 0x3F, 
0x3F, 0x3F, 0x20, 0x88, 0x77, 0x2D, 0x85, 0x57, 0x8A, 0x72, 0x0C, 0x72, 0x7E, 0x20, 0x3F, 0x3F, 
0x20, 0x5E, 0x8F, 0x96, 0x70, 0x50, 0x0C, 0x12, 0x28, 0x2E, 0x6D, 0xAE, 0x9F, 0x4C, 0x39, 0x3F, 
0x3F, 0x3F, 0x3F, 0x3F, 0x3F, 0x3F, 0x3F, 0x3F, 0x3F, 0x3F, 0x15, 0x7D, 0xAD, 0x51, 0x91, 0x91, 
0x2C, 0x93, 0x97, 0x0D, 0x4E, 0xAA, 0x6D, 0x17, 0x3F, 0x3F, 0x3F, 0x3F, 0x39, 0x9E, 0xC6, 0x7E, 
0x12, 0x3F, 0x3F, 0x33, 0x51, 0xA7, 0xC5, 0x81, 0x64, 0x70, 0x72, 0x6C, 0xA3, 0xC5, 0x72, 0x15, 
0x3F, 0x3F, 0x39, 0x35, 0x35, 0x3B, 0x3F, 0x3F, 0x39, 0x44, 0x8F, 0xC6, 0x8B, 0x72, 0x8F, 0x8F, 
0x77, 0x97, 0xC5, 0x70, 0x1B, 0x3F, 0x3F, 0x3F, 0x12, 0x7D, 0xC5, 0x85, 0x74, 0x93, 0x97, 0x77, 
0x80, 0xC5, 0x80, 0x15, 0x3F, 0x3F, 0x3F, 0x3F, 0x3F, 0x3F, 0x32, 0x4F, 0x69, 0x82, 0x95, 0x78, 
0x3D, 0x46, 0x4F, 0x66, 0x89, 0x78, 0x66, 0x75, 0x8D, 0x8D, 0x82, 0x87, 0x87, 0x69, 0x40, 0x38, 
0x60, 0x02, 0x04, 0x11, 0x45, 0x3F, 0x3F, 0x3F, 0x48, 0x0B, 0x03, 0x07, 0x79, 0x05, 0x00, 0x05, 
0x07, 0x02, 0x00, 0x09, 0x49, 0x45, 0x17, 0x05, 0x00, 0x00, 0x08, 0x41, 0x3F, 0x3F, 0x3F, 0x3F, 
0x3F, 0x3F, 0x3F, 0x3F, 0x3F, 0x3F, 0x3F, 0x3F, 0x3F, 0x3F, 0x23, 0x5F, 0xA4, 0x57, 0x6C, 0x81, 
0x77, 0x91, 0x11, 0x65, 0x80, 0x2C, 0x3F, 0x23, 0x6D, 0x9B, 0x72, 0x21, 0x20, 0x56, 0x64, 0x64, 
0x50, 0x74, 0xA3, 0xAB, 0x96, 0x4A, 0x39, 0x3F, 0x3F, 0x3F, 0x3F, 0x3F, 0x3F, 0x3F, 0x3F, 0x3F, 
0x3F, 0x39, 0x3F, 0x98, 0x97, 0x20, 0x91, 0x92, 0x33, 0x93, 0x97, 0x1C, 0x52, 0xAB, 0x6C, 0x1A, 
0x3F, 0x3F, 0x3F, 0x2E, 0x57, 0xAA, 0xC1, 0x74, 0x16, 0x3F, 0x3F, 0x29, 0x59, 0xAA, 0xC5, 0x8B, 
0x12, 0x1A, 0x0D, 0x6D, 0xBF, 0xB6, 0x70, 0x1A, 0x3F, 0x3F, 0x4B, 0x4E, 0x4E, 0x49, 0x3F, 0x3F, 
0x35, 0x4D, 0x9F, 0xC4, 0xA7, 0x20, 0x20, 0x11, 0x62, 0xB7, 0xC0, 0x72, 0x1C, 0x3F, 0x3F, 0x39, 
0x23, 0x88, 0xC5, 0xA6, 0x49, 0x1A, 0x18, 0x4F, 0xA6, 0xC4, 0x86, 0x15, 0x3F, 0x3F, 0x3F, 0x3F, 
0x3F, 0x3F, 0x3F, 0x38, 0x2B, 0x3D, 0x75, 0x8D, 0x82, 0x82, 0x82, 0x87, 0x75, 0x78, 0x89, 0x89, 
0x78, 0x66, 0x37, 0x38, 0x32, 0x2B, 0x39, 0x3F, 0x07, 0x00, 0x08, 0x48, 0x3F, 0x3F, 0x3F, 0x3F, 
0x3F, 0x48, 0x06, 0x00, 0x79, 0x53, 0x00, 0x00, 0x07, 0x05, 0x00, 0x09, 0x4C, 0x1D, 0x05, 0x00, 
0x00, 0x00, 0x08, 0x48, 0x3F, 0x3F, 0x3F, 0x3F, 0x3F, 0x3F, 0x3F, 0x3F, 0x3F, 0x3F, 0x3F, 0x3F, 
0x3F, 0x3F, 0x3F, 0x12, 0x8A, 0x8F, 0x46, 0x98, 0xBD, 0xAF, 0x70, 0x6A, 0x88, 0x39, 0x20, 0x6A, 
0xA3, 0x5E, 0x4F, 0x74, 0x96, 0xAC, 0xAC, 0xAF, 0xA3, 0x9F, 0x77, 0x50, 0x4C, 0x55, 0x3F, 0x33, 
0x3F, 0x3F, 0x3F, 0x3F, 0x3F, 0x3F, 0x3F, 0x3F, 0x3F, 0x21, 0x57, 0xAC, 0x77, 0x0A, 0x91, 0x96, 
0x23, 0x93, 0x97, 0x1C, 0x55, 0xAB, 0x6C, 0x1A, 0x3F, 0x3F, 0x3F, 0x28, 0x63, 0xAE, 0xB3, 0x6D, 
0x1A, 0x3F, 0x3F, 0x23, 0x62, 0xAD, 0xC4, 0x81, 0x12, 0x3F, 0x17, 0x7D, 0xC4, 0xAF, 0x6A, 0x1C, 
0x3F, 0x2C, 0x7D, 0xA4, 0xA4, 0x6A, 0x1A, 0x3F, 0x33, 0x51, 0xA7, 0xC3, 0x98, 0x23, 0x3F, 0x1B, 
0x72, 0xBF, 0xBD, 0x6A, 0x20, 0x3F, 0x3F, 0x39, 0x4B, 0x93, 0xC5, 0xA4, 0x49, 0x39, 0x28, 0x5B, 
0xAD, 0xC1, 0x7E, 0x16, 0x3F, 0x3F, 0x3F, 0x3F, 0x3F, 0x3F, 0x3F, 0x3F, 0x3F, 0x38, 0x47, 0x66, 
0x75, 0x78, 0x69, 0x51, 0x22, 0x46, 0x50, 0x4F, 0x45, 0x32, 0x3E, 0x3F, 0x3F, 0x3F, 0x3F, 0x3F, 
0x00, 0x04, 0x12, 0x45, 0x3F, 0x3F, 0x3F, 0x3F, 0x3F, 0x48, 0x0B, 0x00, 0x53, 0x79, 0x02, 0x01, 
0x61, 0x53, 0x00, 0x08, 0x0B, 0x06, 0x00, 0x00, 0x05, 0x00, 0x08, 0x48, 0x3F, 0x3F, 0x3F, 0x3F, 
0x3F, 0x3F, 0x3F, 0x3F, 0x3F, 0x3F, 0x3F, 0x3F, 0x3F, 0x3F, 0x21, 0x5B, 0xA4, 0xA8, 0x5F, 0x58, 
0x72, 0x81, 0x9F, 0xAD, 0x9F, 0x33, 0x17, 0x8A, 0xA6, 0x8B, 0xA9, 0xA3, 0x7E, 0x5F, 0x59, 0x5A, 
0x77, 0x9F, 0x6A, 0x11, 0x5F, 0xA9, 0x85, 0x4B, 0x20, 0x3F, 0x3F, 0x3F, 0x3F, 0x3F, 0x3F, 0x3F, 
0x39, 0x4B, 0x7D, 0xBD, 0x7E, 0x62, 0xA4, 0xA3, 0x56, 0x92, 0x96, 0x1C, 0x55, 0xAB, 0x6C, 0x1A, 
0x3F, 0x3F, 0x3F, 0x1A, 0x6D, 0xBE, 0xAE, 0x63, 0x28, 0x3F, 0x3F, 0x1B, 0x6A, 0xB3, 0xBF, 0x77, 
0x15, 0x3F, 0x28, 0x81, 0xC4, 0xAD, 0x5F, 0x28, 0x39, 0x45, 0x96, 0xC6, 0xC5, 0x6D, 0x16, 0x3F, 
0x33, 0x55, 0xAC, 0xC2, 0x8A, 0x21, 0x3F, 0x1A, 0x7E, 0xC0, 0xB3, 0x5E, 0x23, 0x3F, 0x3F, 0x33, 
0x50, 0xA3, 0xC4, 0x96, 0x1A, 0x3F, 0x20, 0x63, 0xBC, 0xBC, 0x70, 0x1C, 0x3F, 0x3F, 0x3F, 0x3F, 
0x3F, 0x3F, 0x3F, 0x3F, 0x3F, 0x3F, 0x3E, 0x2B, 0x2B, 0x2B, 0x2B, 0x38, 0x3F, 0x39, 0x38, 0x38, 
0x3E, 0x3F, 0x3F, 0x3F, 0x3F, 0x3F, 0x3F, 0x3F, 0x00, 0x06, 0x43, 0x36, 0x3F, 0x3F, 0x3F, 0x3F, 
0x3F, 0x3F, 0x41, 0x06, 0x02, 0x79, 0x53, 0x00, 0x00, 0x00, 0x00, 0x00, 0x00, 0x00, 0x00, 0x08, 
0x0A, 0x00, 0x08, 0x48, 0x3F, 0x3F, 0x3F, 0x3F, 0x3F, 0x3F, 0x3F, 0x3F, 0x3F, 0x3F, 0x3F, 0x3F, 
0x3F, 0x12, 0x55, 0xA3, 0x81, 0x56, 0x4B, 0x2C, 0x1C, 0x15, 0x4F, 0x72, 0xA6, 0x72, 0x12, 0x70, 
0xA3, 0x8A, 0x6C, 0x4E, 0x15, 0x23, 0x2C, 0x28, 0x1C, 0x3F, 0x39, 0x15, 0x74, 0xC0, 0xBE, 0x97, 
0x5F, 0x2C, 0x3F, 0x3F, 0x3F, 0x3F, 0x3F, 0x3F, 0x1B, 0x65, 0xB1, 0xC1, 0xBE, 0xB9, 0xC1, 0xC3, 
0x85, 0x91, 0x96, 0x1B, 0x55, 0xAB, 0x6C, 0x1A, 0x3F, 0x3F, 0x3F, 0x1A, 0x77, 0xC5, 0xAC, 0x57, 
0x33, 0x3F, 0x3F, 0x16, 0x6D, 0xC1, 0xB3, 0x70, 0x1C, 0x39, 0x3B, 0x8A, 0xC4, 0xAB, 0x57, 0x33, 
0x39, 0x45, 0x7E, 0xA4, 0x9F, 0x5F, 0x23, 0x3F, 0x2C, 0x59, 0xB0, 0xC2, 0x80, 0x20, 0x3F, 0x16, 
0x88, 0xC3, 0xAC, 0x58, 0x2C, 0x3F, 0x3F, 0x2E, 0x56, 0xAB, 0xC2, 0x85, 0x1B, 0x3F, 0x1C, 0x70, 
0xC1, 0xB7, 0x64, 0x23, 0x3F, 0x3F, 0x3F, 0x3F, 0x3F, 0x3F, 0x3F, 0x3F, 0x3F, 0x3F, 0x3F, 0x3F, 
0x3F, 0x3F, 0x3F, 0x3F, 0x3F, 0x3F, 0x3F, 0x3F, 0x3F, 0x3F, 0x3F, 0x3F, 0x3F, 0x3F, 0x3F, 0x3F, 
0x00, 0x60, 0x79, 0x5D, 0x3C, 0x3F, 0x3F, 0x3F, 0x3F, 0x3F, 0x48, 0x11, 0x03, 0x53, 0x79, 0x02, 
0x01, 0x07, 0x00, 0x03, 0x00, 0x00, 0x05, 0x09, 0x06, 0x00, 0x08, 0x48, 0x3F, 0x3F, 0x3F, 0x3F, 
0x3F, 0x3F, 0x3F, 0x3F, 0x3F, 0x3F, 0x3F, 0x39, 0x49, 0x6D, 0x93, 0x8B, 0x20, 0x23, 0x3F, 0x3F, 
0x39, 0x3F, 0x2E, 0x12, 0x59, 0x92, 0x5F, 0x18, 0x2C, 0x23, 0x1C, 0x35, 0x3F, 0x3F, 0x3F, 0x3F, 
0x3F, 0x39, 0x39, 0x35, 0x8B, 0xC1, 0xB5, 0xC2, 0xA8, 0x58, 0x29, 0x3F, 0x3F, 0x3F, 0x3F, 0x3F, 
0x16, 0x6D, 0xAD, 0x77, 0x72, 0x72, 0x72, 0xA5, 0x8A, 0x8F, 0x91, 0x1B, 0x55, 0xA9, 0x6C, 0x1A, 
0x3F, 0x3F, 0x3F, 0x2E, 0x85, 0xC5, 0xA7, 0x4B, 0x39, 0x3F, 0x3F, 0x1A, 0x6C, 0xC1, 0xB0, 0x64, 
0x0D, 0x12, 0x29, 0x96, 0xC4, 0xA8, 0x4D, 0x3B, 0x3F, 0x3F, 0x33, 0x2E, 0x2E, 0x39, 0x3F, 0x3F, 
0x2C, 0x5A, 0xB0, 0xC4, 0x74, 0x0C, 0x21, 0x0E, 0x98, 0xC5, 0xA7, 0x52, 0x33, 0x3F, 0x3F, 0x2C, 
0x58, 0xAF, 0xC3, 0x74, 0x0C, 0x1A, 0x0C, 0x74, 0xC3, 0xB0, 0x59, 0x2C, 0x3F, 0x3F, 0x3F, 0x3F, 
0x3F, 0x3F, 0x3F, 0x3F, 0x3F, 0x3F, 0x3F, 0x3F, 0x3F, 0x3F, 0x3F, 0x3F, 0x3F, 0x3F, 0x3F, 0x3F, 
0x3F, 0x3F, 0x3F, 0x3F, 0x3F, 0x3F, 0x3F, 0x3F, 0x53, 0x7B, 0xA1, 0x79, 0x43, 0x3C, 0x45, 0x45, 
0x3F, 0x3F, 0x3F, 0x41, 0x06, 0x05, 0x79, 0x53, 0x00, 0x05, 0x00, 0x06, 0x06, 0x00, 0x03, 0x00, 
0x00, 0x00, 0x08, 0x48, 0x3F, 0x3F, 0x3F, 0x3F, 0x3F, 0x3F, 0x3F, 0x3F, 0x3F, 0x3F, 0x3F, 0x39, 
0x57, 0xA9, 0xAF, 0x5B, 0x28, 0x3F, 0x3F, 0x28, 0x4B, 0x33, 0x4B, 0x4B, 0x1A, 0x65, 0x81, 0x33, 
0x3D, 0x3F, 0x3F, 0x3F, 0x3F, 0x3F, 0x3F, 0x3F, 0x3F, 0x3F, 0x29, 0x5B, 0xAD, 0xB9, 0xB5, 0xB5, 
0xC1, 0x88, 0x21, 0x39, 0x3F, 0x3F, 0x3F, 0x3F, 0x39, 0x51, 0x65, 0x33, 0x13, 0x15, 0x12, 0x58, 
0x5A, 0x59, 0x5A, 0x39, 0x4B, 0x5F, 0x51, 0x39, 0x3F, 0x3F, 0x3F, 0x28, 0x77, 0xB7, 0x74, 0x2C, 
0x3F, 0x3F, 0x3F, 0x39, 0x4D, 0x8F, 0x81, 0x5F, 0x72, 0x72, 0x6C, 0x80, 0xC2, 0x88, 0x23, 0x3F, 
0x3F, 0x3F, 0x3F, 0x3F, 0x3F, 0x3F, 0x3F, 0x3F, 0x39, 0x4A, 0x8B, 0xA3, 0x5E, 0x65, 0x65, 0x5E, 
0x85, 0xC5, 0x8A, 0x49, 0x39, 0x3F, 0x3F, 0x39, 0x4B, 0x92, 0xA6, 0x63, 0x6D, 0x6C, 0x65, 0x6C, 
0xB1, 0x98, 0x4D, 0x39, 0x3F, 0x3F, 0x3F, 0x3F, 0x3F, 0x3F, 0x3F, 0x3F, 0x3F, 0x3F, 0x3F, 0x3F, 
0x3F, 0x3F, 0x3F, 0x3F, 0x3F, 0x39, 0x3F, 0x3F, 0x3F, 0x3F, 0x3F, 0x3C, 0x30, 0x30, 0x3E, 0x3F, 
0x7A, 0xA1, 0x7B, 0x79, 0x43, 0x48, 0x1C, 0x11, 0x41, 0x3F, 0x3F, 0x48, 0x0B, 0x03, 0x53, 0x79, 
0x02, 0x00, 0x00, 0x08, 0x08, 0x00, 0x05, 0x06, 0x06, 0x00, 0x08, 0x41, 0x23, 0x23, 0x3F, 0x3F, 
0x3F, 0x3F, 0x3F, 0x3F, 0x3F, 0x3F, 0x33, 0x51, 0x98, 0xAD, 0x81, 0x39, 0x39, 0x3F, 0x2F, 0x7E, 
0xAA, 0x9E, 0x93, 0x62, 0x28, 0x47, 0x88, 0x59, 0x28, 0x3F, 0x3F, 0x3F, 0x3F, 0x3F, 0x3F, 0x3F, 
0x3F, 0x3F, 0x21, 0x62, 0xBE, 0xB5, 0xB5, 0xB5, 0xB9, 0xB5, 0x77, 0x21, 0x39, 0x3F, 0x3F, 0x3F, 
0x3F, 0x39, 0x20, 0x2F, 0x33, 0x33, 0x33, 0x28, 0x33, 0x2C, 0x23, 0x39, 0x33, 0x20, 0x39, 0x3F, 
0x3F, 0x3F, 0x3F, 0x39, 0x4E, 0x64, 0x39, 0x3F, 0x3F, 0x3F, 0x3F, 0x3F, 0x2C, 0x3F, 0x63, 0xAA, 
0xC3, 0xC2, 0xBD, 0x77, 0x6C, 0x56, 0x33, 0x3F, 0x3F, 0x3F, 0x3F, 0x3F, 0x3F, 0x3F, 0x3F, 0x3F, 
0x3F, 0x33, 0x4D, 0x59, 0x92, 0xB1, 0xAF, 0xAE, 0x85, 0x74, 0x52, 0x33, 0x3F, 0x3F, 0x3F, 0x3F, 
0x2E, 0x50, 0x6A, 0xA3, 0xBD, 0xB3, 0xB5, 0x88, 0x70, 0x5A, 0x2C, 0x3F, 0x3F, 0x3F, 0x3F, 0x3F, 
0x3F, 0x3F, 0x3F, 0x3F, 0x3F, 0x3F, 0x3F, 0x3F, 0x3F, 0x3F, 0x3F, 0x3F, 0x3F, 0x3F, 0x3F, 0x39, 
0x3F, 0x3D, 0x3E, 0x43, 0x5D, 0x53, 0x3D, 0x30, 0x7A, 0x60, 0x07, 0x07, 0x08, 0x0B, 0x06, 0x06, 
0x39, 0x45, 0x3F, 0x3F, 0x48, 0x06, 0x02, 0x79, 0x53, 0x00, 0x00, 0x08, 0x08, 0x00, 0x0A, 0x4E, 
0x0B, 0x00, 0x08, 0x56, 0x64, 0x6C, 0x33, 0x3F, 0x3F, 0x3F, 0x3F, 0x3F, 0x3F, 0x3F, 0x2C, 0x57, 
0xAB, 0x8A, 0x3F, 0x35, 0x3F, 0x20, 0x6A, 0x9E, 0x93, 0xC3, 0xAF, 0x70, 0x29, 0x1B, 0x80, 0x74, 
0x23, 0x3F, 0x3F, 0x3F, 0x3F, 0x3F, 0x3F, 0x3F, 0x3F, 0x3F, 0x23, 0x5B, 0xB1, 0xB9, 0xB9, 0xB5, 
0xBC, 0xBD, 0xBD, 0x7D, 0x3F, 0x3F, 0x3F, 0x3F, 0x3F, 0x3F, 0x4B, 0x50, 0x4F, 0x4F, 0x4F, 0x4D, 
0x3F, 0x4B, 0x4D, 0x4D, 0x4D, 0x4B, 0x45, 0x3F, 0x3F, 0x3F, 0x3F, 0x33, 0x56, 0x70, 0x4E, 0x39, 
0x3F, 0x3F, 0x3F, 0x39, 0x51, 0x85, 0x7D, 0xAA, 0xAD, 0xAE, 0xAA, 0x6C, 0x56, 0x33, 0x3F, 0x3F, 
0x3F, 0x3F, 0x3F, 0x3F, 0x3F, 0x3F, 0x3F, 0x3F, 0x3F, 0x23, 0x63, 0x74, 0xAA, 0xBC, 0xBC, 0xBD, 
0x80, 0x3F, 0x28, 0x3F, 0x3F, 0x3F, 0x3F, 0x3F, 0x29, 0x5F, 0x70, 0xAB, 0xB0, 0xB0, 0xB3, 0x7E, 
0x2C, 0x20, 0x3F, 0x3F, 0x3F, 0x3F, 0x3F, 0x3F, 0x3F, 0x3F, 0x3F, 0x3F, 0x3F, 0x3F, 0x3F, 0x3F, 
0x3F, 0x3F, 0x3F, 0x3F, 0x3F, 0x3F, 0x3F, 0x3F, 0x3F, 0x3F, 0x2A, 0x61, 0x7B, 0x7B, 0x60, 0x53, 
0x53, 0x00, 0x06, 0x08, 0x05, 0x00, 0x00, 0x03, 0x0B, 0x1D, 0x3F, 0x3F, 0x48, 0x0B, 0x00, 0x53, 
0x79, 0x02, 0x00, 0x08, 0x08, 0x00, 0x06, 0x08, 0x06, 0x00, 0x09, 0x98, 0xB1, 0xA9, 0x52, 0x35, 
0x3F, 0x3F, 0x3F, 0x3F, 0x3F, 0x3F, 0x28, 0x5B, 0xA8, 0x6C, 0x20, 0x3F, 0x29, 0x45, 0x91, 0x5F, 
0x70, 0xC3, 0x81, 0x28, 0x33, 0x39, 0x8A, 0xAB, 0x6D, 0x2E, 0x3F, 0x3F, 0x3F, 0x3F, 0x3F, 0x3F, 
0x3F, 0x3F, 0x28, 0x59, 0xAF, 0xBD, 0xAE, 0xB9, 0x97, 0x6D, 0x8A, 0xB5, 0x6C, 0x1C, 0x3F, 0x3F, 
0x3F, 0x23, 0x64, 0xA4, 0x9F, 0x9F, 0xA3, 0x81, 0x39, 0x7D, 0x9F, 0x9E, 0x9E, 0x96, 0x5E, 0x23, 
0x3F, 0x3F, 0x39, 0x51, 0x9F, 0xC4, 0x6D, 0x15, 0x3F, 0x3F, 0x3F, 0x2E, 0x85, 0xC6, 0x8F, 0x58, 
0x5F, 0x63, 0x58, 0x74, 0xAD, 0x6C, 0x21, 0x3F, 0x3F, 0x35, 0x28, 0x28, 0x39, 0x3F, 0x3F, 0x3F, 
0x29, 0x5F, 0xAB, 0x9F, 0x68, 0x6D, 0x70, 0x6C, 0x7E, 0x9E, 0x57, 0x33, 0x3F, 0x3F, 0x3F, 0x23, 
0x6D, 0xAF, 0x8B, 0x5F, 0x6A, 0x6C, 0x65, 0x62, 0x8F, 0x5B, 0x2E, 0x3F, 0x3F, 0x3F, 0x3F, 0x3F, 
0x3F, 0x3F, 0x3F, 0x3F, 0x3F, 0x3F, 0x3F, 0x3F, 0x3F, 0x3F, 0x3F, 0x3F, 0x3F, 0x3F, 0x3F, 0x3F, 
0x31, 0x3B, 0x35, 0x60, 0x7B, 0xA1, 0xA1, 0x7A, 0x00, 0x08, 0x25, 0x08, 0x09, 0x08, 0x00, 0x00, 
0x03, 0x05, 0x17, 0x45, 0x3F, 0x3E, 0x06, 0x02, 0x79, 0x53, 0x00, 0x08, 0x08, 0x00, 0x00, 0x00, 
0x00, 0x00, 0x62, 0x93, 0x74, 0xA5, 0x6C, 0x21, 0x3F, 0x3F, 0x3F, 0x3F, 0x3F, 0x3F, 0x23, 0x62, 
0xA3, 0x5F, 0x28, 0x33, 0x62, 0x85, 0x88, 0x4F, 0x98, 0xC0, 0x74, 0x15, 0x3F, 0x80, 0xA7, 0xC2, 
0x7E, 0x28, 0x3F, 0x3F, 0x3F, 0x3F, 0x3F, 0x3F, 0x3F, 0x3F, 0x21, 0x6A, 0xBA, 0x86, 0x6A, 0xAE, 
0xAA, 0x4E, 0x5A, 0xB9, 0x7D, 0x12, 0x3F, 0x3F, 0x3F, 0x1C, 0x6D, 0xB1, 0x7E, 0x77, 0xA8, 0x99, 
0x39, 0x91, 0xA5, 0x7D, 0x85, 0xAE, 0x68, 0x1C, 0x3F, 0x3F, 0x23, 0x6A, 0xB1, 0xBF, 0x6D, 0x16, 
0x3F, 0x3F, 0x3F, 0x3F, 0xA3, 0xC4, 0x92, 0x35, 0x21, 0x20, 0x4B, 0xA6, 0xC5, 0x81, 0x23, 0x3F, 
0x39, 0x52, 0x5F, 0x5F, 0x52, 0x39, 0x3F, 0x3F, 0x18, 0x88, 0xC5, 0xA3, 0x4B, 0x12, 0x11, 0x55, 
0xAA, 0xC3, 0x74, 0x1A, 0x3F, 0x3F, 0x3F, 0x13, 0x8F, 0xC5, 0x9E, 0x46, 0x1A, 0x15, 0x4C, 0x9F, 
0xC6, 0x7D, 0x12, 0x3F, 0x3F, 0x3F, 0x3F, 0x3F, 0x3F, 0x3F, 0x3F, 0x3F, 0x3F, 0x3F, 0x3F, 0x3F, 
0x3F, 0x3F, 0x3F, 0x3F, 0x3F, 0x3F, 0x45, 0x41, 0x08, 0x08, 0x3A, 0x53, 0x60, 0x79, 0x7B, 0x7B, 
0x00, 0x17, 0x08, 0x00, 0x03, 0x0B, 0x08, 0x00, 0x00, 0x61, 0x5D, 0x30, 0x3F, 0x48, 0x0B, 0x03, 
0x53, 0x79, 0x02, 0x06, 0x06, 0x00, 0x08, 0x09, 0x06, 0x00, 0x77, 0x77, 0x0A, 0x92, 0x70, 0x1C, 
0x3F, 0x3F, 0x3F, 0x3F, 0x39, 0x35, 0x18, 0x65, 0x8B, 0x21, 0x3F, 0x33, 0x56, 0x88, 0x98, 0x96, 
0xC1, 0xB3, 0x6D, 0x0A, 0x74, 0x86, 0x81, 0xA9, 0x52, 0x33, 0x3F, 0x3F, 0x3F, 0x3F, 0x3F, 0x3F, 
0x3F, 0x3F, 0x1A, 0x7D, 0xB1, 0x52, 0x4B, 0x88, 0x88, 0x56, 0x8A, 0xB0, 0x67, 0x21, 0x3F, 0x3F, 
0x3F, 0x1C, 0x6D, 0xAA, 0x39, 0x0A, 0x92, 0x98, 0x39, 0x91, 0x85, 0x0A, 0x56, 0xA9, 0x65, 0x1C, 
0x3F, 0x3F, 0x1A, 0x72, 0xB7, 0xB0, 0x67, 0x1C, 0x3F, 0x3F, 0x39, 0x4C, 0xA9, 0xC4, 0x86, 0x35, 
0x3B, 0x33, 0x55, 0xAD, 0xC3, 0x7D, 0x20, 0x3F, 0x15, 0x85, 0xAE, 0xAE, 0x74, 0x1B, 0x3F, 0x39, 
0x49, 0x98, 0xC5, 0x97, 0x28, 0x3F, 0x20, 0x64, 0xB1, 0xB9, 0x72, 0x1B, 0x3F, 0x3F, 0x39, 0x35, 
0x98, 0xC5, 0x92, 0x2C, 0x39, 0x23, 0x5F, 0xAE, 0xBF, 0x74, 0x15, 0x3F, 0x3F, 0x3F, 0x3F, 0x3F, 
0x3F, 0x3F, 0x3F, 0x3F, 0x3F, 0x3F, 0x3F, 0x3F, 0x3F, 0x3F, 0x3F, 0x3F, 0x3F, 0x2C, 0x15, 0x17, 
0x03, 0x03, 0x05, 0x03, 0x04, 0x02, 0x53, 0x79, 0x00, 0x11, 0x09, 0x00, 0x00, 0x09, 0x48, 0x06, 
0x00, 0x61, 0x5D, 0x30, 0x3F, 0x3F, 0x41, 0x06, 0x05, 0x79, 0x53, 0x00, 0x03, 0x00, 0x05, 0x3D, 
0x65, 0x42, 0x8B, 0x6C, 0x55, 0x9E, 0x58, 0x2E, 0x33, 0x20, 0x15, 0x1A, 0x47, 0x4D, 0x49, 0x68, 
0xA3, 0x52, 0x33, 0x3F, 0x2F, 0x23, 0x6D, 0xAB, 0xC2, 0xB7, 0x74, 0x68, 0x98, 0x5A, 0x99, 0x85, 
0x15, 0x3F, 0x3F, 0x3F, 0x3F, 0x3F, 0x3F, 0x3F, 0x3F, 0x3F, 0x20, 0x6D, 0xB3, 0x8B, 0x6A, 0x6A, 
0x77, 0xA5, 0xA9, 0x6D, 0x29, 0x3F, 0x3F, 0x3F, 0x3F, 0x1C, 0x70, 0xAA, 0x4C, 0x15, 0x93, 0x97, 
0x39, 0x92, 0x85, 0x15, 0x5B, 0xA9, 0x65, 0x1C, 0x3F, 0x3F, 0x13, 0x77, 0xC2, 0xAD, 0x5F, 0x23, 
0x3F, 0x3F, 0x33, 0x57, 0xAB, 0xC5, 0x7D, 0x1A, 0x3F, 0x28, 0x64, 0xB0, 0xC3, 0x72, 0x1A, 0x3F, 
0x15, 0x97, 0xC6, 0xC6, 0x72, 0x1B, 0x3F, 0x33, 0x51, 0xA4, 0xC5, 0x8A, 0x12, 0x3F, 0x17, 0x6D, 
0xC2, 0xB0, 0x6A, 0x23, 0x3F, 0x3F, 0x33, 0x51, 0xA4, 0xC5, 0x86, 0x12, 0x3F, 0x1A, 0x6A, 0xB3, 
0xB1, 0x6C, 0x20, 0x3F, 0x3F, 0x3F, 0x3F, 0x3F, 0x3F, 0x3F, 0x3F, 0x3F, 0x3F, 0x3F, 0x3F, 0x3F, 
0x3F, 0x3F, 0x3F, 0x3F, 0x48, 0x0A, 0x04, 0x05, 0x00, 0x00, 0x06, 0x09, 0x0B, 0x0A, 0x04, 0x07, 
0x00, 0x0B, 0x3B, 0x08, 0x08, 0x12, 0x48, 0x1C, 0x05, 0x04, 0x1D, 0x45, 0x3F, 0x3F, 0x49, 0x0A, 
0x03, 0x53, 0x60, 0x01, 0x00, 0x00, 0x05, 0x8A, 0x9C, 0x92, 0xA9, 0x5B, 0x80, 0x88, 0x1C, 0x3F, 
0x55, 0x6A, 0x77, 0x85, 0x92, 0x99, 0x99, 0x9F, 0xAF, 0x70, 0x18, 0x3F, 0x3F, 0x3F, 0x15, 0x5E, 
0x9F, 0x9F, 0x8B, 0xA6, 0xA7, 0x74, 0xAA, 0x5E, 0x28, 0x3F, 0x3F, 0x3F, 0x3F, 0x3F, 0x3F, 0x3F, 
0x3F, 0x3F, 0x3F, 0x3F, 0x6D, 0x91, 0x9F, 0xA5, 0x9E, 0x80, 0x57, 0x1A, 0x3F, 0x3F, 0x3F, 0x3F, 
0x3F, 0x1C, 0x70, 0xA9, 0x4C, 0x15, 0x93, 0x97, 0x39, 0x92, 0x85, 0x13, 0x5B, 0xA9, 0x65, 0x20, 
0x3F, 0x3F, 0x12, 0x80, 0xC5, 0xAA, 0x59, 0x2C, 0x3F, 0x3F, 0x28, 0x62, 0xAD, 0xC2, 0x72, 0x15, 
0x3F, 0x1A, 0x70, 0xB5, 0xC0, 0x6C, 0x17, 0x3F, 0x33, 0x6D, 0x7D, 0x7D, 0x57, 0x33, 0x3F, 0x2C, 
0x58, 0xAA, 0xC2, 0x80, 0x15, 0x3F, 0x20, 0x77, 0xC3, 0xAF, 0x5E, 0x2C, 0x3F, 0x3F, 0x2B, 0x58, 
0xA9, 0xC2, 0x7E, 0x15, 0x3F, 0x15, 0x70, 0xC3, 0xAE, 0x5F, 0x2C, 0x3F, 0x3F, 0x3F, 0x3F, 0x3F, 
0x3F, 0x3F, 0x3F, 0x3F, 0x3F, 0x3F, 0x3F, 0x3F, 0x3F, 0x3F, 0x3F, 0x3C, 0x43, 0x61, 0x07, 0x00, 
0x00, 0x08, 0x0B, 0x05, 0x03, 0x11, 0x08, 0x00, 0x00, 0x08, 0x49, 0x48, 0x41, 0x41, 0x3F, 0x48, 
0x0B, 0x03, 0x08, 0x48, 0x3F, 0x3F, 0x3F, 0x41, 0x05, 0x05, 0x79, 0x07, 0x00, 0x00, 0x06, 0x5F, 
0x07, 0x05, 0x43, 0x4A, 0x8B, 0xAA, 0x8A, 0x97, 0xAB, 0xB0, 0xBD, 0xC3, 0xC1, 0xC0, 0xC0, 0xBF, 
0xC0, 0x9F, 0x50, 0x37, 0x3F, 0x39, 0x74, 0x59, 0x39, 0x4B, 0x5B, 0x5E, 0x9E, 0xC0, 0x7E, 0x17, 
0x23, 0x33, 0x3F, 0x3F, 0x3F, 0x3F, 0x3F, 0x3F, 0x3F, 0x3F, 0x3F, 0x3F, 0x20, 0x3F, 0x4F, 0x50, 
0x4C, 0x21, 0x2F, 0x3F, 0x3F, 0x3F, 0x3F, 0x3F, 0x3F, 0x1C, 0x70, 0xA9, 0x4C, 0x15, 0x93, 0x96, 
0x33, 0x93, 0x85, 0x12, 0x5B, 0xA9, 0x65, 0x20, 0x3F, 0x3F, 0x1A, 0x86, 0xC5, 0xA7, 0x50, 0x33, 
0x3F, 0x3F, 0x20, 0x6A, 0xB1, 0xB0, 0x62, 0x15, 0x20, 0x0D, 0x7D, 0xC0, 0xAF, 0x63, 0x1C, 0x3F, 
0x3F, 0x1C, 0x12, 0x12, 0x33, 0x3F, 0x3F, 0x20, 0x5F, 0xB0, 0xC2, 0x70, 0x0D, 0x1C, 0x12, 0x86, 
0xC3, 0xAC, 0x52, 0x33, 0x3F, 0x3F, 0x21, 0x5E, 0xAD, 0xC0, 0x6C, 0x0E, 0x1C, 0x11, 0x77, 0xC5, 
0xAC, 0x55, 0x33, 0x3F, 0x3F, 0x3F, 0x3F, 0x3F, 0x3F, 0x3F, 0x3F, 0x3F, 0x3F, 0x3F, 0x3F, 0x3F, 
0x3F, 0x3F, 0x3F, 0x30, 0x53, 0x7B, 0x60, 0x00, 0x08, 0x3B, 0x06, 0x00, 0x00, 0x0B, 0x11, 0x00, 
0x06, 0x05, 0x3F, 0x3F, 0x3F, 0x3F, 0x3F, 0x3F, 0x49, 0x08, 0x03, 0x11, 0x48, 0x3F, 0x3F, 0x48, 
0x0A, 0x00, 0x61, 0x60, 0x01, 0x00, 0x04, 0x09, 0x0A, 0x00, 0x09, 0x2E, 0x6C, 0xBF, 0xC1, 0xC0, 
0xBC, 0xB9, 0xB7, 0xB5, 0xB5, 0xB5, 0xB5, 0xB5, 0xB5, 0xC0, 0x77, 0x15, 0x20, 0x28, 0x6A, 0x81, 
0x5E, 0x6D, 0xAB, 0x7D, 0x80, 0xA7, 0x50, 0x4B, 0x5B, 0x4F, 0x1A, 0x21, 0x35, 0x3F, 0x3F, 0x3F, 
0x3F, 0x3F, 0x3F, 0x3F, 0x3F, 0x39, 0x35, 0x33, 0x39, 0x3F, 0x3F, 0x3F, 0x3F, 0x3F, 0x3F, 0x3F, 
0x3F, 0x1C, 0x70, 0xA8, 0x4C, 0x15, 0x92, 0x96, 0x33, 0x96, 0x81, 0x12, 0x5B, 0xA9, 0x65, 0x1C, 
0x3F, 0x3F, 0x1A, 0x80, 0xC6, 0x9E, 0x28, 0x3F, 0x3F, 0x3F, 0x20, 0x6A, 0xB5, 0x81, 0x77, 0xA4, 
0xA3, 0x8B, 0x74, 0xBC, 0xAB, 0x5B, 0x28, 0x3F, 0x3F, 0x3F, 0x3F, 0x3F, 0x3F, 0x3F, 0x3F, 0x23, 
0x5B, 0xB0, 0x9F, 0x67, 0x80, 0x80, 0x72, 0x85, 0xC4, 0xA7, 0x4E, 0x35, 0x3F, 0x3F, 0x29, 0x59, 
0xAC, 0x92, 0x6D, 0x80, 0x80, 0x6D, 0x81, 0xC5, 0xA8, 0x4C, 0x39, 0x3F, 0x3F, 0x3F, 0x3F, 0x3F, 
0x3F, 0x3F, 0x3F, 0x3F, 0x3F, 0x3F, 0x3F, 0x3F, 0x3F, 0x3F, 0x3F, 0x3C, 0x42, 0x60, 0x07, 0x06, 
0x35, 0x48, 0x09, 0x05, 0x08, 0x3B, 0x0B, 0x00, 0x09, 0x03, 0x0B, 0x48, 0x3F, 0x3F, 0x3F, 0x3F, 
0x45, 0x11, 0x03, 0x06, 0x39, 0x41, 0x3F, 0x3F, 0x3B, 0x06, 0x05, 0x79, 0x07, 0x00, 0x00, 0x03, 
0x08, 0x00, 0x09, 0x35, 0x59, 0xAA, 0xBD, 0xB5, 0xB5, 0xB5, 0xB5, 0xB5, 0xB5, 0xB5, 0xB5, 0xB5, 
0xB6, 0xBF, 0x7D, 0x1A, 0x70, 0x4B, 0x0C, 0x7E, 0x9F, 0xA8, 0xAB, 0x64, 0x93, 0x70, 0x0C, 0x77, 
0xAE, 0x98, 0x81, 0x6C, 0x4E, 0x1B, 0x39, 0x3F, 0x3F, 0x3F, 0x3F, 0x3F, 0x3F, 0x3F, 0x3F, 0x3F, 
0x3F, 0x3F, 0x3F, 0x3F, 0x3F, 0x3F, 0x3F, 0x3F, 0x3F, 0x1C, 0x72, 0xAB, 0x4C, 0x15, 0x93, 0x97, 
0x33, 0x98, 0x85, 0x12, 0x5E, 0xAC, 0x68, 0x1C, 0x3F, 0x3F, 0x28, 0x62, 0xA5, 0x6A, 0x23, 0x3F, 
0x3F, 0x3F, 0x39, 0x50, 0x72, 0x72, 0xB3, 0xC5, 0xC3, 0xC2, 0x77, 0xA7, 0x9E, 0x4C, 0x35, 0x3F, 
0x3F, 0x3F, 0x3F, 0x3F, 0x3F, 0x3F, 0x3F, 0x39, 0x45, 0x77, 0x6D, 0xA3, 0xC4, 0xC2, 0xB0, 0x77, 
0xB1, 0x91, 0x45, 0x39, 0x3F, 0x3F, 0x3B, 0x44, 0x6D, 0x77, 0xAE, 0xC3, 0xC4, 0xA9, 0x77, 0xC1, 
0x88, 0x38, 0x3F, 0x3F, 0x3F, 0x3F, 0x3F, 0x3F, 0x3F, 0x3F, 0x3F, 0x3F, 0x3F, 0x3F, 0x3F, 0x3F, 
0x3F, 0x3F, 0x3F, 0x3F, 0x48, 0x08, 0x04, 0x2C, 0x45, 0x3F, 0x45, 0x3A, 0x45, 0x4A, 0x08, 0x05, 
0x1C, 0x04, 0x06, 0x41, 0x3F, 0x3F, 0x3F, 0x3F, 0x3F, 0x41, 0x06, 0x00, 0x11, 0x48, 0x3F, 0x3F, 
0x48, 0x0B, 0x00, 0x60, 0x60, 0x01, 0x00, 0x00, 0x00, 0x00, 0x09, 0x3B, 0x50, 0xA3, 0xBF, 0xB5, 
0xB9, 0xB5, 0xB5, 0xB5, 0xB5, 0xB5, 0xB5, 0xB5, 0xBC, 0xAC, 0x58, 0x64, 0xAC, 0x81, 0x3F, 0x6C, 
0xA3, 0x91, 0x9B, 0xA3, 0x93, 0x3E, 0x1A, 0x72, 0xC4, 0x81, 0x6C, 0x96, 0xA3, 0x77, 0x4F, 0x1C, 
0x3F, 0x3F, 0x3F, 0x3F, 0x3F, 0x3F, 0x3F, 0x3F, 0x3F, 0x3F, 0x3F, 0x3F, 0x3F, 0x3F, 0x3F, 0x3F, 
0x3F, 0x2C, 0x62, 0x7D, 0x49, 0x28, 0x70, 0x72, 0x39, 0x74, 0x6D, 0x23, 0x56, 0x80, 0x5A, 0x2C, 
0x3F, 0x3F, 0x3F, 0x3F, 0x51, 0x2C, 0x3F, 0x3F, 0x3F, 0x3F, 0x3F, 0x39, 0x12, 0x77, 0x9F, 0xA5, 
0xA9, 0xAB, 0x8A, 0x6C, 0x5B, 0x2F, 0x3F, 0x3F, 0x3F, 0x3F, 0x3F, 0x3F, 0x3F, 0x3F, 0x3F, 0x3F, 
0x35, 0x1C, 0x80, 0xC1, 0xB1, 0xB1, 0xBC, 0x80, 0x77, 0x5E, 0x2E, 0x3F, 0x3F, 0x3F, 0x3F, 0x39, 
0x2F, 0x85, 0xB1, 0xB1, 0xB1, 0xB1, 0x72, 0x72, 0x51, 0x35, 0x3F, 0x3F, 0x3F, 0x3F, 0x3F, 0x3F, 
0x3F, 0x3F, 0x3F, 0x3F, 0x3F, 0x3F, 0x3F, 0x3F, 0x3F, 0x3F, 0x3F, 0x45, 0x17, 0x03, 0x0A, 0x49, 
0x3F, 0x3F, 0x3F, 0x3F, 0x45, 0x34, 0x05, 0x08, 0x3F, 0x05, 0x05, 0x41, 0x48, 0x48, 0x41, 0x3F, 
0x3F, 0x48, 0x0B, 0x00, 0x08, 0x49, 0x3F, 0x3F, 0x3F, 0x3F, 0x06, 0x07, 0x79, 0x07, 0x03, 0x08, 
0x03, 0x00, 0x09, 0x41, 0x4B, 0x9F, 0xC0, 0xB5, 0xB0, 0xB3, 0xB5, 0xB5, 0xB5, 0xB5, 0xB5, 0xB5, 
0xC2, 0x88, 0x11, 0x77, 0xC5, 0xAA, 0x99, 0x9F, 0xC5, 0xA8, 0x99, 0xA7, 0x5B, 0x28, 0x39, 0x45, 
0x7E, 0xA3, 0x6D, 0x4B, 0x6D, 0x9E, 0xA3, 0x6C, 0x21, 0x2C, 0x3F, 0x3F, 0x3F, 0x3F, 0x3F, 0x3F, 
0x3F, 0x3F, 0x3F, 0x3F, 0x3F, 0x3F, 0x3F, 0x3F, 0x3F, 0x3F, 0x33, 0x1B, 0x3F, 0x3F, 0x23, 0x21, 
0x3F, 0x2C, 0x33, 0x3F, 0x39, 0x28, 0x39, 0x3F, 0x3F, 0x3F, 0x3F, 0x3F, 0x35, 0x3F, 0x3F, 0x3F, 
0x3F, 0x3F, 0x3F, 0x3F, 0x3F, 0x3F, 0x4E, 0x51, 0x52, 0x55, 0x52, 0x28, 0x2E, 0x3F, 0x3F, 0x3F, 
0x3F, 0x3F, 0x3F, 0x3F, 0x3F, 0x3F, 0x3F, 0x3F, 0x3F, 0x3F, 0x52, 0x5F, 0x63, 0x64, 0x5F, 0x56, 
0x27, 0x2E, 0x3F, 0x3F, 0x3F, 0x3F, 0x3F, 0x3F, 0x39, 0x4C, 0x57, 0x5B, 0x5B, 0x5B, 0x4F, 0x1B, 
0x39, 0x3F, 0x3F, 0x3F, 0x3F, 0x3F, 0x3F, 0x3F, 0x3F, 0x3F, 0x3F, 0x3F, 0x3F, 0x3F, 0x3F, 0x3F, 
0x3F, 0x3F, 0x3F, 0x3F, 0x06, 0x06, 0x41, 0x3F, 0x3F, 0x3F, 0x3F, 0x3F, 0x48, 0x09, 0x04, 0x1C, 
0x05, 0x05, 0x11, 0x41, 0x09, 0x09, 0x37, 0x41, 0x3F, 0x45, 0x1D, 0x03, 0x06, 0x48, 0x3F, 0x3F, 
0x3F, 0x48, 0x0A, 0x00, 0x60, 0x60, 0x00, 0x08, 0x09, 0x05, 0x0A, 0x45, 0x49, 0x9E, 0xC1, 0xB1, 
0x80, 0xAE, 0xB9, 0xB5, 0xB5, 0xB5, 0xB5, 0xBC, 0xAD, 0x5E, 0x12, 0x88, 0xB0, 0x65, 0x5F, 0x74, 
0x7D, 0x6A, 0x4F, 0x55, 0x2C, 0x3F, 0x3F, 0x39, 0x2C, 0x62, 0x85, 0x86, 0x62, 0x44, 0x74, 0xA5, 
0x86, 0x56, 0x1A, 0x39, 0x3F, 0x3F, 0x3F, 0x3F, 0x3F, 0x3F, 0x3F, 0x3F, 0x3F, 0x3F, 0x3F, 0x3F, 
0x3F, 0x3F, 0x3F, 0x3F, 0x3F, 0x3F, 0x3F, 0x3F, 0x3F, 0x3F, 0x3F, 0x3F, 0x3F, 0x3F, 0x3F, 0x3F, 
0x3F, 0x3F, 0x3F, 0x3F, 0x3F, 0x3F, 0x3F, 0x3F, 0x3F, 0x3F, 0x3F, 0x3F, 0x3F, 0x39, 0x35, 0x33, 
0x33, 0x2F, 0x33, 0x3F, 0x3F, 0x3F, 0x3F, 0x3F, 0x3F, 0x3F, 0x3F, 0x3F, 0x3F, 0x3F, 0x3F, 0x3F, 
0x3F, 0x3F, 0x33, 0x28, 0x28, 0x28, 0x28, 0x33, 0x3F, 0x3F, 0x3F, 0x3F, 0x3F, 0x3F, 0x3F, 0x3F, 
0x3F, 0x39, 0x2C, 0x2C, 0x2C, 0x2C, 0x39, 0x3F, 0x3F, 0x3F, 0x3F, 0x3F, 0x3F, 0x3F, 0x3F, 0x3F, 
0x3F, 0x3F, 0x3F, 0x3F, 0x3F, 0x3F, 0x3F, 0x3F, 0x3F, 0x3F, 0x45, 0x11, 0x00, 0x0A, 0x48, 0x3F, 
0x3F, 0x3F, 0x3F, 0x3F, 0x33, 0x05, 0x06, 0x48, 0x06, 0x12, 0x48, 0x3F, 0x08, 0x00, 0x06, 0x40, 
0x3F, 0x3F, 0x35, 0x06, 0x06, 0x39, 0x3F, 0x3F, 0x3F, 0x3F, 0x3D, 0x06, 0x05, 0x79, 0x07, 0x03, 
0x11, 0x2C, 0x37, 0x39, 0x4B, 0x9F, 0xC3, 0xAA, 0x70, 0xB1, 0xB5, 0xB5, 0xB5, 0xB5, 0xB5, 0xC0, 
0x7E, 0x33, 0x80, 0xC1, 0x7E, 0x17, 0x23, 0x1B, 0x1B, 0x21, 0x33, 0x2E, 0x3F, 0x3F, 0x3F, 0x3F, 
0x3F, 0x23, 0x1C, 0x62, 0x91, 0x80, 0x2C, 0x52, 0x81, 0x9B, 0x70, 0x35, 0x33, 0x3F, 0x3F, 0x3F, 
0x3F, 0x3F, 0x3F, 0x3F, 0x3F, 0x3F, 0x3F, 0x3F, 0x3F, 0x3F, 0x3F, 0x3F, 0x3F, 0x3F, 0x3F, 0x3F, 
0x3F, 0x3F, 0x3F, 0x3F, 0x3F, 0x3F, 0x3F, 0x3F, 0x3F, 0x3F, 0x3F, 0x3F, 0x3F, 0x3F, 0x3F, 0x3F, 
0x3F, 0x3F, 0x3F, 0x3F, 0x3F, 0x3F, 0x3F, 0x3F, 0x3F, 0x3F, 0x3F, 0x3F, 0x3F, 0x3F, 0x3F, 0x3F, 
0x3F, 0x3F, 0x3F, 0x3F, 0x3F, 0x3F, 0x3F, 0x3F, 0x3F, 0x3F, 0x3F, 0x3F, 0x3F, 0x3F, 0x3F, 0x3F, 
0x3F, 0x3F, 0x3F, 0x3F, 0x3F, 0x3F, 0x3F, 0x3F, 0x3F, 0x3F, 0x3F, 0x3F, 0x3F, 0x3F, 0x3F, 0x3F, 
0x3F, 0x3F, 0x3F, 0x3F, 0x3F, 0x3F, 0x3F, 0x3F, 0x3F, 0x3F, 0x3F, 0x3F, 0x3F, 0x3F, 0x3F, 0x3F, 
0x3F, 0x3F, 0x48, 0x09, 0x03, 0x1C, 0x45, 0x3F, 0x3F, 0x3F, 0x45, 0x48, 0x1C, 0x03, 0x0A, 0x4C, 
0x08, 0x09, 0x3B, 0x3F, 0x48, 0x08, 0x03, 0x11, 0x45, 0x45, 0x25, 0x04, 0x05, 0x2F, 0x41, 0x3F, 
0x3F, 0x3F, 0x49, 0x09, 0x00, 0x60, 0x60, 0x00, 0x06, 0x49, 0x3F, 0x33, 0x50, 0xA3, 0xC0, 0xB0, 
0x9F, 0xBE, 0xC1, 0xBA, 0xB5, 0xB5, 0xBD, 0xA8, 0x70, 0x99, 0xB3, 0x80, 0x47, 0x2C, 0x3F, 0x3F, 
0x3F, 0x3F, 0x3F, 0x3F, 0x3F, 0x3F, 0x3F, 0x3F, 0x3F, 0x3F, 0x3F, 0x1A, 0x52, 0xA4, 0x70, 0x12, 
0x20, 0x5F, 0x81, 0x7E, 0x50, 0x39, 0x3F, 0x3F, 0x3F, 0x3F, 0x3F, 0x3F, 0x3F, 0x3F, 0x3F, 0x3F, 
0x3F, 0x3F, 0x3F, 0x3F, 0x3F, 0x3F, 0x3F, 0x3F, 0x3F, 0x3F, 0x3F, 0x3F, 0x3F, 0x3F, 0x3F, 0x3F, 
0x3F, 0x3F, 0x3F, 0x3F, 0x3F, 0x3F, 0x3F, 0x3F, 0x3F, 0x28, 0x21, 0x39, 0x3F, 0x3F, 0x3F, 0x3F, 
0x3F, 0x3F, 0x3F, 0x3F, 0x3F, 0x3F, 0x3F, 0x33, 0x23, 0x33, 0x33, 0x3F, 0x3F, 0x3F, 0x3F, 0x3F, 
0x3F, 0x3F, 0x3F, 0x3F, 0x3F, 0x39, 0x23, 0x2C, 0x39, 0x3F, 0x3F, 0x3F, 0x3F, 0x3F, 0x3F, 0x3F, 
0x3F, 0x3F, 0x3F, 0x3F, 0x3F, 0x3F, 0x3F, 0x3F, 0x3F, 0x3F, 0x3F, 0x3F, 0x3F, 0x3F, 0x3F, 0x3F, 
0x3F, 0x3F, 0x3F, 0x3F, 0x3F, 0x3F, 0x3F, 0x3F, 0x3F, 0x3F, 0x49, 0x08, 0x06, 0x33, 0x45, 0x3F, 
0x3F, 0x45, 0x11, 0x12, 0x40, 0x06, 0x06, 0x08, 0x00, 0x06, 0x39, 0x44, 0x48, 0x0B, 0x00, 0x0A, 
0x48, 0x45, 0x1C, 0x00, 0x06, 0x3B, 0x3F, 0x3F, 0x3F, 0x3F, 0x3F, 0x39, 0x06, 0x07, 0x79, 0x07, 
0x14, 0x11, 0x2F, 0x21, 0x55, 0xA8, 0xBE, 0xB5, 0xC1, 0xA8, 0x98, 0xAF, 0xBD, 0xB5, 0xC0, 0xB5, 
0xAB, 0x96, 0x65, 0x21, 0x1E, 0x50, 0x45, 0x3B, 0x3F, 0x3F, 0x3F, 0x3F, 0x3F, 0x3F, 0x3F, 0x3F, 
0x3F, 0x3F, 0x3F, 0x3F, 0x12, 0x7E, 0x80, 0x1A, 0x33, 0x23, 0x1B, 0x98, 0x7D, 0x1A, 0x3F, 0x3F, 
0x3F, 0x3F, 0x3F, 0x3F, 0x3F, 0x3F, 0x3F, 0x3F, 0x3F, 0x3F, 0x3F, 0x3F, 0x3F, 0x3F, 0x3F, 0x3F, 
0x3F, 0x3F, 0x3F, 0x3F, 0x3F, 0x3F, 0x3F, 0x3F, 0x3F, 0x3F, 0x3F, 0x3F, 0x3F, 0x3F, 0x3F, 0x3B, 
0x23, 0x5B, 0x62, 0x4B, 0x33, 0x45, 0x3F, 0x3F, 0x3F, 0x3F, 0x3F, 0x3F, 0x3F, 0x3F, 0x2C, 0x52, 
0x5F, 0x51, 0x50, 0x45, 0x3F, 0x3F, 0x3F, 0x3F, 0x3F, 0x3F, 0x3F, 0x3F, 0x39, 0x3F, 0x5F, 0x59, 
0x4E, 0x45, 0x3F, 0x3F, 0x3F, 0x3F, 0x3F, 0x3F, 0x3F, 0x3F, 0x3F, 0x3F, 0x3F, 0x3F, 0x3F, 0x3F, 
0x3F, 0x3F, 0x3F, 0x3F, 0x3F, 0x3F, 0x3F, 0x3F, 0x3F, 0x3F, 0x3F, 0x3F, 0x3F, 0x3F, 0x3F, 0x3F, 
0x3F, 0x3F, 0x49, 0x06, 0x06, 0x3B, 0x3F, 0x3F, 0x45, 0x08, 0x04, 0x09, 0x48, 0x34, 0x08, 0x05, 
0x06, 0x25, 0x41, 0x3F, 0x48, 0x08, 0x03, 0x17, 0x45, 0x49, 0x0A, 0x00, 0x08, 0x49, 0x3F, 0x3F, 
0x3F, 0x3F, 0x3F, 0x48, 0x0B, 0x03, 0x07, 0x07, 0x9C, 0x80, 0x57, 0x49, 0x6A, 0xAE, 0xBD, 0xBA, 
0xC3, 0x81, 0x1B, 0x6C, 0xAE, 0xB5, 0xA7, 0x80, 0x5F, 0x2C, 0x0F, 0x3F, 0x7D, 0xA3, 0x4D, 0x15, 
0x21, 0x3F, 0x3F, 0x3F, 0x3F, 0x3F, 0x3F, 0x3F, 0x3F, 0x3F, 0x3F, 0x3F, 0x15, 0x74, 0x80, 0x11, 
0x4D, 0x20, 0x4D, 0xA3, 0x80, 0x17, 0x3F, 0x3F, 0x3F, 0x3F, 0x3F, 0x3F, 0x3F, 0x3F, 0x3F, 0x3F, 
0x3F, 0x3F, 0x3F, 0x3F, 0x3F, 0x3F, 0x3F, 0x3F, 0x3F, 0x3F, 0x3F, 0x3F, 0x3F, 0x3F, 0x3F, 0x3F, 
0x3F, 0x3F, 0x3F, 0x3F, 0x3F, 0x3F, 0x3F, 0x2C, 0x72, 0xAB, 0xAE, 0xA4, 0x77, 0x1C, 0x3F, 0x3F, 
0x3F, 0x3F, 0x3F, 0x3F, 0x3F, 0x28, 0x62, 0xA6, 0xAC, 0xA7, 0x9B, 0x51, 0x2F, 0x3F, 0x3F, 0x3F, 
0x3F, 0x3F, 0x3F, 0x39, 0x47, 0x81, 0xAE, 0xAB, 0x98, 0x55, 0x2F, 0x3F, 0x3F, 0x3F, 0x3F, 0x3F, 
0x3F, 0x3F, 0x3F, 0x3F, 0x3F, 0x3F, 0x3F, 0x3F, 0x3F, 0x3F, 0x3F, 0x3F, 0x3F, 0x3F, 0x3F, 0x3F, 
0x3F, 0x3F, 0x3F, 0x3F, 0x3F, 0x3F, 0x3F, 0x3F, 0x3F, 0x3F, 0x48, 0x06, 0x06, 0x35, 0x3F, 0x49, 
0x09, 0x03, 0x09, 0x41, 0x41, 0x1D, 0x11, 0x0B, 0x08, 0x49, 0x3F, 0x48, 0x09, 0x00, 0x06, 0x45, 
0x45, 0x21, 0x05, 0x01, 0x11, 0x45, 0x3F, 0x3F, 0x3F, 0x3F, 0x3F, 0x3F, 0x3F, 0x06, 0x00, 0x04, 
0x65, 0xA7, 0xA7, 0x97, 0xAC, 0xC1, 0xB3, 0xAF, 0xB7, 0x92, 0x2C, 0x12, 0x7E, 0xAE, 0x63, 0x1C, 
0x2C, 0x4C, 0x65, 0x93, 0x8B, 0x98, 0x8A, 0x88, 0x70, 0x33, 0x3F, 0x3F, 0x3F, 0x3F, 0x3F, 0x3F, 
0x3F, 0x3F, 0x3F, 0x3F, 0x15, 0x77, 0x8A, 0x70, 0x9E, 0x77, 0x6C, 0xB0, 0x72, 0x1C, 0x3F, 0x3F, 
0x3F, 0x3F, 0x3F, 0x3F, 0x3F, 0x3F, 0x3F, 0x3F, 0x3F, 0x3F, 0x3F, 0x3F, 0x3F, 0x3F, 0x3F, 0x3F, 
0x3F, 0x3F, 0x3F, 0x3F, 0x3F, 0x3F, 0x3F, 0x3F, 0x3F, 0x3F, 0x3F, 0x3F, 0x3F, 0x3F, 0x2C, 0x5F, 
0xAD, 0xC0, 0xBC, 0xC4, 0x92, 0x4C, 0x39, 0x3F, 0x3F, 0x3F, 0x3F, 0x3F, 0x3B, 0x20, 0x88, 0xC5, 
0xBC, 0xC0, 0xC1, 0x81, 0x45, 0x39, 0x3F, 0x3F, 0x3F, 0x3F, 0x3F, 0x20, 0x64, 0xBC, 0xBD, 0xBF, 
0xB3, 0x74, 0x39, 0x39, 0x3F, 0x3F, 0x3F, 0x3F, 0x3F, 0x3F, 0x3F, 0x3F, 0x3F, 0x3F, 0x3D, 0x3D, 
0x3F, 0x3F, 0x3F, 0x3F, 0x3F, 0x3F, 0x3F, 0x3F, 0x3F, 0x3F, 0x3F, 0x3F, 0x3F, 0x3F, 0x3F, 0x3F, 
0x3F, 0x3F, 0x49, 0x06, 0x03, 0x1D, 0x45, 0x49, 0x08, 0x06, 0x48, 0x3F, 0x48, 0x09, 0x00, 0x03, 
0x08, 0x4B, 0x41, 0x09, 0x03, 0x04, 0x12, 0x49, 0x3B, 0x08, 0x00, 0x08, 0x3F, 0x3F, 0x3F, 0x3F, 
0x3F, 0x39, 0x28, 0x33, 0x45, 0x0A, 0x08, 0x1C, 0x2C, 0x4E, 0x63, 0x70, 0x7D, 0x7D, 0x70, 0x63, 
0x72, 0xAB, 0x5E, 0x12, 0x4B, 0x7D, 0x9E, 0x93, 0x92, 0xA3, 0xA3, 0x77, 0x3F, 0x4F, 0x5F, 0x81, 
0xA3, 0x33, 0x3F, 0x3F, 0x3F, 0x3F, 0x3F, 0x3F, 0x3F, 0x3F, 0x3F, 0x3F, 0x1A, 0x70, 0xA8, 0x8B, 
0x6D, 0x81, 0xA3, 0xA9, 0x5A, 0x2C, 0x3F, 0x3F, 0x3F, 0x3F, 0x3F, 0x3F, 0x3F, 0x3F, 0x3F, 0x3F, 
0x3F, 0x3F, 0x3F, 0x3F, 0x3F, 0x3F, 0x3F, 0x3F, 0x3F, 0x3F, 0x3F, 0x3F, 0x3F, 0x3F, 0x3F, 0x3F, 
0x3F, 0x3F, 0x3F, 0x3F, 0x39, 0x23, 0x11, 0x6C, 0xB3, 0xB9, 0xB5, 0xBE, 0xAA, 0x5B, 0x2C, 0x3F, 
0x3F, 0x3F, 0x3F, 0x2E, 0x15, 0x15, 0x8A, 0xC2, 0xB5, 0xB5, 0xC0, 0x7D, 0x28, 0x3F, 0x3F, 0x3F, 
0x3F, 0x2F, 0x16, 0x0E, 0x64, 0xBC, 0xB5, 0xB9, 0xB9, 0x77, 0x39, 0x39, 0x3F, 0x3F, 0x3F, 0x3F, 
0x3F, 0x3F, 0x3F, 0x3F, 0x3F, 0x3F, 0x3F, 0x3F, 0x3F, 0x3F, 0x3F, 0x3F, 0x3F, 0x3F, 0x3F, 0x3F, 
0x3F, 0x3F, 0x3F, 0x3F, 0x3F, 0x3F, 0x3F, 0x3F, 0x3F, 0x3F, 0x48, 0x09, 0x00, 0x17, 0x45, 0x49, 
0x08, 0x04, 0x1C, 0x48, 0x3F, 0x39, 0x0A, 0x05, 0x04, 0x08, 0x05, 0x00, 0x04, 0x11, 0x4C, 0x11, 
0x06, 0x00, 0x06, 0x35, 0x41, 0x3F, 0x3F, 0x3F, 0x20, 0x4B, 0x5B, 0x52, 0x23, 0x3F, 0x48, 0x45, 
0x3F, 0x39, 0x29, 0x20, 0x15, 0x15, 0x1A, 0x21, 0x23, 0x86, 0xA4, 0x5E, 0x12, 0x11, 0x52, 0x65, 
0x6D, 0x62, 0x4F, 0x15, 0x35, 0x39, 0x1A, 0x64, 0xA7, 0x6C, 0x21, 0x3F, 0x3F, 0x3F, 0x3F, 0x3F, 
0x3F, 0x3F, 0x3F, 0x3F, 0x3F, 0x4B, 0x51, 0x6A, 0x91, 0x5B, 0x5F, 0x6C, 0x49, 0x3F, 0x3F, 0x3F, 
0x3F, 0x3F, 0x3F, 0x3F, 0x3F, 0x3F, 0x3F, 0x3F, 0x3F, 0x3F, 0x3F, 0x3F, 0x3F, 0x3F, 0x3F, 0x3F, 
0x3F, 0x3F, 0x3F, 0x3F, 0x3F, 0x3F, 0x3F, 0x3F, 0x3F, 0x3F, 0x3F, 0x35, 0x4E, 0x5F, 0x57, 0x4E, 
0x9E, 0xBE, 0xB9, 0xC5, 0x81, 0x0D, 0x28, 0x3F, 0x3F, 0x3F, 0x33, 0x57, 0x6D, 0x56, 0x62, 0xAE, 
0xBC, 0xC2, 0xA3, 0x50, 0x12, 0x35, 0x3F, 0x3F, 0x39, 0x57, 0x6C, 0x64, 0x4C, 0x96, 0xC0, 0xBC, 
0x88, 0x29, 0x1B, 0x33, 0x3F, 0x3F, 0x3F, 0x3F, 0x3F, 0x3F, 0x3F, 0x3F, 0x3F, 0x3F, 0x3F, 0x3F, 
0x3F, 0x3F, 0x3F, 0x3F, 0x3F, 0x3F, 0x3F, 0x3F, 0x3F, 0x3F, 0x3F, 0x3F, 0x3F, 0x3F, 0x3F, 0x3F, 
0x3F, 0x23, 0x33, 0x3D, 0x00, 0x08, 0x49, 0x45, 0x11, 0x03, 0x08, 0x48, 0x3F, 0x3F, 0x4B, 0x08, 
0x00, 0x02, 0x05, 0x07, 0x42, 0x17, 0x08, 0x03, 0x03, 0x08, 0x3B, 0x45, 0x3F, 0x3F, 0x3F, 0x28, 
0x6A, 0x9F, 0xAD, 0xA9, 0x74, 0x33, 0x3F, 0x3F, 0x3F, 0x3F, 0x3F, 0x3F, 0x3F, 0x3F, 0x3F, 0x3F, 
0x33, 0x4D, 0x88, 0xA7, 0x85, 0x74, 0x70, 0x6C, 0x63, 0x5E, 0x5A, 0x52, 0x3F, 0x17, 0x1A, 0x77, 
0xA8, 0x70, 0x1C, 0x3F, 0x3F, 0x3F, 0x3F, 0x3F, 0x3F, 0x3F, 0x3F, 0x3F, 0x3F, 0x18, 0x5A, 0xA7, 
0xC5, 0x77, 0x0D, 0x23, 0x3F, 0x3F, 0x3F, 0x3F, 0x3F, 0x3F, 0x3F, 0x3F, 0x3F, 0x3F, 0x3F, 0x3F, 
0x3F, 0x3F, 0x3F, 0x3F, 0x3F, 0x3F, 0x3F, 0x3F, 0x3F, 0x3F, 0x3F, 0x3F, 0x3F, 0x3F, 0x3F, 0x3F, 
0x3F, 0x3F, 0x35, 0x50, 0x96, 0xB0, 0xAA, 0x7E, 0x86, 0xC0, 0xAE, 0x80, 0x5A, 0x64, 0x5B, 0x33, 
0x3F, 0x33, 0x55, 0xA5, 0xC5, 0xA8, 0x74, 0xAB, 0xBD, 0x86, 0x56, 0x64, 0x77, 0x51, 0x33, 0x3F, 
0x1A, 0x88, 0xC6, 0xB4, 0x85, 0x80, 0xC2, 0x9E, 0x49, 0x56, 0x63, 0x55, 0x33, 0x3F, 0x3F, 0x3F, 
0x3F, 0x3F, 0x3F, 0x3F, 0x3F, 0x3F, 0x3F, 0x3F, 0x3F, 0x3F, 0x3F, 0x3F, 0x3F, 0x3F, 0x3F, 0x3F, 
0x3F, 0x3F, 0x3F, 0x3F, 0x3F, 0x3F, 0x3F, 0x3F, 0x23, 0x5F, 0x92, 0xA7, 0x6C, 0x04, 0x12, 0x49, 
0x48, 0x08, 0x00, 0x09, 0x3B, 0x4B, 0x39, 0x06, 0x60, 0x79, 0x7A, 0x7B, 0x7A, 0x07, 0x05, 0x53, 
0x14, 0x36, 0x3F, 0x3F, 0x3F, 0x3F, 0x23, 0x6A, 0xB0, 0xA5, 0x74, 0x91, 0xAB, 0x5A, 0x2C, 0x3F, 
0x3F, 0x3F, 0x3F, 0x3F, 0x3F, 0x3F, 0x3F, 0x3F, 0x3F, 0x33, 0x2C, 0x63, 0x77, 0x81, 0x88, 0x8F, 
0x93, 0x97, 0x96, 0x8A, 0x85, 0x7D, 0x6D, 0xA7, 0x85, 0x1A, 0x3F, 0x3F, 0x3F, 0x3F, 0x3F, 0x3F, 
0x3F, 0x3F, 0x3F, 0x3F, 0x2C, 0x5E, 0xA7, 0xC1, 0xC0, 0x96, 0x4B, 0x39, 0x3F, 0x3F, 0x3F, 0x3F, 
0x3F, 0x3F, 0x3F, 0x3F, 0x3F, 0x3F, 0x3F, 0x3F, 0x3F, 0x3F, 0x3F, 0x3F, 0x3F, 0x3F, 0x3F, 0x3F, 
0x3F, 0x3F, 0x3F, 0x3F, 0x3F, 0x3F, 0x3F, 0x3F, 0x3F, 0x3F, 0x3B, 0x4C, 0x70, 0x92, 0xC1, 0xC0, 
0xB9, 0xBD, 0xA8, 0x77, 0x9F, 0xC0, 0xAE, 0x6C, 0x20, 0x39, 0x4B, 0x77, 0xAD, 0xC0, 0xBD, 0xB9, 
0xB1, 0x7E, 0x88, 0xB0, 0xC5, 0x86, 0x2F, 0x3B, 0x28, 0x6A, 0xA3, 0xB3, 0xC0, 0xB9, 0xBD, 0xA6, 
0x8B, 0xAB, 0xC3, 0x9F, 0x51, 0x33, 0x3F, 0x3F, 0x3F, 0x3F, 0x3F, 0x3F, 0x3F, 0x3F, 0x3F, 0x3F, 
0x3F, 0x3F, 0x3F, 0x3F, 0x3F, 0x3F, 0x3F, 0x3F, 0x3F, 0x3F, 0x39, 0x2C, 0x39, 0x3F, 0x3F, 0x28, 
0x6C, 0xAD, 0xA3, 0xA3, 0xAF, 0x14, 0x04, 0x0B, 0x49, 0x41, 0x08, 0x00, 0x06, 0x09, 0x11, 0x06, 
0x7A, 0x7A, 0x7A, 0x7A, 0x7A, 0x79, 0x7A, 0x7B, 0x7C, 0x42, 0x26, 0x36, 0x3F, 0x39, 0x4C, 0x9F, 
0xA6, 0x56, 0x0A, 0x6A, 0xAC, 0x5F, 0x1A, 0x3F, 0x3F, 0x3F, 0x3F, 0x3F, 0x3F, 0x3F, 0x3F, 0x3F, 
0x3F, 0x3F, 0x3F, 0x28, 0x15, 0x23, 0x33, 0x3F, 0x49, 0x4B, 0x4E, 0x50, 0x57, 0x6A, 0x74, 0x7D, 
0x5E, 0x2C, 0x3F, 0x3F, 0x3F, 0x3F, 0x3F, 0x3F, 0x3F, 0x3F, 0x3F, 0x33, 0x49, 0x97, 0xC2, 0xB5, 
0xB9, 0xAF, 0x5E, 0x2C, 0x3F, 0x3F, 0x3F, 0x3F, 0x3F, 0x3F, 0x3F, 0x3F, 0x3F, 0x3F, 0x3F, 0x3F, 
0x3F, 0x3F, 0x3F, 0x3F, 0x3F, 0x3F, 0x3F, 0x3F, 0x3F, 0x3F, 0x3F, 0x3F, 0x3F, 0x3F, 0x3F, 0x3F, 
0x3F, 0x3F, 0x3B, 0x4B, 0x7D, 0x5A, 0x80, 0xBC, 0xB9, 0xB5, 0xB5, 0xBE, 0xC4, 0xAE, 0xAC, 0x93, 
0x3F, 0x20, 0x5E, 0x77, 0x86, 0xC0, 0xB5, 0xB5, 0xB5, 0xB9, 0xC2, 0xBC, 0xAB, 0xA3, 0x51, 0x39, 
0x28, 0x5F, 0x62, 0x96, 0xC0, 0xB5, 0xB5, 0xBC, 0xC1, 0xC1, 0xAE, 0xA4, 0x62, 0x20, 0x3F, 0x3F, 
0x3F, 0x3F, 0x3F, 0x3F, 0x3F, 0x3F, 0x3F, 0x3F, 0x3F, 0x3F, 0x3F, 0x3F, 0x3F, 0x3F, 0x3F, 0x3F, 
0x3F, 0x33, 0x49, 0x5B, 0x48, 0x2C, 0x2E, 0x55, 0xA9, 0x88, 0x45, 0x56, 0xAA, 0x6C, 0x05, 0x03, 
0x08, 0x12, 0x36, 0x09, 0x04, 0x00, 0x03, 0x03, 0x43, 0x42, 0x42, 0x42, 0x42, 0x42, 0x53, 0x60, 
0x7A, 0x7A, 0x60, 0x42, 0x2A, 0x27, 0x5F, 0xB1, 0x6A, 0x0B, 0x4B, 0x96, 0x98, 0x2C, 0x3E, 0x2C, 
0x16, 0x2E, 0x3F, 0x3F, 0x3F, 0x3F, 0x3F, 0x3F, 0x3F, 0x3F, 0x3F, 0x3F, 0x3F, 0x3F, 0x3B, 0x39, 
0x39, 0x39, 0x39, 0x39, 0x33, 0x28, 0x1B, 0x15, 0x2E, 0x3F, 0x3F, 0x3F, 0x3F, 0x3F, 0x3F, 0x3F, 
0x3F, 0x3F, 0x3F, 0x16, 0x74, 0xB9, 0xB9, 0xB5, 0xB5, 0xBD, 0x6A, 0x21, 0x3F, 0x3F, 0x3F, 0x3F, 
0x3F, 0x3F, 0x3F, 0x3F, 0x3F, 0x3F, 0x3F, 0x3F, 0x3F, 0x3F, 0x3F, 0x3F, 0x3F, 0x3F, 0x3F, 0x3F, 
0x3F, 0x3F, 0x3F, 0x3F, 0x3F, 0x3F, 0x3F, 0x3F, 0x3F, 0x3F, 0x20, 0x72, 0xB1, 0xA7, 0xA5, 0xB5, 
0xB5, 0xB5, 0xB9, 0xB1, 0x97, 0xA7, 0x5E, 0x5B, 0x3F, 0x49, 0x96, 0xBE, 0xAB, 0xB9, 0xB5, 0xB5, 
0xB9, 0xC0, 0xA5, 0xB1, 0x72, 0x52, 0x49, 0x2E, 0x50, 0xA5, 0xA6, 0x98, 0xBD, 0xB5, 0xB5, 0xBC, 
0xC0, 0xAC, 0x9B, 0x52, 0x45, 0x3F, 0x3F, 0x3F, 0x3F, 0x3F, 0x3F, 0x3F, 0x3F, 0x3F, 0x3F, 0x3F, 
0x3F, 0x3F, 0x3F, 0x3F, 0x3F, 0x3F, 0x3F, 0x3F, 0x39, 0x3A, 0x85, 0xB1, 0x96, 0x59, 0x11, 0x70, 
0xAE, 0x56, 0x10, 0x59, 0xAB, 0x5F, 0x0E, 0x07, 0x07, 0x05, 0x53, 0x60, 0x60, 0x60, 0x60, 0x60, 
0x30, 0x2A, 0x2A, 0x36, 0x36, 0x36, 0x30, 0x2A, 0x42, 0x60, 0x7B, 0x7A, 0x61, 0x1D, 0x62, 0xB4, 
0x72, 0x5E, 0x91, 0xAE, 0x6A, 0x7E, 0xA5, 0x9F, 0x7E, 0x57, 0x23, 0x3F, 0x3F, 0x3F, 0x3F, 0x3F, 
0x3F, 0x3F, 0x3F, 0x3F, 0x3F, 0x3F, 0x3F, 0x3F, 0x3F, 0x3F, 0x3F, 0x3F, 0x3F, 0x3F, 0x3F, 0x3F, 
0x3F, 0x3F, 0x3F, 0x3F, 0x3F, 0x3F, 0x3F, 0x3F, 0x3F, 0x3F, 0x1A, 0x64, 0xAD, 0xC2, 0xBC, 0xB5, 
0xB5, 0xBC, 0x6D, 0x20, 0x3F, 0x3F, 0x3F, 0x3F, 0x3F, 0x3F, 0x3F, 0x3F, 0x3F, 0x3F, 0x3F, 0x3F, 
0x3F, 0x3F, 0x3F, 0x3F, 0x3F, 0x3F, 0x3F, 0x3F, 0x3F, 0x3F, 0x3F, 0x3F, 0x3F, 0x3F, 0x3F, 0x3F, 
0x3F, 0x33, 0x4F, 0x9B, 0x7D, 0x96, 0xAF, 0xBC, 0xB5, 0xB9, 0xAF, 0x85, 0x55, 0xA4, 0x72, 0x11, 
0x20, 0x6A, 0xA9, 0x70, 0x88, 0xB5, 0xB7, 0xB9, 0xB3, 0x9F, 0x6C, 0x93, 0x8B, 0x11, 0x3F, 0x1A, 
0x7D, 0xAB, 0x88, 0xAA, 0xBE, 0xB5, 0xBE, 0xA8, 0x77, 0x62, 0x97, 0x72, 0x16, 0x3F, 0x3F, 0x3F, 
0x3F, 0x3F, 0x3F, 0x3F, 0x3F, 0x3F, 0x3F, 0x3F, 0x3F, 0x3F, 0x3F, 0x3F, 0x3F, 0x3F, 0x3F, 0x3F, 
0x28, 0x72, 0xB3, 0x97, 0xAC, 0xA4, 0x50, 0x70, 0xB0, 0x64, 0x3F, 0x86, 0x97, 0x42, 0x60, 0x7B, 
0x7A, 0x60, 0x7A, 0xA1, 0xA1, 0xA1, 0xA1, 0xA1, 0x43, 0x53, 0x53, 0x3D, 0x41, 0x3F, 0x3F, 0x3F, 
0x36, 0x30, 0x5D, 0x7C, 0x7B, 0x7C, 0x61, 0x93, 0xBB, 0xB7, 0xAB, 0x6C, 0x7D, 0xAD, 0x85, 0x88, 
0xA8, 0xAA, 0x6D, 0x2C, 0x3F, 0x3F, 0x3F, 0x3F, 0x3F, 0x3F, 0x3F, 0x3F, 0x3F, 0x3F, 0x3F, 0x3F, 
0x3F, 0x3F, 0x3F, 0x3F, 0x3F, 0x3F, 0x3F, 0x3F, 0x3F, 0x3F, 0x3F, 0x3F, 0x3F, 0x3F, 0x3F, 0x3F, 
0x3F, 0x2C, 0x5A, 0xA8, 0xAC, 0x9F, 0xAA, 0xBC, 0xBF, 0xC0, 0x72, 0x1B, 0x3F, 0x3F, 0x3F, 0x3F, 
0x3F, 0x3F, 0x3F, 0x3F, 0x3F, 0x3F, 0x3F, 0x3F, 0x3F, 0x3F, 0x3F, 0x3F, 0x3F, 0x3F, 0x3F, 0x3F, 
0x3F, 0x3F, 0x3F, 0x3F, 0x3F, 0x3F, 0x3F, 0x3F, 0x3F, 0x2E, 0x57, 0xAA, 0x5F, 0x0A, 0x7D, 0xBE, 
0xC0, 0xC0, 0xA6, 0x3E, 0x0B, 0x81, 0x96, 0x41, 0x15, 0x7E, 0x96, 0x11, 0x4C, 0xA3, 0xC4, 0xC1, 
0x81, 0x1A, 0x0A, 0x7D, 0xA6, 0x20, 0x35, 0x50, 0xA8, 0x77, 0x0A, 0x56, 0xA3, 0xC1, 0xBC, 0x7E, 
0x0C, 0x0A, 0x70, 0xA4, 0x50, 0x35, 0x3F, 0x3F, 0x3F, 0x3F, 0x3F, 0x3F, 0x3F, 0x3F, 0x3F, 0x3F, 
0x3F, 0x3F, 0x3F, 0x3F, 0x3F, 0x3F, 0x3F, 0x39, 0x4C, 0xA3, 0x9F, 0x23, 0x63, 0xB0, 0x80, 0x50, 
0xA7, 0xAD, 0xA3, 0xAD, 0x7C, 0x79, 0x7B, 0x79, 0x61, 0x61, 0x61, 0x61, 0x61, 0x61, 0x61, 0x5D, 
0x79, 0x7A, 0x7A, 0x61, 0x30, 0x3F, 0x3F, 0x3F, 0x3F, 0x3F, 0x30, 0x36, 0x5D, 0x7A, 0x7B, 0x7C, 
0x73, 0x70, 0x56, 0x21, 0xA8, 0x74, 0x0B, 0x20, 0x50, 0x86, 0xAD, 0x5E, 0x2C, 0x39, 0x39, 0x3F, 
0x3F, 0x3F, 0x3F, 0x3F, 0x3F, 0x3F, 0x3F, 0x3F, 0x3F, 0x3F, 0x3F, 0x3F, 0x3F, 0x3F, 0x3F, 0x3F, 
0x3F, 0x3F, 0x3F, 0x3F, 0x3F, 0x3F, 0x3F, 0x3F, 0x3F, 0x2B, 0x86, 0xAC, 0x57, 0x4D, 0x96, 0xC0, 
0xA3, 0xAF, 0x8B, 0x21, 0x3F, 0x3F, 0x3F, 0x3F, 0x3F, 0x3F, 0x3F, 0x3F, 0x3F, 0x3F, 0x3F, 0x3F, 
0x3F, 0x3F, 0x3F, 0x3F, 0x3F, 0x3F, 0x3F, 0x3F, 0x3F, 0x3F, 0x3F, 0x3F, 0x3F, 0x3F, 0x3F, 0x3F, 
0x3F, 0x33, 0x50, 0xA7, 0x96, 0x70, 0x93, 0xAF, 0x9F, 0xB0, 0xAA, 0x72, 0x5E, 0x8B, 0x9F, 0x4B, 
0x15, 0x77, 0x9F, 0x5F, 0x81, 0xA8, 0x8A, 0xAC, 0xA3, 0x74, 0x70, 0xA5, 0x8B, 0x1A, 0x33, 0x55, 
0xAA, 0x80, 0x55, 0x65, 0xA3, 0xAB, 0xAD, 0x98, 0x6D, 0x5B, 0x86, 0xAC, 0x59, 0x29, 0x3F, 0x3F, 
0x3F, 0x3F, 0x3F, 0x3F, 0x3F, 0x3F, 0x3F, 0x3F, 0x3F, 0x3F, 0x33, 0x1C, 0x28, 0x3B, 0x3F, 0x35, 
0x50, 0xAB, 0x80, 0x12, 0x39, 0x98, 0xA4, 0x27, 0x5F, 0x8B, 0xA2, 0x7B, 0x7B, 0x79, 0x53, 0x35, 
0x2A, 0x2A, 0x2A, 0x26, 0x2A, 0x2A, 0x2A, 0x2A, 0x7B, 0xA1, 0xA1, 0x79, 0x33, 0x41, 0x48, 0x45, 
0x3F, 0x3F, 0x3F, 0x3E, 0x2A, 0x43, 0x61, 0x7A, 0x7A, 0x60, 0x42, 0x26, 0xA3, 0x8F, 0x52, 0x28, 
0x15, 0x6C, 0xBE, 0x6C, 0x10, 0x4B, 0x3F, 0x28, 0x3F, 0x3F, 0x3F, 0x3F, 0x3F, 0x3F, 0x3F, 0x3F, 
0x3F, 0x3F, 0x3F, 0x3F, 0x3F, 0x3F, 0x3F, 0x3F, 0x3F, 0x3F, 0x3F, 0x3F, 0x3F, 0x3F, 0x3F, 0x3F, 
0x3F, 0x28, 0x77, 0xB3, 0x74, 0x4E, 0x96, 0xAB, 0x64, 0x72, 0xA8, 0x57, 0x2C, 0x3F, 0x3F, 0x3F, 
0x3F, 0x3F, 0x3F, 0x3F, 0x3F, 0x3F, 0x3F, 0x3F, 0x3F, 0x3F, 0x3F, 0x3F, 0x3F, 0x3F, 0x3F, 0x3F, 
0x3F, 0x3F, 0x3F, 0x3F, 0x3F, 0x3F, 0x3F, 0x3F, 0x3F, 0x3F, 0x2C, 0x72, 0xAB, 0xAA, 0x96, 0x65, 
0x4C, 0x63, 0x93, 0xB0, 0xB0, 0xB1, 0x77, 0x2C, 0x2C, 0x57, 0x92, 0x9E, 0x88, 0x5B, 0x12, 0x62, 
0x8F, 0xA9, 0xAA, 0x8F, 0x56, 0x33, 0x3F, 0x23, 0x72, 0xAB, 0xAD, 0xAE, 0x97, 0x5B, 0x5E, 0x8B, 
0xA9, 0xAB, 0xB1, 0x85, 0x34, 0x3B, 0x3F, 0x3F, 0x3F, 0x3F, 0x3F, 0x3F, 0x3F, 0x3F, 0x3F, 0x3F, 
0x3F, 0x33, 0x50, 0x64, 0x5B, 0x2C, 0x28, 0x35, 0x4F, 0xA8, 0x85, 0x0D, 0x33, 0x9E, 0x98, 0x1C, 
0x5D, 0x79, 0x7B, 0x79, 0x5D, 0x43, 0x30, 0x41, 0x3F, 0x3F, 0x3F, 0x3F, 0x3E, 0x3E, 0x3F, 0x3D, 
0xA1, 0x7B, 0x79, 0x61, 0x2E, 0x41, 0x09, 0x17, 0x45, 0x3F, 0x3F, 0x3F, 0x3F, 0x36, 0x26, 0x42, 
0x60, 0x7B, 0x7A, 0x61, 0x65, 0xA4, 0xA6, 0x99, 0x9F, 0xAB, 0x8F, 0x4D, 0x72, 0xA4, 0x99, 0x64, 
0x29, 0x3F, 0x3F, 0x3F, 0x3F, 0x3F, 0x3F, 0x3F, 0x3F, 0x3F, 0x3F, 0x3F, 0x3F, 0x3F, 0x3F, 0x3F, 
0x3F, 0x3F, 0x3F, 0x3F, 0x3F, 0x3F, 0x3F, 0x3F, 0x3F, 0x39, 0x49, 0x81, 0xB1, 0x9E, 0x77, 0x6D, 
0x57, 0x7D, 0xAB, 0x5A, 0x29, 0x3F, 0x3F, 0x3F, 0x3F, 0x3F, 0x3F, 0x3F, 0x3F, 0x3F, 0x3F, 0x3F, 
0x3F, 0x3F, 0x3F, 0x3F, 0x3F, 0x3F, 0x3F, 0x3F, 0x3F, 0x3F, 0x3F, 0x3F, 0x3F, 0x3F, 0x3F, 0x3F, 
0x3F, 0x3F, 0x3F, 0x2E, 0x57, 0x57, 0x28, 0x20, 0x33, 0x20, 0x3B, 0x63, 0x70, 0x65, 0x47, 0x39, 
0x3F, 0x2F, 0x45, 0x50, 0x20, 0x28, 0x3F, 0x23, 0x20, 0x51, 0x57, 0x33, 0x33, 0x3F, 0x3F, 0x3F, 
0x29, 0x5E, 0x70, 0x65, 0x49, 0x21, 0x23, 0x21, 0x58, 0x6A, 0x64, 0x4C, 0x39, 0x3F, 0x3F, 0x3F, 
0x3F, 0x3F, 0x3F, 0x3F, 0x3F, 0x3F, 0x3F, 0x3F, 0x35, 0x51, 0x97, 0xB4, 0xAC, 0x8B, 0x5A, 0x20, 
0x3D, 0x8B, 0xAF, 0x74, 0x7E, 0xAF, 0x73, 0x60, 0x7B, 0x7A, 0x60, 0x43, 0x2A, 0x3C, 0x3F, 0x3F, 
0x3F, 0x3F, 0x3F, 0x2A, 0x30, 0x30, 0x30, 0x3B, 0x60, 0x07, 0x00, 0x00, 0x06, 0x06, 0x00, 0x06, 
0x48, 0x48, 0x3F, 0x3F, 0x3F, 0x3F, 0x3F, 0x36, 0x30, 0x53, 0x60, 0x7B, 0x79, 0x61, 0x6A, 0x77, 
0x7E, 0x6C, 0x28, 0x6D, 0xAC, 0x86, 0x9F, 0xA9, 0x57, 0x2C, 0x3F, 0x3F, 0x3F, 0x3F, 0x3F, 0x3F, 
0x3F, 0x3F, 0x3F, 0x3F, 0x3F, 0x3F, 0x3F, 0x3F, 0x39, 0x20, 0x1A, 0x28, 0x3F, 0x3F, 0x3F, 0x3F, 
0x3F, 0x3F, 0x33, 0x33, 0x6A, 0x91, 0xA8, 0xAB, 0xAB, 0xAC, 0x7D, 0x39, 0x3F, 0x3F, 0x3F, 0x3F, 
0x3F, 0x3F, 0x3F, 0x3F, 0x3F, 0x3F, 0x3F, 0x3F, 0x3F, 0x3F, 0x3F, 0x3F, 0x3F, 0x3F, 0x3F, 0x3F, 
0x3F, 0x3F, 0x3F, 0x3F, 0x3F, 0x3F, 0x3F, 0x3F, 0x3F, 0x3F, 0x3F, 0x3F, 0x2C, 0x2E, 0x3F, 0x3F, 
0x3F, 0x3F, 0x39, 0x20, 0x15, 0x1C, 0x39, 0x3F, 0x3F, 0x3F, 0x39, 0x35, 0x3F, 0x3F, 0x3F, 0x3F, 
0x3F, 0x33, 0x2C, 0x3F, 0x3F, 0x3F, 0x3F, 0x3F, 0x3F, 0x28, 0x15, 0x1C, 0x39, 0x3F, 0x3F, 0x3F, 
0x2C, 0x1B, 0x20, 0x39, 0x3F, 0x3F, 0x3F, 0x3F, 0x3F, 0x3F, 0x3F, 0x3F, 0x3F, 0x3F, 0x3F, 0x3F, 
0x17, 0x70, 0xBD, 0x7D, 0x72, 0xAA, 0xAB, 0x64, 0x15, 0x5E, 0xA3, 0xB6, 0xB7, 0xA2, 0x7B, 0x7B, 
0x60, 0x42, 0x30, 0x3C, 0x3F, 0x3F, 0x3F, 0x3F, 0x3F, 0x3C, 0x43, 0x61, 0x7C, 0x60, 0x5D, 0x43, 
0x02, 0x04, 0x09, 0x09, 0x06, 0x00, 0x00, 0x03, 0x08, 0x09, 0x41, 0x3F, 0x3F, 0x3F, 0x3F, 0x3F, 
0x3F, 0x30, 0x36, 0x5D, 0x7A, 0x7B, 0x79, 0x42, 0x10, 0x19, 0x35, 0x8B, 0x8A, 0x0B, 0x51, 0xA7, 
0x7D, 0x1B, 0x3F, 0x28, 0x1B, 0x1C, 0x39, 0x3F, 0x3F, 0x3F, 0x3F, 0x3F, 0x3F, 0x3F, 0x3F, 0x21, 
0x4C, 0x65, 0x6C, 0x5E, 0x2C, 0x33, 0x3F, 0x3F, 0x3F, 0x3F, 0x3F, 0x3F, 0x20, 0x3F, 0x51, 0x56, 
0x5A, 0x55, 0x39, 0x39, 0x3F, 0x3F, 0x3F, 0x3F, 0x3F, 0x3F, 0x3F, 0x3F, 0x3F, 0x3F, 0x3F, 0x3F, 
0x3F, 0x3F, 0x3F, 0x3F, 0x2C, 0x39, 0x3F, 0x3F, 0x3F, 0x3F, 0x3F, 0x3F, 0x3F, 0x3F, 0x3F, 0x3F, 
0x3F, 0x3F, 0x3F, 0x3F, 0x3F, 0x3F, 0x3F, 0x3F, 0x3F, 0x3F, 0x3F, 0x3F, 0x3F, 0x3F, 0x3F, 0x3F, 
0x3F, 0x3F, 0x3F, 0x3F, 0x3F, 0x3F, 0x3F, 0x3F, 0x3F, 0x3F, 0x3F, 0x3F, 0x3F, 0x3F, 0x3F, 0x3F, 
0x3F, 0x3F, 0x3F, 0x3F, 0x3F, 0x3F, 0x3F, 0x3F, 0x3F, 0x3F, 0x3F, 0x3F, 0x3F, 0x3F, 0x3F, 0x3F, 
0x3F, 0x3F, 0x3F, 0x3F, 0x3F, 0x3F, 0x33, 0x23, 0x12, 0x70, 0xB3, 0x62, 0x0A, 0x5E, 0xAB, 0xA3, 
0x4B, 0x26, 0x4F, 0x61, 0x7B, 0x7B, 0x60, 0x42, 0x2A, 0x3C, 0x3F, 0x3F, 0x3F, 0x3F, 0x3F, 0x3F, 
0x48, 0x3C, 0x42, 0x7B, 0xA1, 0xA1, 0x7B, 0x7A, 0x00, 0x0B, 0x09, 0x06, 0x09, 0x09, 0x03, 0x00, 
0x00, 0x07, 0x43, 0x3F, 0x3F, 0x3F, 0x3F, 0x3F, 0x3F, 0x3F, 0x3E, 0x30, 0x43, 0x61, 0x7A, 0x7B, 
0x60, 0x42, 0x26, 0x86, 0x97, 0x1B, 0x12, 0x80, 0x9E, 0x16, 0x20, 0x5E, 0x74, 0x6D, 0x4C, 0x33, 
0x3F, 0x3F, 0x3F, 0x3F, 0x3F, 0x3F, 0x20, 0x64, 0x9F, 0xB0, 0xBC, 0xAD, 0x80, 0x4B, 0x33, 0x3F, 
0x3F, 0x3F, 0x3F, 0x3F, 0x3F, 0x39, 0x33, 0x2E, 0x2C, 0x33, 0x39, 0x3F, 0x3F, 0x3F, 0x3F, 0x3F, 
0x3F, 0x3F, 0x3F, 0x3F, 0x3F, 0x3F, 0x33, 0x33, 0x39, 0x3F, 0x3F, 0x45, 0x59, 0x49, 0x39, 0x3F, 
0x2E, 0x1A, 0x33, 0x3F, 0x3F, 0x3F, 0x3F, 0x3F, 0x3F, 0x3F, 0x3F, 0x3F, 0x3F, 0x3F, 0x3F, 0x3F, 
0x3F, 0x3F, 0x39, 0x33, 0x3F, 0x3F, 0x3F, 0x3F, 0x3F, 0x3F, 0x3F, 0x3F, 0x3F, 0x3F, 0x3F, 0x3F, 
0x3F, 0x3F, 0x3F, 0x3F, 0x3F, 0x3F, 0x3F, 0x3F, 0x3F, 0x3F, 0x3F, 0x3F, 0x3F, 0x3F, 0x3F, 0x3F, 
0x3F, 0x3F, 0x3F, 0x3F, 0x3F, 0x3F, 0x3F, 0x3F, 0x3F, 0x3F, 0x3F, 0x3F, 0x28, 0x17, 0x51, 0x5E, 
0x4F, 0x57, 0xAE, 0x81, 0x12, 0x0B, 0x81, 0xAE, 0x58, 0x5D, 0x7A, 0x7B, 0x79, 0x53, 0x32, 0x36, 
0x3F, 0x3F, 0x3F, 0x3F, 0x3F, 0x3F, 0x3F, 0x31, 0x08, 0x13, 0x42, 0x79, 0x7A, 0x7B, 0xA1, 0xA1, 
0x03, 0x11, 0x06, 0x00, 0x03, 0x09, 0x08, 0x00, 0x05, 0x79, 0x53, 0x36, 0x3F, 0x3F, 0x3F, 0x3F, 
0x3F, 0x3F, 0x3F, 0x3F, 0x3C, 0x26, 0x43, 0x61, 0x7B, 0x7A, 0x61, 0x65, 0xAB, 0x77, 0x33, 0x81, 
0xA3, 0x2C, 0x7D, 0xAC, 0xAE, 0xB1, 0x8A, 0x4C, 0x39, 0x3F, 0x3F, 0x3F, 0x3F, 0x2C, 0x5B, 0xAA, 
0xC5, 0xB3, 0xAC, 0xB1, 0xC2, 0x88, 0x49, 0x16, 0x15, 0x1A, 0x35, 0x3F, 0x3F, 0x3F, 0x3F, 0x3F, 
0x3F, 0x3F, 0x3F, 0x3F, 0x3F, 0x3F, 0x3F, 0x3F, 0x3F, 0x3F, 0x3F, 0x3B, 0x28, 0x23, 0x51, 0x55, 
0x4B, 0x2E, 0x1C, 0x6A, 0x93, 0x80, 0x35, 0x20, 0x57, 0x74, 0x58, 0x2F, 0x3F, 0x3F, 0x3F, 0x3F, 
0x3F, 0x3F, 0x3F, 0x3F, 0x3F, 0x3F, 0x3F, 0x3F, 0x3F, 0x39, 0x49, 0x51, 0x39, 0x39, 0x12, 0x23, 
0x3F, 0x3F, 0x3F, 0x3F, 0x3F, 0x3F, 0x3F, 0x3F, 0x3F, 0x3F, 0x3F, 0x3F, 0x3F, 0x3F, 0x3F, 0x3F, 
0x3F, 0x3F, 0x3F, 0x3F, 0x3F, 0x3F, 0x3F, 0x3F, 0x3F, 0x3F, 0x3F, 0x3F, 0x3F, 0x3F, 0x3F, 0x3F, 
0x3F, 0x3F, 0x3F, 0x28, 0x5F, 0x88, 0xA7, 0xAF, 0xA4, 0x5E, 0x85, 0xB9, 0x80, 0x70, 0xA7, 0xAA, 
0x7C, 0x7B, 0x7A, 0x5D, 0x2B, 0x30, 0x3E, 0x3F, 0x3F, 0x3F, 0x3F, 0x3F, 0x3F, 0x3F, 0x4A, 0x1C, 
0x00, 0x05, 0x06, 0x05, 0x07, 0x07, 0x79, 0xA1, 0x03, 0x12, 0x0A, 0x03, 0x00, 0x09, 0x41, 0x06, 
0x01, 0x53, 0x42, 0x3C, 0x3F, 0x3F, 0x3F, 0x3F, 0x3F, 0x3F, 0x3F, 0x3F, 0x3F, 0x3F, 0x3C, 0x26, 
0x61, 0xA1, 0xA1, 0x7A, 0x78, 0xAB, 0x9F, 0xB0, 0x80, 0x7D, 0xAF, 0x74, 0x52, 0x6D, 0xAF, 0x6D, 
0x1C, 0x3F, 0x3F, 0x3F, 0x3D, 0x33, 0x85, 0xC5, 0xAB, 0x70, 0x5A, 0xA4, 0xC4, 0xBC, 0x80, 0x6D, 
0x7D, 0x72, 0x51, 0x23, 0x3F, 0x3F, 0x3F, 0x3F, 0x3F, 0x3F, 0x3F, 0x3F, 0x3F, 0x3F, 0x3F, 0x3F, 
0x3F, 0x28, 0x20, 0x39, 0x5F, 0x80, 0x88, 0xA7, 0x96, 0x5A, 0x4F, 0x88, 0x85, 0x77, 0x51, 0x81, 
0xAD, 0xC5, 0x74, 0x1A, 0x3F, 0x3F, 0x3F, 0x3F, 0x3F, 0x3F, 0x3F, 0x3F, 0x3F, 0x3F, 0x3F, 0x3F, 
0x2C, 0x40, 0x85, 0x92, 0x3B, 0x51, 0x7E, 0x6A, 0x2F, 0x3F, 0x3F, 0x3F, 0x3F, 0x3F, 0x3F, 0x3F, 
0x3F, 0x3F, 0x3F, 0x3F, 0x3F, 0x3F, 0x3F, 0x3F, 0x3F, 0x3F, 0x3F, 0x3F, 0x3F, 0x3F, 0x3F, 0x3F, 
0x3F, 0x3F, 0x3F, 0x3F, 0x3F, 0x3F, 0x3F, 0x3F, 0x3F, 0x3F, 0x28, 0x74, 0xB0, 0xA8, 0x7E, 0x7D, 
0xAE, 0x97, 0x57, 0x96, 0xBB, 0xBE, 0xC2, 0xA1, 0x7A, 0x61, 0x43, 0x2A, 0x3F, 0x3F, 0x3F, 0x3F, 
0x3F, 0x3F, 0x3F, 0x3F, 0x48, 0x10, 0x08, 0x06, 0x00, 0x00, 0x06, 0x09, 0x09, 0x06, 0x05, 0x60, 
0x00, 0x11, 0x49, 0x0B, 0x0A, 0x3F, 0x48, 0x1C, 0x05, 0x04, 0x34, 0x3F, 0x3F, 0x3F, 0x3F, 0x3F, 
0x3F, 0x3F, 0x3F, 0x3F, 0x3F, 0x3F, 0x3F, 0x2A, 0x5D, 0xA1, 0x7C, 0x7A, 0xA1, 0x7A, 0x87, 0x80, 
0x67, 0xAE, 0x77, 0x0B, 0x11, 0x4E, 0xA9, 0x74, 0x1B, 0x3F, 0x3F, 0x3F, 0x39, 0x4D, 0xA3, 0xC3, 
0x74, 0x0C, 0x77, 0xA3, 0x77, 0x8B, 0xC3, 0xA7, 0x97, 0x98, 0x9F, 0x64, 0x1B, 0x3F, 0x3F, 0x3F, 
0x3F, 0x3F, 0x3F, 0x3F, 0x3F, 0x3F, 0x3F, 0x33, 0x1B, 0x5E, 0x7E, 0x9E, 0xAE, 0xB3, 0x70, 0x77, 
0xC3, 0xA8, 0x96, 0xAB, 0xAD, 0x85, 0xA8, 0xB0, 0x8B, 0x9E, 0x88, 0x23, 0x3F, 0x3F, 0x3F, 0x3F, 
0x3F, 0x3F, 0x3F, 0x3F, 0x3F, 0x3F, 0x3F, 0x2C, 0x4C, 0x8A, 0xB1, 0xAD, 0x62, 0x63, 0xA7, 0x80, 
0x15, 0x3F, 0x35, 0x28, 0x23, 0x29, 0x2E, 0x33, 0x3F, 0x3F, 0x3F, 0x3F, 0x3F, 0x3F, 0x3F, 0x3F, 
0x3F, 0x3F, 0x3F, 0x3F, 0x39, 0x23, 0x1C, 0x21, 0x35, 0x3F, 0x3F, 0x3F, 0x3F, 0x3F, 0x3F, 0x3F, 
0x3F, 0x21, 0x62, 0xAE, 0x8B, 0x52, 0x12, 0x0A, 0x80, 0xAF, 0x52, 0x43, 0x7C, 0xA1, 0x7A, 0x61, 
0x43, 0x2A, 0x3C, 0x3F, 0x3F, 0x3F, 0x3F, 0x3F, 0x3F, 0x3F, 0x3F, 0x41, 0x43, 0x53, 0x05, 0x00, 
0x00, 0x08, 0x17, 0x08, 0x08, 0x40, 0x06, 0x05, 0x00, 0x09, 0x49, 0x45, 0x48, 0x3F, 0x3F, 0x48, 
0x0B, 0x03, 0x08, 0x48, 0x3F, 0x3F, 0x3F, 0x3F, 0x3F, 0x3F, 0x3F, 0x3F, 0x3F, 0x3F, 0x3F, 0x2A, 
0x5D, 0xA1, 0x5D, 0x43, 0x60, 0x7A, 0x7B, 0x60, 0x6E, 0xBF, 0x80, 0x59, 0x5F, 0x91, 0xA7, 0x55, 
0x21, 0x39, 0x3F, 0x3F, 0x35, 0x50, 0xAB, 0xAD, 0x5B, 0x3F, 0xA5, 0x68, 0x28, 0x92, 0x77, 0x55, 
0x20, 0x33, 0x72, 0xA5, 0x5E, 0x28, 0x3F, 0x3F, 0x3F, 0x3F, 0x3F, 0x3F, 0x3F, 0x3F, 0x2C, 0x50, 
0x81, 0xAC, 0xA7, 0x9E, 0xAF, 0xC1, 0xA4, 0x86, 0xC1, 0xA3, 0x70, 0x6D, 0x88, 0xC3, 0x99, 0x62, 
0x0C, 0x70, 0x98, 0x2C, 0x3F, 0x3F, 0x3F, 0x3F, 0x3F, 0x3F, 0x3F, 0x3F, 0x3F, 0x3F, 0x33, 0x50, 
0x93, 0xAE, 0x6A, 0x81, 0x91, 0x77, 0x98, 0x70, 0x0E, 0x1A, 0x4D, 0x5B, 0x5B, 0x59, 0x57, 0x50, 
0x2C, 0x35, 0x3F, 0x3F, 0x3F, 0x3F, 0x3F, 0x3F, 0x3F, 0x39, 0x2E, 0x28, 0x39, 0x5E, 0x65, 0x5F, 
0x4E, 0x1C, 0x3F, 0x3F, 0x3F, 0x3F, 0x3F, 0x3F, 0x3F, 0x15, 0x74, 0xB1, 0x62, 0x0E, 0x33, 0x5B, 
0xA4, 0xA5, 0x61, 0x79, 0xA1, 0x7A, 0x53, 0x26, 0x3C, 0x3F, 0x3F, 0x3F, 0x3F, 0x3F, 0x3F, 0x3F, 
0x3F, 0x3F, 0x3F, 0x2A, 0x61, 0x7A, 0x61, 0x00, 0x06, 0x15, 0x06, 0x00, 0x00, 0x17, 0x0B, 0x00, 
0x05, 0x05, 0x41, 0x3F, 0x3F, 0x3F, 0x3F, 0x3F, 0x49, 0x08, 0x03, 0x12, 0x45, 0x3F, 0x3F, 0x3F, 
0x3F, 0x3F, 0x3F, 0x3F, 0x3F, 0x3F, 0x3F, 0x2A, 0x5D, 0xA1, 0x5D, 0x26, 0x26, 0x43, 0x60, 0x7B, 
0x7B, 0xA2, 0xAE, 0xAB, 0xAC, 0xA3, 0x5F, 0x45, 0x52, 0x49, 0x20, 0x3B, 0x33, 0x50, 0xAC, 0xA9, 
0x57, 0x20, 0x7D, 0x99, 0x9B, 0xAB, 0x6C, 0x4E, 0x51, 0x49, 0x10, 0x77, 0x93, 0x3F, 0x39, 0x3F, 
0x3F, 0x3F, 0x3F, 0x3F, 0x3F, 0x33, 0x52, 0x8B, 0x98, 0x70, 0x6D, 0x7D, 0xAB, 0xBC, 0xB5, 0xB9, 
0xB5, 0xB9, 0xB0, 0xA7, 0xA8, 0x92, 0x3A, 0x52, 0x49, 0x6C, 0x97, 0x2E, 0x3F, 0x3F, 0x3F, 0x3F, 
0x3F, 0x3F, 0x3F, 0x3F, 0x3F, 0x39, 0x3F, 0x8A, 0xB1, 0x6C, 0x5B, 0x68, 0xAC, 0xA9, 0xAC, 0x96, 
0x6A, 0x72, 0x9B, 0xAD, 0xAC, 0xA4, 0x98, 0x92, 0x80, 0x57, 0x33, 0x3F, 0x3F, 0x3F, 0x3F, 0x3F, 
0x23, 0x4D, 0x58, 0x57, 0x80, 0xAF, 0xC1, 0xB1, 0x9E, 0x6C, 0x2C, 0x3F, 0x3F, 0x3F, 0x3F, 0x1A, 
0x12, 0x0B, 0x6C, 0xBC, 0xA9, 0x96, 0x98, 0xAB, 0xAE, 0x7B, 0x7B, 0x60, 0x7C, 0x7A, 0x43, 0x3C, 
0x3F, 0x3F, 0x3F, 0x3F, 0x3F, 0x3F, 0x3F, 0x3F, 0x3F, 0x3F, 0x3F, 0x30, 0x53, 0x79, 0x07, 0x04, 
0x2C, 0x33, 0x06, 0x03, 0x06, 0x41, 0x11, 0x00, 0x09, 0x03, 0x0B, 0x45, 0x3F, 0x3F, 0x3F, 0x3F, 
0x48, 0x11, 0x04, 0x06, 0x39, 0x3F, 0x3F, 0x3F, 0x3F, 0x3F, 0x3F, 0x3F, 0x3F, 0x3F, 0x3F, 0x2A, 
0x61, 0xA1, 0x5D, 0x2A, 0x3F, 0x36, 0x30, 0x5D, 0x7C, 0x7A, 0x5D, 0x67, 0x5F, 0x49, 0x59, 0x98, 
0xAA, 0x97, 0x6D, 0x33, 0x28, 0x50, 0xAB, 0xAA, 0x58, 0x20, 0x4E, 0xAB, 0xA8, 0x77, 0x88, 0xA8, 
0xAB, 0x77, 0x1A, 0x4D, 0x99, 0x6C, 0x1C, 0x3F, 0x3F, 0x3F, 0x3F, 0x3F, 0x3F, 0x33, 0x5F, 0x6A, 
0x4B, 0x85, 0xB9, 0xB9, 0xB5, 0xB5, 0xB5, 0xB5, 0xB5, 0xB5, 0xB9, 0xC0, 0xAE, 0x5A, 0x65, 0x85, 
0x39, 0x6D, 0x91, 0x2C, 0x3F, 0x3F, 0x3F, 0x3F, 0x3F, 0x3F, 0x3F, 0x3F, 0x3F, 0x2C, 0x5B, 0xAD, 
0x70, 0x5F, 0x80, 0x4C, 0xA8, 0xA3, 0x72, 0x81, 0xAF, 0xBC, 0xC1, 0xAF, 0x88, 0x77, 0x6C, 0x57, 
0x5E, 0x56, 0x39, 0x3F, 0x3F, 0x3F, 0x39, 0x1A, 0x68, 0x9F, 0xB1, 0xB0, 0xBD, 0xBC, 0xB9, 0xBC, 
0xC3, 0xAF, 0x72, 0x28, 0x3F, 0x39, 0x3F, 0x70, 0x7E, 0x74, 0x56, 0x72, 0x96, 0x98, 0xA2, 0xA2, 
0x7B, 0x79, 0x5D, 0x26, 0x60, 0x7A, 0x43, 0x3C, 0x3F, 0x3F, 0x3F, 0x3F, 0x3F, 0x3F, 0x3F, 0x3F, 
0x3F, 0x3F, 0x3F, 0x3F, 0x48, 0x08, 0x03, 0x0B, 0x48, 0x45, 0x1D, 0x0A, 0x25, 0x49, 0x09, 0x05, 
0x3B, 0x04, 0x09, 0x48, 0x45, 0x3F, 0x3F, 0x3F, 0x3F, 0x48, 0x06, 0x00, 0x11, 0x45, 0x3F, 0x3F, 
0x3F, 0x3F, 0x3F, 0x3F, 0x3F, 0x3F, 0x3F, 0x2A, 0x61, 0xA1, 0x5D, 0x2A, 0x3F, 0x3F, 0x3F, 0x30, 
0x3F, 0x53, 0x3D, 0x23, 0x23, 0x2E, 0x8A, 0xAB, 0x74, 0x88, 0xAC, 0x85, 0x45, 0x4E, 0xA8, 0xAD, 
0x5E, 0x28, 0x23, 0x92, 0x8A, 0x12, 0x65, 0xB0, 0xC5, 0x8A, 0x33, 0x15, 0x77, 0x8A, 0x32, 0x3B, 
0x3F, 0x3F, 0x3F, 0x3F, 0x3F, 0x3F, 0x2E, 0x15, 0x80, 0xAD, 0x80, 0x96, 0xBD, 0xB5, 0xB5, 0xB9, 
0xB5, 0xB5, 0xB5, 0xC0, 0x81, 0x64, 0xAC, 0x72, 0x0C, 0x7D, 0x80, 0x20, 0x3F, 0x3F, 0x3F, 0x3F, 
0x3F, 0x3F, 0x3F, 0x3F, 0x3F, 0x1B, 0x74, 0x97, 0x3B, 0x8F, 0x70, 0x20, 0xA4, 0xB6, 0xAA, 0xA8, 
0xB1, 0xB9, 0xB5, 0xB0, 0xAB, 0xAF, 0x93, 0x62, 0x2C, 0x33, 0x3F, 0x3F, 0x3F, 0x2C, 0x2C, 0x77, 
0xB0, 0xA4, 0x6D, 0x6C, 0xA7, 0x72, 0x88, 0xB0, 0xAB, 0xC1, 0xAE, 0x62, 0x20, 0x28, 0x74, 0xB9, 
0xAC, 0xB9, 0x99, 0x4C, 0x42, 0x7C, 0x7B, 0x79, 0x5D, 0x39, 0x30, 0x26, 0x7C, 0x7A, 0x43, 0x3C, 
0x3F, 0x3F, 0x3F, 0x3F, 0x3F, 0x3F, 0x3F, 0x3F, 0x3F, 0x3F, 0x3F, 0x41, 0x25, 0x04, 0x08, 0x48, 
0x3F, 0x3F, 0x41, 0x48, 0x3F, 0x48, 0x06, 0x08, 0x0A, 0x03, 0x09, 0x48, 0x21, 0x39, 0x45, 0x3F, 
0x3F, 0x48, 0x09, 0x00, 0x09, 0x49, 0x3F, 0x3F, 0x3F, 0x3F, 0x3F, 0x3F, 0x3F, 0x3F, 0x3F, 0x2A, 
0x5D, 0xA1, 0x5D, 0x2A, 0x3F, 0x3F, 0x3F, 0x3F, 0x3B, 0x36, 0x3F, 0x3F, 0x39, 0x41, 0x93, 0xA3, 
0x2B, 0x11, 0x65, 0xAC, 0x7E, 0x45, 0xA3, 0xBE, 0x6A, 0x1A, 0x1C, 0x68, 0xAF, 0x9F, 0x92, 0x8F, 
0xAB, 0x8B, 0x33, 0x2C, 0x59, 0xA3, 0x56, 0x2E, 0x3F, 0x3F, 0x3F, 0x3F, 0x3F, 0x3F, 0x2C, 0x59, 
0xA3, 0x64, 0x77, 0xB0, 0xBD, 0xBF, 0xBF, 0xB0, 0xB9, 0xB5, 0xBC, 0xAF, 0x65, 0x97, 0xA6, 0x4B, 
0x33, 0x98, 0x6C, 0x1A, 0x3F, 0x3F, 0x3F, 0x3F, 0x3F, 0x3F, 0x3F, 0x3F, 0x3F, 0x15, 0x8B, 0x85, 
0x55, 0xA3, 0x5B, 0x64, 0xAF, 0xBC, 0xBC, 0xBD, 0xB5, 0xB5, 0xB5, 0xB5, 0xBC, 0xBE, 0xA9, 0x70, 
0x3D, 0x3B, 0x39, 0x33, 0x15, 0x51, 0x86, 0xBC, 0x86, 0x51, 0x5B, 0x4F, 0x9E, 0x5B, 0x70, 0x98, 
0x5F, 0xA9, 0xC4, 0x92, 0x32, 0x4D, 0xA8, 0x88, 0x51, 0x77, 0xBC, 0x62, 0x53, 0x79, 0x61, 0x43, 
0x2A, 0x3B, 0x3F, 0x26, 0x7C, 0x7A, 0x43, 0x3C, 0x3F, 0x3F, 0x3F, 0x3F, 0x3F, 0x3F, 0x3F, 0x3F, 
0x3F, 0x3F, 0x3F, 0x3F, 0x08, 0x03, 0x11, 0x48, 0x3F, 0x3F, 0x3F, 0x3F, 0x48, 0x0B, 0x04, 0x11, 
0x00, 0x08, 0x3F, 0x17, 0x05, 0x06, 0x17, 0x45, 0x3F, 0x45, 0x11, 0x00, 0x06, 0x49, 0x3F, 0x3F, 
0x3F, 0x3F, 0x3F, 0x3F, 0x3F, 0x3F, 0x3F, 0x2A, 0x5D, 0xA1, 0x5D, 0x2A, 0x3F, 0x3F, 0x3F, 0x3F, 
0x3F, 0x3F, 0x3F, 0x3F, 0x3F, 0x20, 0x72, 0xB3, 0x70, 0x11, 0x0C, 0x88, 0xA7, 0x3F, 0x92, 0xC5, 
0x74, 0x15, 0x12, 0x57, 0xAE, 0x9F, 0x45, 0x4D, 0xA6, 0xA3, 0x4E, 0x2E, 0x45, 0x92, 0x6C, 0x20, 
0x3F, 0x3F, 0x3F, 0x20, 0x1B, 0x39, 0x2C, 0x5E, 0x72, 0x4E, 0xAA, 0xC2, 0xAE, 0xA4, 0x7E, 0x70, 
0xAD, 0xB9, 0xBC, 0xAF, 0x81, 0xAF, 0x77, 0x0A, 0x6C, 0xAE, 0x72, 0x33, 0x39, 0x3F, 0x3F, 0x3F, 
0x3F, 0x3F, 0x3F, 0x3F, 0x33, 0x4C, 0xA4, 0x7E, 0x5E, 0xA6, 0x5B, 0x8B, 0xC1, 0xB5, 0xB5, 0xBC, 
0xB9, 0xB7, 0xB9, 0xB5, 0xB7, 0xB1, 0xAE, 0xC0, 0x70, 0x12, 0x3E, 0x55, 0x72, 0xA6, 0xB1, 0x77, 
0x1B, 0x5A, 0x98, 0x74, 0x9F, 0x63, 0x98, 0x8B, 0x0A, 0x81, 0xC2, 0xAF, 0x5F, 0x57, 0xAE, 0x62, 
0x0C, 0x5B, 0xAC, 0x62, 0x1D, 0x43, 0x2A, 0x3C, 0x3F, 0x3F, 0x3F, 0x26, 0x7C, 0x7A, 0x43, 0x3C, 
0x3F, 0x3F, 0x3F, 0x3F, 0x3F, 0x3F, 0x3F, 0x3F, 0x3F, 0x3F, 0x48, 0x0B, 0x00, 0x06, 0x48, 0x3F, 
0x3F, 0x3F, 0x3F, 0x3F, 0x3F, 0x06, 0x08, 0x37, 0x08, 0x17, 0x45, 0x2C, 0x08, 0x03, 0x06, 0x3F, 
0x3F, 0x45, 0x11, 0x00, 0x06, 0x49, 0x3F, 0x3F, 0x3F, 0x3F, 0x3F, 0x3F, 0x3F, 0x3F, 0x3F, 0x26, 
0x61, 0xA1, 0x5D, 0x2A, 0x3F, 0x3F, 0x3F, 0x3F, 0x3F, 0x3F, 0x3F, 0x3F, 0x3F, 0x39, 0x45, 0x88, 
0xAD, 0x70, 0x5B, 0xA5, 0x9F, 0x1A, 0x85, 0xC5, 0x88, 0x4D, 0x62, 0x77, 0xAE, 0xAF, 0x88, 0x93, 
0xB5, 0xBC, 0x77, 0x1B, 0x15, 0x77, 0x80, 0x15, 0x3F, 0x39, 0x49, 0x6C, 0x6D, 0x4D, 0x39, 0x49, 
0x40, 0x59, 0xAC, 0x92, 0x57, 0x39, 0x1A, 0x4E, 0x8A, 0xC0, 0xBC, 0xB5, 0xB5, 0xC1, 0x70, 0x63, 
0xA5, 0xC0, 0xB1, 0x74, 0x23, 0x3F, 0x3F, 0x3F, 0x3F, 0x3F, 0x3F, 0x3F, 0x1B, 0x5B, 0xB0, 0x7E, 
0x65, 0xAB, 0x77, 0xAE, 0xBC, 0xB5, 0xB3, 0xAC, 0xB0, 0xB4, 0xAF, 0xBD, 0xB5, 0xB9, 0x88, 0x98, 
0x93, 0x57, 0x8B, 0xA6, 0x9E, 0x85, 0x63, 0x29, 0x12, 0x77, 0xAD, 0xAB, 0xAB, 0xAB, 0xB7, 0x96, 
0x23, 0x65, 0xB0, 0xC3, 0x72, 0x5E, 0xAE, 0x5E, 0x0A, 0x77, 0xA5, 0x51, 0x33, 0x41, 0x3F, 0x3F, 
0x3F, 0x3F, 0x3F, 0x26, 0x7C, 0x7A, 0x43, 0x3C, 0x3F, 0x3F, 0x3F, 0x3F, 0x3F, 0x3F, 0x3F, 0x3F, 
0x3F, 0x3F, 0x48, 0x06, 0x00, 0x0B, 0x48, 0x3F, 0x3F, 0x3F, 0x3F, 0x41, 0x1D, 0x03, 0x0A, 0x3F, 
0x05, 0x06, 0x45, 0x3F, 0x4B, 0x09, 0x03, 0x1C, 0x45, 0x45, 0x11, 0x00, 0x06, 0x49, 0x3F, 0x3F, 
0x3F, 0x3F, 0x3F, 0x3F, 0x3F, 0x3F, 0x3F, 0x26, 0x61, 0x7B, 0x5D, 0x30, 0x3F, 0x3F, 0x3F, 0x3F, 
0x3F, 0x3F, 0x3F, 0x3F, 0x3F, 0x3F, 0x33, 0x4B, 0x85, 0xAB, 0xAB, 0xA9, 0x6C, 0x0A, 0x77, 0xC4, 
0xAF, 0xA9, 0xAE, 0xBC, 0xB9, 0xB9, 0xC2, 0xC2, 0xBE, 0xBC, 0xB0, 0x6D, 0x11, 0x5B, 0x91, 0x4B, 
0x39, 0x21, 0x74, 0x9F, 0x88, 0x77, 0x11, 0x3B, 0x20, 0x63, 0xB0, 0x88, 0x68, 0x6A, 0x8B, 0x9F, 
0xAE, 0x74, 0x77, 0xC1, 0xB5, 0xB9, 0xAB, 0xAE, 0xBD, 0xB5, 0xC1, 0x97, 0x4B, 0x39, 0x3F, 0x3F, 
0x3F, 0x3F, 0x3F, 0x35, 0x4C, 0x8F, 0xC3, 0x9F, 0x7E, 0xBC, 0xAE, 0xB5, 0xC0, 0x9B, 0xA8, 0x80, 
0x97, 0x70, 0x5F, 0xA5, 0xC3, 0x81, 0x92, 0x72, 0x91, 0x8A, 0xAD, 0x70, 0x63, 0x57, 0x28, 0x20, 
0x55, 0xA7, 0xC3, 0xB0, 0x96, 0x6C, 0x7E, 0xA8, 0x52, 0x50, 0xAC, 0xC3, 0x85, 0x52, 0xAE, 0x77, 
0x59, 0xA7, 0x7D, 0x1A, 0x3F, 0x3F, 0x3F, 0x3F, 0x3F, 0x3F, 0x3F, 0x26, 0x7C, 0x7A, 0x43, 0x3C, 
0x3F, 0x3F, 0x3F, 0x3F, 0x3F, 0x3F, 0x3F, 0x3F, 0x3F, 0x45, 0x1B, 0x04, 0x06, 0x3B, 0x3F, 0x3F, 
0x3F, 0x48, 0x41, 0x3F, 0x39, 0x05, 0x08, 0x0B, 0x05, 0x0A, 0x45, 0x3F, 0x48, 0x08, 0x03, 0x23, 
0x41, 0x48, 0x09, 0x00, 0x0A, 0x48, 0x3F, 0x3F, 0x3F, 0x3F, 0x3F, 0x3F, 0x3F, 0x3F, 0x3F, 0x2A, 
0x61, 0x7B, 0x53, 0x36, 0x3F, 0x3F, 0x3F, 0x3F, 0x3F, 0x3F, 0x3F, 0x3F, 0x3F, 0x3F, 0x3F, 0x33, 
0x2E, 0x5B, 0x65, 0x57, 0x12, 0x51, 0x96, 0xBF, 0xB9, 0xBE, 0xBC, 0xB7, 0xB5, 0xB5, 0xBD, 0xA6, 
0x93, 0xBD, 0xC0, 0xAA, 0x5B, 0x23, 0x88, 0x5E, 0x23, 0x29, 0x8B, 0xA3, 0x9B, 0xA7, 0x5E, 0x20, 
0x13, 0x6D, 0xB5, 0x81, 0x77, 0xAC, 0x7E, 0x5B, 0x91, 0x70, 0x56, 0xAC, 0xBC, 0xB5, 0xBC, 0xBC, 
0xB5, 0xBD, 0xC1, 0xA3, 0x4D, 0x39, 0x3F, 0x3F, 0x3F, 0x3F, 0x3F, 0x2C, 0x80, 0xC1, 0xB5, 0xB9, 
0xAF, 0xB9, 0xB9, 0xC0, 0xAA, 0x77, 0xA4, 0x56, 0x55, 0x12, 0x0A, 0x64, 0xAF, 0x8B, 0x70, 0x7D, 
0x80, 0x7E, 0xA3, 0x97, 0x9A, 0xA8, 0x88, 0x4B, 0x52, 0x88, 0xA8, 0xAD, 0x65, 0x50, 0x8A, 0x93, 
0x1B, 0x4D, 0xA5, 0xC3, 0x93, 0x28, 0x85, 0xBE, 0xAD, 0x9F, 0x4F, 0x35, 0x3F, 0x3F, 0x3F, 0x3F, 
0x3F, 0x3F, 0x3F, 0x26, 0x7C, 0x7A, 0x43, 0x3C, 0x3F, 0x3F, 0x3F, 0x3F, 0x3F, 0x3F, 0x3F, 0x3F, 
0x3F, 0x48, 0x0B, 0x00, 0x09, 0x49, 0x3F, 0x3F, 0x45, 0x09, 0x05, 0x09, 0x49, 0x0B, 0x06, 0x04, 
0x08, 0x4B, 0x3F, 0x49, 0x0B, 0x03, 0x05, 0x39, 0x41, 0x41, 0x06, 0x03, 0x1C, 0x45, 0x3F, 0x3F, 
0x3F, 0x3F, 0x3F, 0x3F, 0x3F, 0x3F, 0x3F, 0x2A, 0x61, 0x7B, 0x53, 0x36, 0x3F, 0x3F, 0x3F, 0x3F, 
0x3F, 0x3F, 0x3F, 0x3F, 0x3F, 0x3F, 0x3F, 0x3F, 0x3F, 0x28, 0x16, 0x12, 0x64, 0xA3, 0xBF, 0xB5, 
0xB5, 0xB5, 0xB5, 0xB5, 0xB5, 0xB5, 0xC0, 0x72, 0x5B, 0xAE, 0xBC, 0xC2, 0x8F, 0x18, 0x72, 0x72, 
0x1A, 0x1B, 0x77, 0xC6, 0xBE, 0x8B, 0x7E, 0x77, 0x3B, 0x65, 0xAD, 0x7D, 0x1C, 0x96, 0xAE, 0x6D, 
0x6D, 0x72, 0x12, 0x8A, 0xC0, 0xB5, 0xB5, 0xB5, 0xB9, 0xA3, 0xAC, 0xA7, 0x4E, 0x39, 0x3F, 0x3F, 
0x3F, 0x3F, 0x33, 0x52, 0xA9, 0xB3, 0xB5, 0xB5, 0xB9, 0xB5, 0xBC, 0xAA, 0x6A, 0x80, 0x6D, 0x51, 
0x5F, 0x62, 0x74, 0x52, 0x96, 0xAE, 0x65, 0x72, 0x6C, 0x59, 0x2E, 0x41, 0x4E, 0x6C, 0xA6, 0x92, 
0x50, 0x11, 0x91, 0xC0, 0xA8, 0x91, 0xAE, 0x97, 0x1B, 0x49, 0x97, 0xC4, 0x9F, 0x1C, 0x50, 0x77, 
0x7E, 0x57, 0x2C, 0x3F, 0x3F, 0x3F, 0x3F, 0x3F, 0x3F, 0x3F, 0x3F, 0x2A, 0x7C, 0x7A, 0x43, 0x3C, 
0x3F, 0x3F, 0x3F, 0x3F, 0x3F, 0x3F, 0x3F, 0x3F, 0x3F, 0x48, 0x0B, 0x00, 0x09, 0x49, 0x3F, 0x49, 
0x09, 0x04, 0x08, 0x12, 0x45, 0x41, 0x2F, 0x0B, 0x08, 0x4A, 0x49, 0x12, 0x05, 0x03, 0x09, 0x48, 
0x49, 0x0A, 0x00, 0x08, 0x41, 0x3F, 0x3F, 0x35, 0x39, 0x3F, 0x3F, 0x3F, 0x3F, 0x3F, 0x3F, 0x3C, 
0x42, 0x5D, 0x43, 0x3B, 0x3F, 0x3F, 0x3F, 0x3F, 0x3F, 0x3F, 0x3F, 0x3F, 0x3F, 0x3F, 0x3F, 0x3F, 
0x3F, 0x39, 0x4C, 0x77, 0xAD, 0xC0, 0xB5, 0xB5, 0xBC, 0xC0, 0xB9, 0xB5, 0xB5, 0xB5, 0xC0, 0x6A, 
0x20, 0x92, 0xC1, 0xB9, 0xB3, 0x70, 0x57, 0x86, 0x3F, 0x35, 0x81, 0x97, 0xAB, 0x58, 0x29, 0x7D, 
0x8A, 0x3F, 0x81, 0xB1, 0x5E, 0x7E, 0xC6, 0x74, 0x6C, 0x6A, 0x0D, 0x74, 0xBC, 0xB5, 0xB5, 0xB5, 
0xBF, 0x81, 0x6D, 0xA7, 0x4E, 0x35, 0x3F, 0x3F, 0x3F, 0x3F, 0x1B, 0x70, 0x92, 0x9F, 0xBD, 0xB5, 
0xB5, 0xB9, 0xB0, 0x6C, 0x1A, 0x59, 0x4C, 0x8B, 0x8F, 0xA7, 0xC0, 0xA4, 0xB0, 0xA9, 0x4F, 0x4E, 
0x4C, 0x49, 0x15, 0x33, 0x39, 0x1A, 0x52, 0x88, 0x96, 0x77, 0xA7, 0xAA, 0x62, 0x4C, 0x92, 0xA4, 
0x4C, 0x4E, 0x9E, 0xC2, 0xAA, 0x57, 0x15, 0x0C, 0x12, 0x33, 0x3F, 0x3F, 0x3F, 0x3F, 0x3F, 0x3F, 
0x3F, 0x3F, 0x3F, 0x2A, 0x7C, 0x7A, 0x43, 0x3C, 0x3F, 0x3F, 0x3F, 0x3F, 0x3F, 0x3F, 0x3F, 0x3F, 
0x3F, 0x48, 0x11, 0x03, 0x08, 0x49, 0x3F, 0x48, 0x08, 0x06, 0x4B, 0x45, 0x48, 0x09, 0x05, 0x08, 
0x06, 0x17, 0x0A, 0x05, 0x00, 0x08, 0x48, 0x4A, 0x11, 0x04, 0x04, 0x17, 0x45, 0x3B, 0x23, 0x4E, 
0x3F, 0x29, 0x3F, 0x3F, 0x3F, 0x3F, 0x3F, 0x3F, 0x3C, 0x30, 0x3E, 0x3F, 0x3F, 0x3F, 0x3F, 0x3F, 
0x3F, 0x3F, 0x3F, 0x3F, 0x3F, 0x3F, 0x3F, 0x3F, 0x39, 0x40, 0x85, 0xC0, 0xBC, 0xB5, 0xB5, 0xBD, 
0x96, 0x93, 0xB1, 0xC1, 0xB9, 0xB5, 0xC0, 0x7E, 0x0B, 0x74, 0xBD, 0xB5, 0xC0, 0xAA, 0x57, 0x85, 
0x63, 0x3F, 0x8A, 0x50, 0x5F, 0x4C, 0x33, 0x39, 0x80, 0x8F, 0x8A, 0xBF, 0x98, 0x9B, 0xA8, 0x92, 
0x8A, 0x70, 0x39, 0x93, 0xBF, 0xB5, 0xB5, 0xB5, 0xBC, 0xB0, 0x72, 0x80, 0x6A, 0x28, 0x3F, 0x3F, 
0x3F, 0x3F, 0x2C, 0x74, 0x77, 0xAE, 0xBC, 0xB5, 0xB5, 0xB9, 0xB1, 0x7E, 0x4F, 0x11, 0x72, 0x6D, 
0x6A, 0xA4, 0x80, 0x68, 0xAC, 0x97, 0x2C, 0x39, 0x1A, 0x5F, 0x70, 0x50, 0x39, 0x3F, 0x2F, 0x2C, 
0x62, 0x8F, 0xB5, 0xB3, 0x98, 0x97, 0xB0, 0xB0, 0xA8, 0xA8, 0xB0, 0xB7, 0xB8, 0xA8, 0x88, 0x72, 
0x50, 0x35, 0x3F, 0x3F, 0x3F, 0x3F, 0x3F, 0x3F, 0x3F, 0x3F, 0x3E, 0x30, 0x79, 0x79, 0x43, 0x3C, 
0x3F, 0x3F, 0x3F, 0x3F, 0x3F, 0x3F, 0x3F, 0x39, 0x21, 0x1A, 0x1E, 0x05, 0x06, 0x35, 0x41, 0x48, 
0x08, 0x05, 0x3E, 0x3F, 0x3F, 0x1C, 0x09, 0x03, 0x00, 0x04, 0x00, 0x00, 0x07, 0x2D, 0x17, 0x09, 
0x04, 0x03, 0x0A, 0x48, 0x3F, 0x35, 0x74, 0xA6, 0x96, 0x5B, 0x28, 0x3F, 0x3F, 0x3F, 0x3F, 0x3F, 
0x3F, 0x3F, 0x3F, 0x3F, 0x3F, 0x3F, 0x3F, 0x3F, 0x3F, 0x3F, 0x3F, 0x3F, 0x3F, 0x3F, 0x3F, 0x3F, 
0x39, 0x39, 0x8B, 0xC3, 0xB5, 0xB5, 0xB5, 0xC0, 0x8B, 0x1C, 0x6A, 0x98, 0xBC, 0xC1, 0xC5, 0x80, 
0x12, 0x5E, 0xAE, 0xBE, 0xAC, 0x85, 0x88, 0x76, 0x7E, 0x33, 0x88, 0x56, 0x13, 0x2C, 0x3F, 0x35, 
0x3B, 0x77, 0xA3, 0x6C, 0x85, 0x72, 0x4D, 0x50, 0x5F, 0x56, 0x4F, 0xA3, 0xC0, 0xB5, 0xB5, 0xB5, 
0xB1, 0xB8, 0xAD, 0x70, 0x67, 0x33, 0x3F, 0x3F, 0x3F, 0x3F, 0x45, 0x52, 0x97, 0xC4, 0xB5, 0xB5, 
0xB5, 0xB5, 0xBF, 0xA5, 0x56, 0x5E, 0x88, 0x6C, 0xB0, 0x8B, 0x59, 0x8A, 0x98, 0x58, 0x1C, 0x11, 
0x5F, 0xA3, 0x91, 0x80, 0x29, 0x3F, 0x33, 0x28, 0x4E, 0x70, 0xAF, 0xBC, 0xBF, 0xC0, 0xB9, 0xB9, 
0xBE, 0xBE, 0xB9, 0xB5, 0xB5, 0xBD, 0xC1, 0xC5, 0x80, 0x23, 0x3F, 0x3F, 0x3F, 0x3F, 0x3F, 0x3F, 
0x3F, 0x3F, 0x3F, 0x3B, 0x42, 0x53, 0x40, 0x3F, 0x3F, 0x3F, 0x3F, 0x3F, 0x3F, 0x3F, 0x39, 0x3F, 
0x6A, 0x7D, 0x6A, 0x08, 0x00, 0x11, 0x45, 0x49, 0x09, 0x00, 0x09, 0x49, 0x3F, 0x41, 0x41, 0x06, 
0x07, 0x07, 0x07, 0x60, 0x60, 0x05, 0x00, 0x00, 0x04, 0x0A, 0x49, 0x3F, 0x23, 0x65, 0xB1, 0xA9, 
0xAF, 0x9F, 0x4D, 0x39, 0x3F, 0x3F, 0x3F, 0x3F, 0x3F, 0x3F, 0x3F, 0x3F, 0x3F, 0x3F, 0x3F, 0x3F, 
0x3F, 0x3F, 0x3F, 0x3F, 0x3F, 0x3F, 0x3F, 0x3F, 0x3F, 0x16, 0x72, 0xBC, 0xB9, 0xB5, 0xB5, 0xBC, 
0xB1, 0x70, 0x0F, 0x45, 0x72, 0x98, 0x8A, 0x57, 0x2C, 0x44, 0x98, 0xC5, 0x91, 0x20, 0x7E, 0xA7, 
0x97, 0x33, 0x81, 0x70, 0x70, 0x63, 0x45, 0x1A, 0x12, 0x0C, 0x33, 0x12, 0x45, 0x58, 0x74, 0x6A, 
0x1C, 0x2C, 0x39, 0x96, 0xC1, 0xB5, 0xB5, 0xBE, 0x9F, 0x7D, 0xC0, 0x91, 0x39, 0x3B, 0x3F, 0x3F, 
0x3F, 0x3F, 0x1C, 0x6C, 0xB0, 0xA3, 0xB3, 0xB5, 0xB5, 0xB5, 0xBE, 0x9F, 0x7D, 0xA7, 0xAE, 0xAF, 
0xC5, 0x88, 0x97, 0xC4, 0x6C, 0x0B, 0x63, 0x80, 0xA8, 0xAC, 0x9E, 0x92, 0x23, 0x2E, 0x51, 0x85, 
0xA8, 0xB9, 0xB7, 0xB5, 0xB5, 0xB5, 0xB5, 0xB5, 0xB5, 0xB5, 0xB5, 0xB5, 0xB5, 0xB5, 0xB5, 0xC0, 
0x9B, 0x3F, 0x3F, 0x3F, 0x3F, 0x3F, 0x3F, 0x3F, 0x3F, 0x3F, 0x3F, 0x3F, 0x36, 0x30, 0x3F, 0x3F, 
0x3F, 0x3F, 0x3F, 0x3F, 0x3F, 0x3B, 0x2C, 0x7D, 0xBC, 0xC1, 0xBD, 0x7D, 0x03, 0x06, 0x49, 0x3F, 
0x3B, 0x06, 0x03, 0x0B, 0x49, 0x45, 0x33, 0x06, 0x7A, 0x7A, 0x7B, 0xA1, 0x7A, 0x53, 0x53, 0x53, 
0x42, 0x30, 0x41, 0x3F, 0x1B, 0x88, 0xB0, 0x5B, 0x6C, 0xB0, 0x6D, 0x1A, 0x3F, 0x3F, 0x3F, 0x3F, 
0x3F, 0x3F, 0x3F, 0x3F, 0x3F, 0x3F, 0x3F, 0x3F, 0x3F, 0x3F, 0x3F, 0x3F, 0x3F, 0x3F, 0x3F, 0x3F, 
0x3F, 0x39, 0x51, 0xA6, 0xC0, 0xB5, 0xB9, 0xAF, 0xA3, 0xAC, 0x85, 0x4B, 0x16, 0x4B, 0x3F, 0x33, 
0x3F, 0x23, 0x6C, 0xBD, 0x74, 0x0D, 0x45, 0x80, 0x7D, 0x15, 0x72, 0xA9, 0xA7, 0xA9, 0x7D, 0x77, 
0x70, 0x6D, 0x70, 0x7E, 0x93, 0x8A, 0x96, 0x98, 0x3F, 0x28, 0x5E, 0xA7, 0xBA, 0xB5, 0xB5, 0xC1, 
0x96, 0x55, 0xA8, 0x9F, 0x4B, 0x39, 0x3F, 0x3F, 0x3F, 0x3F, 0x20, 0x88, 0x96, 0x6D, 0xBD, 0xB5, 
0xB5, 0xBD, 0xC0, 0xC2, 0xC5, 0x8B, 0x72, 0x74, 0x80, 0x92, 0xAC, 0xB1, 0x72, 0x80, 0x9F, 0x74, 
0x86, 0xC4, 0xBE, 0x96, 0x39, 0x20, 0x80, 0xC4, 0xBD, 0xB5, 0xB5, 0xB9, 0xC0, 0xBC, 0xB5, 0xB5, 
0xB5, 0xB5, 0xB5, 0xB9, 0xB9, 0xB5, 0xB5, 0xBF, 0xA3, 0x3F, 0x3B, 0x3F, 0x3F, 0x3F, 0x3F, 0x3F, 
0x3F, 0x3F, 0x3F, 0x3F, 0x3F, 0x3F, 0x3F, 0x3F, 0x3F, 0x3F, 0x3F, 0x3F, 0x3F, 0x20, 0x5F, 0xB0, 
0xA6, 0x70, 0x9E, 0xB1, 0x57, 0x00, 0x09, 0x49, 0x48, 0x0B, 0x04, 0x04, 0x0B, 0x49, 0x1C, 0x04, 
0x60, 0x60, 0x60, 0x60, 0x60, 0x60, 0x7C, 0xA1, 0x7A, 0x61, 0x31, 0x30, 0x1E, 0x9E, 0xA7, 0x3D, 
0x3F, 0xA6, 0x85, 0x2C, 0x3F, 0x33, 0x1B, 0x12, 0x16, 0x39, 0x3F, 0x3F, 0x3F, 0x3F, 0x3F, 0x3F, 
0x3F, 0x3F, 0x3F, 0x3F, 0x3F, 0x3F, 0x3F, 0x3F, 0x3F, 0x3F, 0x1B, 0x70, 0xB3, 0xBC, 0xBC, 0xAF, 
0x63, 0x5E, 0x9F, 0x8A, 0x3B, 0x33, 0x39, 0x3F, 0x3F, 0x3F, 0x29, 0x77, 0xA6, 0x6C, 0x18, 0x1A, 
0x39, 0x1A, 0x6C, 0x8B, 0x80, 0xAD, 0x6A, 0xA9, 0xC3, 0xB9, 0xC2, 0xC5, 0xB3, 0x8F, 0x81, 0x5F, 
0x29, 0x39, 0x4B, 0x7D, 0xB9, 0xB9, 0xB5, 0xBD, 0xA7, 0x4E, 0x9E, 0x8A, 0x33, 0x39, 0x3F, 0x3F, 
0x3F, 0x39, 0x49, 0x92, 0x6C, 0x88, 0xC1, 0xB5, 0xB5, 0xA8, 0xA5, 0xA7, 0x8F, 0x50, 0x11, 0x12, 
0x6A, 0x63, 0x56, 0xA3, 0xB8, 0x88, 0x56, 0x0C, 0x6C, 0x86, 0x64, 0xA5, 0x57, 0x3F, 0x96, 0xC1, 
0xB5, 0xB5, 0xBC, 0xA9, 0x88, 0xAC, 0xBC, 0xB5, 0xB5, 0xB5, 0xBC, 0xB0, 0xB0, 0xB5, 0xB5, 0xC0, 
0x98, 0x39, 0x3F, 0x3F, 0x3F, 0x3F, 0x3F, 0x3F, 0x3F, 0x3F, 0x3F, 0x3F, 0x3F, 0x3F, 0x3F, 0x3F, 
0x3F, 0x39, 0x2E, 0x33, 0x3F, 0x1C, 0x77, 0xB9, 0x68, 0x0A, 0x70, 0xC3, 0x74, 0x08, 0x03, 0x08, 
0x28, 0x4C, 0x13, 0x06, 0x04, 0x04, 0x04, 0x03, 0x26, 0x2A, 0x26, 0x26, 0x26, 0x26, 0x43, 0x61, 
0x7B, 0xA1, 0x79, 0x53, 0x13, 0x97, 0xA8, 0x49, 0x0C, 0x98, 0x91, 0x39, 0x20, 0x50, 0x72, 0x8B, 
0x80, 0x4F, 0x39, 0x3F, 0x3F, 0x3F, 0x3F, 0x3F, 0x3F, 0x3F, 0x3F, 0x3F, 0x3F, 0x3F, 0x3F, 0x3F, 
0x3F, 0x3F, 0x39, 0x28, 0x80, 0xC0, 0xB9, 0xBE, 0x91, 0x50, 0x4F, 0x6D, 0x4C, 0x39, 0x3F, 0x3F, 
0x3F, 0x3F, 0x39, 0x29, 0x70, 0xA3, 0x7E, 0x4D, 0x1A, 0x33, 0x56, 0x9E, 0x9F, 0xB0, 0x8F, 0xAE, 
0xC0, 0xC3, 0xB0, 0x8A, 0x64, 0x58, 0x1B, 0x0E, 0x51, 0x49, 0x47, 0x97, 0xC0, 0xB5, 0xB5, 0xBE, 
0xA6, 0x4D, 0x91, 0x70, 0x1C, 0x3F, 0x3F, 0x3F, 0x3F, 0x3F, 0x3B, 0x7D, 0x68, 0xAC, 0xC0, 0xB9, 
0xB1, 0x6D, 0x2E, 0x52, 0x39, 0x39, 0x4F, 0x2F, 0x91, 0xA7, 0x64, 0x72, 0x6D, 0x33, 0x2C, 0x3D, 
0x4B, 0x3F, 0x4E, 0xA8, 0x5E, 0x2E, 0x92, 0xC1, 0xB5, 0xB5, 0xC0, 0xA3, 0x49, 0x65, 0xAC, 0xBC, 
0xB5, 0xBD, 0xAB, 0x74, 0xA8, 0xBD, 0xB5, 0xC1, 0x88, 0x2C, 0x3F, 0x3F, 0x3F, 0x3F, 0x3F, 0x3F, 
0x3F, 0x3F, 0x3F, 0x3F, 0x3F, 0x3F, 0x3F, 0x3F, 0x2F, 0x47, 0x56, 0x50, 0x2C, 0x20, 0x8F, 0xA5, 
0x39, 0x11, 0x7E, 0xB9, 0x6A, 0x2E, 0x09, 0x02, 0x05, 0x06, 0x42, 0x61, 0x53, 0x53, 0x07, 0x07, 
0x61, 0x3D, 0x43, 0x61, 0x5D, 0x37, 0x30, 0x2A, 0x42, 0x60, 0x7B, 0x7B, 0x60, 0x7D, 0xB6, 0x70, 
0x63, 0xAC, 0x86, 0x15, 0x5E, 0xA3, 0xC1, 0xB4, 0xC3, 0x74, 0x20, 0x3F, 0x3F, 0x3F, 0x3F, 0x3F, 
0x3F, 0x3F, 0x3F, 0x3F, 0x3F, 0x3F, 0x3F, 0x3F, 0x3F, 0x3F, 0x3F, 0x33, 0x4A, 0x86, 0xBE, 0xBC, 
0xA9, 0x9E, 0x5F, 0x12, 0x3F, 0x39, 0x23, 0x16, 0x2C, 0x33, 0x21, 0x15, 0x11, 0x56, 0x85, 0x96, 
0x6A, 0x23, 0x11, 0x8A, 0xA6, 0x7D, 0x93, 0xB8, 0xA3, 0x88, 0x65, 0x4B, 0x74, 0x80, 0x7E, 0x85, 
0x81, 0x49, 0x70, 0xC2, 0xBC, 0xB5, 0xB9, 0xC1, 0x86, 0x18, 0x80, 0x52, 0x39, 0x3F, 0x3F, 0x3F, 
0x3F, 0x3F, 0x39, 0x4B, 0x77, 0xAE, 0xAA, 0xC0, 0xBC, 0xA6, 0x80, 0x81, 0x51, 0x49, 0x77, 0x4B, 
0x80, 0xA3, 0xA8, 0x6C, 0x0C, 0x20, 0x2C, 0x1A, 0x35, 0x2C, 0x59, 0xA6, 0x59, 0x11, 0x80, 0xC2, 
0xB5, 0xB5, 0xC0, 0x9F, 0x4C, 0x3F, 0x98, 0xBF, 0xC0, 0xAE, 0x6A, 0x56, 0xAC, 0xBC, 0xB3, 0xC2, 
0x72, 0x1A, 0x3F, 0x3F, 0x3F, 0x3F, 0x3F, 0x3F, 0x3F, 0x3F, 0x3F, 0x3F, 0x3F, 0x3F, 0x3F, 0x2E, 
0x57, 0x91, 0xAD, 0xA7, 0x70, 0x16, 0x93, 0xA3, 0x4B, 0x64, 0xAE, 0x97, 0x36, 0x30, 0x61, 0x79, 
0x79, 0x60, 0x7A, 0xA1, 0xA1, 0xA1, 0xA1, 0xA1, 0x7C, 0x40, 0x5D, 0xA1, 0x7B, 0x60, 0x43, 0x3C, 
0x36, 0x2A, 0x53, 0x79, 0x7B, 0x7A, 0xA2, 0xB4, 0xB0, 0xB1, 0x6A, 0x51, 0xA6, 0xAD, 0x72, 0x59, 
0xAB, 0x86, 0x28, 0x3F, 0x3F, 0x3F, 0x3F, 0x3F, 0x3F, 0x3F, 0x3F, 0x3F, 0x3F, 0x3F, 0x3F, 0x3F, 
0x3F, 0x3F, 0x3F, 0x3F, 0x33, 0x4A, 0x80, 0xB9, 0x92, 0x6A, 0x58, 0x15, 0x1A, 0x4C, 0x63, 0x74, 
0x85, 0x8A, 0x80, 0x70, 0x5A, 0x1C, 0x10, 0x6A, 0x96, 0x81, 0x50, 0x51, 0x80, 0xA6, 0xA8, 0x74, 
0x44, 0x13, 0x5F, 0x96, 0xA4, 0x97, 0xA5, 0xBC, 0x72, 0x0C, 0x80, 0x98, 0xAB, 0xC1, 0x96, 0x81, 
0x5E, 0x35, 0x62, 0x3F, 0x3F, 0x3F, 0x3F, 0x3F, 0x3F, 0x3F, 0x3F, 0x2C, 0x8A, 0x80, 0x65, 0xAA, 
0xC0, 0xBE, 0xC2, 0x80, 0x2F, 0x39, 0x8A, 0x5A, 0x51, 0x7D, 0xB4, 0xAE, 0x7D, 0x62, 0x5B, 0x6C, 
0x8F, 0x7E, 0x7E, 0x80, 0x37, 0x23, 0x5E, 0xAB, 0xBF, 0xB5, 0xC0, 0x9F, 0x4B, 0x4F, 0xA8, 0xC5, 
0xAA, 0x70, 0x12, 0x85, 0xAB, 0x7D, 0xAE, 0xAC, 0x59, 0x29, 0x3F, 0x3F, 0x3F, 0x3F, 0x3F, 0x3F, 
0x3F, 0x3F, 0x3F, 0x3F, 0x3F, 0x3F, 0x3F, 0x2E, 0x8A, 0xAD, 0x8A, 0xAD, 0xAD, 0x56, 0x7E, 0xC3, 
0xA7, 0xB1, 0xA6, 0x58, 0x53, 0x7C, 0xA1, 0x7A, 0x7C, 0x7C, 0x79, 0x7C, 0x7C, 0x7C, 0x7C, 0x7C, 
0x7C, 0x43, 0x5D, 0xA1, 0xA1, 0xA1, 0x5D, 0x2A, 0x2A, 0x30, 0x30, 0x35, 0x5D, 0x79, 0xA1, 0xA1, 
0x87, 0x65, 0x10, 0x77, 0xBE, 0x6D, 0x0A, 0x56, 0xAD, 0x7E, 0x20, 0x33, 0x20, 0x1A, 0x21, 0x35, 
0x3F, 0x3F, 0x3F, 0x3F, 0x3F, 0x3F, 0x3F, 0x3F, 0x3F, 0x3F, 0x3F, 0x3F, 0x3F, 0x35, 0x28, 0x6C, 
0xA3, 0xA6, 0x85, 0x7D, 0x8A, 0x9F, 0xA5, 0xA7, 0x9E, 0x91, 0x96, 0xA5, 0xA8, 0x99, 0x72, 0x52, 
0x4B, 0x80, 0x9E, 0x6C, 0x0E, 0x62, 0x8B, 0x68, 0x6D, 0x8B, 0x9E, 0x74, 0x4E, 0x0B, 0x63, 0xA7, 
0x57, 0x33, 0x3F, 0x6C, 0xAE, 0xC3, 0x77, 0x35, 0x39, 0x45, 0x39, 0x3F, 0x3F, 0x3F, 0x3F, 0x3F, 
0x3F, 0x3F, 0x3F, 0x23, 0x81, 0x74, 0x0E, 0x5B, 0x9E, 0xC0, 0xB0, 0x6C, 0x1A, 0x1A, 0x7E, 0x7D, 
0x65, 0x6C, 0x85, 0xC3, 0xC3, 0x8F, 0x97, 0xB9, 0xAC, 0x96, 0x93, 0x4E, 0x33, 0x3F, 0x20, 0x70, 
0xAF, 0xBF, 0xC0, 0xA3, 0x4E, 0x3F, 0x81, 0x93, 0x5B, 0x15, 0x7D, 0xA6, 0x5B, 0x59, 0xB1, 0x81, 
0x1A, 0x3F, 0x3F, 0x3F, 0x3F, 0x3F, 0x3F, 0x3F, 0x3F, 0x3F, 0x39, 0x33, 0x39, 0x3F, 0x33, 0x51, 
0xA5, 0x7E, 0x0A, 0x72, 0xBD, 0x6D, 0x52, 0x91, 0xA7, 0x86, 0x5D, 0x7C, 0x7B, 0x7B, 0x61, 0x43, 
0x32, 0x2B, 0x2A, 0x32, 0x3D, 0x35, 0x2A, 0x2A, 0x7C, 0x43, 0x5D, 0xA1, 0xA1, 0x7B, 0x5D, 0x36, 
0x61, 0x5D, 0x30, 0x36, 0x2A, 0x43, 0x61, 0x7A, 0xA1, 0x79, 0x53, 0x80, 0xAF, 0x5B, 0x11, 0x80, 
0xB3, 0x64, 0x12, 0x50, 0x6D, 0x77, 0x6A, 0x4E, 0x28, 0x3F, 0x3F, 0x3F, 0x3F, 0x3F, 0x3F, 0x3F, 
0x3F, 0x3F, 0x3F, 0x3F, 0x3F, 0x3F, 0x39, 0x1A, 0x4D, 0x6A, 0x77, 0x7E, 0x77, 0x6A, 0x59, 0x46, 
0x1A, 0x1A, 0x16, 0x4C, 0x64, 0x7D, 0x99, 0xA3, 0x86, 0x63, 0x70, 0xAA, 0x88, 0x51, 0x56, 0x77, 
0x80, 0x70, 0x52, 0x12, 0x50, 0x70, 0x9F, 0x81, 0x1C, 0x3F, 0x1E, 0x62, 0xB1, 0xC0, 0xA3, 0x4D, 
0x35, 0x3F, 0x3F, 0x3F, 0x3F, 0x3F, 0x3F, 0x3F, 0x3F, 0x3F, 0x3F, 0x21, 0x6A, 0x6C, 0x23, 0x12, 
0x7E, 0xC2, 0xC1, 0x86, 0x28, 0x2C, 0x57, 0x97, 0xA5, 0x93, 0x4D, 0x96, 0xC4, 0x8F, 0xAB, 0x8F, 
0x88, 0x7E, 0x5F, 0x20, 0x3F, 0x3F, 0x3F, 0x17, 0x70, 0xAA, 0xC1, 0xA4, 0x50, 0x33, 0x2C, 0x35, 
0x1C, 0x55, 0x91, 0x5E, 0x12, 0x8A, 0xA4, 0x52, 0x2E, 0x3F, 0x3F, 0x3F, 0x3F, 0x3F, 0x3F, 0x3F, 
0x3F, 0x35, 0x33, 0x4F, 0x3F, 0x20, 0x33, 0x51, 0xA5, 0x74, 0x0D, 0x58, 0xB0, 0x72, 0x13, 0x26, 
0x43, 0x61, 0x7B, 0x7B, 0x7C, 0x42, 0x26, 0x30, 0x3D, 0x53, 0x5D, 0x43, 0x36, 0x5D, 0x5D, 0x5D, 
0x7C, 0x43, 0x5D, 0xA1, 0xA1, 0x7B, 0x5D, 0x40, 0x7A, 0x7B, 0x60, 0x42, 0x3E, 0x3C, 0x2A, 0x43, 
0x60, 0x7B, 0x7B, 0x7C, 0xB7, 0x9D, 0x8B, 0xB9, 0x88, 0x20, 0x5E, 0xA3, 0xBC, 0xB4, 0xB9, 0xA3, 
0x65, 0x29, 0x3F, 0x3F, 0x3F, 0x3F, 0x3F, 0x3F, 0x3F, 0x3F, 0x3F, 0x3F, 0x3F, 0x3F, 0x3F, 0x3F, 
0x39, 0x1C, 0x17, 0x1C, 0x1A, 0x1B, 0x2E, 0x39, 0x3F, 0x3F, 0x3F, 0x39, 0x20, 0x1C, 0x39, 0x5E, 
0x7D, 0x9E, 0x99, 0xAE, 0xC5, 0xA7, 0x62, 0x15, 0x23, 0x1A, 0x33, 0x34, 0x88, 0xC5, 0xAA, 0x56, 
0x2C, 0x3F, 0x1A, 0x80, 0xBD, 0xBE, 0xAB, 0x57, 0x2E, 0x3F, 0x3F, 0x3F, 0x3F, 0x3F, 0x3F, 0x3F, 
0x3F, 0x3F, 0x3F, 0x3F, 0x49, 0x4B, 0x3F, 0x21, 0x7E, 0xC2, 0xBE, 0xA5, 0x51, 0x33, 0x1E, 0x64, 
0xB0, 0xB0, 0x65, 0x4C, 0x96, 0xC3, 0xC2, 0x97, 0x59, 0x52, 0x2C, 0x3F, 0x2F, 0x20, 0x1A, 0x28, 
0x39, 0x7D, 0xC1, 0x80, 0x23, 0x3F, 0x3F, 0x3F, 0x3F, 0x45, 0x49, 0x5E, 0x8B, 0xBD, 0x70, 0x17, 
0x3F, 0x3F, 0x3F, 0x3F, 0x3F, 0x3F, 0x3F, 0x3F, 0x35, 0x50, 0x85, 0xA5, 0x92, 0x6C, 0x29, 0x35, 
0x97, 0x96, 0x13, 0x6A, 0xB1, 0x64, 0x1D, 0x61, 0x7A, 0xA1, 0x7C, 0x53, 0x30, 0x36, 0x3B, 0x43, 
0x79, 0x7B, 0x7B, 0x5D, 0x2A, 0x79, 0xA1, 0xA1, 0x7C, 0x43, 0x5D, 0xA1, 0xA1, 0xA1, 0x5D, 0x3F, 
0x7A, 0xA1, 0xA1, 0x60, 0x2A, 0x3C, 0x2A, 0x2A, 0x2A, 0x53, 0x7C, 0xA1, 0xA1, 0xB1, 0xA8, 0x80, 
0x4D, 0x4C, 0x9E, 0xA7, 0x6A, 0x58, 0x6D, 0xA9, 0xA6, 0x4F, 0x28, 0x23, 0x33, 0x3F, 0x3F, 0x3F, 
0x3F, 0x3F, 0x3F, 0x3F, 0x3F, 0x3F, 0x3F, 0x3F, 0x3F, 0x3F, 0x3F, 0x3F, 0x3F, 0x3F, 0x3F, 0x3F, 
0x3F, 0x3F, 0x3F, 0x3F, 0x3F, 0x3F, 0x3B, 0x2C, 0x1A, 0x4E, 0x6C, 0x8A, 0xA8, 0xC5, 0x88, 0x15, 
0x3F, 0x3F, 0x2C, 0x57, 0xAB, 0xC4, 0x77, 0x16, 0x3F, 0x1A, 0x64, 0xAE, 0xBC, 0xC3, 0x88, 0x31, 
0x3F, 0x3F, 0x3F, 0x3F, 0x3F, 0x3F, 0x3F, 0x3F, 0x3F, 0x3F, 0x3F, 0x3F, 0x3F, 0x3B, 0x3F, 0x1B, 
0x74, 0xC2, 0xB9, 0xB1, 0x5F, 0x28, 0x3F, 0x28, 0x92, 0xC4, 0xA7, 0x65, 0x57, 0x98, 0xC5, 0x9E, 
0x50, 0x12, 0x1A, 0x3B, 0x58, 0x68, 0x74, 0x88, 0xA5, 0xA4, 0x7E, 0x4D, 0x39, 0x3F, 0x3F, 0x3F, 
0x3F, 0x29, 0x5E, 0x99, 0xAA, 0xAC, 0x77, 0x17, 0x3F, 0x3F, 0x3F, 0x3F, 0x3F, 0x3F, 0x3F, 0x3F, 
0x2F, 0x80, 0xAE, 0x85, 0x88, 0xA8, 0x86, 0x4B, 0x6D, 0xB1, 0x86, 0xA3, 0xA7, 0x61, 0x7C, 0xA1, 
0x7C, 0x61, 0x38, 0x30, 0x2A, 0x30, 0x36, 0x42, 0x7B, 0xA1, 0xA1, 0x61, 0x2A, 0x7A, 0xA1, 0xA1, 
0x60, 0x3A, 0x5D, 0x7A, 0xA1, 0xA1, 0x5D, 0x3A, 0x7A, 0xA1, 0xA1, 0x60, 0x26, 0x5D, 0x7C, 0x42, 
0x2A, 0x30, 0x36, 0x5D, 0x79, 0xA1, 0x7A, 0x61, 0x17, 0x57, 0xB1, 0x7D, 0x0A, 0x12, 0x0F, 0x8B, 
0xAB, 0x51, 0x51, 0x5E, 0x51, 0x23, 0x3F, 0x3F, 0x3F, 0x3F, 0x3F, 0x3F, 0x3F, 0x3F, 0x3F, 0x3F, 
0x3F, 0x3F, 0x3F, 0x35, 0x2C, 0x23, 0x1C, 0x1A, 0x1A, 0x1A, 0x16, 0x16, 0x15, 0x15, 0x15, 0x15, 
0x15, 0x12, 0x0C, 0x11, 0x55, 0x63, 0x57, 0x39, 0x3F, 0x3F, 0x15, 0x77, 0xC4, 0xA5, 0x51, 0x33, 
0x33, 0x4F, 0x9F, 0xC1, 0xC0, 0xA4, 0x56, 0x2C, 0x3F, 0x3F, 0x3F, 0x3F, 0x3F, 0x3F, 0x3F, 0x3F, 
0x3F, 0x3F, 0x3F, 0x3F, 0x3F, 0x3F, 0x3F, 0x28, 0x5E, 0xAC, 0xBD, 0xBD, 0x77, 0x1A, 0x3F, 0x1C, 
0x77, 0xBA, 0x85, 0x81, 0x88, 0x93, 0x80, 0x51, 0x2C, 0x65, 0x85, 0x97, 0x99, 0x97, 0x88, 0x74, 
0x65, 0x56, 0x17, 0x29, 0x33, 0x33, 0x33, 0x33, 0x2E, 0x1A, 0x13, 0x51, 0x6D, 0xA3, 0x6C, 0x23, 
0x3F, 0x3F, 0x3F, 0x3F, 0x39, 0x28, 0x1B, 0x1A, 0x4E, 0xA5, 0x88, 0x0A, 0x10, 0x5E, 0xA8, 0x86, 
0x21, 0x80, 0xAF, 0xAD, 0x7A, 0xA1, 0x7A, 0x61, 0x43, 0x2A, 0x36, 0x30, 0x5D, 0x61, 0x3D, 0x42, 
0x7B, 0xA1, 0xA1, 0x61, 0x26, 0x7C, 0xA1, 0xA1, 0x3D, 0x3F, 0x3B, 0x43, 0x61, 0x7C, 0x53, 0x43, 
0x7A, 0xA1, 0xA1, 0x60, 0x26, 0x61, 0xA1, 0x7A, 0x5D, 0x3B, 0x3C, 0x26, 0x30, 0x61, 0x7A, 0xA1, 
0x79, 0x5D, 0x9F, 0xA8, 0x70, 0x6A, 0x85, 0xB0, 0x77, 0x6D, 0xA7, 0xAF, 0xA3, 0x5F, 0x28, 0x3F, 
0x3F, 0x3F, 0x3F, 0x3F, 0x3F, 0x3F, 0x3F, 0x3F, 0x3F, 0x3F, 0x23, 0x4E, 0x5E, 0x6C, 0x72, 0x77, 
0x7D, 0x7D, 0x7E, 0x7E, 0x80, 0x81, 0x81, 0x85, 0x80, 0x7D, 0x74, 0x6C, 0x58, 0x2C, 0x1C, 0x3F, 
0x3F, 0x33, 0x4E, 0xA3, 0xC0, 0x70, 0x16, 0x3F, 0x28, 0x81, 0xC1, 0xBD, 0xAD, 0x64, 0x1A, 0x3F, 
0x3F, 0x3F, 0x3F, 0x3F, 0x3F, 0x3F, 0x3F, 0x3F, 0x3F, 0x3F, 0x39, 0x39, 0x3F, 0x3F, 0x3F, 0x3F, 
0x21, 0x88, 0xC1, 0xC1, 0x91, 0x20, 0x3F, 0x1A, 0x6C, 0xBE, 0x6D, 0x10, 0x4B, 0x4B, 0x12, 0x56, 
0x8A, 0x86, 0x72, 0x65, 0x55, 0x1B, 0x0D, 0x0B, 0x15, 0x4B, 0x51, 0x52, 0x52, 0x51, 0x51, 0x52, 
0x5B, 0x77, 0x88, 0x8F, 0x99, 0x72, 0x33, 0x3F, 0x3F, 0x3F, 0x3F, 0x2C, 0x45, 0x62, 0x72, 0x64, 
0x47, 0x8F, 0xA7, 0x5A, 0x45, 0x0C, 0x77, 0xAB, 0x4B, 0x42, 0x7C, 0xA1, 0x7B, 0x60, 0x43, 0x26, 
0x3C, 0x3E, 0x40, 0x61, 0xA1, 0x7A, 0x3D, 0x42, 0x7B, 0xA1, 0xA1, 0x61, 0x26, 0x7C, 0xA1, 0xA1, 
0x3F, 0x3F, 0x3F, 0x3C, 0x30, 0x3D, 0x3F, 0x43, 0x60, 0x7A, 0xA1, 0x61, 0x26, 0x61, 0xA1, 0xA1, 
0x7A, 0x43, 0x3B, 0x43, 0x30, 0x26, 0x43, 0x61, 0x7B, 0x7B, 0x7C, 0xA2, 0xAC, 0xB0, 0xA6, 0x72, 
0x58, 0xAB, 0x98, 0x70, 0xA3, 0xA7, 0x55, 0x33, 0x3F, 0x3F, 0x3F, 0x3F, 0x3F, 0x3F, 0x3F, 0x3F, 
0x39, 0x33, 0x70, 0x98, 0x97, 0x8B, 0x86, 0x85, 0x85, 0x85, 0x86, 0x86, 0x85, 0x85, 0x85, 0x86, 
0x86, 0x88, 0x88, 0x88, 0x96, 0x93, 0x5E, 0x2E, 0x3F, 0x16, 0x77, 0xC3, 0x9F, 0x4D, 0x33, 0x1A, 
0x72, 0xB1, 0xBC, 0xB9, 0x74, 0x1A, 0x3F, 0x3F, 0x3F, 0x3F, 0x3F, 0x3F, 0x3F, 0x3F, 0x3F, 0x3F, 
0x3F, 0x2E, 0x49, 0x49, 0x20, 0x28, 0x3B, 0x3F, 0x20, 0x64, 0xB1, 0xC0, 0xA7, 0x55, 0x2E, 0x20, 
0x62, 0xB1, 0x77, 0x15, 0x3F, 0x39, 0x17, 0x6D, 0xAF, 0x74, 0x5E, 0x5B, 0x5F, 0x6A, 0x70, 0x7D, 
0x88, 0x98, 0xA5, 0xA6, 0x9F, 0x98, 0x92, 0x91, 0x91, 0x7E, 0x6D, 0x6C, 0x56, 0x20, 0x3F, 0x3F, 
0x3F, 0x3F, 0x28, 0x58, 0x93, 0xB1, 0xB9, 0xB3, 0x74, 0x57, 0x97, 0xAC, 0x96, 0x88, 0xA8, 0xA2, 
0x60, 0x7B, 0x7B, 0x60, 0x53, 0x2A, 0x30, 0x38, 0x3D, 0x2A, 0x5D, 0xA1, 0xA1, 0x7C, 0x39, 0x42, 
0x7B, 0xA1, 0xA1, 0x61, 0x26, 0x7C, 0xA1, 0xA1, 0x39, 0x3F, 0x38, 0x2B, 0x2B, 0x35, 0x3F, 0x3F, 
0x36, 0x43, 0x60, 0x5D, 0x26, 0x61, 0xA1, 0xA1, 0x7A, 0x43, 0x43, 0x7C, 0x60, 0x43, 0x2A, 0x26, 
0x60, 0xA1, 0xA1, 0x7B, 0x61, 0x59, 0x4E, 0x0C, 0x68, 0xB3, 0x62, 0x0A, 0x5F, 0xAE, 0x74, 0x1A, 
0x3F, 0x3F, 0x3F, 0x3F, 0x3F, 0x3F, 0x3F, 0x3F, 0x20, 0x70, 0x96, 0x63, 0x4D, 0x39, 0x21, 0x1A, 
0x1A, 0x1A, 0x12, 0x0B, 0x4B, 0x5F, 0x6A, 0x6C, 0x6C, 0x6C, 0x6C, 0x6A, 0x74, 0xC2, 0x7D, 0x11, 
0x28, 0x5E, 0xAC, 0xC5, 0x7E, 0x10, 0x12, 0x6C, 0xAE, 0xBC, 0xC1, 0x92, 0x40, 0x39, 0x3F, 0x3F, 
0x3F, 0x3F, 0x3F, 0x3F, 0x3F, 0x3F, 0x3F, 0x3F, 0x20, 0x6C, 0xA7, 0x99, 0x77, 0x5B, 0x3F, 0x39, 
0x35, 0x49, 0x98, 0xC1, 0xBC, 0x6C, 0x1B, 0x21, 0x5F, 0xB3, 0x77, 0x15, 0x3F, 0x23, 0x15, 0x49, 
0x74, 0x8B, 0x8F, 0x8F, 0x8F, 0x88, 0x85, 0x80, 0x72, 0x64, 0x5B, 0x58, 0x58, 0x57, 0x57, 0x55, 
0x4D, 0x1A, 0x20, 0x23, 0x33, 0x3F, 0x3F, 0x3F, 0x3F, 0x2F, 0x55, 0xA5, 0xAA, 0x70, 0x5B, 0xA7, 
0x9F, 0x37, 0x4B, 0x6C, 0x80, 0x8B, 0x89, 0x7B, 0xA1, 0x7C, 0x53, 0x2A, 0x36, 0x2A, 0x42, 0x79, 
0x61, 0x26, 0x61, 0xA1, 0xA1, 0x7C, 0x35, 0x54, 0x7B, 0xA1, 0x7B, 0x5D, 0x2A, 0x79, 0x7B, 0x7B, 
0x47, 0x1F, 0x4D, 0x5C, 0x62, 0x50, 0x32, 0x39, 0x35, 0x2A, 0x26, 0x3C, 0x2A, 0x5D, 0xA1, 0xA1, 
0x7A, 0x43, 0x43, 0x7B, 0xA1, 0x7C, 0x42, 0x26, 0x61, 0x7B, 0x61, 0x60, 0x7B, 0x7A, 0x61, 0x21, 
0x5E, 0xAE, 0x70, 0x11, 0x4B, 0xA3, 0x81, 0x12, 0x39, 0x33, 0x2C, 0x35, 0x3F, 0x3F, 0x3F, 0x33, 
0x50, 0x98, 0x5F, 0x12, 0x33, 0x33, 0x3F, 0x20, 0x23, 0x2E, 0x4C, 0x7D, 0xA3, 0x98, 0x91, 0x91, 
0x93, 0x98, 0x9E, 0x9E, 0x96, 0x91, 0x72, 0x57, 0x2C, 0x8B, 0xC2, 0xC1, 0x80, 0x51, 0x74, 0xAD, 
0xBE, 0xBD, 0xAD, 0x5F, 0x20, 0x3F, 0x3F, 0x3F, 0x3F, 0x3F, 0x3F, 0x3F, 0x3F, 0x3F, 0x3F, 0x3F, 
0x4B, 0x99, 0x77, 0x5F, 0x7E, 0xA9, 0x80, 0x21, 0x39, 0x12, 0x7E, 0xBF, 0xC1, 0x8F, 0x1C, 0x12, 
0x6D, 0xC5, 0x77, 0x12, 0x33, 0x72, 0x86, 0x5E, 0x12, 0x0B, 0x23, 0x3F, 0x2C, 0x12, 0x0D, 0x51, 
0x72, 0x77, 0x62, 0x20, 0x12, 0x12, 0x1A, 0x2C, 0x39, 0x3F, 0x3F, 0x3F, 0x3F, 0x3F, 0x3F, 0x3F, 
0x3F, 0x20, 0x7E, 0xAF, 0x63, 0x0F, 0x28, 0xA5, 0x99, 0x41, 0x26, 0x1D, 0x61, 0x7A, 0x7B, 0x79, 
0x5D, 0x3D, 0x26, 0x3B, 0x36, 0x61, 0x7B, 0xA1, 0x60, 0x26, 0x61, 0xA1, 0xA1, 0x7C, 0x3B, 0x43, 
0x60, 0x60, 0x5D, 0x3D, 0x3B, 0x42, 0x53, 0x53, 0x78, 0x69, 0x82, 0x8E, 0x90, 0x82, 0x5C, 0x46, 
0x54, 0x5A, 0x50, 0x38, 0x3F, 0x3E, 0x5D, 0x7A, 0x7A, 0x43, 0x43, 0x7B, 0xA1, 0xA1, 0x61, 0x26, 
0x61, 0x7B, 0x43, 0x26, 0x5D, 0x7A, 0xA1, 0x7C, 0x53, 0x91, 0xA7, 0x57, 0x51, 0xA7, 0x77, 0x0C, 
0x45, 0x56, 0x5F, 0x50, 0x2C, 0x3F, 0x3F, 0x28, 0x5E, 0xA3, 0x4F, 0x4E, 0x51, 0x77, 0x49, 0x6C, 
0x6A, 0x4F, 0x96, 0xAD, 0x6D, 0x45, 0x28, 0x28, 0x23, 0x12, 0x13, 0x55, 0x77, 0x91, 0xA9, 0x93, 
0x64, 0xB0, 0xB9, 0xB7, 0xAF, 0xAA, 0xBC, 0xBD, 0xB5, 0xC1, 0x85, 0x17, 0x3F, 0x3F, 0x3F, 0x3F, 
0x45, 0x3F, 0x3F, 0x3F, 0x39, 0x39, 0x3F, 0x2E, 0x5B, 0x96, 0x4B, 0x1C, 0x1A, 0x72, 0xBC, 0x74, 
0x33, 0x16, 0x70, 0xB5, 0xBC, 0xAF, 0x6D, 0x56, 0x9E, 0xC5, 0x74, 0x11, 0x4B, 0xA3, 0xA3, 0x93, 
0x8A, 0x74, 0x5E, 0x51, 0x4F, 0x57, 0x77, 0xA9, 0xAC, 0x9A, 0xA9, 0x85, 0x67, 0x6D, 0x5E, 0x3B, 
0x33, 0x3F, 0x3F, 0x3F, 0x3F, 0x39, 0x33, 0x3F, 0x3F, 0x33, 0x8A, 0xA8, 0x4B, 0x11, 0x70, 0xBF, 
0x77, 0x1B, 0x5D, 0x7C, 0xA1, 0xA1, 0x61, 0x35, 0x26, 0x30, 0x42, 0x40, 0x40, 0x7C, 0xA1, 0xA1, 
0x60, 0x26, 0x61, 0xA1, 0x7A, 0x61, 0x3B, 0x3C, 0x2A, 0x26, 0x26, 0x35, 0x32, 0x30, 0x2A, 0x2A, 
0x95, 0x95, 0x95, 0x95, 0x95, 0x95, 0x8C, 0x82, 0x8C, 0x8E, 0x82, 0x4E, 0x2B, 0x27, 0x26, 0x43, 
0x53, 0x3D, 0x54, 0x7B, 0xA1, 0xA1, 0x61, 0x26, 0x60, 0x7B, 0x43, 0x3C, 0x30, 0x43, 0x61, 0x7A, 
0x7B, 0x7C, 0xA7, 0xA8, 0x97, 0xAD, 0x5B, 0x68, 0x96, 0xAE, 0xB5, 0xA4, 0x5F, 0x2C, 0x3F, 0x23, 
0x64, 0xA4, 0x56, 0x81, 0x59, 0xA3, 0x51, 0xA4, 0x8B, 0x8F, 0xC5, 0x98, 0x28, 0x28, 0x2F, 0x39, 
0x4C, 0x65, 0x85, 0x97, 0x7E, 0x63, 0x88, 0x8A, 0x93, 0xC0, 0xB5, 0xB5, 0xB9, 0xBC, 0xB5, 0xB5, 
0xBC, 0xAD, 0x5E, 0x28, 0x3F, 0x3F, 0x28, 0x50, 0x6D, 0x33, 0x3F, 0x39, 0x4E, 0x4B, 0x33, 0x28, 
0x5E, 0x8F, 0x20, 0x5B, 0x72, 0x6C, 0xA6, 0x8F, 0x77, 0x11, 0x68, 0xB1, 0xB9, 0xBC, 0xAF, 0xAB, 
0xBC, 0xC2, 0x74, 0x12, 0x1C, 0x88, 0x93, 0x55, 0x63, 0x7E, 0x91, 0x8F, 0x8F, 0x98, 0x97, 0x7E, 
0x56, 0x2E, 0x5F, 0xAA, 0xB5, 0xB5, 0xAE, 0x88, 0x50, 0x2C, 0x3F, 0x3F, 0x33, 0x4F, 0x57, 0x3D, 
0x20, 0x20, 0x70, 0xB5, 0x96, 0x85, 0xAF, 0x9D, 0x5D, 0x7C, 0xA1, 0x7B, 0xA1, 0x7C, 0x3A, 0x2A, 
0x43, 0x60, 0x7A, 0x42, 0x40, 0x7A, 0xA1, 0xA1, 0x60, 0x26, 0x53, 0x61, 0x43, 0x1F, 0x2B, 0x2B, 
0x3D, 0x5C, 0x69, 0x71, 0x62, 0x47, 0x4A, 0x50, 0x95, 0x95, 0x95, 0x90, 0x95, 0x90, 0x8D, 0x90, 
0x90, 0x90, 0x90, 0x69, 0x56, 0x66, 0x5C, 0x41, 0x30, 0x3C, 0x43, 0x60, 0x7B, 0xA1, 0x61, 0x26, 
0x60, 0x7B, 0x42, 0x3C, 0x3F, 0x3B, 0x2A, 0x43, 0x60, 0x79, 0x58, 0x8B, 0xA7, 0x74, 0x74, 0xB0, 
0x9E, 0x72, 0x70, 0xA9, 0x98, 0x2F, 0x3F, 0x28, 0x5B, 0xA9, 0x59, 0x86, 0x74, 0xAC, 0x98, 0xB3, 
0xB5, 0xC1, 0xAE, 0xA7, 0x9F, 0x97, 0x96, 0x91, 0x91, 0x8B, 0x72, 0x5F, 0x77, 0xA4, 0x8A, 0x77, 
0xB5, 0xB5, 0xB5, 0xB5, 0xB5, 0xB5, 0xB5, 0xB5, 0xC1, 0x8B, 0x24, 0x3F, 0x3F, 0x1C, 0x5A, 0x85, 
0xA9, 0x62, 0x21, 0x4B, 0x8A, 0x98, 0x70, 0x1B, 0x58, 0x8F, 0x23, 0x62, 0x93, 0x97, 0x6C, 0x20, 
0x86, 0x7D, 0x77, 0xB5, 0xB9, 0xB5, 0xB9, 0xBC, 0xB5, 0xC2, 0x74, 0x15, 0x28, 0x52, 0x93, 0xA5, 
0x74, 0x51, 0x39, 0x55, 0x57, 0x55, 0x4B, 0x2D, 0x74, 0x55, 0x1A, 0x9F, 0xC2, 0xBA, 0xBE, 0xC2, 
0x92, 0x4D, 0x39, 0x33, 0x56, 0x9F, 0xAE, 0x9F, 0x6C, 0x20, 0x3D, 0x74, 0xA4, 0xA6, 0x8A, 0x7C, 
0x7B, 0x7B, 0x60, 0x53, 0x7A, 0x7C, 0x37, 0x42, 0x7C, 0xA1, 0x7B, 0x42, 0x40, 0x7A, 0xA1, 0x7A, 
0x5D, 0x2A, 0x36, 0x30, 0x5C, 0x69, 0x66, 0x5C, 0x71, 0x8C, 0x8E, 0x8D, 0x82, 0x78, 0x78, 0x82, 
0x90, 0x95, 0x95, 0x95, 0x90, 0x8E, 0x8E, 0x8E, 0x90, 0x95, 0x95, 0x90, 0x8D, 0x95, 0x90, 0x69, 
0x3E, 0x3E, 0x3E, 0x26, 0x5D, 0x7A, 0x5D, 0x26, 0x60, 0x7B, 0x42, 0x3C, 0x3F, 0x3F, 0x3F, 0x36, 
0x36, 0x43, 0x2E, 0x28, 0x49, 0x52, 0xAE, 0x91, 0x2E, 0x11, 0x0A, 0x86, 0xAC, 0x4E, 0x39, 0x33, 
0x51, 0xA7, 0x97, 0xA4, 0xB1, 0xB7, 0xBC, 0xAC, 0xB9, 0xAE, 0x6D, 0x56, 0x6A, 0x6D, 0x6D, 0x64, 
0x52, 0x51, 0x77, 0xA4, 0x98, 0x6C, 0x55, 0xA4, 0xC0, 0xB5, 0xB5, 0xB5, 0xB5, 0xB5, 0xB5, 0xB9, 
0xB8, 0x6C, 0x1B, 0x33, 0x12, 0x55, 0x9F, 0xAC, 0xAD, 0x64, 0x1B, 0x4D, 0xA4, 0xC5, 0xAD, 0x7E, 
0x57, 0x8F, 0x4C, 0x5B, 0xAF, 0xA4, 0x5F, 0x7E, 0x7D, 0x8B, 0xB1, 0xB9, 0xB5, 0xB5, 0xB5, 0xB5, 
0xB5, 0xC2, 0x81, 0x23, 0x4C, 0x6A, 0x64, 0x74, 0xAA, 0xAB, 0x70, 0x15, 0x2C, 0x33, 0x1B, 0x62, 
0xAF, 0x6C, 0x5F, 0xA9, 0x70, 0x70, 0xAD, 0xBF, 0xC1, 0x7E, 0x28, 0x1A, 0x70, 0xBA, 0x81, 0x97, 
0xB1, 0x77, 0x2C, 0x18, 0x54, 0x61, 0x7A, 0x7B, 0x7C, 0x53, 0x26, 0x43, 0x7A, 0x7C, 0x30, 0x61, 
0xA1, 0xA1, 0x7B, 0x42, 0x40, 0x7C, 0x7C, 0x43, 0x2A, 0x4A, 0x1F, 0x66, 0x8D, 0x8D, 0x8E, 0x89, 
0x8C, 0x8C, 0x8C, 0x8E, 0x8C, 0x8C, 0x8C, 0x8D, 0x90, 0x90, 0x95, 0x95, 0x90, 0x8E, 0x90, 0x90, 
0x95, 0x95, 0x95, 0x95, 0x95, 0x95, 0x8C, 0x69, 0x38, 0x3E, 0x2B, 0x2B, 0x2A, 0x43, 0x43, 0x2A, 
0x60, 0x7B, 0x42, 0x3C, 0x3F, 0x3F, 0x3F, 0x3F, 0x3F, 0x3C, 0x3F, 0x3F, 0x23, 0x57, 0xB1, 0x93, 
0x5B, 0x58, 0x72, 0xAD, 0x99, 0x39, 0x3F, 0x1C, 0x6A, 0xB0, 0xB9, 0xA9, 0xAF, 0xBE, 0x96, 0x58, 
0x6D, 0x64, 0x28, 0x28, 0x1B, 0x1A, 0x12, 0x28, 0x74, 0xA7, 0x99, 0x6C, 0x39, 0x0D, 0x7D, 0xC1, 
0xB5, 0xB5, 0xB5, 0xB5, 0xB5, 0xB5, 0xB5, 0xBC, 0xA9, 0x51, 0x1B, 0x59, 0x77, 0xA4, 0x85, 0x77, 
0x99, 0x51, 0x29, 0x4C, 0x9E, 0xC0, 0xAF, 0x8B, 0x74, 0x8F, 0x56, 0x59, 0xAE, 0xB9, 0xA3, 0xA6, 
0x9B, 0x5E, 0x8B, 0xBF, 0xB5, 0xB5, 0xB5, 0xB5, 0xB5, 0xC0, 0x92, 0x2C, 0x74, 0xC1, 0xB0, 0x72, 
0x52, 0x8A, 0xAE, 0x74, 0x1C, 0x35, 0x20, 0x7D, 0xC6, 0x80, 0x9F, 0xC4, 0x80, 0x70, 0xA7, 0xAE, 
0xBF, 0xAC, 0x5B, 0x12, 0x70, 0xAC, 0x4E, 0x2C, 0x81, 0xB1, 0x65, 0x19, 0x60, 0xA1, 0x7C, 0x5D, 
0x2A, 0x30, 0x36, 0x43, 0x7A, 0x7C, 0x30, 0x61, 0xA1, 0xA1, 0x7A, 0x42, 0x3C, 0x42, 0x3A, 0x55, 
0x75, 0x82, 0x69, 0x82, 0x8E, 0x8D, 0x90, 0x8C, 0x8C, 0x8C, 0x8C, 0x8D, 0x8C, 0x8E, 0x89, 0x8D, 
0x8E, 0x90, 0x95, 0x95, 0x90, 0x8E, 0x8D, 0x90, 0x90, 0x95, 0x95, 0x95, 0x95, 0x87, 0x52, 0x22, 
0x2B, 0x39, 0x66, 0x78, 0x69, 0x41, 0x3B, 0x2A, 0x60, 0x7B, 0x42, 0x3C, 0x3F, 0x3F, 0x3F, 0x3F, 
0x3F, 0x3F, 0x3F, 0x3F, 0x39, 0x3F, 0x80, 0xBC, 0xB1, 0xB0, 0xBF, 0xA6, 0x62, 0x29, 0x39, 0x4B, 
0x98, 0xC5, 0x8F, 0x4D, 0x6D, 0xB8, 0xAC, 0x70, 0x1A, 0x20, 0x3F, 0x3F, 0x3F, 0x2C, 0x4C, 0x8B, 
0xAA, 0x74, 0x4B, 0x1B, 0x33, 0x51, 0xA8, 0xBE, 0xB5, 0xB5, 0xB5, 0xB5, 0xB5, 0xB5, 0xB5, 0xC0, 
0x9F, 0x5B, 0x81, 0x99, 0x85, 0x70, 0x55, 0x7E, 0x6A, 0x2C, 0x39, 0x49, 0x96, 0xAA, 0xAE, 0x86, 
0x85, 0xA6, 0x5E, 0x58, 0xA5, 0xA8, 0xAA, 0xA3, 0xAC, 0x6D, 0x47, 0x8B, 0xC0, 0xB9, 0xB5, 0xB5, 
0xB5, 0xBE, 0xA6, 0x45, 0x7D, 0xA6, 0x81, 0xB0, 0x6C, 0x10, 0x6D, 0xA6, 0x7D, 0x33, 0x20, 0x67, 
0x85, 0xAD, 0xA7, 0x81, 0x80, 0xAA, 0x93, 0x65, 0xAD, 0xC3, 0x80, 0x10, 0x5E, 0xAD, 0x62, 0x11, 
0x51, 0xAB, 0x86, 0x13, 0x53, 0x5D, 0x43, 0x30, 0x3F, 0x3F, 0x36, 0x43, 0x7A, 0x7C, 0x27, 0x61, 
0xA1, 0x7A, 0x5D, 0x3A, 0x3E, 0x36, 0x2E, 0x78, 0x95, 0x90, 0x8D, 0x8D, 0x8D, 0x8E, 0x8D, 0x8E, 
0x8C, 0x89, 0x89, 0x8E, 0x8C, 0x8D, 0x8D, 0x8C, 0x8E, 0x95, 0x95, 0x95, 0x95, 0x90, 0x8E, 0x90, 
0x90, 0x95, 0x95, 0x95, 0x90, 0x5A, 0x4D, 0x78, 0x78, 0x82, 0x90, 0x95, 0x8E, 0x56, 0x2E, 0x2A, 
0x60, 0x7B, 0x43, 0x3C, 0x3F, 0x3F, 0x39, 0x1B, 0x1A, 0x1A, 0x33, 0x3F, 0x3F, 0x39, 0x45, 0x6A, 
0x7E, 0x7D, 0x6C, 0x51, 0x20, 0x33, 0x12, 0x6C, 0xBD, 0xAF, 0x62, 0x0B, 0x88, 0xA4, 0x85, 0x9F, 
0x5F, 0x28, 0x3F, 0x3F, 0x33, 0x4C, 0x91, 0x9E, 0x5A, 0x17, 0x39, 0x3F, 0x15, 0x70, 0xC0, 0xBC, 
0xB5, 0xB5, 0xB5, 0xB5, 0xB5, 0xB5, 0xBD, 0xB5, 0xA9, 0xAE, 0x85, 0x4D, 0x15, 0x6C, 0x85, 0x62, 
0x23, 0x3F, 0x39, 0x39, 0x8B, 0x9E, 0x9B, 0xA5, 0x70, 0xB1, 0x6C, 0x57, 0x93, 0x64, 0xA9, 0xAC, 
0xAC, 0x6C, 0x15, 0x4C, 0x85, 0xBD, 0xBD, 0xB5, 0xB5, 0xBC, 0xAC, 0x4E, 0x65, 0x9F, 0x3F, 0x86, 
0xAC, 0x5F, 0x0D, 0x59, 0x96, 0x8B, 0x56, 0x0B, 0x29, 0xA3, 0xA6, 0x55, 0x0B, 0x85, 0x80, 0x0A, 
0x88, 0xC4, 0xA7, 0x51, 0x49, 0x9E, 0x8F, 0x2B, 0x62, 0xAF, 0x8A, 0x12, 0x36, 0x2A, 0x3B, 0x3F, 
0x3F, 0x3F, 0x36, 0x43, 0x7A, 0x7C, 0x36, 0x61, 0x7A, 0x42, 0x26, 0x49, 0x2B, 0x2E, 0x32, 0x52, 
0x69, 0x8C, 0x8C, 0x8D, 0x8E, 0x8D, 0x8D, 0x8D, 0x8E, 0x8C, 0x8C, 0x8D, 0x8D, 0x8C, 0x8C, 0x8C, 
0x90, 0x95, 0x8E, 0x8E, 0x90, 0x8E, 0x8D, 0x90, 0x8D, 0x90, 0x95, 0x82, 0x63, 0x2B, 0x5A, 0x95, 
0x95, 0x95, 0x90, 0x90, 0x90, 0x66, 0x32, 0x2A, 0x60, 0x7B, 0x43, 0x3C, 0x3F, 0x20, 0x52, 0x7D, 
0x77, 0x76, 0x52, 0x33, 0x3F, 0x3F, 0x39, 0x21, 0x16, 0x0C, 0x0B, 0x2C, 0x4C, 0x4E, 0x4F, 0x93, 
0xC5, 0x91, 0x33, 0x16, 0x92, 0x8F, 0x12, 0x49, 0x4B, 0x3F, 0x3F, 0x39, 0x33, 0x85, 0xA3, 0x52, 
0x1C, 0x3F, 0x3F, 0x21, 0x4D, 0x98, 0xAE, 0xB9, 0xC2, 0xBF, 0xBD, 0xBD, 0xC0, 0xC2, 0xAB, 0x74, 
0x5B, 0x86, 0x8F, 0x70, 0x8A, 0x81, 0x55, 0x20, 0x3F, 0x3F, 0x3F, 0x1A, 0x7D, 0xA6, 0x85, 0xB5, 
0x6A, 0x9A, 0x7D, 0x57, 0x97, 0x4C, 0x6D, 0xAF, 0x80, 0x2C, 0x3F, 0x33, 0x38, 0x77, 0xAE, 0xC1, 
0xB9, 0xBC, 0xAE, 0x58, 0x3F, 0x97, 0x72, 0x33, 0x97, 0xA7, 0x55, 0x12, 0x4C, 0x80, 0xA3, 0x72, 
0x6D, 0xAE, 0xB1, 0x92, 0x91, 0xAB, 0x6D, 0x0E, 0x65, 0xB5, 0xBF, 0x6D, 0x0D, 0x6D, 0xAF, 0xA4, 
0xAC, 0xB3, 0x6C, 0x23, 0x3F, 0x3F, 0x3F, 0x3F, 0x3F, 0x3F, 0x36, 0x43, 0x7A, 0x7C, 0x3D, 0x43, 
0x43, 0x48, 0x75, 0x89, 0x78, 0x58, 0x54, 0x4F, 0x22, 0x69, 0x8D, 0x90, 0x8E, 0x8D, 0x8E, 0x8C, 
0x8C, 0x8E, 0x8E, 0x8D, 0x8C, 0x8C, 0x8C, 0x8C, 0x95, 0x8E, 0x90, 0x90, 0x8E, 0x90, 0x8D, 0x90, 
0x8D, 0x8D, 0x89, 0x50, 0x1F, 0x19, 0x56, 0x8C, 0x90, 0x90, 0x8E, 0x8E, 0x90, 0x8E, 0x66, 0x26, 
0x60, 0x7B, 0x43, 0x3B, 0x2E, 0x62, 0x86, 0xB7, 0xC0, 0xC3, 0x85, 0x32, 0x39, 0x3F, 0x3F, 0x39, 
0x49, 0x6C, 0x81, 0x91, 0x98, 0x9E, 0xA4, 0xB1, 0xC3, 0x85, 0x39, 0x0E, 0x64, 0xB0, 0x93, 0x63, 
0x2C, 0x3F, 0x3F, 0x1A, 0x6C, 0xAC, 0x62, 0x1B, 0x3F, 0x2C, 0x28, 0x5F, 0x88, 0x80, 0x56, 0x70, 
0x8A, 0x9F, 0xA7, 0xA6, 0x96, 0x7E, 0x5B, 0x11, 0x10, 0x0C, 0x64, 0x97, 0xA9, 0x5F, 0x11, 0x39, 
0x3F, 0x3F, 0x3F, 0x29, 0x5F, 0xAC, 0x7E, 0xAD, 0x88, 0x6C, 0x99, 0x5B, 0x97, 0x51, 0x20, 0x86, 
0x72, 0x15, 0x3F, 0x3F, 0x39, 0x0D, 0x5F, 0x96, 0xB5, 0xC0, 0xAF, 0x5F, 0x11, 0x6C, 0xA8, 0x59, 
0x51, 0xA7, 0x97, 0x4C, 0x23, 0x20, 0x6A, 0x9F, 0xBE, 0xBF, 0x81, 0x2B, 0x72, 0xBC, 0x6A, 0x15, 
0x51, 0xA6, 0xC4, 0x8B, 0x17, 0x2E, 0x6D, 0x98, 0x9F, 0x72, 0x35, 0x3F, 0x3F, 0x3F, 0x3F, 0x3F, 
0x20, 0x17, 0x13, 0x43, 0x7A, 0x7C, 0x3D, 0x36, 0x2A, 0x51, 0x8D, 0x95, 0x95, 0x8D, 0x8D, 0x82, 
0x3F, 0x4A, 0x75, 0x8E, 0x90, 0x90, 0x8E, 0x87, 0x89, 0x8D, 0x8D, 0x8E, 0x8C, 0x89, 0x8D, 0x8C, 
0x90, 0x8C, 0x8C, 0x8D, 0x8E, 0x90, 0x90, 0x90, 0x90, 0x8C, 0x66, 0x22, 0x46, 0x66, 0x87, 0x90, 
0x90, 0x90, 0x8D, 0x8E, 0x90, 0x90, 0x82, 0x3C, 0x61, 0x7C, 0x43, 0x3B, 0x21, 0x68, 0xBF, 0xB9, 
0xB5, 0xC1, 0x93, 0x3D, 0x1A, 0x20, 0x39, 0x1A, 0x7E, 0xB9, 0xC1, 0xC2, 0xC0, 0xC0, 0xBE, 0xB5, 
0xB5, 0xB0, 0x9B, 0x72, 0x5F, 0xAC, 0x93, 0x64, 0x2E, 0x39, 0x16, 0x52, 0xA7, 0x7E, 0x1B, 0x29, 
0x20, 0x5E, 0x81, 0x8A, 0x6A, 0x56, 0x6A, 0x55, 0x2C, 0x4D, 0x50, 0x4F, 0x4B, 0x1A, 0x4B, 0x5E, 
0x6A, 0x6D, 0x44, 0x3F, 0x6D, 0xA3, 0x77, 0x35, 0x2C, 0x3F, 0x3F, 0x3F, 0x2B, 0x8F, 0xA7, 0x8F, 
0xAE, 0x5F, 0x8A, 0x85, 0x97, 0x52, 0x20, 0x57, 0x8F, 0x55, 0x2C, 0x3B, 0x4B, 0x6A, 0x74, 0x6D, 
0x6D, 0xA6, 0xB5, 0x62, 0x1A, 0x2C, 0x81, 0x9E, 0x4C, 0x5E, 0xAB, 0x86, 0x28, 0x2C, 0x20, 0x4C, 
0x80, 0xC1, 0xA8, 0x85, 0x98, 0xAA, 0x57, 0x10, 0x45, 0x98, 0xC4, 0xA7, 0x51, 0x12, 0x0E, 0x3F, 
0x4C, 0x2C, 0x3F, 0x3F, 0x3F, 0x3F, 0x3F, 0x39, 0x6A, 0x77, 0x77, 0x76, 0x7A, 0x7C, 0x39, 0x35, 
0x47, 0x69, 0x90, 0x95, 0x95, 0x95, 0x95, 0x8C, 0x4D, 0x1F, 0x32, 0x66, 0x8D, 0x90, 0x8D, 0x87, 
0x87, 0x8D, 0x8D, 0x8C, 0x89, 0x87, 0x8D, 0x8C, 0x8E, 0x8D, 0x89, 0x8C, 0x8E, 0x8E, 0x90, 0x90, 
0x95, 0x87, 0x4F, 0x22, 0x5A, 0x8D, 0x95, 0x8D, 0x8E, 0x8E, 0x8D, 0x8E, 0x90, 0x90, 0x78, 0x38, 
0x3B, 0x3B, 0x3F, 0x3F, 0x33, 0x51, 0xA8, 0xC4, 0xBD, 0xC0, 0x7E, 0x51, 0x81, 0x80, 0x4E, 0x4C, 
0xA5, 0xC1, 0xB5, 0xB5, 0xB5, 0xB5, 0xB5, 0xB5, 0xB5, 0xB9, 0xC0, 0xBD, 0xAA, 0xB1, 0x85, 0x4C, 
0x13, 0x3F, 0x5E, 0x99, 0x99, 0x4D, 0x28, 0x5A, 0x85, 0x97, 0x72, 0x40, 0x77, 0x98, 0xA6, 0x85, 
0x3F, 0x33, 0x33, 0x33, 0x33, 0x1A, 0x70, 0x8B, 0x9F, 0xA3, 0x62, 0x0E, 0x70, 0xAB, 0xAF, 0x86, 
0x52, 0x1C, 0x3B, 0x3F, 0x23, 0x5B, 0xAC, 0x8B, 0xAA, 0x91, 0x5E, 0xAA, 0xA5, 0x52, 0x2F, 0x1A, 
0x70, 0x80, 0x20, 0x21, 0x5B, 0x92, 0xA4, 0x8F, 0x59, 0x51, 0x8B, 0x8F, 0x4C, 0x20, 0x4C, 0x96, 
0x93, 0x35, 0x5F, 0xA6, 0x86, 0x51, 0x15, 0x0C, 0x5B, 0xB1, 0xBD, 0xC2, 0xC2, 0xA6, 0x77, 0x7E, 
0x96, 0xB0, 0xB9, 0xB3, 0xA4, 0x81, 0x6C, 0x52, 0x28, 0x3F, 0x3F, 0x39, 0x15, 0x15, 0x1B, 0x6C, 
0xB1, 0xC4, 0xC5, 0xA4, 0x7B, 0x7C, 0x32, 0x4A, 0x78, 0x90, 0x95, 0x95, 0x90, 0x95, 0x95, 0x8C, 
0x69, 0x58, 0x39, 0x22, 0x75, 0x90, 0x90, 0x8C, 0x87, 0x8C, 0x8D, 0x89, 0x8C, 0x8C, 0x8D, 0x89, 
0x8E, 0x8D, 0x8C, 0x8C, 0x8E, 0x8E, 0x95, 0x90, 0x90, 0x8E, 0x66, 0x19, 0x58, 0x8C, 0x95, 0x90, 
0x8D, 0x8D, 0x8E, 0x8E, 0x8E, 0x82, 0x54, 0x33, 0x3F, 0x3B, 0x3F, 0x3F, 0x3F, 0x33, 0x67, 0x8F, 
0xA8, 0xB3, 0x8F, 0xA3, 0xC5, 0xAD, 0x5E, 0x56, 0xA9, 0xBD, 0xB5, 0xB5, 0xB5, 0xB5, 0xB5, 0xB5, 
0xB5, 0xB5, 0xB5, 0xB9, 0xBD, 0xB9, 0xBC, 0xA6, 0x8F, 0x91, 0xA7, 0x96, 0x56, 0x15, 0x58, 0xA9, 
0x96, 0x50, 0x11, 0x1A, 0x72, 0xA3, 0x96, 0x8A, 0x63, 0x0E, 0x15, 0x1A, 0x45, 0x55, 0x9F, 0xA8, 
0x98, 0xA6, 0x5E, 0x74, 0x9E, 0x6A, 0x5F, 0x80, 0x92, 0x6D, 0x39, 0x39, 0x3F, 0x17, 0x70, 0xA8, 
0x81, 0xC0, 0x72, 0x77, 0xA5, 0x52, 0x33, 0x39, 0x3E, 0x88, 0x74, 0x11, 0x65, 0xA4, 0x9B, 0xA5, 
0x88, 0x57, 0x39, 0x86, 0x8B, 0x4B, 0x1A, 0x55, 0xA4, 0x88, 0x17, 0x57, 0x92, 0xA3, 0x80, 0x6C, 
0x80, 0xB6, 0xBD, 0xC0, 0xC1, 0xC4, 0xC5, 0xC2, 0xC0, 0xB9, 0xB5, 0xB5, 0xBF, 0xC1, 0xC2, 0x9F, 
0x55, 0x33, 0x2E, 0x55, 0x88, 0x81, 0x40, 0x80, 0xC2, 0xB5, 0xB5, 0xBF, 0xA2, 0x7C, 0x32, 0x50, 
0x8C, 0x95, 0x95, 0x95, 0x90, 0x95, 0x95, 0x8D, 0x8E, 0x87, 0x56, 0x19, 0x5C, 0x8D, 0x90, 0x8C, 
0x89, 0x8D, 0x89, 0x8C, 0x8C, 0x8C, 0x8C, 0x89, 0x8E, 0x8D, 0x8D, 0x8D, 0x8D, 0x90, 0x95, 0x8E, 
0x90, 0x90, 0x82, 0x46, 0x3F, 0x69, 0x75, 0x75, 0x8C, 0x95, 0x90, 0x90, 0x90, 0x66, 0x1F, 0x3F, 
0x3F, 0x3F, 0x3F, 0x3F, 0x39, 0x4C, 0x5E, 0x4D, 0x64, 0xB0, 0xBE, 0xC0, 0xAC, 0x74, 0x56, 0x55, 
0xA7, 0xBF, 0xB5, 0xB5, 0xB5, 0xB5, 0xB5, 0xB5, 0xB5, 0xB5, 0xB5, 0xB5, 0xB5, 0xB5, 0xB5, 0xC3, 
0xA7, 0x62, 0x5B, 0x40, 0x2E, 0x18, 0x6D, 0xAC, 0x9F, 0x81, 0x5B, 0x12, 0x64, 0x8B, 0x93, 0xA9, 
0x8B, 0x72, 0x77, 0x81, 0x8F, 0x9F, 0xA8, 0xA6, 0xA6, 0x9A, 0x7D, 0x96, 0x55, 0x0A, 0x15, 0x1C, 
0x58, 0x88, 0x72, 0x28, 0x3F, 0x39, 0x23, 0x80, 0x81, 0x88, 0xA3, 0x6C, 0x92, 0x50, 0x33, 0x3F, 
0x2E, 0x51, 0x85, 0x7E, 0x77, 0xA7, 0xA9, 0x98, 0x92, 0x4F, 0x20, 0x23, 0x8B, 0x88, 0x3F, 0x17, 
0x5B, 0xA9, 0x7E, 0x1A, 0x33, 0x6A, 0x86, 0xA3, 0xAD, 0xAD, 0xA8, 0x99, 0x8A, 0x7E, 0x86, 0xAF, 
0xB9, 0xB5, 0xB5, 0xB5, 0xB5, 0xB5, 0xBC, 0xAD, 0x5F, 0x23, 0x2E, 0x52, 0xA5, 0xC5, 0x70, 0x7E, 
0xC0, 0xB5, 0xBD, 0xAD, 0x61, 0x61, 0x3D, 0x3B, 0x75, 0x95, 0x95, 0x95, 0x95, 0x90, 0x8E, 0x90, 
0x90, 0x8C, 0x5C, 0x13, 0x63, 0x8D, 0x8E, 0x8D, 0x89, 0x8E, 0x8D, 0x89, 0x89, 0x89, 0x89, 0x8C, 
0x78, 0x78, 0x89, 0x90, 0x95, 0x95, 0x87, 0x78, 0x82, 0x90, 0x8C, 0x5C, 0x32, 0x2B, 0x22, 0x22, 
0x63, 0x82, 0x82, 0x75, 0x66, 0x4B, 0x3E, 0x3F, 0x3F, 0x3F, 0x3F, 0x3F, 0x2C, 0x81, 0xB0, 0xA8, 
0xA5, 0xB5, 0xB9, 0xB3, 0x85, 0x8F, 0x9B, 0x4D, 0x98, 0xC1, 0xB5, 0xB5, 0xB5, 0xB5, 0xB5, 0xB5, 
0xB5, 0xB5, 0xB5, 0xB5, 0xB5, 0xB5, 0xB5, 0xBA, 0xAF, 0x77, 0x2F, 0x35, 0x35, 0x52, 0x96, 0x67, 
0x50, 0x6D, 0x88, 0x70, 0x57, 0xA5, 0xA6, 0x8B, 0x7E, 0x7D, 0x77, 0x72, 0x6A, 0x58, 0x56, 0x6D, 
0x8F, 0xA4, 0xA9, 0xAB, 0x85, 0x72, 0x57, 0x2F, 0x17, 0x5F, 0x81, 0x35, 0x3F, 0x3F, 0x33, 0x51, 
0x8B, 0x62, 0x9E, 0xAB, 0x8B, 0x32, 0x39, 0x3F, 0x3F, 0x33, 0x3F, 0x63, 0x7E, 0x97, 0xA6, 0xAA, 
0x63, 0x0C, 0x4D, 0x77, 0x9E, 0xBD, 0x80, 0x39, 0x1A, 0x67, 0xAB, 0x70, 0x15, 0x21, 0x2C, 0x4F, 
0x55, 0x55, 0x51, 0x4C, 0x1B, 0x59, 0x8B, 0xB5, 0xB5, 0xB5, 0xB5, 0xB5, 0xB5, 0xB5, 0xBD, 0xAB, 
0x5B, 0x28, 0x38, 0x62, 0x64, 0xAB, 0xA5, 0x9B, 0xBE, 0xC1, 0xC0, 0x85, 0x26, 0x30, 0x3F, 0x38, 
0x51, 0x87, 0x95, 0x95, 0x95, 0x90, 0x8E, 0x90, 0x8E, 0x82, 0x52, 0x39, 0x78, 0x90, 0x90, 0x8D, 
0x8C, 0x8C, 0x8D, 0x89, 0x89, 0x8C, 0x89, 0x89, 0x4F, 0x3D, 0x57, 0x69, 0x75, 0x69, 0x52, 0x32, 
0x52, 0x66, 0x66, 0x51, 0x3E, 0x3F, 0x3F, 0x3F, 0x2B, 0x4B, 0x4C, 0x22, 0x2B, 0x3E, 0x3F, 0x3F, 
0x3F, 0x3F, 0x3F, 0x2C, 0x57, 0xAA, 0xC5, 0xC2, 0xC0, 0xB5, 0xB5, 0xB5, 0xBC, 0xC3, 0x85, 0x11, 
0x7D, 0xC2, 0xB5, 0xB5, 0xB5, 0xB5, 0xB5, 0xB5, 0xB5, 0xB5, 0xB5, 0xB5, 0xB5, 0xB5, 0xB5, 0xB5, 
0xB9, 0xBD, 0x7E, 0x29, 0x23, 0x63, 0xA3, 0x51, 0x12, 0x49, 0x62, 0xA4, 0xAC, 0x9F, 0x64, 0x1A, 
0x15, 0x1A, 0x1A, 0x20, 0x28, 0x2E, 0x33, 0x1C, 0x35, 0x64, 0x85, 0x8B, 0x77, 0x80, 0x9F, 0x5B, 
0x12, 0x74, 0x77, 0x1C, 0x3F, 0x3F, 0x3F, 0x1A, 0x6D, 0xA9, 0xB1, 0xC1, 0x70, 0x1B, 0x3F, 0x3F, 
0x3F, 0x3F, 0x39, 0x29, 0x1B, 0x51, 0x6A, 0x85, 0x80, 0x68, 0x88, 0x8F, 0x62, 0x70, 0xAB, 0x62, 
0x23, 0x1A, 0x70, 0xA6, 0x5B, 0x23, 0x3F, 0x35, 0x33, 0x33, 0x33, 0x1B, 0x77, 0xAD, 0xC0, 0xB5, 
0xB5, 0xB5, 0xB5, 0xB5, 0xB5, 0xB5, 0xBF, 0xA7, 0x51, 0x17, 0x62, 0xAD, 0x91, 0x98, 0xC3, 0xC0, 
0xAD, 0x81, 0x6C, 0x3A, 0x39, 0x3F, 0x3F, 0x3F, 0x27, 0x66, 0x95, 0x95, 0x95, 0x8E, 0x82, 0x66, 
0x63, 0x54, 0x27, 0x69, 0x8D, 0x90, 0x90, 0x8E, 0x8E, 0x8D, 0x8D, 0x8D, 0x89, 0x8C, 0x89, 0x8C, 
0x38, 0x3B, 0x32, 0x25, 0x2B, 0x2B, 0x32, 0x3E, 0x33, 0x2B, 0x2B, 0x38, 0x3F, 0x3F, 0x3F, 0x3F, 
0x3F, 0x39, 0x39, 0x3F, 0x3F, 0x3F, 0x3F, 0x3F, 0x3F, 0x3F, 0x3F, 0x28, 0x5B, 0x9B, 0x7D, 0x6C, 
0x93, 0xBD, 0xB9, 0xB7, 0xBF, 0xAE, 0x70, 0x57, 0x57, 0xAA, 0xBD, 0xB5, 0xB5, 0xB5, 0xB5, 0xB5, 
0xB5, 0xB5, 0xB5, 0xB5, 0xB5, 0xB5, 0xB5, 0xB5, 0xB5, 0xC2, 0x9E, 0x48, 0x33, 0x47, 0x80, 0x91, 
0x5E, 0x20, 0x59, 0x74, 0xA8, 0x97, 0x51, 0x1B, 0x3F, 0x3F, 0x3F, 0x3F, 0x3F, 0x3F, 0x3F, 0x3F, 
0x39, 0x23, 0x1A, 0x1A, 0x12, 0x52, 0x93, 0x55, 0x3F, 0x8B, 0x5E, 0x23, 0x3F, 0x3F, 0x3F, 0x3B, 
0x39, 0x7D, 0xA3, 0x7E, 0x3F, 0x3D, 0x3F, 0x3F, 0x3F, 0x3F, 0x3F, 0x3F, 0x3F, 0x33, 0x20, 0x17, 
0x56, 0x8A, 0xB9, 0x74, 0x49, 0x12, 0x7E, 0x7E, 0x1A, 0x39, 0x15, 0x77, 0x8F, 0x47, 0x39, 0x3F, 
0x3F, 0x3F, 0x3F, 0x2C, 0x9F, 0xC5, 0xB9, 0xB5, 0xB5, 0xB5, 0xB5, 0xB5, 0xB5, 0xB5, 0xC1, 0x92, 
0x1C, 0x16, 0x70, 0xBA, 0xC0, 0xBC, 0xB5, 0xB9, 0xAD, 0x86, 0x7D, 0x6A, 0x39, 0x3F, 0x3F, 0x39, 
0x39, 0x4A, 0x69, 0x78, 0x75, 0x66, 0x4C, 0x22, 0x2B, 0x2E, 0x38, 0x75, 0x8D, 0x89, 0x75, 0x63, 
0x78, 0x89, 0x89, 0x82, 0x69, 0x5C, 0x75, 0x89, 0x3F, 0x3F, 0x21, 0x20, 0x20, 0x3F, 0x3F, 0x3F, 
0x3F, 0x3F, 0x3F, 0x3F, 0x3F, 0x3F, 0x33, 0x28, 0x1A, 0x2E, 0x3F, 0x3F, 0x3F, 0x3F, 0x3F, 0x2C, 
0x21, 0x20, 0x1A, 0x39, 0x4C, 0x51, 0x12, 0x56, 0x70, 0xA8, 0xBF, 0xB9, 0xA8, 0xA8, 0xB1, 0x6C, 
0x0E, 0x77, 0xBF, 0xB9, 0xB5, 0xB5, 0xB5, 0xB5, 0xB5, 0xB5, 0xB5, 0xB5, 0xB5, 0xB5, 0xB5, 0xB5, 
0xB5, 0xC0, 0x77, 0x1A, 0x3F, 0x39, 0x2C, 0x70, 0x96, 0x77, 0x4C, 0x0D, 0x52, 0x86, 0x9E, 0x5E, 
0x1A, 0x3F, 0x3F, 0x3F, 0x3F, 0x3F, 0x3F, 0x3F, 0x3F, 0x3F, 0x3F, 0x3F, 0x1B, 0x70, 0x77, 0x10, 
0x64, 0x85, 0x2E, 0x3F, 0x3F, 0x3F, 0x3F, 0x3F, 0x39, 0x2C, 0x45, 0x2E, 0x39, 0x3F, 0x3F, 0x3F, 
0x3F, 0x3F, 0x3F, 0x3F, 0x3F, 0x3F, 0x35, 0x1A, 0x5E, 0x97, 0x92, 0x63, 0x3F, 0x12, 0x6A, 0x93, 
0x49, 0x39, 0x39, 0x28, 0x81, 0x74, 0x1A, 0x3F, 0x3F, 0x3F, 0x3F, 0x16, 0x63, 0x96, 0xB1, 0xBD, 
0xB5, 0xB5, 0xB5, 0xB5, 0xB5, 0xB5, 0xC0, 0x70, 0x15, 0x74, 0x8B, 0xAC, 0xC1, 0xB5, 0xB5, 0xBC, 
0xA9, 0xB1, 0xC5, 0xA9, 0x55, 0x2E, 0x2C, 0x45, 0x3F, 0x20, 0x2B, 0x32, 0x2E, 0x2B, 0x39, 0x3F, 
0x28, 0x1C, 0x33, 0x46, 0x58, 0x52, 0x32, 0x2B, 0x3F, 0x4E, 0x4F, 0x40, 0x1F, 0x27, 0x40, 0x56, 
0x2F, 0x23, 0x6C, 0x7E, 0x6A, 0x33, 0x39, 0x3F, 0x3F, 0x3F, 0x3F, 0x3F, 0x3F, 0x33, 0x52, 0x5E, 
0x6C, 0x57, 0x28, 0x3F, 0x3F, 0x3F, 0x2C, 0x59, 0x7E, 0x7D, 0x74, 0x64, 0x23, 0x35, 0x20, 0x6A, 
0x9E, 0x96, 0x70, 0x6C, 0x51, 0x7E, 0x72, 0x4B, 0x33, 0x47, 0x8A, 0xC2, 0xB9, 0xB5, 0xB5, 0xB5, 
0xB5, 0xB5, 0xB5, 0xB5, 0xB5, 0xB5, 0xB5, 0xB5, 0xC2, 0x9F, 0x50, 0x35, 0x3F, 0x3F, 0x3F, 0x1C, 
0x55, 0x80, 0x91, 0x6C, 0x1A, 0x15, 0x72, 0x9F, 0x6C, 0x1A, 0x39, 0x3F, 0x3F, 0x3F, 0x3F, 0x3F, 
0x3F, 0x3F, 0x3F, 0x3F, 0x4B, 0x86, 0x59, 0x12, 0x80, 0x6C, 0x20, 0x2E, 0x23, 0x20, 0x1B, 0x29, 
0x3F, 0x3F, 0x39, 0x3F, 0x3F, 0x3F, 0x3F, 0x3F, 0x3F, 0x3F, 0x3F, 0x3F, 0x3F, 0x1C, 0x4F, 0x77, 
0x92, 0x6D, 0x39, 0x12, 0x16, 0x5E, 0x98, 0x7D, 0x28, 0x3F, 0x3F, 0x2C, 0x56, 0x97, 0x59, 0x28, 
0x3F, 0x3F, 0x45, 0x62, 0x4B, 0x17, 0x6C, 0xA8, 0xBC, 0xB5, 0xB5, 0xB5, 0xB5, 0xC1, 0x9F, 0x4F, 
0x20, 0x6A, 0xA8, 0x8A, 0xA9, 0xC1, 0xBD, 0xAF, 0x6A, 0x64, 0x9B, 0xA7, 0x52, 0x39, 0x77, 0xA3, 
0x98, 0x6C, 0x2C, 0x3E, 0x3F, 0x3F, 0x3F, 0x2E, 0x5E, 0x77, 0x8B, 0x74, 0x44, 0x33, 0x3F, 0x3F, 
0x33, 0x4B, 0x6C, 0x74, 0x6C, 0x16, 0x3F, 0x35, 0x62, 0x88, 0xB0, 0xC4, 0xB1, 0x72, 0x1C, 0x3F, 
0x3F, 0x3F, 0x3F, 0x3F, 0x39, 0x39, 0x8B, 0xAD, 0xB9, 0xA7, 0x5F, 0x28, 0x3F, 0x33, 0x58, 0xA7, 
0xC4, 0xC3, 0xC3, 0x7E, 0x2C, 0x3F, 0x3F, 0x49, 0x52, 0x65, 0x28, 0x20, 0x2C, 0x52, 0x45, 0x28, 
0x63, 0x55, 0x4C, 0x8A, 0xBE, 0xBE, 0xB9, 0xB5, 0xB5, 0xB5, 0xB5, 0xB5, 0xB5, 0xB5, 0xBC, 0xC2, 
0xA3, 0x5A, 0x28, 0x3F, 0x3F, 0x3F, 0x3F, 0x3F, 0x33, 0x20, 0x5F, 0x88, 0x85, 0x59, 0x0D, 0x63, 
0x9B, 0x74, 0x23, 0x39, 0x3F, 0x3F, 0x3F, 0x3F, 0x3F, 0x3F, 0x3F, 0x20, 0x6C, 0x7E, 0x15, 0x56, 
0x86, 0x45, 0x28, 0x57, 0x62, 0x5F, 0x6D, 0x67, 0x3F, 0x3F, 0x3F, 0x3F, 0x3F, 0x3F, 0x3F, 0x3F, 
0x3F, 0x3F, 0x3F, 0x2C, 0x2C, 0x6A, 0x8A, 0x74, 0x4F, 0x0C, 0x3F, 0x5F, 0x80, 0x96, 0x72, 0x3F, 
0x39, 0x3F, 0x3F, 0x3F, 0x18, 0x77, 0x93, 0x4B, 0x33, 0x39, 0x20, 0x80, 0x9E, 0x77, 0x70, 0x99, 
0xBC, 0xB5, 0xB5, 0xB5, 0xBE, 0xAD, 0x65, 0x15, 0x2C, 0x39, 0x5E, 0x29, 0x57, 0x6A, 0x63, 0x9F, 
0x7E, 0x3F, 0x4E, 0x5B, 0x18, 0x6C, 0xB5, 0xC0, 0xC2, 0xAF, 0x64, 0x2C, 0x3F, 0x3F, 0x33, 0x55, 
0x98, 0xC4, 0xC2, 0xC0, 0x74, 0x1A, 0x3F, 0x3F, 0x3F, 0x88, 0xBD, 0xC5, 0xA9, 0x80, 0x4E, 0x39, 
0x67, 0xAF, 0xBE, 0xB5, 0xC2, 0xA3, 0x3F, 0x39, 0x3F, 0x3F, 0x3F, 0x3F, 0x23, 0x7E, 0xBD, 0xBD, 
0xB9, 0xC5, 0x80, 0x23, 0x3F, 0x1B, 0x70, 0xBC, 0xB9, 0xB5, 0xBD, 0xA6, 0x59, 0x2F, 0x3F, 0x39, 
0x33, 0x2C, 0x3F, 0x3F, 0x3F, 0x33, 0x39, 0x51, 0x5F, 0x6D, 0x2E, 0x3F, 0x74, 0xA8, 0xBC, 0xC2, 
0xBF, 0xBD, 0xBD, 0xBD, 0xC1, 0xC0, 0xAE, 0x86, 0x55, 0x23, 0x3F, 0x3F, 0x3F, 0x3F, 0x3F, 0x3F, 
0x3F, 0x39, 0x20, 0x33, 0x6C, 0x8B, 0x74, 0x2C, 0x55, 0x92, 0x7E, 0x33, 0x39, 0x3F, 0x3F, 0x3F, 
0x3F, 0x3F, 0x39, 0x45, 0x85, 0x5E, 0x0E, 0x72, 0x7D, 0x6D, 0x85, 0x7E, 0x7E, 0xAD, 0xC5, 0xA6, 
0x55, 0x33, 0x3F, 0x3F, 0x3F, 0x3F, 0x3F, 0x3F, 0x3F, 0x39, 0x1B, 0x57, 0x80, 0x85, 0x57, 0x0E, 
0x55, 0x74, 0x88, 0x81, 0x70, 0x50, 0x1A, 0x39, 0x3F, 0x3F, 0x3F, 0x3F, 0x33, 0x4C, 0x96, 0x88, 
0x2F, 0x57, 0x6A, 0x2F, 0x6A, 0xA5, 0xC5, 0xBC, 0xB5, 0xB5, 0xB5, 0xC0, 0xAE, 0x70, 0x1A, 0x51, 
0x5E, 0x51, 0x15, 0x3F, 0x2C, 0x12, 0x5F, 0x93, 0x85, 0x4D, 0x2E, 0x28, 0x16, 0x7E, 0xC4, 0xB5, 
0xB5, 0xC2, 0x88, 0x33, 0x39, 0x3F, 0x23, 0x65, 0xAF, 0xBC, 0xB5, 0xC4, 0x86, 0x1B, 0x3F, 0x2E, 
0x58, 0xAD, 0xBE, 0xB5, 0xC2, 0xA7, 0x51, 0x2E, 0x70, 0xAF, 0xBC, 0xB5, 0xC0, 0x9F, 0x35, 0x39, 
0x33, 0x39, 0x3F, 0x3F, 0x20, 0x6C, 0xB1, 0xB9, 0xB5, 0xC3, 0x80, 0x23, 0x39, 0x28, 0x5B, 0xAC, 
0xBD, 0xB9, 0xBD, 0x72, 0x22, 0x23, 0x3F, 0x3F, 0x3F, 0x3F, 0x3F, 0x3F, 0x3F, 0x3F, 0x33, 0x5B, 
0x5B, 0x4E, 0x45, 0x39, 0x20, 0x52, 0x72, 0x8B, 0xA3, 0xA8, 0xA9, 0xA6, 0x96, 0x7E, 0x5F, 0x2E, 
0x2E, 0x3F, 0x3F, 0x3F, 0x3F, 0x39, 0x1B, 0x1C, 0x2F, 0x3F, 0x4C, 0x4C, 0x20, 0x4B, 0x77, 0x88, 
0x56, 0x4D, 0x8B, 0x80, 0x32, 0x39, 0x3F, 0x3F, 0x3F, 0x3F, 0x2C, 0x63, 0x7E, 0x12, 0x55, 0x99, 
0x9F, 0x7D, 0x5A, 0x63, 0x88, 0xAE, 0xC3, 0xA5, 0x56, 0x33, 0x3F, 0x3F, 0x3F, 0x3F, 0x3F, 0x3F, 
0x23, 0x49, 0x72, 0x8B, 0x6D, 0x1A, 0x62, 0x86, 0x99, 0x80, 0x5E, 0x39, 0x1A, 0x39, 0x3F, 0x3F, 
0x3F, 0x3F, 0x3F, 0x3F, 0x3F, 0x2E, 0x51, 0x96, 0x81, 0x49, 0x7E, 0x80, 0x56, 0x59, 0xA3, 0xBD, 
0xB9, 0xC0, 0xC0, 0xA5, 0x6A, 0x2B, 0x70, 0x80, 0x7E, 0x72, 0x6C, 0x49, 0x3F, 0x3F, 0x51, 0x4D, 
0x3F, 0x3F, 0x3F, 0x3F, 0x15, 0x72, 0xBE, 0xB9, 0xB5, 0xC2, 0x77, 0x20, 0x3F, 0x3F, 0x28, 0x35, 
0x97, 0xC2, 0xB7, 0xBE, 0x72, 0x1A, 0x3F, 0x33, 0x51, 0xA9, 0xBE, 0xB5, 0xBE, 0xAB, 0x59, 0x28, 
0x4B, 0x7E, 0xC1, 0xC2, 0xC1, 0x80, 0x0C, 0x4D, 0x86, 0x57, 0x23, 0x3F, 0x35, 0x4B, 0x9B, 0xC5, 
0xBF, 0xAC, 0x62, 0x20, 0x49, 0x47, 0x23, 0x72, 0xB0, 0xBD, 0x93, 0x4B, 0x55, 0x6A, 0x35, 0x3F, 
0x3F, 0x3F, 0x3F, 0x3F, 0x3F, 0x3F, 0x3F, 0x4C, 0x4F, 0x39, 0x3F, 0x3F, 0x3F, 0x33, 0x16, 0x33, 
0x50, 0x55, 0x55, 0x51, 0x49, 0x16, 0x2C, 0x3F, 0x3F, 0x3F, 0x3F, 0x3F, 0x35, 0x50, 0x72, 0x7D, 
0x8B, 0x9E, 0x8F, 0x80, 0x77, 0x6D, 0x5B, 0x77, 0xA3, 0x51, 0x4C, 0x91, 0x7E, 0x2C, 0x3B, 0x3F, 
0x3F, 0x3F, 0x29, 0x81, 0x74, 0x77, 0x88, 0x70, 0x4E, 0x4D, 0x70, 0x7D, 0x85, 0xBC, 0xA3, 0x5A, 
0x2E, 0x3F, 0x3F, 0x3F, 0x3F, 0x3F, 0x3F, 0x17, 0x5B, 0x8B, 0x80, 0x51, 0x39, 0x7E, 0xB1, 0x99, 
0x5B, 0x10, 0x12, 0x1C, 0x2E, 0x3F, 0x3F, 0x3F, 0x3F, 0x3F, 0x3F, 0x3F, 0x3F, 0x3F, 0x2C, 0x50, 
0x8B, 0x8B, 0x70, 0xA7, 0xAE, 0xA6, 0xAA, 0xC3, 0xB0, 0xA3, 0x7D, 0x52, 0x20, 0x45, 0x55, 0x55, 
0x70, 0x74, 0x57, 0x3F, 0x3F, 0x3F, 0x39, 0x39, 0x3B, 0x3F, 0x3F, 0x35, 0x4A, 0x47, 0x8A, 0xBD, 
0xBF, 0x99, 0x59, 0x2E, 0x3F, 0x21, 0x56, 0x5F, 0x63, 0xA8, 0xC2, 0x93, 0x4D, 0x39, 0x3F, 0x28, 
0x0F, 0x77, 0xB5, 0xBC, 0xB3, 0x77, 0x33, 0x3F, 0x2F, 0x49, 0x6C, 0x7E, 0xAC, 0x92, 0x58, 0x7E, 
0xC1, 0x98, 0x56, 0x2F, 0x3F, 0x29, 0x5F, 0x8B, 0xAD, 0xA3, 0x23, 0x1B, 0x85, 0x74, 0x12, 0x55, 
0xAA, 0xAE, 0x64, 0x56, 0x8F, 0xB3, 0x72, 0x20, 0x3F, 0x3F, 0x3F, 0x3F, 0x3F, 0x3F, 0x3F, 0x3F, 
0x39, 0x3F, 0x3F, 0x3F, 0x3F, 0x3F, 0x3F, 0x20, 0x33, 0x2F, 0x2E, 0x33, 0x39, 0x3F, 0x3F, 0x3F, 
0x3F, 0x3F, 0x3F, 0x39, 0x3D, 0x80, 0xB3, 0x7E, 0x8A, 0xA4, 0x55, 0x49, 0x58, 0x6A, 0x77, 0x96, 
0xB5, 0x5F, 0x0C, 0x56, 0xA8, 0x67, 0x23, 0x3F, 0x3F, 0x28, 0x59, 0xA9, 0x8F, 0x74, 0x6C, 0x74, 
0x8A, 0x88, 0x6D, 0x80, 0xBC, 0xA3, 0x57, 0x1C, 0x3F, 0x3F, 0x3F, 0x3F, 0x3F, 0x3F, 0x33, 0x70, 
0xAD, 0x7D, 0x0C, 0x49, 0x81, 0xA9, 0xA7, 0x98, 0x8F, 0x85, 0x7D, 0x6C, 0x52, 0x20, 0x2F, 0x3F, 
0x3F, 0x3F, 0x3F, 0x3F, 0x3F, 0x3F, 0x3F, 0x2E, 0x4B, 0x70, 0x7E, 0x6D, 0x67, 0x65, 0x6A, 0x6A, 
0x62, 0x4F, 0x16, 0x2F, 0x3F, 0x3F, 0x2C, 0x4D, 0x57, 0x33, 0x33, 0x3F, 0x3F, 0x3F, 0x3F, 0x3F, 
0x3F, 0x3F, 0x33, 0x4F, 0x8A, 0x57, 0x52, 0xAB, 0xAB, 0x59, 0x1B, 0x3F, 0x3B, 0x55, 0x8A, 0xA4, 
0x15, 0x85, 0xB0, 0x5F, 0x1C, 0x3F, 0x20, 0x6D, 0x77, 0x23, 0x91, 0xC3, 0x81, 0x20, 0x2C, 0x3B, 
0x3F, 0x39, 0x17, 0x40, 0xA6, 0xC1, 0xAD, 0xB7, 0xBC, 0xB5, 0x6A, 0x1B, 0x3F, 0x33, 0x1C, 0x4D, 
0x9F, 0xB5, 0x8B, 0x88, 0xBA, 0xAA, 0x58, 0x56, 0xAA, 0xBD, 0xA9, 0xAB, 0xBE, 0xC4, 0x80, 0x12, 
0x3F, 0x3F, 0x3F, 0x3F, 0x3F, 0x3F, 0x3F, 0x3F, 0x3F, 0x3F, 0x20, 0x33, 0x3F, 0x3F, 0x47, 0x6A, 
0x3F, 0x3F, 0x3F, 0x3F, 0x3F, 0x3F, 0x3F, 0x3F, 0x3F, 0x3F, 0x3F, 0x39, 0x45, 0x88, 0xAA, 0x56, 
0x55, 0x98, 0x86, 0x68, 0x52, 0x4C, 0x45, 0x63, 0x7D, 0x57, 0x5F, 0x80, 0xB3, 0x7E, 0x15, 0x3F, 
0x3F, 0x20, 0x77, 0x80, 0x6D, 0x91, 0xA8, 0xA3, 0x77, 0x6A, 0x92, 0xB4, 0x97, 0x57, 0x20, 0x3F, 
0x3F, 0x3F, 0x3F, 0x3F, 0x3F, 0x2C, 0x5B, 0xAC, 0x9F, 0x98, 0x6A, 0x57, 0x5E, 0x49, 0x39, 0x4E, 
0x57, 0x63, 0x70, 0x91, 0xA8, 0x80, 0x57, 0x20, 0x3B, 0x3F, 0x3F, 0x3F, 0x3F, 0x3F, 0x3F, 0x3F, 
0x39, 0x1C, 0x23, 0x21, 0x1B, 0x1C, 0x12, 0x15, 0x20, 0x33, 0x33, 0x33, 0x45, 0x3F, 0x3F, 0x39, 
0x2F, 0x3F, 0x3F, 0x3F, 0x3F, 0x3F, 0x3F, 0x3F, 0x3F, 0x39, 0x33, 0x85, 0xC2, 0x97, 0x8B, 0xB3, 
0xAB, 0x55, 0x2F, 0x3F, 0x28, 0x77, 0xC3, 0xB0, 0x80, 0xA8, 0xC0, 0x74, 0x21, 0x35, 0x4B, 0x98, 
0xC0, 0x8B, 0xA3, 0xC2, 0x81, 0x0C, 0x5E, 0x5A, 0x3F, 0x3F, 0x39, 0x4C, 0xA3, 0xC0, 0xBA, 0xB5, 
0xC0, 0xA5, 0x4B, 0x28, 0x3F, 0x57, 0x1A, 0x72, 0xBD, 0xB9, 0xC0, 0xC0, 0xBE, 0xAE, 0x62, 0x55, 
0xAB, 0xBD, 0xBC, 0xBC, 0xB9, 0xC1, 0x74, 0x4E, 0x3F, 0x3F, 0x3F, 0x33, 0x2C, 0x2E, 0x39, 0x3F, 
0x35, 0x55, 0x72, 0x51, 0x1A, 0x12, 0x67, 0xA7, 0x58, 0x16, 0x2E, 0x3F, 0x3F, 0x3F, 0x3F, 0x3F, 
0x3F, 0x3F, 0x3F, 0x3F, 0x32, 0x47, 0x77, 0x99, 0x72, 0x64, 0x72, 0x80, 0x7E, 0x74, 0x74, 0x74, 
0x74, 0x7D, 0x7E, 0xA4, 0xB1, 0x64, 0x1C, 0x3F, 0x3F, 0x2E, 0x86, 0x72, 0xAC, 0x77, 0x4D, 0x64, 
0x74, 0x86, 0x7E, 0x64, 0x49, 0x2F, 0x3F, 0x3F, 0x3F, 0x3F, 0x3F, 0x3F, 0x3F, 0x2E, 0x59, 0xA6, 
0x6D, 0x63, 0x77, 0x72, 0x6C, 0x6C, 0x5F, 0x56, 0x52, 0x4E, 0x50, 0x70, 0x9E, 0x7D, 0x92, 0x74, 
0x32, 0x33, 0x45, 0x3F, 0x3F, 0x3F, 0x3F, 0x3F, 0x3F, 0x3F, 0x21, 0x33, 0x3F, 0x2E, 0x59, 0x4F, 
0x33, 0x1A, 0x56, 0x74, 0x4E, 0x39, 0x3F, 0x3F, 0x3F, 0x39, 0x39, 0x3F, 0x3F, 0x3F, 0x3F, 0x3F, 
0x3F, 0x39, 0x34, 0x88, 0xC4, 0xBD, 0xC0, 0xB9, 0xB0, 0x64, 0x15, 0x45, 0x39, 0x4C, 0x8B, 0xC0, 
0xBC, 0xBC, 0xC0, 0x9B, 0x3F, 0x28, 0x57, 0xA9, 0xC1, 0xC0, 0xBD, 0xB9, 0xAE, 0x77, 0x88, 0x51, 
0x3F, 0x3F, 0x3F, 0x29, 0x77, 0xBC, 0xB9, 0xBC, 0xC2, 0xA8, 0x5B, 0x58, 0x28, 0x6A, 0x80, 0x98, 
0xC3, 0xB5, 0xB5, 0xB9, 0xBD, 0x85, 0x23, 0x49, 0x9E, 0xC5, 0xBC, 0xB9, 0xC2, 0xA9, 0xA6, 0x77, 
0x21, 0x39, 0x20, 0x51, 0x59, 0x57, 0x45, 0x39, 0x39, 0x4E, 0x9E, 0xA9, 0x7D, 0x5E, 0x98, 0xC5, 
0x70, 0x5A, 0x70, 0x2F, 0x3F, 0x3F, 0x3F, 0x3F, 0x3F, 0x39, 0x2B, 0x52, 0x69, 0x71, 0x56, 0x75, 
0x88, 0x86, 0x88, 0x8A, 0x7E, 0x7E, 0x8B, 0x8A, 0x80, 0x81, 0x8B, 0x9F, 0x72, 0x5C, 0x66, 0x3F, 
0x3F, 0x23, 0x81, 0xAC, 0xC4, 0xA3, 0x85, 0x72, 0x5B, 0x4B, 0x15, 0x28, 0x39, 0x3F, 0x3F, 0x3F, 
0x3F, 0x3F, 0x3F, 0x3F, 0x3F, 0x39, 0x4F, 0x75, 0x96, 0x8B, 0x74, 0x6C, 0x64, 0x5E, 0x75, 0x73, 
0x74, 0x7E, 0x8A, 0x70, 0x4E, 0x64, 0xA4, 0xAA, 0x69, 0x66, 0x50, 0x39, 0x3F, 0x3F, 0x3F, 0x3F, 
0x39, 0x51, 0x70, 0x50, 0x12, 0x4C, 0x9B, 0x74, 0x15, 0x70, 0xA8, 0x88, 0x1C, 0x3F, 0x3F, 0x3F, 
0x28, 0x4C, 0x3F, 0x18, 0x33, 0x3F, 0x3F, 0x3F, 0x3F, 0x3F, 0x2C, 0x57, 0xA3, 0xC2, 0xBC, 0xBF, 
0xBF, 0x7D, 0x72, 0x50, 0x39, 0x0C, 0x7D, 0xC5, 0xBC, 0xB5, 0xC3, 0x8B, 0x33, 0x3B, 0x2E, 0x6C, 
0xAC, 0xBD, 0xBC, 0xC1, 0xAE, 0x6D, 0x74, 0x45, 0x3F, 0x3F, 0x3F, 0x33, 0x21, 0x91, 0xC3, 0xAF, 
0xA8, 0x9E, 0xA7, 0x72, 0x15, 0x57, 0x9F, 0x8B, 0xA6, 0xC0, 0xC3, 0xC2, 0xA3, 0x49, 0x2C, 0x33, 
0x59, 0x86, 0xAC, 0xAF, 0x88, 0x58, 0x7E, 0x5A, 0x28, 0x49, 0x7E, 0x9F, 0x99, 0x9F, 0x8B, 0x4E, 
0x33, 0x17, 0x72, 0xC1, 0xB9, 0xB0, 0xA9, 0x9B, 0xA9, 0xAB, 0x85, 0x12, 0x3F, 0x3F, 0x3F, 0x3F, 
0x20, 0x2E, 0x4E, 0x56, 0x8C, 0x95, 0x8C, 0x8C, 0x78, 0x75, 0x8C, 0x95, 0xA0, 0x94, 0x95, 0xA0, 
0x94, 0xA0, 0xA0, 0x89, 0x78, 0x90, 0x69, 0x22, 0x3F, 0x33, 0x56, 0x85, 0x93, 0x72, 0x52, 0x20, 
0x2C, 0x39, 0x3F, 0x3F, 0x3F, 0x3F, 0x3F, 0x3F, 0x3F, 0x3F, 0x3F, 0x3F, 0x3F, 0x39, 0x4D, 0x82, 
0x89, 0x94, 0xAD, 0xAF, 0xAA, 0xA3, 0xAD, 0xA0, 0x92, 0x94, 0xA0, 0x8F, 0x98, 0xC2, 0xAA, 0x90, 
0x95, 0x71, 0x2B, 0x2C, 0x33, 0x3F, 0x3F, 0x3F, 0x39, 0x4D, 0x9F, 0xA7, 0x70, 0x74, 0xC2, 0xA8, 
0x91, 0xB4, 0xB9, 0x63, 0x23, 0x3F, 0x3F, 0x35, 0x64, 0x96, 0x99, 0x7E, 0x52, 0x2C, 0x3F, 0x3F, 
0x3F, 0x3F, 0x3F, 0x23, 0x52, 0x7E, 0xAE, 0xA3, 0x72, 0x6C, 0x85, 0x1A, 0x5F, 0x80, 0x81, 0x93, 
0xB0, 0xC1, 0xA9, 0x5F, 0x2C, 0x3F, 0x3F, 0x15, 0x70, 0xB1, 0xAE, 0xA3, 0x6D, 0x1C, 0x3F, 0x3F, 
0x3F, 0x38, 0x32, 0x55, 0x6A, 0x92, 0x7E, 0x65, 0x52, 0x1B, 0x81, 0x56, 0x20, 0x51, 0x5E, 0x17, 
0x52, 0x74, 0x7D, 0x70, 0x9F, 0x80, 0x55, 0x33, 0x12, 0x57, 0x9B, 0x93, 0x4F, 0x35, 0x55, 0x49, 
0x1A, 0x77, 0x98, 0x64, 0x52, 0x72, 0xC1, 0x6A, 0x20, 0x39, 0x4F, 0xA7, 0x93, 0x77, 0x68, 0x5F, 
0xAE, 0xC2, 0x74, 0x11, 0x15, 0x21, 0x33, 0x45, 0x6D, 0x8F, 0x9F, 0x9F, 0xA0, 0x90, 0x8D, 0x78, 
0x89, 0x8E, 0x95, 0x95, 0x8C, 0x82, 0x8C, 0x90, 0x8E, 0x8D, 0x90, 0x90, 0x90, 0x95, 0x75, 0x2B, 
0x3F, 0x3F, 0x33, 0x21, 0x29, 0x1C, 0x33, 0x3F, 0x3F, 0x3F, 0x3F, 0x3F, 0x3F, 0x3F, 0x3F, 0x3F, 
0x3F, 0x3F, 0x3F, 0x3F, 0x3F, 0x39, 0x4D, 0x82, 0x95, 0x95, 0x95, 0x95, 0x95, 0xB2, 0xB2, 0xAA, 
0xAA, 0xC4, 0xC5, 0xB2, 0xB2, 0x8E, 0x8D, 0x90, 0x90, 0x75, 0x2D, 0x5E, 0x58, 0x39, 0x3F, 0x3F, 
0x3F, 0x1A, 0x7D, 0xB1, 0xAD, 0xBF, 0x9F, 0xAE, 0xC2, 0xBC, 0x97, 0x49, 0x35, 0x3F, 0x2C, 0x57, 
0xA3, 0x70, 0x6D, 0x88, 0x98, 0x56, 0x33, 0x3F, 0x3F, 0x3F, 0x4A, 0x4A, 0x1F, 0x56, 0x93, 0x58, 
0x11, 0x23, 0x52, 0x27, 0x50, 0x81, 0x4F, 0x2E, 0x65, 0x99, 0x6D, 0x16, 0x3F, 0x3F, 0x3E, 0x22, 
0x72, 0x99, 0x5F, 0x45, 0x1C, 0x38, 0x3F, 0x3F, 0x38, 0x50, 0x5A, 0x7E, 0x92, 0x8F, 0x57, 0x56, 
0x22, 0x32, 0x52, 0x2B, 0x54, 0x4D, 0x4E, 0x4C, 0x1F, 0x0D, 0x0D, 0x5C, 0x92, 0x72, 0x4E, 0x2C, 
0x5C, 0x68, 0x84, 0x94, 0x69, 0x2B, 0x33, 0x3F, 0x15, 0x86, 0xA6, 0x4E, 0x4E, 0xA3, 0x9F, 0x57, 
0x29, 0x1C, 0x0E, 0x80, 0xA9, 0x4D, 0x20, 0x33, 0x6C, 0xBC, 0xA6, 0x85, 0x72, 0x68, 0x55, 0x4B, 
0x85, 0xC3, 0x93, 0x88, 0xAC, 0x73, 0x4F, 0x3D, 0x58, 0x5C, 0x58, 0x52, 0x4E, 0x45, 0x56, 0x5A, 
0x58, 0x55, 0x55, 0x58, 0x5C, 0x66, 0x56, 0x38, 0x3F, 0x3F, 0x3F, 0x3F, 0x3F, 0x3F, 0x3F, 0x3F, 
0x3F, 0x3F, 0x3F, 0x3F, 0x3F, 0x3F, 0x3F, 0x3F, 0x3F, 0x3F, 0x3F, 0x3F, 0x3F, 0x3F, 0x46, 0x5A, 
0x63, 0x66, 0x69, 0x75, 0x71, 0x75, 0x69, 0x54, 0x4C, 0x69, 0x75, 0x75, 0x75, 0x52, 0x5A, 0x69, 
0x66, 0x58, 0x86, 0xB0, 0x74, 0x0C, 0x39, 0x3F, 0x3F, 0x29, 0x62, 0x9E, 0x6C, 0x86, 0x5F, 0x81, 
0x7D, 0x9F, 0x74, 0x15, 0x3F, 0x3F, 0x39, 0x47, 0x8A, 0x81, 0x1B, 0x10, 0x93, 0x80, 0x15, 0x3F, 
0x3F, 0x32, 0x58, 0x75, 0x69, 0x77, 0x9E, 0x6A, 0x1A, 0x19, 0x58, 0x66, 0x38, 0x55, 0x22, 0x46, 
0x5C, 0x88, 0x83, 0x50, 0x22, 0x2B, 0x40, 0x66, 0x77, 0x8B, 0x6C, 0x12, 0x56, 0x50, 0x2B, 0x32, 
0x13, 0x69, 0x82, 0x58, 0x69, 0x75, 0x5C, 0x82, 0x63, 0x3E, 0x55, 0x71, 0x87, 0x75, 0x78, 0x58, 
0x5C, 0x63, 0x5C, 0x89, 0x7F, 0x5C, 0x66, 0x78, 0x8C, 0x87, 0x8C, 0x82, 0x52, 0x32, 0x3F, 0x3F, 
0x2E, 0x5B, 0xA8, 0x9F, 0x6D, 0xAA, 0x7E, 0x11, 0x51, 0x6A, 0x85, 0xAB, 0xA3, 0x55, 0x33, 0x39, 
0x45, 0x6C, 0x99, 0xC5, 0xC5, 0xA6, 0x70, 0x23, 0x5B, 0xB0, 0x77, 0x0A, 0x92, 0x80, 0x10, 0x3E, 
0x32, 0x32, 0x2B, 0x22, 0x2B, 0x32, 0x2B, 0x2B, 0x32, 0x33, 0x2B, 0x32, 0x2B, 0x22, 0x32, 0x3F, 
0x3F, 0x3F, 0x3F, 0x3F, 0x3E, 0x2B, 0x39, 0x3F, 0x3F, 0x3F, 0x3F, 0x3D, 0x31, 0x39, 0x3F, 0x3F, 
0x3F, 0x3F, 0x3F, 0x38, 0x39, 0x3F, 0x3E, 0x22, 0x2B, 0x27, 0x1F, 0x19, 0x19, 0x19, 0x19, 0x32, 
0x38, 0x22, 0x1F, 0x19, 0x1F, 0x37, 0x32, 0x12, 0x51, 0x9F, 0xA8, 0xAE, 0xA6, 0x70, 0x4D, 0x39, 
0x3F, 0x32, 0x52, 0xAA, 0x6A, 0x11, 0x33, 0x28, 0x59, 0xB0, 0x7D, 0x17, 0x3F, 0x3F, 0x39, 0x45, 
0x8A, 0xAF, 0x51, 0x56, 0xA5, 0x77, 0x1A, 0x3F, 0x3F, 0x39, 0x4C, 0x82, 0x8C, 0x75, 0x82, 0x78, 
0x63, 0x66, 0x82, 0x89, 0x66, 0x66, 0x66, 0x66, 0x78, 0x82, 0x89, 0x66, 0x58, 0x5C, 0x66, 0x82, 
0x69, 0x7F, 0x83, 0x63, 0x75, 0x78, 0x66, 0x56, 0x71, 0x82, 0x90, 0x8C, 0x8C, 0x8C, 0x8C, 0x90, 
0x90, 0x82, 0x8C, 0x95, 0x95, 0x90, 0x95, 0x78, 0x95, 0x95, 0x90, 0x95, 0x8E, 0x8E, 0x90, 0x95, 
0x90, 0x95, 0x95, 0x87, 0x56, 0x32, 0x3F, 0x3F, 0x3F, 0x28, 0x57, 0x91, 0xAD, 0xAC, 0x74, 0x12, 
0x6C, 0xA9, 0xC6, 0xAD, 0x63, 0x28, 0x3F, 0x3F, 0x1A, 0x6C, 0xAF, 0xAB, 0x77, 0x57, 0x33, 0x18, 
0x77, 0xC3, 0x6D, 0x4D, 0xA3, 0x72, 0x1A, 0x3F, 0x3F, 0x37, 0x52, 0x58, 0x58, 0x50, 0x50, 0x51, 
0x32, 0x32, 0x52, 0x32, 0x2B, 0x47, 0x4F, 0x38, 0x32, 0x32, 0x2B, 0x32, 0x35, 0x63, 0x54, 0x38, 
0x3F, 0x3F, 0x39, 0x51, 0x63, 0x4A, 0x32, 0x37, 0x32, 0x32, 0x33, 0x4F, 0x4A, 0x2B, 0x39, 0x52, 
0x39, 0x38, 0x3E, 0x3E, 0x4C, 0x4F, 0x50, 0x4C, 0x3F, 0x3F, 0x3F, 0x3F, 0x3F, 0x3F, 0x3F, 0x21, 
0x88, 0x96, 0x4E, 0x5E, 0xA9, 0xA8, 0x52, 0x35, 0x3F, 0x20, 0x80, 0xAE, 0x63, 0x1B, 0x33, 0x2E, 
0x45, 0x88, 0xAC, 0x5F, 0x1C, 0x3F, 0x28, 0x5F, 0xAC, 0xB3, 0x8A, 0xA3, 0x86, 0x4C, 0x39, 0x3F, 
0x3F, 0x3E, 0x4B, 0x82, 0x8E, 0x8D, 0x8D, 0x8D, 0x8C, 0x8E, 0x90, 0x8E, 0x8E, 0x90, 0x8E, 0x8C, 
0x8C, 0x8C, 0x8C, 0x87, 0x87, 0x89, 0x8C, 0x89, 0x8C, 0x89, 0x82, 0x87, 0x82, 0x8C, 0x87, 0x82, 
0x89, 0x87, 0x87, 0x8D, 0x8E, 0x82, 0x8C, 0x87, 0x87, 0x8C, 0x8C, 0x8C, 0x82, 0x87, 0x87, 0x89, 
0x89, 0x82, 0x75, 0x78, 0x82, 0x82, 0x82, 0x82, 0x82, 0x87, 0x87, 0x78, 0x52, 0x32, 0x3F, 0x3F, 
0x3F, 0x3F, 0x29, 0x39, 0x67, 0x62, 0x33, 0x3F, 0x39, 0x57, 0x77, 0xA7, 0xA5, 0x5F, 0x11, 0x33, 
0x28, 0x57, 0xAE, 0x96, 0x12, 0x28, 0x3F, 0x2C, 0x5F, 0x96, 0x80, 0x97, 0x92, 0x48, 0x3B, 0x3F, 
0x3F, 0x32, 0x57, 0x87, 0x90, 0x78, 0x82, 0x78, 0x4E, 0x5C, 0x82, 0x5C, 0x58, 0x75, 0x82, 0x4D, 
0x5C, 0x58, 0x5C, 0x56, 0x75, 0x8C, 0x56, 0x32, 0x3F, 0x3F, 0x3E, 0x4D, 0x82, 0x75, 0x4F, 0x55, 
0x58, 0x5C, 0x4F, 0x78, 0x75, 0x5A, 0x69, 0x8C, 0x66, 0x4A, 0x69, 0x69, 0x75, 0x8C, 0x75, 0x4C, 
0x3E, 0x3F, 0x3F, 0x3F, 0x3F, 0x3F, 0x3F, 0x23, 0xA4, 0x77, 0x11, 0x0E, 0x98, 0x8B, 0x33, 0x3F, 
0x20, 0x64, 0xAF, 0xA3, 0x81, 0x5E, 0x51, 0x4B, 0x5B, 0x7D, 0xAB, 0x99, 0x4C, 0x35, 0x3F, 0x3F, 
0x63, 0x77, 0x7D, 0x65, 0x33, 0x33, 0x3F, 0x3F, 0x3F, 0x3E, 0x40, 0x66, 0x66, 0x66, 0x69, 0x69, 
0x71, 0x69, 0x69, 0x6E, 0x71, 0x6E, 0x69, 0x69, 0x6E, 0x69, 0x69, 0x69, 0x6E, 0x75, 0x75, 0x82, 
0x82, 0x87, 0x83, 0x75, 0x75, 0x78, 0x7F, 0x78, 0x52, 0x4F, 0x4E, 0x54, 0x66, 0x77, 0x52, 0x6D, 
0x68, 0x6F, 0x86, 0x8A, 0x6D, 0x76, 0x93, 0x85, 0x5A, 0x2D, 0x65, 0x70, 0x4C, 0x4C, 0x4B, 0x4A, 
0x2F, 0x93, 0x99, 0x49, 0x33, 0x3F, 0x3F, 0x3F, 0x3F, 0x3F, 0x3F, 0x3F, 0x23, 0x28, 0x3F, 0x3F, 
0x3F, 0x2F, 0x12, 0x64, 0xAE, 0x70, 0x6A, 0x57, 0x49, 0x62, 0x96, 0xAE, 0x5B, 0x23, 0x3F, 0x3F, 
0x23, 0x4D, 0x9F, 0x8F, 0x51, 0x33, 0x3F, 0x3F, 0x3F, 0x38, 0x4C, 0x8C, 0x95, 0x95, 0x95, 0x90, 
0x8E, 0x95, 0x95, 0x95, 0x95, 0x95, 0x95, 0x8C, 0x90, 0x90, 0x90, 0x90, 0x95, 0x82, 0x4A, 0x39, 
0x3F, 0x3F, 0x3F, 0x3E, 0x78, 0x95, 0x8C, 0x8C, 0x8E, 0x90, 0x8D, 0x95, 0x95, 0x90, 0x95, 0x95, 
0x95, 0x8C, 0x95, 0x95, 0x95, 0x95, 0x82, 0x4C, 0x3E, 0x3F, 0x3F, 0x3F, 0x3F, 0x3F, 0x3F, 0x28, 
0x70, 0xA4, 0x8B, 0x8A, 0xAD, 0x93, 0x3F, 0x33, 0x4C, 0x9F, 0xC5, 0xB5, 0xB9, 0x7D, 0x9F, 0x97, 
0x88, 0xB9, 0xAF, 0xC5, 0x80, 0x29, 0x3F, 0x3F, 0x28, 0x15, 0x12, 0x23, 0x3F, 0x3F, 0x3F, 0x3F, 
0x3F, 0x3F, 0x3F, 0x19, 0x6D, 0x65, 0x4D, 0x70, 0x55, 0x72, 0x77, 0x6A, 0x59, 0x74, 0x77, 0x62, 
0x22, 0x4B, 0x6C, 0x55, 0x2B, 0x39, 0x28, 0x91, 0xAD, 0xA6, 0x96, 0x57, 0x40, 0x46, 0x4C, 0x4C, 
0x38, 0x38, 0x38, 0x12, 0x6D, 0xA8, 0x5E, 0xA8, 0x77, 0x97, 0xA8, 0x8B, 0x6C, 0x93, 0xA8, 0xAB, 
0x91, 0x2C, 0x96, 0xAB, 0x51, 0x28, 0x39, 0x23, 0x56, 0xA9, 0xB4, 0x63, 0x23, 0x3F, 0x3F, 0x3F, 
0x3F, 0x3F, 0x3F, 0x3F, 0x3F, 0x3F, 0x3F, 0x3F, 0x3F, 0x3F, 0x20, 0x5F, 0xAD, 0xA8, 0xBD, 0x9E, 
0x77, 0xAF, 0xB1, 0xC5, 0x7D, 0x1C, 0x3F, 0x3F, 0x3F, 0x39, 0x56, 0x49, 0x2F, 0x3F, 0x3F, 0x3F, 
0x3F, 0x3F, 0x3E, 0x69, 0x82, 0x82, 0x66, 0x75, 0x89, 0x89, 0x87, 0x82, 0x71, 0x69, 0x82, 0x8C, 
0x8C, 0x8C, 0x8D, 0x8D, 0x89, 0x75, 0x4E, 0x38, 0x3F, 0x3F, 0x3F, 0x3F, 0x69, 0x87, 0x87, 0x82, 
0x82, 0x82, 0x82, 0x82, 0x78, 0x75, 0x82, 0x8C, 0x8C, 0x8C, 0x78, 0x75, 0x89, 0x87, 0x78, 0x4F, 
0x38, 0x3F, 0x3F, 0x3F, 0x3F, 0x3F, 0x3F, 0x3F, 0x28, 0x58, 0x72, 0x7E, 0x70, 0x56, 0x39, 0x29, 
0x7E, 0xAE, 0x8A, 0x6D, 0xA7, 0xB5, 0xA5, 0xA3, 0xC2, 0xAE, 0x6C, 0x7D, 0x92, 0x5E, 0x2C, 0x3F, 
0x3F, 0x3F, 0x3F, 0x3F, 0x3F, 0x3F, 0x3F, 0x3F, 0x3F, 0x3F, 0x39, 0x35, 0x9B, 0x85, 0x74, 0xA7, 
0x6D, 0xB1, 0xA8, 0x80, 0x77, 0xBC, 0xA9, 0xA9, 0x57, 0x6C, 0xC0, 0x80, 0x28, 0x38, 0x2B, 0x97, 
0x91, 0x4F, 0x50, 0x3F, 0x39, 0x39, 0x39, 0x39, 0x3F, 0x3F, 0x3F, 0x1A, 0x6D, 0xA3, 0x7E, 0xC1, 
0x72, 0x98, 0x74, 0x0B, 0x11, 0x9E, 0x6D, 0x74, 0xA4, 0x5B, 0xA9, 0xBD, 0x6C, 0x20, 0x3F, 0x1A, 
0x6C, 0xB7, 0xB3, 0x86, 0x20, 0x3F, 0x3F, 0x3F, 0x3F, 0x3F, 0x3F, 0x3F, 0x3F, 0x3F, 0x3F, 0x3F, 
0x3F, 0x3F, 0x1C, 0x64, 0xB6, 0xAE, 0x80, 0xA8, 0xBC, 0x8F, 0x7E, 0x9F, 0x96, 0x49, 0x39, 0x3F, 
0x3F, 0x3F, 0x2E, 0x39, 0x3F, 0x3F, 0x3F, 0x3F, 0x3F, 0x3F, 0x3F, 0x2B, 0x2B, 0x2B, 0x22, 0x32, 
0x4A, 0x4B, 0x4C, 0x37, 0x22, 0x22, 0x40, 0x52, 0x4E, 0x4E, 0x55, 0x52, 0x50, 0x3F, 0x39, 0x3F, 
0x3F, 0x3F, 0x3F, 0x3F, 0x38, 0x48, 0x4A, 0x45, 0x32, 0x31, 0x2B, 0x2B, 0x22, 0x22, 0x3D, 0x4C, 
0x4A, 0x4A, 0x32, 0x2B, 0x4A, 0x4A, 0x33, 0x39, 0x3F, 0x3F, 0x3F, 0x3F, 0x3F, 0x3F, 0x3F, 0x3F, 
0x3F, 0x2C, 0x1C, 0x1A, 0x1C, 0x2E, 0x39, 0x4E, 0x72, 0x5E, 0x15, 0x4E, 0xA8, 0xA9, 0x5A, 0x4E, 
0x8F, 0xB0, 0x59, 0x11, 0x3F, 0x4E, 0x39, 0x3F, 0x3F, 0x3F, 0x3F, 0x3F, 0x3F, 0x3F, 0x3F, 0x3F, 
0x3F, 0x3F, 0x39, 0x45, 0x97, 0x88, 0xA5, 0xA4, 0x70, 0x99, 0x4E, 0x0B, 0x7D, 0x9F, 0x5E, 0xA7, 
0x68, 0x81, 0xC5, 0x9F, 0x45, 0x39, 0x33, 0x96, 0xA3, 0x72, 0x5F, 0x45, 0x39, 0x3F, 0x3F, 0x3F, 
0x3F, 0x3F, 0x3F, 0x1A, 0x6D, 0xAA, 0xA9, 0xB1, 0x72, 0x99, 0x74, 0x15, 0x1A, 0x9F, 0x99, 0xA4, 
0x8A, 0x6A, 0xA8, 0x96, 0x88, 0x15, 0x3F, 0x20, 0x85, 0x9E, 0x85, 0xA9, 0x55, 0x2C, 0x3F, 0x3F, 
0x3F, 0x3F, 0x3F, 0x3F, 0x3F, 0x3F, 0x3F, 0x3F, 0x3F, 0x3F, 0x1A, 0x6A, 0xA4, 0x64, 0x0E, 0x6D, 
0xAA, 0x5B, 0x13, 0x39, 0x52, 0x4B, 0x39, 0x3F, 0x3F, 0x3F, 0x3F, 0x3F, 0x3F, 0x3F, 0x3F, 0x3F, 
0x3F, 0x3F, 0x3F, 0x3F, 0x3F, 0x3F, 0x3F, 0x3F, 0x39, 0x39, 0x39, 0x3F, 0x3F, 0x3F, 0x39, 0x33, 
0x38, 0x38, 0x32, 0x32, 0x38, 0x3E, 0x3F, 0x3F, 0x3F, 0x3F, 0x3F, 0x3F, 0x3F, 0x39, 0x39, 0x39, 
0x3F, 0x3F, 0x3F, 0x3F, 0x3F, 0x3F, 0x3E, 0x39, 0x39, 0x39, 0x3F, 0x3F, 0x39, 0x39, 0x3F, 0x3F, 
0x3F, 0x3F, 0x3F, 0x3F, 0x3F, 0x3F, 0x3F, 0x3F, 0x3F, 0x3F, 0x3F, 0x3F, 0x3F, 0x3F, 0x3F, 0x3F, 
0x28, 0x28, 0x33, 0x51, 0x96, 0x64, 0x20, 0x2C, 0x4A, 0x7D, 0x5A, 0x33, 0x3B, 0x39, 0x3F, 0x3F, 
0x3F, 0x3F, 0x3F, 0x3F, 0x3F, 0x3F, 0x3F, 0x3F, 0x3F, 0x3F, 0x39, 0x45, 0x96, 0xAD, 0xBD, 0x9F, 
0x70, 0x93, 0x49, 0x12, 0x77, 0xAA, 0x8F, 0xA6, 0x59, 0xA3, 0x98, 0xAB, 0x58, 0x2C, 0x38, 0x96, 
0xA9, 0x93, 0xAD, 0x74, 0x28, 0x3F, 0x3F, 0x3F, 0x3F, 0x3F, 0x3F, 0x1A, 0x6C, 0xBD, 0x9F, 0x8F, 
0x72, 0x96, 0x72, 0x15, 0x1A, 0x9F, 0xA5, 0x7E, 0x50, 0x81, 0xAC, 0xA7, 0xA4, 0x4D, 0x33, 0x47, 
0xA5, 0xA7, 0x9E, 0xC0, 0x6D, 0x1B, 0x3F, 0x3F, 0x3F, 0x3F, 0x3F, 0x3F, 0x3F, 0x3F, 0x3F, 0x3F, 
0x3F, 0x3F, 0x33, 0x55, 0x56, 0x1C, 0x3F, 0x3F, 0x5F, 0x45, 0x3F, 0x3F, 0x39, 0x3F, 0x3F, 0x3F, 
0x3F, 0x3F, 0x3F, 0x3F, 0x3F, 0x3F, 0x3F, 0x3F, 0x3F, 0x3F, 0x3F, 0x3F, 0x3F, 0x3F, 0x3F, 0x3F, 
0x3F, 0x3F, 0x3F, 0x3F, 0x3F, 0x3F, 0x3F, 0x3F, 0x3F, 0x3F, 0x3F, 0x3F, 0x3F, 0x3F, 0x3F, 0x3F, 
0x3F, 0x3F, 0x3F, 0x3F, 0x3F, 0x3F, 0x3F, 0x3F, 0x3F, 0x3F, 0x3F, 0x3F, 0x3F, 0x3F, 0x3F, 0x3F, 
0x3F, 0x3F, 0x3F, 0x3F, 0x3F, 0x3F, 0x3F, 0x3F, 0x3F, 0x3F, 0x3F, 0x3F, 0x3F, 0x3F, 0x3F, 0x3F, 
0x3F, 0x3F, 0x3F, 0x3F, 0x3F, 0x3F, 0x3F, 0x3F, 0x3F, 0x3F, 0x3F, 0x49, 0x52, 0x33, 0x3F, 0x3F, 
0x39, 0x39, 0x45, 0x3F, 0x3F, 0x3F, 0x3F, 0x3F, 0x3F, 0x3F, 0x3F, 0x3F, 0x3F, 0x3F, 0x3F, 0x3F, 
0x3F, 0x3F, 0x39, 0x45, 0x96, 0xC3, 0xAB, 0x9F, 0x70, 0x91, 0x45, 0x12, 0x77, 0xAF, 0x92, 0x63, 
0x5F, 0xAF, 0x96, 0xAE, 0x6D, 0x16, 0x39, 0x99, 0x86, 0x0A, 0x96, 0x93, 0x3F, 0x39, 0x3F, 0x3F, 
0x3F, 0x3F, 0x3F, 0x1A, 0x6D, 0xBE, 0x6D, 0x85, 0x72, 0x8F, 0x70, 0x16, 0x20, 0xA3, 0x6D, 0x0A, 
0x4B, 0xA3, 0x86, 0x74, 0xA9, 0x64, 0x11, 0x64, 0xB0, 0x9B, 0x8F, 0xB0, 0x93, 0x29, 0x3F, 0x3F, 
0x3F, 0x3F, 0x3F, 0x3F, 0x3F, 0x3F, 0x3F, 0x3F, 0x3F, 0x3F, 0x3F, 0x39, 0x33, 0x3F, 0x3F, 0x3F, 
0x2C, 0x3F, 0x3F, 0x3F, 0x3F, 0x3F, 0x3F, 0x3F, 0x3F, 0x3F, 0x3F, 0x3F, 0x3F, 0x3F, 0x3F, 0x3F, 
0x3F, 0x3F, 0x3F, 0x3F, 0x3F, 0x3F, 0x3F, 0x3F, 0x3F, 0x3F, 0x3F, 0x3F, 0x3F, 0x3F, 0x3F, 0x3F, 
0x3F, 0x3F, 0x3F, 0x3F, 0x3F, 0x3F, 0x3F, 0x3F, 0x3F, 0x3F, 0x3F, 0x3F, 0x3F, 0x3F, 0x3F, 0x3F, 
0x3F, 0x3F, 0x3F, 0x3F, 0x3F, 0x3F, 0x3F, 0x3F, 0x3F, 0x3F, 0x3F, 0x3F, 0x3F, 0x3F, 0x3F, 0x3F, 
0x3F, 0x3F, 0x3F, 0x3F, 0x3F, 0x3F, 0x3F, 0x3F, 0x3F, 0x3F, 0x3F, 0x3F, 0x3F, 0x3F, 0x3F, 0x3F, 
0x3F, 0x3F, 0x3F, 0x3F, 0x33, 0x3F, 0x3F, 0x3F, 0x3F, 0x3B, 0x3F, 0x3F, 0x3F, 0x3F, 0x3F, 0x3F, 
0x3F, 0x3F, 0x3F, 0x3F, 0x3F, 0x3F, 0x3F, 0x3F, 0x3F, 0x3F, 0x39, 0x45, 0x9E, 0xA3, 0x7E, 0xA6, 
0x72, 0x92, 0x39, 0x12, 0x7D, 0xA3, 0x47, 0x0B, 0x7E, 0xAE, 0x88, 0xAC, 0x85, 0x15, 0x39, 0x9B, 
0xA3, 0x7E, 0xAE, 0x80, 0x28, 0x3F, 0x3F, 0x3F, 0x3F, 0x3F, 0x3F, 0x33, 0x57, 0x70, 0x4C, 0x6A, 
0x5B, 0x6C, 0x5E, 0x2C, 0x33, 0x72, 0x5B, 0x23, 0x51, 0x72, 0x4E, 0x12, 0x74, 0x5F, 0x17, 0x62, 
0x7E, 0x50, 0x11, 0x6D, 0x7E, 0x4B, 0x39, 0x3F, 0x3F, 0x3F, 0x3F, 0x3F, 0x3F, 0x3F, 0x3F, 0x3F, 
0x3F, 0x3F, 0x3F, 0x3F, 0x3F, 0x3F, 0x3F, 0x3F, 0x3F, 0x3F, 0x3F, 0x3F, 0x3F, 0x3F, 0x3F, 0x3F, 
0x3F, 0x3F, 0x3F, 0x3F, 0x3F, 0x3F, 0x3F, 0x3F, 0x3F, 0x3F, 0x3F, 0x3F, 0x3F, 0x3F, 0x3F, 0x3F, 
0x3F, 0x3F, 0x3F, 0x3F, 0x3F, 0x3F, 0x3F, 0x3F, 0x3F, 0x3F, 0x3F, 0x3F, 0x3F, 0x3F, 0x3F, 0x3F, 
0x3F, 0x3F, 0x3F, 0x3F, 0x3F, 0x3F, 0x3F, 0x3F, 0x3F, 0x3F, 0x3F, 0x3F, 0x3F, 0x3F, 0x3F, 0x3F, 
0x3F, 0x3F, 0x3F, 0x3F, 0x3F, 0x3F, 0x3F, 0x3F, 0x3F, 0x3F, 0x3F, 0x3F, 0x3F, 0x3F, 0x3F, 0x3F, 
0x3F, 0x3F, 0x3F, 0x3F, 0x3F, 0x3F, 0x3F, 0x3F, 0x3F, 0x3F, 0x3F, 0x3F, 0x3F, 0x3F, 0x3F, 0x3F, 
0x3F, 0x3F, 0x3F, 0x3F, 0x3F, 0x3F, 0x3F, 0x3F, 0x3F, 0x3F, 0x3F, 0x3F, 0x3F, 0x3F, 0x3F, 0x3F, 
0x3F, 0x3F, 0x3F, 0x3F, 0x6D, 0x5E, 0x5B, 0x70, 0x5B, 0x6C, 0x39, 0x29, 0x67, 0x72, 0x3F, 0x29, 
0x70, 0x70, 0x0C, 0x6C, 0x70, 0x3D, 0x2E, 0x74, 0x8B, 0x91, 0x7E, 0x51, 0x35, 0x3F, 0x3F, 0x3F, 
0x3F, 0x3F, 0x3F, 0x3F, 0x33, 0x1A, 0x39, 0x33, 0x39, 0x2E, 0x39, 0x3F, 0x3F, 0x2C, 0x39, 0x3F, 
0x39, 0x28, 0x39, 0x3F, 0x29, 0x39, 0x3F, 0x39, 0x28, 0x39, 0x3F, 0x2C, 0x33, 0x3F, 0x3F, 0x3F, 
0x3F, 0x3F, 0x3F, 0x3F, 0x3F, 0x3F, 0x3F, 0x3F, 0x3F, 0x3F, 0x3F, 0x3F, 0x3F, 0x3F, 0x3F, 0x3F, 
0x3F, 0x3F, 0x3F, 0x3F, 0x3F, 0x3F, 0x3F, 0x3F, 0x3F, 0x3F, 0x3F, 0x3F, 0x3F, 0x3F, 0x3F, 0x3F, 
0x3F, 0x3F, 0x3F, 0x3F, 0x3F, 0x3F, 0x3F, 0x3F, 0x3F, 0x3F, 0x3F, 0x3F, 0x3F, 0x3F, 0x3F, 0x3F, 
0x3F, 0x3F, 0x3F, 0x3F, 0x3F, 0x3F, 0x3F, 0x3F, 0x3F, 0x3F, 0x3F, 0x3F, 0x3F, 0x3F, 0x3F, 0x3F, 
0x3F, 0x3F, 0x3F, 0x3F, 0x3F, 0x3F, 0x3F, 0x3F, 0x3F, 0x3F, 0x3F, 0x3F, 0x3F, 0x3F, 0x3F, 0x3F, 
0x3F, 0x3F, 0x3F, 0x3F, 0x3F, 0x3F, 0x3F, 0x3F, 0x3F, 0x3F, 0x3F, 0x3F, 0x3F, 0x3F, 0x3F, 0x3F, 
0x3F, 0x3F, 0x3F, 0x3F, 0x3F, 0x3F, 0x3F, 0x3F, 0x3F, 0x3F, 0x3F, 0x3F, 0x3F, 0x3F, 0x3F, 0x3F, 
0x3F, 0x3F, 0x3F, 0x3F, 0x3F, 0x3F, 0x3F, 0x3F, 0x3F, 0x3F, 0x3F, 0x3F, 0x23, 0x2C, 0x33, 0x20, 
0x33, 0x2C, 0x3F, 0x3F, 0x35, 0x2C, 0x3F, 0x3F, 0x33, 0x2C, 0x3F, 0x29, 0x2E, 0x3F, 0x3F, 0x33, 
0x33, 0x35, 0x28, 0x33, 0x3F, 0x3F, 0x3F, 0x3F, 0x1A, 0x1A, 0x1A, 0x1A, 0x1A, 0x1A, 0x1A, 0x1A, 
0x1A, 0x1A, 0x1A, 0x1A, 0x1A, 0x1A, 0x1A, 0x1A, 0x1A, 0x1A, 0x1A, 0x1A, 0x1A, 0x1A, 0x1A, 0x1A, 
0x17, 0x1A, 0x1A, 0x1A, 0x16, 0x1A, 0x1A, 0x1A, 0x1A, 0x1A, 0x1A, 0x1A, 0x1A, 0x1A, 0x1A, 0x1A, 
0x1A, 0x1A, 0x1A, 0x1A, 0x1A, 0x1A, 0x1A, 0x1A, 0x1A, 0x1A, 0x1A, 0x1A, 0x1A, 0x1A, 0x1A, 0x1A, 
0x1A, 0x1A, 0x1A, 0x1A, 0x1A, 0x1A, 0x1A, 0x1A, 0x1A, 0x1A, 0x1A, 0x1A, 0x1A, 0x1A, 0x1A, 0x1A, 
0x1A, 0x1A, 0x1A, 0x1A, 0x1A, 0x1A, 0x1A, 0x1A, 0x1A, 0x1A, 0x1A, 0x1A, 0x1A, 0x1A, 0x1A, 0x1A, 
0x1A, 0x1A, 0x1A, 0x1A, 0x1A, 0x1A, 0x1A, 0x1A, 0x1A, 0x1A, 0x1A, 0x1A, 0x1A, 0x1A, 0x1A, 0x1A, 
0x1A, 0x1A, 0x1A, 0x1A, 0x1A, 0x1A, 0x1A, 0x1A, 0x1A, 0x1A, 0x1A, 0x1A, 0x1A, 0x1A, 0x1A, 0x1A, 
0x1A, 0x1A, 0x1A, 0x1A, 0x1A, 0x1A, 0x1A, 0x1A, 0x1A, 0x1A, 0x1A, 0x1A, 0x1A, 0x1A, 0x1A, 0x1A, 
0x1A, 0x1A, 0x1A, 0x1A, 0x1A, 0x1A, 0x1A, 0x1A, 0x1A, 0x1A, 0x1A, 0x1A, 0x1A, 0x1A, 0x1A, 0x1A, 
0x1A, 0x1A, 0x1A, 0x1A, 0x1A, 0x1A, 0x1A, 0x1A, 0x1A, 0x1A, 0x1A, 0x1A, 0x1A, 0x1A, 0x1A, 0x1A, 
0x1A, 0x1A, 0x1A, 0x1A, 0x1A, 0x1A, 0x1A, 0x17, 0x16, 0x16, 0x17, 0x1A, 0x1A, 0x1A, 0x1A, 0x1A, 
0x68, 0x68, 0x68, 0x68, 0x68, 0x68, 0x68, 0x68, 0x68, 0x68, 0x68, 0x68, 0x68, 0x68, 0x68, 0x68, 
0x68, 0x68, 0x68, 0x68, 0x68, 0x68, 0x68, 0x68, 0x68, 0x68, 0x68, 0x68, 0x68, 0x68, 0x68, 0x68, 
0x68, 0x68, 0x68, 0x68, 0x68, 0x68, 0x68, 0x68, 0x68, 0x68, 0x68, 0x68, 0x68, 0x68, 0x68, 0x68, 
0x68, 0x68, 0x68, 0x68, 0x68, 0x68, 0x68, 0x68, 0x68, 0x68, 0x68, 0x68, 0x68, 0x68, 0x68, 0x68, 
0x68, 0x68, 0x68, 0x68, 0x68, 0x68, 0x68, 0x68, 0x68, 0x68, 0x68, 0x68, 0x68, 0x68, 0x68, 0x68, 
0x68, 0x68, 0x68, 0x68, 0x68, 0x68, 0x68, 0x68, 0x68, 0x68, 0x68, 0x68, 0x68, 0x68, 0x68, 0x68, 
0x68, 0x68, 0x68, 0x68, 0x68, 0x68, 0x68, 0x68, 0x68, 0x68, 0x68, 0x68, 0x68, 0x68, 0x68, 0x68, 
0x68, 0x68, 0x68, 0x68, 0x68, 0x68, 0x68, 0x68, 0x68, 0x68, 0x68, 0x68, 0x68, 0x68, 0x68, 0x68, 
0x68, 0x68, 0x68, 0x68, 0x68, 0x68, 0x68, 0x68, 0x68, 0x68, 0x68, 0x68, 0x68, 0x68, 0x68, 0x68, 
0x68, 0x68, 0x68, 0x68, 0x68, 0x68, 0x68, 0x68, 0x68, 0x68, 0x68, 0x68, 0x68, 0x68, 0x68, 0x68, 
0x68, 0x68, 0x68, 0x68, 0x68, 0x68, 0x68, 0x68, 0x68, 0x68, 0x68, 0x68, 0x68, 0x68, 0x68, 0x68, 
0x68, 0x68, 0x68, 0x68, 0x68, 0x68, 0x68, 0x68, 0xC7, 0xC7, 0xC7, 0xC7, 0xC7, 0xC7, 0xC7, 0xC7, 
0xC7, 0xC7, 0xC7, 0xC7, 0xC7, 0xC7, 0xC7, 0xC7, 0xC7, 0xC7, 0xC7, 0xC7, 0xC7, 0xC7, 0xC7, 0xC7, 
0xC7, 0xC7, 0xC7, 0xC7, 0xC7, 0xC7, 0xC7, 0xC7, 0xC7, 0xC7, 0xC7, 0xC7, 0xC7, 0xC7, 0xC7, 0xC7, 
0xC7, 0xC7, 0xC7, 0xC7, 0xC7, 0xC7, 0xC7, 0xC7, 0xC7, 0xC7, 0xC7, 0xC7, 0xC7, 0xC7, 0xC7, 0xC7, 
0xC7, 0xC7, 0xC7, 0xC7, 0xC7, 0xC7, 0xC7, 0xC7, 0xC7, 0xC7, 0xC7, 0xC7, 0xC7, 0xC7, 0xC7, 0xC7, 
0xC7, 0xC7, 0xC7, 0xC7, 0xC7, 0xC7, 0xC7, 0xC7, 0xC7, 0xC7, 0xC7, 0xC7, 0xC7, 0xC7, 0xC7, 0xC7, 
0xC7, 0xC7, 0xC7, 0xC7, 0xC7, 0xC7, 0xC7, 0xC7, 0xC7, 0xC7, 0xC7, 0xC7, 0xC7, 0xC7, 0xC7, 0xC7, 
0xC7, 0xC7, 0xC7, 0xC7, 0xC7, 0xC7, 0xC7, 0xC7, 0xC7, 0xC7, 0xC7, 0xC7, 0xC7, 0xC7, 0xC7, 0xC7, 
0xC7, 0xC7, 0xC7, 0xC7, 0xC7, 0xC7, 0xC7, 0xC7, 0xC7, 0xC7, 0xC7, 0xC7, 0xC7, 0xC7, 0xC7, 0xC7, 
0xC7, 0xC7, 0xC7, 0xC7, 0xC7, 0xC7, 0xC7, 0xC7, 0xC7, 0xC7, 0xC7, 0xC7, 0xC7, 0xC7, 0xC7, 0xC7, 
0xC7, 0xC7, 0xC7, 0xC7, 0xC7, 0xC7, 0xC7, 0xC7, 0xC7, 0xC7, 0xC7, 0xC7, 0xC7, 0xC7, 0xC7, 0xC7, 
0xC7, 0xC7, 0xC7, 0xC7, 0xC7, 0xC7, 0xC7, 0xC7, 0xC7, 0xC7, 0xC7, 0xC7, 0xC7, 0xC7, 0xC7, 0xC7, 
0xC7, 0xC7, 0xC7, 0xC7, 0xC7, 0xC7, 0xC7, 0xC7, 0xC7, 0xC7, 0xC7, 0xC7, 0xC7, 0xC7, 0xC7, 0xC7, 
0xC7, 0xC7, 0xC7, 0xC7, 0xC7, 0xC7, 0xC7, 0xC7, 0xC7, 0xC7, 0xC7, 0xC7, 0xC7, 0xC7, 0xC7, 0xC7, 
0xC7, 0xC7, 0xC7, 0xC7, 0xC7, 0xC7, 0xC7, 0xC7, 0xC7, 0xC7, 0xC7, 0xC7, 0xC7, 0xC7, 0xC7, 0xC7, 
0xC7, 0xC7, 0xC7, 0xC7, 0xC7, 0xC7, 0xC7, 0xC7, 0xC7, 0xC7, 0xC7, 0xC7, 0xC7, 0xC7, 0xC7, 0xC7, 
0xC7, 0xC7, 0xC7, 0xC7, 0xC7, 0xC7, 0xC7, 0xC7, 0xC7, 0xC7, 0xC7, 0xC7, 0xC7, 0xC7, 0xC7, 0xC7, 
0xC7, 0xC7, 0xC7, 0xC7, 0xC7, 0xC7, 0xC7, 0xC7, 0xC7, 0xC7, 0xC7, 0xC7, 0xC7, 0xC7, 0xC7, 0xC7, 
0xC7, 0xC7, 0xC7, 0xC7, 0xC7, 0xC7, 0xC7, 0xC7, 0xC7, 0xC7, 0xC7, 0xC7, 0xC7, 0xC7, 0xC7, 0xC7, 
0xC7, 0xC7, 0xC7, 0xC7, 0xC7, 0xC7, 0xC7, 0xC7, 0xC7, 0xC7, 0xC7, 0xC7, 0xC7, 0xC7, 0xC7, 0xC7, 
0xC7, 0xC7, 0xC7, 0xC7, 0xC7, 0xC7, 0xC7, 0xC7, 0xC7, 0xC7, 0xC7, 0xC7, 0xC7, 0xC7, 0xC7, 0xC7, 
0xC7, 0xC7, 0xC7, 0xC7, 0xC7, 0xC7, 0xC7, 0xC7, 0xC7, 0xC7, 0xC7, 0xC7, 0xC7, 0xC7, 0xC7, 0xC7, 
0xC7, 0xC7, 0xC7, 0xC7, 0xC7, 0xC7, 0xC7, 0xC7, 0xC7, 0xC7, 0xC7, 0xC7, 0xC7, 0xC7, 0xC7, 0xC7, 
0xC7, 0xC7, 0xC7, 0xC7, 0xC7, 0xC7, 0xC7, 0xC7, 0xC7, 0xC7, 0xC7, 0xC7, 0xC7, 0xC7, 0xC7, 0xC7, 
0xC7, 0xC7, 0xC7, 0xC7, 0xC7, 0xC7, 0xC7, 0xC7, 0xC7, 0xC7, 0xC7, 0xC7, 0xC7, 0xC7, 0xC7, 0xC7, 
0xC7, 0xC7, 0xC7, 0xC7, 0xC7, 0xC7, 0xC7, 0xC7, 0xC7, 0xC7, 0xC7, 0xC7, 0xC7, 0xC7, 0xC7, 0xC7, 
0xC7, 0xC7, 0xC7, 0xC7, 0xC7, 0xC7, 0xC7, 0xC7, 0xC7, 0xC7, 0xC7, 0xC7, 0xC7, 0xC7, 0xC7, 0xC7, 
0xC7, 0xC7, 0xC7, 0xC7, 0xC7, 0xC7, 0xC7, 0xC7, 0xC7, 0xC7, 0xC7, 0xC7, 0xC7, 0xC7, 0xC7, 0xC7, 
0xC7, 0xC7, 0xC7, 0xC7, 0xC7, 0xC7, 0xC7, 0xC7, 0xC7, 0xC7, 0xC7, 0xC7, 0xC7, 0xC7, 0xC7, 0xC7, 
0xC7, 0xC7, 0xC7, 0xC7, 0xC7, 0xC7, 0xC7, 0xC7, 0xC7, 0xC7, 0xC7, 0xC7, 0xC7, 0xC7, 0xC7, 0xC7, 
0xC7, 0xC7, 0xC7, 0xC7, 0xC7, 0xC7, 0xC7, 0xC7, 0xC7, 0xC7, 0xC7, 0xC7, 0xC7, 0xC7, 0xC7, 0xC7, 
0xC7, 0xC7, 0xC7, 0xC7, 0xC7, 0xC7, 0xC7, 0xC7, 0xC7, 0xC7, 0xC7, 0xC7, 0xC7, 0xC7, 0xC7, 0xC7, 
0xC7, 0xC7, 0xC7, 0xC7, 0xC7, 0xC7, 0xC7, 0xC7, 0xC7, 0xC7, 0xC7, 0xC7, 0xC7, 0xC7, 0xC7, 0xC7, 
0xC7, 0xC7, 0xC7, 0xC7, 0xC7, 0xC7, 0xC7, 0xC7, 0xC7, 0xC7, 0xC7, 0xC7, 0xC7, 0xC7, 0xC7, 0xC7, 
0xC7, 0xC7, 0xC7, 0xC7, 0xC7, 0xC7, 0xC7, 0xC7, 0xC7, 0xC7, 0xC7, 0xC7, 0xC7, 0xC7, 0xC7, 0xC7, 
0xC7, 0xC7, 0xC7, 0xC7, 0xC7, 0xC7, 0xC7, 0xC7, 0xC7, 0xC7, 0xC7, 0xC7, 0xC7, 0xC7, 0xC7, 0xC7, 
0xC7, 0xC7, 0xC7, 0xC7, 0xC7, 0xC7, 0xC7, 0xC7, 0xC7, 0xC7, 0xC7, 0xC7, 0xC7, 0xC7, 0xC7, 0xC7, 
0xC7, 0xC7, 0xC7, 0xC7, 0xC7, 0xC7, 0xC7, 0xC7, 0xC7, 0xC7, 0xC7, 0xC7, 0xC7, 0xC7, 0xC7, 0xC7, 
0xC7, 0xC7, 0xC7, 0xC7, 0xC7, 0xC7, 0xC7, 0xC7, 0xC7, 0xC7, 0xC7, 0xC7, 0xC7, 0xC7, 0xC7, 0xC7, 
0xC7, 0xC7, 0xC7, 0xC7, 0xC7, 0xC7, 0xC7, 0xC7, 0xC7, 0xC7, 0xC7, 0xC7, 0xC7, 0xC7, 0xC7, 0xC7, 
0xC7, 0xC7, 0xC7, 0xC7, 0xC7, 0xC7, 0xC7, 0xC7, 0xC7, 0xC7, 0xC7, 0xC7, 0xC7, 0xC7, 0xC7, 0xC7, 
0xC7, 0xC7, 0xC7, 0xC7, 0xC7, 0xC7, 0xC7, 0xC7, 0xC7, 0xC7, 0xC7, 0xC7, 0xC7, 0xC7, 0xC7, 0xC7, 
0xC7, 0xC7, 0xC7, 0xC7, 0xC7, 0xC7, 0xC7, 0xC7, 0xC7, 0xC7, 0xC7, 0xC7, 0xC7, 0xC7, 0xC7, 0xC7, 
0xC7, 0xC7, 0xC7, 0xC7, 0xC7, 0xC7, 0xC7, 0xC7, 0xC7, 0xC7, 0xC7, 0xC7, 0xC7, 0xC7, 0xC7, 0xC7, 
0xC7, 0xC7, 0xC7, 0xC7, 0xC7, 0xC7, 0xC7, 0xC7, 0xC7, 0xC7, 0xC7, 0xC7, 0xC7, 0xC7, 0xC7, 0xC7, 
0xC7, 0xC7, 0xC7, 0xC7, 0xC7, 0xC7, 0xC7, 0xC7, 0xC7, 0xC7, 0xC7, 0xC7, 0xC7, 0xC7, 0xC7, 0xC7, 
0xC7, 0xC7, 0xC7, 0xC7, 0xC7, 0xC7, 0xC7, 0xC7, 0xC7, 0xC7, 0xC7, 0xC7, 0xC7, 0xC7, 0xC7, 0xC7, 
0xC7, 0xC7, 0xC7, 0xC7, 0xC7, 0xC7, 0xC7, 0xC7, 0xC7, 0xC7, 0xC7, 0xC7, 0xC7, 0xC7, 0xC7, 0xC7, 
0xC7, 0xC7, 0xC7, 0xC7, 0xC7, 0xC7, 0xC7, 0xC7, 0xC7, 0xC7, 0xC7, 0xC7, 0xC7, 0xC7, 0xC7, 0xC7, 
0xC7, 0xC7, 0xC7, 0xC7, 0xC7, 0xC7, 0xC7, 0xC7, 0xC7, 0xC7, 0xC7, 0xC7, 0xC7, 0xC7, 0xC7, 0xC7, 
0xC7, 0xC7, 0xC7, 0xC7, 0xC7, 0xC7, 0xC7, 0xC7, 0xC7, 0xC7, 0xC7, 0xC7, 0xC7, 0xC7, 0xC7, 0xC7, 
0xC7, 0xC7, 0xC7, 0xC7, 0xC7, 0xC7, 0xC7, 0xC7, 0xC7, 0xC7, 0xC7, 0xC7, 0xC7, 0xC7, 0xC7, 0xC7, 
0xC7, 0xC7, 0xC7, 0xC7, 0xC7, 0xC7, 0xC7, 0xC7, 0xC7, 0xC7, 0xC7, 0xC7, 0xC7, 0xC7, 0xC7, 0xC7, 
0xC7, 0xC7, 0xC7, 0xC7, 0xC7, 0xC7, 0xC7, 0xC7, 0xC7, 0xC7, 0xC7, 0xC7, 0xC7, 0xC7, 0xC7, 0xC7, 
0xC7, 0xC7, 0xC7, 0xC7, 0xC7, 0xC7, 0xC7, 0xC7, 0xC7, 0xC7, 0xC7, 0xC7, 0xC7, 0xC7, 0xC7, 0xC7, 
0xC7, 0xC7, 0xC7, 0xC7, 0xC7, 0xC7, 0xC7, 0xC7, 0xC7, 0xC7, 0xC7, 0xC7, 0xC7, 0xC7, 0xC7, 0xC7, 
0xC7, 0xC7, 0xC7, 0xC7, 0xC7, 0xC7, 0xC7, 0xC7, 0xC7, 0xC7, 0xC7, 0xC7, 0xC7, 0xC7, 0xC7, 0xC7, 
0xC7, 0xC7, 0xC7, 0xC7, 0xC7, 0xC7, 0xC7, 0xC7, 0xC7, 0xC7, 0xC7, 0xC7, 0xC7, 0xC7, 0xC7, 0xC7, 
0xC7, 0xC7, 0xC7, 0xC7, 0xC7, 0xC7, 0xC7, 0xC7, 0xC7, 0xC7, 0xC7, 0xC7, 0xC7, 0xC7, 0xC7, 0xC7, 
0xC7, 0xC7, 0xC7, 0xC7, 0xC7, 0xC7, 0xC7, 0xC7, 0xC7, 0xC7, 0xC7, 0xC7, 0xC7, 0xC7, 0xC7, 0xC7, 
0xC7, 0xC7, 0xC7, 0xC7, 0xC7, 0xC7, 0xC7, 0xC7, 0xC7, 0xC7, 0xC7, 0xC7, 0xC7, 0xC7, 0xC7, 0xC7, 
0xC7, 0xC7, 0xC7, 0xC7, 0xC7, 0xC7, 0xC7, 0xC7, 0xC7, 0xC7, 0xC7, 0xC7, 0xC7, 0xC7, 0xC7, 0xC7, 
0xC7, 0xC7, 0xC7, 0xC7, 0xC7, 0xC7, 0xC7, 0xC7, 0xC7, 0xC7, 0xC7, 0xC7, 0xC7, 0xC7, 0xC7, 0xC7, 
0xC7, 0xC7, 0xC7, 0xC7, 0xC7, 0xC7, 0xC7, 0xC7, 0xC7, 0xC7, 0xC7, 0xC7, 0xC7, 0xC7, 0xC7, 0xC7, 
0xC7, 0xC7, 0xC7, 0xC7, 0xC7, 0xC7, 0xC7, 0xC7, 0xC7, 0xC7, 0xC7, 0xC7, 0xC7, 0xC7, 0xC7, 0xC7, 
0xC7, 0xC7, 0xC7, 0xC7, 0xC7, 0xC7, 0xC7, 0xC7, 0xC7, 0xC7, 0xC7, 0xC7, 0xC7, 0xC7, 0xC7, 0xC7, 
0xC7, 0xC7, 0xC7, 0xC7, 0xC7, 0xC7, 0xC7, 0xC7, 0xC7, 0xC7, 0xC7, 0xC7, 0xC7, 0xC7, 0xC7, 0xC7, 
0xC7, 0xC7, 0xC7, 0xC7, 0xC7, 0xC7, 0xC7, 0xC7, 0xC7, 0xC7, 0xC7, 0xC7, 0xC7, 0xC7, 0xC7, 0xC7, 
0xC7, 0xC7, 0xC7, 0xC7, 0xC7, 0xC7, 0xC7, 0xC7, 0xC7, 0xC7, 0xC7, 0xC7, 0xC7, 0xC7, 0xC7, 0xC7, 
0xC7, 0xC7, 0xC7, 0xC7, 0xC7, 0xC7, 0xC7, 0xC7, 0xC7, 0xC7, 0xC7, 0xC7, 0xC7, 0xC7, 0xC7, 0xC7, 
0xC7, 0xC7, 0xC7, 0xC7, 0xC7, 0xC7, 0xC7, 0xC7, 0xC7, 0xC7, 0xC7, 0xC7, 0xC7, 0xC7, 0xC7, 0xC7, 
0xC7, 0xC7, 0xC7, 0xC7, 0xC7, 0xC7, 0xC7, 0xC7, 0xC7, 0xC7, 0xC7, 0xC7, 0xC7, 0xC7, 0xC7, 0xC7, 
0xC7, 0xC7, 0xC7, 0xC7, 0xC7, 0xC7, 0xC7, 0xC7, 0xC7, 0xC7, 0xC7, 0xC7, 0xC7, 0xC7, 0xC7, 0xC7, 
0xC7, 0xC7, 0xC7, 0xC7, 0xC7, 0xC7, 0xC7, 0xC7, 0xC7, 0xC7, 0xC7, 0xC7, 0xC7, 0xC7, 0xC7, 0xC7, 
0xC7, 0xC7, 0xC7, 0xC7, 0xC7, 0xC7, 0xC7, 0xC7, 0xC7, 0xC7, 0xC7, 0xC7, 0xC7, 0xC7, 0xC7, 0xC7, 
0xC7, 0xC7, 0xC7, 0xC7, 0xC7, 0xC7, 0xC7, 0xC7, 0xC7, 0xC7, 0xC7, 0xC7, 0xC7, 0xC7, 0xC7, 0xC7, 
0xC7, 0xC7, 0xC7, 0xC7, 0xC7, 0xC7, 0xC7, 0xC7, 0xC7, 0xC7, 0xC7, 0xC7, 0xC7, 0xC7, 0xC7, 0xC7, 
0xC7, 0xC7, 0xC7, 0xC7, 0xC7, 0xC7, 0xC7, 0xC7, 0xC7, 0xC7, 0xC7, 0xC7, 0xC7, 0xC7, 0xC7, 0xC7, 
0xC7, 0xC7, 0xC7, 0xC7, 0xC7, 0xC7, 0xC7, 0xC7, 0xC7, 0xC7, 0xC7, 0xC7, 0xC7, 0xC7, 0xC7, 0xC7, 
0xC7, 0xC7, 0xC7, 0xC7, 0xC7, 0xC7, 0xC7, 0xC7, 0xC7, 0xC7, 0xC7, 0xC7, 0xC7, 0xC7, 0xC7, 0xC7, 
0xC7, 0xC7, 0xC7, 0xC7, 0xC7, 0xC7, 0xC7, 0xC7, 0xC7, 0xC7, 0xC7, 0xC7, 0xC7, 0xC7, 0xC7, 0xC7, 
0xC7, 0xC7, 0xC7, 0xC7, 0xC7, 0xC7, 0xC7, 0xC7, 0xC7, 0xC7, 0xC7, 0xC7, 0xC7, 0xC7, 0xC7, 0xC7, 
0xC7, 0xC7, 0xC7, 0xC7, 0xC7, 0xC7, 0xC7, 0xC7, 0xC7, 0xC7, 0xC7, 0xC7, 0xC7, 0xC7, 0xC7, 0xC7, 
0xC7, 0xC7, 0xC7, 0xC7, 0xC7, 0xC7, 0xC7, 0xC7, 0xC7, 0xC7, 0xC7, 0xC7, 0xC7, 0xC7, 0xC7, 0xC7, 
0xC7, 0xC7, 0xC7, 0xC7, 0xC7, 0xC7, 0xC7, 0xC7, 0xC7, 0xC7, 0xC7, 0xC7, 0xC7, 0xC7, 0xC7, 0xC7, 
0xC7, 0xC7, 0xC7, 0xC7, 0xC7, 0xC7, 0xC7, 0xC7, 0xC7, 0xC7, 0xC7, 0xC7, 0xC7, 0xC7, 0xC7, 0xC7, 
0xC7, 0xC7, 0xC7, 0xC7, 0xC7, 0xC7, 0xC7, 0xC7, 0xC7, 0xC7, 0xC7, 0xC7, 0xC7, 0xC7, 0xC7, 0xC7, 
0xC7, 0xC7, 0xC7, 0xC7, 0xC7, 0xC7, 0xC7, 0xC7, 0xC7, 0xC7, 0xC7, 0xC7, 0xC7, 0xC7, 0xC7, 0xC7, 
0xC7, 0xC7, 0xC7, 0xC7, 0xC7, 0xC7, 0xC7, 0xC7, 0xC7, 0xC7, 0xC7, 0xC7, 0xC7, 0xC7, 0xC7, 0xC7, 
0xC7, 0xC7, 0xC7, 0xC7, 0xC7, 0xC7, 0xC7, 0xC7, 0xC7, 0xC7, 0xC7, 0xC7, 0xC7, 0xC7, 0xC7, 0xC7, 
0xC7, 0xC7, 0xC7, 0xC7, 0xC7, 0xC7, 0xC7, 0xC7, 0xC7, 0xC7, 0xC7, 0xC7, 0xC7, 0xC7, 0xC7, 0xC7, 
0xC7, 0xC7, 0xC7, 0xC7, 0xC7, 0xC7, 0xC7, 0xC7, 0xC7, 0xC7, 0xC7, 0xC7, 0xC7, 0xC7, 0xC7, 0xC7, 
0xC7, 0xC7, 0xC7, 0xC7, 0xC7, 0xC7, 0xC7, 0xC7, 0xC7, 0xC7, 0xC7, 0xC7, 0xC7, 0xC7, 0xC7, 0xC7, 
0xC7, 0xC7, 0xC7, 0xC7, 0xC7, 0xC7, 0xC7, 0xC7, 0xC7, 0xC7, 0xC7, 0xC7, 0xC7, 0xC7, 0xC7, 0xC7, 
0xC7, 0xC7, 0xC7, 0xC7, 0xC7, 0xC7, 0xC7, 0xC7, 0xC7, 0xC7, 0xC7, 0xC7, 0xC7, 0xC7, 0xC7, 0xC7, 
0xC7, 0xC7, 0xC7, 0xC7, 0xC7, 0xC7, 0xC7, 0xC7, 0xC7, 0xC7, 0xC7, 0xC7, 0xC7, 0xC7, 0xC7, 0xC7, 
0xC7, 0xC7, 0xC7, 0xC7, 0xC7, 0xC7, 0xC7, 0xC7, 0xC7, 0xC7, 0xC7, 0xC7, 0xC7, 0xC7, 0xC7, 0xC7, 
0xC7, 0xC7, 0xC7, 0xC7, 0xC7, 0xC7, 0xC7, 0xC7, 0xC7, 0xC7, 0xC7, 0xC7, 0xC7, 0xC7, 0xC7, 0xC7, 
0xC7, 0xC7, 0xC7, 0xC7, 0xC7, 0xC7, 0xC7, 0xC7, 0xC7, 0xC7, 0xC7, 0xC7, 0xC7, 0xC7, 0xC7, 0xC7, 
0xC7, 0xC7, 0xC7, 0xC7, 0xC7, 0xC7, 0xC7, 0xC7, 0xC7, 0xC7, 0xC7, 0xC7, 0xC7, 0xC7, 0xC7, 0xC7, 
0xC7, 0xC7, 0xC7, 0xC7, 0xC7, 0xC7, 0xC7, 0xC7, 0xC7, 0xC7, 0xC7, 0xC7, 0xC7, 0xC7, 0xC7, 0xC7, 
0xC7, 0xC7, 0xC7, 0xC7, 0xC7, 0xC7, 0xC7, 0xC7, 0xC7, 0xC7, 0xC7, 0xC7, 0xC7, 0xC7, 0xC7, 0xC7, 
0xC7, 0xC7, 0xC7, 0xC7, 0xC7, 0xC7, 0xC7, 0xC7, 0xC7, 0xC7, 0xC7, 0xC7, 0xC7, 0xC7, 0xC7, 0xC7, 
0xC7, 0xC7, 0xC7, 0xC7, 0xC7, 0xC7, 0xC7, 0xC7, 0xC7, 0xC7, 0xC7, 0xC7, 0xC7, 0xC7, 0xC7, 0xC7
};